n,hi_0,hi_1,hi_2,hi_3,hi_4,hi_5,faint_0,faint_1,faint_2,faint_3,faint_4,faint_5,faint_6,faint_7,faint_8,faint_9,faint_10,faint_11,faint_12,faint_13,faint_14,faint_15,faint_16,faint_17,faint_18,faint_19,faint_20,faint_21,faint_22,faint_23,faint_24,faint_25,faint_26,faint_27,faint_28,faint_29,faint_30,faint_31,faint_32,faint_33,faint_34,faint_35,faint_36,faint_37,faint_38,faint_39,faint_40,faint_41,faint_42,faint_43,faint_44,faint_45,faint_46,faint_47,faint_48,faint_49,faint_50,faint_51,faint_52,faint_53,faint_54,faint_55,faint_56,faint_57,faint_58,faint_59
1,0.014474181184721213,0.7346205138636493,0.023657581054483345,0.3194279191890126,0.15087056711697444,0.005157715355638581,0.8268200184386215,0.09698642735341834,0.21444454350358466,0.5266815460056372,0.2448689104733679,0.48645927154310176,0.8082709343593057,0.6903414807285279,0.20211170056184757,0.6412085999933839,0.18848072253557402,0.6676889479179203,0.6234198021892112,0.0008910150090261082,0.6696875322777518,0.6577335884708578,0.8630150896809479,0.47536185007857523,0.2180544362436423,0.8951605710368653,0.6356388966749456,0.7712828179281296,0.06012862541835706,0.48814905707057565,0.834987280565416,0.8800176721793842,0.4994992720849417,0.6920392493404502,0.21463072836362007,0.44231729015227006,0.3340086099820966,0.2613892739629119,0.25822815519822395,0.526295313451059,0.42829041520971955,0.8191182059337572,0.7252490356267395,0.49748435244158573,0.5047976460141566,0.08491644483283345,0.8829893771761195,0.7497445531419352,0.5567610627134585,0.6423547185387406,0.788227199418749,0.16349793169077265,0.29856783075937854,0.07217710983615,0.35133552661829925,0.7407324598651982,0.224167500635296,0.052602667987038054,0.26967736447763024,0.42719850633942336,0.1970577991155349,0.9329271864196969,0.28956546925624027,0.032551879546882434,0.47584507520558805,0.35690333509806615
2,0.3068969579229801,0.7026187423640426,0.2773715513416231,0.4884726548717549,0.46641219254382127,0.44117374336421555,0.42271559709669887,0.42899925929988464,0.35777099789186784,0.5295278863270432,0.2957964781495256,0.7027803305045698,0.7256501210223609,0.7589481680631995,0.24251775752379412,0.6476641070840867,0.4335470284425531,0.6165519119310929,0.7876594682692591,0.4257668740544145,0.485255029815259,0.3608017849933315,0.6450330849651091,0.33807876070360143,0.2596012251416297,0.8651438200363492,0.34726834329042366,0.5844422189491021,0.3030679522364241,0.713868332400097,0.4759488484401997,0.48246876832826935,0.6665038803757801,0.5002923233670102,0.5374440025658646,0.37258625657300526,0.28474221172880043,0.5924030897789649,0.13175124997053256,0.6459460785627221,0.5972777489190582,0.5770693132342837,0.3632997457422143,0.3813832054936354,0.7395089990459245,0.27746977773278036,0.7706816022268173,0.7806115793537366,0.5175411460881094,0.6378101795847786,0.4167574901754695,0.3927747226014076,0.49993269880307,0.39780775940308816,0.29989384858105356,0.6320698196415679,0.56835584306773,0.29777553777550964,0.15622482465748588,0.6045073206057028,0.4694300156620319,0.9421032701646814,0.5724664201624796,0.09652131961873212,0.31940286591044187,0.44294751455758413
3,0.30748593564372845,0.7781721069853734,0.46142859393403607,0.48729936536351603,0.40279161629249316,0.5838253510655249,0.5777511848617586,0.3000296135990615,0.3720123110199243,0.4549455462491194,0.3156446018971633,0.6275243082922534,0.5702467006804905,0.506063509991643,0.45400451601724834,0.6345228033764799,0.41097148486098845,0.5618809570232696,0.7119442983628236,0.5826657398836469,0.39380991498495427,0.33652078942998626,0.5932000457157912,0.43870487656100265,0.3088022589580907,0.61321988392293,0.2646400425219843,0.5910374561128219,0.33521292092055743,0.5795869257483127,0.360930860247942,0.40494426619222845,0.6120171018172409,0.36273871442507266,0.4388888272991234,0.4464039722002912,0.2609522726740108,0.5092417012279281,0.2516095009047414,0.696580408047434,0.4044004982529979,0.5866083402980372,0.2977413622256706,0.29211082479786665,0.6581686744989965,0.5054024415212526,0.7420605256293445,0.7211787612616462,0.3954286239859279,0.5569083283000107,0.5969407209281599,0.2682025913713601,0.5663073798542954,0.5610033083685927,0.35662197285281044,0.7032345727233157,0.5350586584099202,0.40095243924218926,0.32221480314046874,0.4945248454076216,0.3591846697151411,0.8264007839267795,0.5379046687622964,0.33557440204140465,0.454492287954088,0.3042369475054418
4,0.3643185362429666,0.7299237132756401,0.5130654098246327,0.3923613854063125,0.45643587745385605,0.4967849060331686,0.6715106180571505,0.35026748239535277,0.27989094704619605,0.35321421982721135,0.45912557072937266,0.5593771058363,0.6384562796571167,0.5692309311716606,0.5244055299273956,0.6597734475360458,0.5186420621797424,0.5324150462531637,0.6798184782542249,0.5153385454188161,0.47188975822063584,0.2558038012580458,0.6247690218561333,0.3970154970191391,0.45086670578776533,0.6593829418716932,0.3713288056692065,0.526513478748931,0.3955238259367337,0.6812586520756135,0.2739507531339751,0.3734858451636064,0.5985599643560691,0.4020228694819524,0.5704898968827852,0.4428108439140639,0.40477258020075524,0.4831681499929451,0.2401903208163764,0.7528825155185555,0.30788135689399243,0.4460477905325926,0.2694341550834635,0.249298898410526,0.5016267817666544,0.5739132308384338,0.6509877052276435,0.6659860011327936,0.392409820808311,0.43875083232446865,0.6173835152071105,0.24576699642954278,0.48162558122122434,0.523882113677143,0.26972390069772845,0.6459257076607122,0.6108795437657103,0.4618953213514956,0.29641224208154604,0.579731353178297,0.39275479917136624,0.7706469427111752,0.637540518094938,0.26613672700235824,0.5297976529411333,0.4001408374420107
5,0.3143466955262034,0.6271751804210267,0.4929400202265687,0.3869675588055525,0.43955455297920165,0.5249081058617173,0.6759110300995242,0.3181788007824683,0.2715890748902946,0.3810701326646029,0.5154622416358436,0.5061068276430047,0.5501510361977202,0.46872081086138095,0.45324614040682254,0.7108776997109033,0.5993763927710776,0.5388199785974199,0.627591609522411,0.5799889609188825,0.41765005307895076,0.389623473401339,0.5260580381765857,0.4154326540082517,0.43256785188409586,0.7000688100812122,0.37556229796878454,0.513740605756245,0.43908994120881495,0.5543333670229649,0.3615672406594595,0.2994386463317802,0.6715523416970338,0.45182395318017915,0.5845197093554562,0.45971652995123335,0.4229324946811036,0.5664239622863952,0.339267864433336,0.688464881860998,0.33280289234426275,0.42853998503825,0.3406573209730423,0.24951026477235488,0.4826200607286248,0.47819487335694666,0.5487555219794386,0.6190451934164087,0.4280202083565204,0.45202201696302824,0.6301685510432329,0.3635364560400661,0.4795666353199032,0.6036540297446147,0.29209709424023184,0.5399290044697524,0.5111715532713434,0.4535994481112156,0.2522521797275118,0.5012376162839509,0.3595541502639567,0.6233146776775506,0.6290429296492641,0.39826179375951315,0.5102343451668947,0.3389935068068576
6,0.3638717679272547,0.6220116194998219,0.4376641744235307,0.39688359594106776,0.3890083579026784,0.4806986521682968,0.6395018458979925,0.3046269304105778,0.2522495914161484,0.3673748065378815,0.49428280557857485,0.5233326024723344,0.5760896099193055,0.4076718425064831,0.3960867737876262,0.6101265329360793,0.6290792988423772,0.4730000043918588,0.6219579790978256,0.507684559107195,0.3793237021999984,0.36696369505597953,0.4856369697636529,0.4077919997508172,0.4598703417488614,0.6385031817668545,0.3217287782347597,0.5013403572120448,0.4959349921767735,0.5170448778415967,0.4471192741858543,0.2795846828847239,0.5698062128606294,0.4825244916070424,0.539060647086164,0.43383681549054587,0.3611706156663548,0.5841966445371889,0.37039533287585485,0.6696179425689771,0.3550395975545699,0.4136877647319605,0.3584699726468745,0.3079902415875395,0.4980888753881443,0.456773747554626,0.5853894041839288,0.6391729988057906,0.5100279079410691,0.4717600480809512,0.6574126744106777,0.44611940063218997,0.463928322598292,0.5885702695992568,0.29690981394553423,0.5851355369930257,0.4369009609933295,0.43264237249519577,0.21591879454387056,0.533641486698832,0.4041248728479571,0.5513998458378403,0.683912291121299,0.48384113373676474,0.4673996713629844,0.40334313231451896
7,0.39400468428763397,0.6242401444782734,0.5029768867712484,0.37336289854143173,0.4441842405746047,0.4448178460561745,0.6881022174858444,0.2884508824654964,0.26392908472962834,0.3518573696535257,0.49961006719471607,0.5852886149452842,0.5395547483747224,0.39912853657879693,0.4483597786835905,0.568807944150562,0.5404980486366687,0.43227637132480556,0.6228083284326252,0.4445280773908354,0.4100972639278843,0.44554955322618817,0.4236711069569741,0.4102454148891993,0.42037230793096053,0.6114891120816693,0.41020283862863377,0.5098962641579028,0.4563440836810327,0.513482974927717,0.49267672518235495,0.36091135201307095,0.524285693241218,0.42948959167323275,0.5857132107494601,0.4505592738284365,0.4254208954044973,0.5022498646434743,0.44998662261298333,0.6570234432957444,0.3094906887357371,0.3600338209945858,0.3654179602229234,0.35782847734548906,0.45676386455700024,0.41426099300096136,0.5225728719077829,0.5974142949607322,0.5431499050916722,0.45577754693070416,0.6712337379947134,0.42289681861641754,0.43029377099692095,0.5377603748073057,0.341746880725652,0.5809713975104288,0.416702105024132,0.4778876675189763,0.29006527933224063,0.5427292301210173,0.3849376944978334,0.4969268861849442,0.6233932741836077,0.43328049724354173,0.4926269464746559,0.4491729809012729
8,0.43298059138808154,0.5628198909251284,0.5402519216818654,0.3968756766018001,0.4396465481140847,0.4584610653657324,0.6866806615619726,0.2605048200559354,0.23565948857951574,0.40830217894497245,0.5208936139253454,0.5812324019617123,0.4764190365949092,0.4417863032108784,0.4147715298845732,0.5884807131323094,0.5974001237065679,0.45809089021636656,0.6581314296161467,0.4649268153037154,0.3628962433894411,0.43075569681959897,0.400045060184443,0.4660502774969425,0.45634664548752923,0.6533209587301692,0.42564204721258725,0.46149540739824496,0.4989755695037294,0.46548714346298903,0.48159525910679035,0.3658811485980201,0.48019032981317544,0.42052282215006725,0.5475765034525958,0.4118047994413935,0.3759627795371542,0.5416688099124778,0.5095467561699192,0.6047509538988863,0.3284445213141049,0.3806719721584928,0.3593969901534496,0.41525813996610084,0.4486454357579032,0.40263227870109836,0.5250887414855029,0.5501992218240037,0.514191122770583,0.45242633882735306,0.6587693517386232,0.4867795667409133,0.3906021640304037,0.5670264970162049,0.4118949101139635,0.5967481941436361,0.466932628834983,0.4276774305310704,0.3491660002620094,0.5474485384790703,0.4064712854688127,0.4612254436064111,0.6366284103014256,0.47662925729371436,0.549535934313121,0.4039663883546555
9,0.4893570760116294,0.5561839488709907,0.5611145778425035,0.3838065895024223,0.4559213417807487,0.4823385356336417,0.6629776491100956,0.2549892299059217,0.3157530174400267,0.4288920945415946,0.5099676269137363,0.5911005366016959,0.5201739078015114,0.4290007315008223,0.46338210180045497,0.5619494805084936,0.545304165920473,0.49839910941087584,0.6028756067429506,0.4630242980506413,0.3301361887651712,0.45573795336867007,0.4530723083446031,0.4450550263305324,0.44442247467422485,0.6375120895662499,0.4254994542145616,0.49626007796439897,0.5285172193335061,0.45713149809700987,0.46170804543669974,0.33413552832093657,0.4996885761078058,0.40251765802410205,0.5499294143125224,0.38471010294849933,0.4368770890205336,0.5552757285973379,0.5289956365971743,0.6241258685194754,0.319987730751205,0.3847160908438367,0.36252328220515384,0.4193219037329329,0.5055527752403721,0.3752268020655105,0.5171175608842471,0.5271515145638173,0.5516512310046272,0.4662625520495255,0.6700239544605937,0.44982878276818816,0.4573358840660944,0.554602429553244,0.3911668278367146,0.6086571295211775,0.4584830944895166,0.45578983614400326,0.38348457381072343,0.502749837272489,0.4393429852872699,0.5142299351748083,0.6670076431196938,0.519157140473509,0.5215494591507145,0.437436802281107
10,0.45112119273007567,0.5142278660015083,0.5632096731619304,0.34992239295440636,0.4744823565462095,0.45407731672544094,0.634838304600115,0.28827068127336075,0.36358717139092966,0.4631468380302978,0.4954544171311414,0.5920626185290302,0.561180507305409,0.40864313735309016,0.4436048998020343,0.544185382208722,0.570458303371103,0.5434213915241571,0.5961331359823276,0.43976147185484377,0.38319757874732396,0.4194394063309613,0.44811843860432854,0.46167949702381056,0.46778153378226184,0.6246981835662104,0.4319466924234262,0.4522381673546664,0.5172215447861038,0.46468561084269505,0.4293134144395306,0.3990616791773042,0.5258623000267972,0.39418300755938757,0.5087862361521232,0.4362697172923813,0.48922423014585686,0.5877749390359134,0.5628814754409949,0.6438997535984993,0.37759013977607897,0.3604284135913524,0.367181626571703,0.44854382001331816,0.545861441596823,0.39165495603701045,0.5251202089864874,0.5609112643662512,0.5727667147473234,0.4454223444501104,0.6620218083294106,0.5003959868045835,0.43954931053270785,0.5345262438694214,0.43656543188265545,0.5644456045813528,0.43731957404761423,0.49889796871531605,0.4246379209554769,0.5241793333429834,0.4014498172365063,0.4888914821192323,0.686613576298021,0.5455407909500957,0.5447675259498593,0.4345726337724991
11,0.4421380172093668,0.548346289294879,0.5348417374370125,0.4065818839302863,0.44090951603463024,0.4382564710336197,0.599388369716342,0.31871605775865675,0.40949121813435857,0.5081314598427036,0.530510667193118,0.5747962140399967,0.5557073349856431,0.4492538789449036,0.4842898470569784,0.499421122492566,0.5206263071417503,0.5166431004812132,0.5430139142635148,0.47098692648514023,0.39475528945435207,0.40521858720885384,0.4866904957017492,0.4540628422730642,0.5091588928194578,0.6355668419209054,0.40853537917139066,0.4345735103215364,0.4710121354091514,0.4650774443438728,0.4202728390704947,0.39268518566344085,0.49014059974829477,0.4328346736622281,0.5336785581898443,0.40216059622689465,0.48694917539936994,0.6148609996470799,0.542344959669711,0.6251161860056459,0.36884819282226433,0.38638460029075783,0.3663408547945503,0.4154040654377805,0.5825081888816107,0.4234413776891015,0.5575246252971487,0.5484701458958186,0.535707482083502,0.42901528028844554,0.628744330032199,0.4969051761269227,0.465179725830043,0.5545444495597228,0.47755209661530434,0.5856824946592147,0.4515188733028575,0.47547157207665836,0.420297156575543,0.5328448874889538,0.3978655180373739,0.45267905295916394,0.7130999817029543,0.5852864539390393,0.5852105581488375,0.4755167136210449
12,0.48849320785842093,0.510113106889991,0.5722597239940542,0.38085109339210793,0.4226346172877828,0.46286281473737767,0.5897087112191775,0.3180894187209854,0.43186276040722554,0.5480082983205885,0.5664105296192571,0.5592360396761883,0.5147589359097285,0.4881373441792029,0.49932700533682767,0.514153032505155,0.49103805383352744,0.47613678216566774,0.5415376262774062,0.4683520970255959,0.37086249150835826,0.38640917820644544,0.5139804583412892,0.4563966591244358,0.48616416195625695,0.6316655666571932,0.4162092533788475,0.45261594665008736,0.4348687226774624,0.4542386129558615,0.44837840134552603,0.43360901837925625,0.4510075632055019,0.443758756108586,0.512791104832025,0.41260387527168724,0.4652307971724409,0.6456354063501002,0.558564568013569,0.6361456292373683,0.390627571376488,0.3680701528733492,0.3401924737940764,0.39217414768453324,0.5829374700135305,0.4544502085278738,0.5479309336497813,0.5419513483500141,0.5343856008371187,0.43572050198718065,0.6398202716672343,0.481667905606038,0.47853863658986046,0.590748574790223,0.48339033565289863,0.5601941189626521,0.46977806867367256,0.4559552536870774,0.39355266561347674,0.5560497331436731,0.38055255446606434,0.4682935406267031,0.7182156620483635,0.6028083167902228,0.585780399930981,0.5172827012945195
13,0.4536141243683219,0.4974410148211183,0.6048307173494624,0.4258208947225484,0.4042339873256901,0.43964740289707493,0.6180557878055046,0.35576228826799555,0.40179683714664294,0.5600672752878104,0.5869674239730662,0.537712988739598,0.5486347100103598,0.5263044334309105,0.53441049839976,0.5042270799481733,0.4862225602601864,0.43953492103010167,0.504151436513647,0.4343746027496603,0.36100875358363954,0.37709512257477307,0.5457105269214384,0.42952510284193873,0.5045478627994436,0.6090585360107524,0.40648414754498086,0.4348172624597893,0.43716631154750296,0.4382676723025366,0.4453670179371029,0.4205332441650365,0.44357573655759724,0.45390210751550725,0.5142730318508806,0.39060619646410977,0.48698255213208613,0.6624145000356187,0.5363743433951874,0.6443168140760717,0.3667149785078042,0.36501249906126876,0.3883233018990658,0.4305769416461746,0.5484288968894195,0.4282637818099658,0.5302755231783854,0.558569814380851,0.4955639263200646,0.4157730957335465,0.6374342229802065,0.49505363036330263,0.5043206322513435,0.5659638239025141,0.48746930519302556,0.5471990251009057,0.5062946330822923,0.48312511561331656,0.397097970581419,0.577328403836584,0.35428225718018874,0.4725746856842067,0.6811152569060275,0.5582221520667825,0.6068179688102812,0.4863345928535777
14,0.47437041415280834,0.4858289269628488,0.5760866612965376,0.4076875172011385,0.3903596517411132,0.4170557351927683,0.613859137919077,0.3417389280015511,0.4143272841185861,0.5834806478110762,0.553045902145892,0.5251907121123423,0.5633703793749046,0.4955041921623571,0.5313533448458782,0.5205699654475208,0.4897365682447923,0.45826174457609004,0.5360924078447172,0.4744535075490283,0.3812778994347257,0.3953482748047935,0.5230412951769507,0.4073919440516046,0.5012686698948406,0.6145270462210991,0.3922009398886956,0.43255230901419467,0.457372315339588,0.4444167376044728,0.45023965969368934,0.45546836502612237,0.4323557338181496,0.4600827661674911,0.5262068458630835,0.4069893320401197,0.4983042455412196,0.6160148661541898,0.5485281549208009,0.6406691041959975,0.39923289940693113,0.3562943465566228,0.40194403172867055,0.45435160654446644,0.5207763600261405,0.39980647759337745,0.5376400561483456,0.5272631399825276,0.46726692967464173,0.45369102732131933,0.6261291738115553,0.4739187936978228,0.5193743136756431,0.5661032840625596,0.5018982757491272,0.5202961952672308,0.5212281113810725,0.45760127170649545,0.39870242501463576,0.5395658683384223,0.35629153832158333,0.4940505560428193,0.69696211031083,0.5441779014306898,0.6002645164085006,0.5069782210741596
15,0.5071124265145064,0.5136747753823426,0.5404744315809572,0.39408530660819086,0.40373067664406376,0.45582730819778633,0.6114175875357614,0.3459516637358291,0.41142635471468425,0.5804658564658506,0.5579177081133635,0.49220233771669747,0.5562372180730626,0.49569168827536275,0.4965093005933656,0.5449351396683362,0.4802472649861528,0.4465103214233838,0.5621547095145571,0.4854421083303626,0.3583069486749535,0.3995098557168268,0.49649703601711775,0.40525561486729866,0.49753146748359156,0.6234450374345484,0.42614430953614313,0.4100843996839559,0.4344417949744141,0.4341704839152363,0.4664217028422906,0.44585152240859055,0.4620739063685536,0.4894010723951745,0.5151470595486095,0.41862422585743403,0.4778837741824201,0.6034174541903895,0.578005774889047,0.6221146414319048,0.39563725828728774,0.3967587676487103,0.4093661700626505,0.4797138660106433,0.5336238552113488,0.38782720794431247,0.5065249259113007,0.5285831712849357,0.5002935663798208,0.48712193517428654,0.6254424364430603,0.49155520322014284,0.4968080367337827,0.5486712275368212,0.5276237570468215,0.49166021088622913,0.5514509961687802,0.4488828164353892,0.4297915048813505,0.5549898580495941,0.38065687723057684,0.4857642187068851,0.6841766316511575,0.5556353418706492,0.6054151506784212,0.5266699953824484
16,0.5069735221312882,0.49162868733995857,0.5538037523400343,0.37252864542955244,0.41884187291295477,0.4723746910260965,0.5803354139296386,0.3580685845004859,0.4120028105121388,0.5545461522099181,0.5289751863503821,0.4814793558116469,0.5777265136280114,0.5061729576832195,0.49295537607355194,0.515301017618629,0.4609557367839454,0.46669267760707367,0.5580580222284491,0.4873466379793052,0.38812941803694295,0.38969397296274944,0.47794117394203284,0.40186475736564264,0.4935234683521053,0.621867806434709,0.43343564912799765,0.4284725728042187,0.41909838142443534,0.42488206347177343,0.49472839424503334,0.4293386130632797,0.47695395975562,0.490671505518371,0.49765692819210594,0.43249836585274654,0.48305226531215373,0.6005175268252214,0.5727661942738191,0.5894989087270346,0.3890440807725148,0.4127170736003586,0.4017325134168701,0.5055512279586787,0.5396669061332716,0.41629011030570695,0.4985969573771053,0.523850699617795,0.4934327612028288,0.46645324443304426,0.5870273402398909,0.491649315285172,0.5262034723009431,0.5166927696283385,0.5529988678025576,0.47169497446077313,0.5217117634798244,0.4276157005968569,0.46465181119203847,0.5621691878183764,0.3775315737763817,0.47836544256558533,0.6450058087932907,0.5302064877161151,0.6242136825308666,0.5068952766984454
17,0.4874754927021745,0.47554910980447523,0.5361368744761625,0.40754279562842405,0.4458366154113973,0.46087723315203855,0.5879861400138956,0.3899673540413965,0.4340169364137722,0.5721351377518429,0.5313340365607733,0.5051790374437464,0.5717175425610816,0.5287519847757435,0.4773046034212547,0.5077402450374195,0.47008282650541267,0.4885274591419647,0.548692671810568,0.4942375958339915,0.37077914839816933,0.40781240476705244,0.47680841492769105,0.43640592777513953,0.5228509006164185,0.5911160493365717,0.4594770544810648,0.4256779550374612,0.40769472863341927,0.45428311847692937,0.5152470230364808,0.45591104724266235,0.49016385888150055,0.49304578360614393,0.47162017062403977,0.40932604372963516,0.45522591760656306,0.5981862773113752,0.5847726167109293,0.6077753332624384,0.40522754968652386,0.4037562497716936,0.38668068211443785,0.48491705556480785,0.5092783121897682,0.41433825738778857,0.4748234022176515,0.49509721491371345,0.4905156033327766,0.494673791409935,0.5586783925680874,0.5198208193642984,0.5507421670487699,0.5045359128341709,0.5611447731306479,0.46264786310151695,0.5184761554950517,0.4364556715977326,0.44009186116274374,0.5762263802137689,0.3860898419309931,0.48235070644870215,0.6346541564371218,0.538212111841951,0.6377749725942866,0.5193037737449929
18,0.5014883156766827,0.4611273600927239,0.5175810734889065,0.40756163768578557,0.43099924099848286,0.4703180595228247,0.5593750270590734,0.40671387170758977,0.4428118793796759,0.590349470539574,0.5406238086875812,0.5178241656981424,0.5725349967333621,0.5180345251043325,0.49243006653693094,0.4823272103914687,0.4779370136773339,0.47388185023870594,0.557067926255544,0.5075684007339119,0.40494648252366167,0.4325277582362399,0.46491271588902056,0.4291941381173615,0.5059488616982152,0.5841107841818337,0.43622983720225805,0.42942622987901335,0.3865714830865472,0.4609637989553683,0.49953752465901363,0.43788829345143043,0.4670958234257507,0.5115099752692933,0.4586959628692127,0.4070976770498809,0.4323290239878506,0.5657632012066878,0.5792914364118178,0.5836815403056956,0.38767608139534043,0.4340959614950512,0.3755684480634148,0.5082385784606399,0.48099233433293076,0.4309111521746795,0.4874861737315899,0.4998235389340801,0.5128545196303285,0.5197941084323321,0.5684148875849396,0.5385293997930803,0.570079415449273,0.4948508511847196,0.5815516000411269,0.4916367689898662,0.5452140314733405,0.4541504936999225,0.4436334715416106,0.5816568879870094,0.3816452189616377,0.5089526057733402,0.6079610397023988,0.5590362260813967,0.6044456644591373,0.5062964068113702
19,0.503423147567919,0.4744431491391894,0.4945639567595162,0.4351987622519758,0.4227572461342359,0.496845484387714,0.5322602749055119,0.4227295715673162,0.4541721295693531,0.5874434429764328,0.545390099563707,0.5062051660685493,0.5575614496293104,0.4992324492139878,0.4824048742766499,0.4938720931164388,0.49680087457513583,0.47106949872797993,0.5292828931648109,0.5112851642827306,0.42688692243943993,0.4389205837650768,0.47122488774307386,0.4108037376587699,0.5272416554429991,0.5952385925585242,0.4164220829402379,0.42924066424513624,0.367439962580199,0.4830033719730551,0.4971165253901704,0.4263573209715927,0.48860731570363775,0.5219533955043304,0.43530891523409937,0.4027369877016156,0.43201648947521687,0.5653157333122995,0.5686536908438435,0.559109965797977,0.37098039616342154,0.43734417887236926,0.36864436807375983,0.5073098401309062,0.5077878744969903,0.4406437208484738,0.4757903891613554,0.5245685204343231,0.5114790662959906,0.5422812822645259,0.5613393826482698,0.5298648606512715,0.5899745497841913,0.47447267589968717,0.5613317927724614,0.49887322067176676,0.5486760197376312,0.4506146148461341,0.4701037272485495,0.574501027917291,0.3902395532268868,0.5138376857111933,0.5821935650982205,0.5433562466363006,0.5906625842529523,0.5118067823466488
20,0.48126088056985894,0.47207189947026373,0.5173555526379516,0.4439663433058458,0.42020984582838405,0.5191330090328456,0.5502815060323749,0.44131139167255995,0.43368267108823016,0.5920506262565728,0.5558614729815782,0.5070799351967243,0.5793270347811472,0.4908537919125827,0.47667436886697284,0.5158350743738426,0.5167391287212691,0.4909450930600051,0.5122766157714558,0.5245827499527507,0.4434559898606656,0.4255221187029406,0.4584443028135149,0.4170141671992124,0.514354661002465,0.5725017451704437,0.4273168671484985,0.42419993713360143,0.3705821589802151,0.4723287935007917,0.5219756807615789,0.4541106044498625,0.4767882640044799,0.5416050933777049,0.44160387136338564,0.4025839103066019,0.42618614810367134,0.5455448210941145,0.5719659235328034,0.5792610636801105,0.38343685599975724,0.4639048149896815,0.3896456856873419,0.5192359189288943,0.48709923598968496,0.4348937795138915,0.46904860603644405,0.5010405034409987,0.5200521200195201,0.5301288522424976,0.542326524628266,0.52119271331752,0.5706610109576424,0.4855516379204056,0.5768343062231358,0.5089383468510109,0.5618374894425524,0.4480540410083617,0.46164765186460616,0.5618579856111251,0.38352496069216613,0.5328433405889799,0.5671890393540214,0.5527006590558317,0.5653106529319054,0.519329251843917
21,0.5025052078514654,0.4775619597426027,0.5286275689162271,0.4601701582401301,0.4361912673853513,0.5354627063222503,0.5615033961381254,0.4352714461986386,0.4140312607495878,0.591522629911076,0.5552508270294616,0.4973067217149012,0.5730705275693738,0.513724120300732,0.46369988162204445,0.5344943598331374,0.5345155457189305,0.4951148528684989,0.5352574769199995,0.49974277059940825,0.4399809131342237,0.41765598317231867,0.4483717651551512,0.4426916959478118,0.5036878425079518,0.5590681995556399,0.44562522192710724,0.4128165287654064,0.392836612159648,0.4841346643613604,0.5207731796548871,0.4650774272464937,0.4820925637383836,0.560571536478211,0.42226864383198515,0.39251917505684425,0.43789893318192796,0.5501007917747759,0.5529391827210096,0.5551961177383987,0.39554498602557964,0.4854443542459999,0.41330914515418987,0.5280557821216828,0.49125294655804425,0.42043325580545354,0.45895389327700253,0.4778445059483064,0.5228292140112961,0.5276711880489433,0.5358501212987145,0.5024259895480994,0.560010012944865,0.46471747141345204,0.584766430524674,0.5060307508268614,0.556634577437078,0.46375974469544606,0.4853557782297821,0.5657530014422412,0.3685149170478451,0.5410630347499816,0.5568776322855283,0.5585447874682253,0.5603089864195098,0.49599689395091257
22,0.5083601796959244,0.4573665150279073,0.5454820261072292,0.4553032358185744,0.44511076334188027,0.5506409706508141,0.5512307978762163,0.4565625890053057,0.3956888155661623,0.5812892311327119,0.5593770883198217,0.4791232049256198,0.5508730028937529,0.5000445815509921,0.45711803323908884,0.5222590419011712,0.5247344589838362,0.48001177857531124,0.550711237009883,0.5050819252349696,0.44450594963616813,0.42384370244620545,0.470872101394802,0.4261744631433506,0.5151919128577052,0.5614288192340328,0.4554103754677982,0.42302383494480345,0.39747126389031495,0.5064831467703482,0.5135624057747538,0.4770412318699865,0.4951542086629683,0.5354013291505347,0.4256671373349979,0.3927470294309839,0.43036460303499935,0.5458620881898534,0.5496485519121062,0.5693890542286293,0.3932428827522659,0.5080048779731143,0.41994382783516476,0.5248305839735272,0.48279759645223,0.42770161951698143,0.46134947698993756,0.47746703798732215,0.5291978016960873,0.5426497095397381,0.5378176626889017,0.5193473604899915,0.5556538567418721,0.4813128269330566,0.5807701531503802,0.5007329850205093,0.5502376605225617,0.4676812448601362,0.47434232695419143,0.5619377686941301,0.39575715666441785,0.5172031402746651,0.5486247202069876,0.5723029753521288,0.5726185429162741,0.4869477881468638
23,0.5075470594374452,0.4493119843927202,0.5337282270051588,0.47430418632276306,0.44432850703837046,0.5438608922822954,0.5398382349602912,0.45224394610909896,0.3808752754856259,0.5764771409048789,0.547031448946602,0.4597891384772311,0.5424538391066832,0.5088683183451981,0.4646003526942171,0.5222858426390431,0.5367504477911492,0.45987916323632816,0.5383452161196329,0.504048999323593,0.4411663115753131,0.4364807423661712,0.46456070277722494,0.44154504749899615,0.4943668042266114,0.5596177051837441,0.43821785812195485,0.43485124938378444,0.3925493137197948,0.48588050971383107,0.5137995379641898,0.4568880959089735,0.48031870207129634,0.5296527546031775,0.4168026883686434,0.39487453091134794,0.4148146193679931,0.5488042128829018,0.5339004685698826,0.5526487235832716,0.41880375623291405,0.5070716299304321,0.43937735143260803,0.503761596108439,0.4741234279064046,0.4159644613900974,0.48238370623675453,0.48636656766156133,0.5290966838336949,0.5461034473272651,0.5360165261939287,0.5399450506141088,0.5386646870965967,0.49065382217371517,0.5979521953115998,0.5107878876499378,0.5521264859779987,0.4846515382642547,0.4781046307230034,0.5562641006769381,0.38030096742569286,0.5044208810707115,0.5328916696084811,0.5905828328563582,0.5528092324614926,0.5071889308583892
24,0.5265138047316885,0.4595844198235137,0.52990310434096,0.49014001611065217,0.43389330515487234,0.532193335403042,0.5258220685629065,0.45262421678143344,0.37576796217312464,0.5719856168469328,0.5657065455038228,0.4464969671470529,0.5549780859344485,0.5246442200926932,0.4570043307219065,0.507300401091763,0.5469130459856835,0.47277688200217177,0.5182441847292146,0.49341402954116953,0.4571364078793357,0.4287967192603513,0.45998936214602554,0.43191142311610303,0.5008994952556658,0.5493666104376862,0.4344128951155615,0.41906078408178965,0.37909305599515614,0.5018284840736202,0.5298167002214119,0.44759214708815387,0.48787877052680884,0.5145663810658728,0.4217354812458962,0.4153404271377196,0.41299022393577967,0.5284061519271317,0.5529630882298284,0.5458715277360136,0.419223521455784,0.49130736034574257,0.4543477178164146,0.48288820670465277,0.4917470940433926,0.4159753384573381,0.48244508468568187,0.4668414918164958,0.5339520427809089,0.5502133263502547,0.5158114145993064,0.5432179301749932,0.5556541875110798,0.4895116046791308,0.5753647329425855,0.5019877127644824,0.5548524873137543,0.49139082664622663,0.4971278780708273,0.5610192202132352,0.37425682912358466,0.5211733099449012,0.5301327967881906,0.5927825019237211,0.5340884508260584,0.5093961303108132
25,0.5437974493709676,0.4529019436096318,0.5485324141276727,0.4928124619757639,0.4534593128256844,0.5390550464585171,0.5385912623625516,0.4555375257229486,0.39512855216100623,0.5546018584796752,0.5504280327701876,0.4336814238237754,0.5435670762183407,0.5269411636617425,0.4581280236637393,0.4946763320866871,0.5483059555618707,0.4915778553521904,0.4992912160608964,0.48062409991626365,0.45557687642383693,0.4312844477617937,0.47387828940247806,0.4515924077841362,0.49448856513441386,0.5652215228086055,0.4542779836826389,0.44196798373786,0.37084277082250144,0.5004456408424537,0.5139898225720563,0.44664974596346924,0.4875251977975668,0.516407082449446,0.44170942536541885,0.43283056381188245,0.4147840537816526,0.5185017232404624,0.537143045109423,0.5479942211946862,0.4405605098717972,0.49573549110323845,0.47009274695698094,0.48177124888961564,0.5064143957271269,0.41377602973709315,0.48970914614029526,0.46908153083647114,0.5508317535518933,0.5466671184442565,0.5036276007779733,0.5275132179862169,0.545832114296416,0.47238237678710704,0.5858508158684309,0.5064964069178076,0.5708363342155438,0.4888607854787284,0.5166610176047349,0.5623496311577992,0.39193545125110285,0.5313913611752518,0.5304009899838137,0.6064155243595875,0.5393148689963939,0.49914450836182717
26,0.5547266351016354,0.4730995619487472,0.5487398826951966,0.5038097150614118,0.4411437816380645,0.5208949015924117,0.5540286631221425,0.4388456092098799,0.40760179366305677,0.5550820212977964,0.5445072876643061,0.4239708985027012,0.5457935233818103,0.5305466793420116,0.4452444964947818,0.4879496542716175,0.5274871650989688,0.47378862967595126,0.4880922741122706,0.47357745604607177,0.441747491488953,0.4403878665742428,0.45891817766970355,0.4515426733456078,0.48863627987778446,0.5471217753661851,0.4411616581970513,0.43226038264646777,0.37325974065367135,0.5176217836697993,0.513978901759444,0.44487774703103544,0.49529042870965656,0.5077720549136213,0.4273740044557692,0.44223882227551453,0.42344506300526585,0.5370136103021287,0.5297204612438182,0.5524578347961322,0.440148916912495,0.490139642519597,0.4581021660334754,0.5016563227116072,0.5097998859920093,0.4199010009959366,0.507143783849573,0.48145648721965334,0.5520519256214832,0.5583170777393905,0.4927038258411056,0.5365812413023373,0.5344335354352289,0.4559491070986341,0.5688935313556799,0.5044288743984664,0.5816514803414506,0.49717079925428653,0.5296698833349335,0.5590532193546168,0.38375342190296774,0.5331920559164004,0.5202640257911237,0.5882983313845886,0.5432081615926231,0.5150118147105359
27,0.5525091749512453,0.4920962310763086,0.5316569255848764,0.5034061449725781,0.4329434114015758,0.5127373680215715,0.5646894332954309,0.4429497331730034,0.4071951421198597,0.5642625586130728,0.5571025552555152,0.41831677379342547,0.538182914890998,0.5233222803552501,0.4493764646309288,0.471468956511119,0.5327008617671497,0.48642661085512623,0.47254171087969304,0.4650779502225074,0.43912896108385263,0.4605086650387943,0.4455229311359702,0.45586302802224615,0.5024748211688194,0.5336697434344982,0.4491984765577413,0.43628047380498075,0.3790496647437878,0.5164857292744821,0.5132982534949551,0.43973762429130303,0.4809030714521929,0.5096596261553938,0.4203743641514958,0.46213725994372307,0.41441541313069147,0.5446473514179375,0.5338220581974481,0.555244160681572,0.42555659069212404,0.5057091508301307,0.44287548655778014,0.5180473927891852,0.5172182376217007,0.4049652037542683,0.4909433468491178,0.48034845670756077,0.5437986552724601,0.5616198210814358,0.5045113871795843,0.5486107640848367,0.5393000248364959,0.4696041158915552,0.5777853551291912,0.5126914524550097,0.5717347629234945,0.5057149793654439,0.535287362488126,0.5586239961925643,0.3839558384165218,0.547784928536252,0.5376420896632871,0.5989202302138578,0.5328219624065743,0.5150457385092788
28,0.5333723906501007,0.4847222466190325,0.5276120163711356,0.48811255922723834,0.446843379733601,0.506979163978331,0.5453616807410097,0.4474178207844059,0.40537521636170315,0.5778148821550415,0.5584971678025006,0.4363478227614433,0.5312753580072559,0.5295942661681116,0.4460993519315171,0.45976723431568817,0.5157494121354687,0.4985626623722344,0.4629116459290196,0.4600164611644459,0.44350176242507505,0.4756301088221185,0.43747598916337066,0.4462711028844427,0.4958726865438471,0.5427411539829216,0.457648775483107,0.4273154766785643,0.3904655998947509,0.5119202769279599,0.5143927075397016,0.4543844630625718,0.4717853247915813,0.4965981908711595,0.42132470465272653,0.4788294179641444,0.42047186850460105,0.5461974480382523,0.5188160821322504,0.5657085661319962,0.42456378348617846,0.48775711598493815,0.4588809609770698,0.5329864136284634,0.5263871713818582,0.40746191257488845,0.48740535332901613,0.4724237030884883,0.5320149739030623,0.5692822034854308,0.5093498298561295,0.5304883235905231,0.5462819991733635,0.48605094012537364,0.5725014229558327,0.5271182484975715,0.5657370777773895,0.5111634105119819,0.5392715726065097,0.5423846309892256,0.38850022355067904,0.5520102883103045,0.5535710561890734,0.6039346860630982,0.5281274703920383,0.5117240796787369
29,0.5285476787461983,0.49134179857700494,0.5427613416481424,0.4843298066866223,0.44535843774834905,0.5108505269132961,0.5409225530259202,0.4640676101831488,0.4027579677290756,0.5702834086416083,0.5409337524728852,0.45538774473553967,0.5185962828001842,0.5368219186235765,0.4468938398695599,0.47485651911348403,0.5188084606613811,0.48521111477942486,0.45268804992238637,0.45606677939425877,0.439875282355829,0.4888739241460089,0.4387807008902037,0.43173167462774187,0.5097691161500522,0.5301304291118286,0.4450522286711193,0.4348474487040669,0.4080614321955017,0.5285849217966067,0.5259728469138267,0.45436364745596947,0.4702691050783656,0.5020335147598577,0.41170591394507955,0.4725150965044673,0.4315494463592836,0.5351947717502246,0.5179863594067459,0.552567513796561,0.42227590865124043,0.49787937108478536,0.44592949258335157,0.5437747402273473,0.5106622803395142,0.42671832503839935,0.48440359005126904,0.467805019982207,0.5384915115678003,0.5695397999490808,0.5189098431296578,0.5216543184654545,0.5290730465464927,0.4744338972917818,0.573660508871549,0.5106412299336578,0.552950560078058,0.5189955352829837,0.5368646908689425,0.5300294409875416,0.3814364339598005,0.5340706352432659,0.5478678777181673,0.6113967491417965,0.5118827819875781,0.4990803516576088
30,0.5378015277996016,0.49270937897578404,0.5559802882998174,0.49336978811411214,0.4403757631612172,0.5194090243441939,0.543625160334239,0.4559729023165288,0.3985451579414613,0.5631329975429636,0.5390861287349199,0.4666085379989456,0.5174052751861641,0.5400621628053603,0.4616849259317977,0.47078770723871316,0.5237199989806584,0.4976357816137759,0.4672708230208588,0.4702574719285562,0.44189655306059206,0.4853444003608205,0.4372202226999146,0.4253454343059508,0.5154849900817647,0.5228059790719481,0.4377020174357779,0.44981348714916086,0.4155879222809556,0.5293257084609827,0.5379279984831093,0.4535172427049809,0.4558105702270891,0.5076499489582236,0.4113665420515495,0.4587206836612411,0.4464863535749438,0.5292583455039149,0.5281602177117348,0.5516457433895746,0.4191958653679653,0.5140824529650359,0.4589194910039695,0.5314463670542295,0.5196465734828719,0.42788938570046525,0.4860099054503285,0.4767315602339999,0.5479950318066474,0.5510445531611771,0.5307141811686603,0.508631023213468,0.5387376223189869,0.4802286531518017,0.5767940087218586,0.5028490574816706,0.5557529590740524,0.5046869198174782,0.5455058460911656,0.5306156340838838,0.38400923551421956,0.5261746219971558,0.5399353449569626,0.5971999548367599,0.49601598358106097,0.5138151176381246
31,0.5314550303604422,0.4868200070071219,0.5390655268306086,0.48505284381136177,0.45712608851470765,0.509445161716448,0.5573511706129776,0.44770155137209555,0.41074670719164613,0.5503550061805195,0.5261410558880194,0.45222579242763955,0.5319551908022508,0.5355979860808989,0.4722283474257555,0.48667880659306456,0.5146781077949147,0.49900913806295555,0.48444020104698676,0.4693384322116186,0.44845397016456573,0.47799947770156015,0.42760292268710137,0.41744361734312124,0.50121717015819,0.5092745667205639,0.4250269095991398,0.4471846309322433,0.414094845742219,0.5186723541461141,0.5316988859433043,0.4497735155125721,0.4571330497557751,0.5111932100782334,0.39841472567207187,0.466060730130216,0.44751444499697873,0.5401912079501154,0.5184359786294311,0.5485423807179198,0.4299383328179232,0.5255899717450991,0.4709930815230668,0.5169670734026421,0.5279717015978188,0.4199377905789982,0.484797543974243,0.4691148994019261,0.5327430629877085,0.5379612740387567,0.5282127289270444,0.5157872561909516,0.5412217817211842,0.4904637327068065,0.584862276316394,0.4967062422271096,0.5422306794935513,0.514011902234177,0.5502502321322715,0.5436908915328675,0.39287646672278903,0.5276026569535974,0.541253583490235,0.5961765868471892,0.48674964721754654,0.5191870391181124
32,0.5425394337744597,0.49009315069628917,0.5466435580845669,0.496851091316234,0.47093784451983467,0.5226786031537158,0.5440190720602934,0.4645213200020378,0.4151007467754151,0.5621085413697127,0.53333982593865,0.4565163809635133,0.5272913411121798,0.5190141027507633,0.4766668852067634,0.4733844382093385,0.5215561586560427,0.501741019680467,0.4779961996470995,0.4816638358523137,0.4357474925877538,0.4799239668541505,0.42229455309079966,0.4268677758644854,0.5095829391324458,0.5050466375180899,0.4366207341092254,0.4589368650331238,0.4172016075333435,0.5194585408726876,0.5412231960861987,0.4658482068756065,0.44824594110657406,0.5207597935920514,0.41656348181258135,0.4813568414648111,0.4633553847222664,0.535344525163177,0.5168846041054727,0.5395029467353143,0.4412811528340159,0.5120372226714388,0.45876355796116497,0.5059163540819043,0.5404561758186629,0.42752163880263855,0.48024544930611995,0.4592450478293813,0.5169440906605657,0.5485833866762299,0.516770856305947,0.5010079790413899,0.5377541498609851,0.4894931986328731,0.5903182754257628,0.4913623230837193,0.5304480158468704,0.5113123786707483,0.5519238551905387,0.5368713199744468,0.40033259987272085,0.5249015878966075,0.5369850603399545,0.5984743709248576,0.4960246421991548,0.5162710134036821
33,0.5528598901636843,0.47803259047238444,0.5422865221748747,0.49072468494432486,0.4815973457686244,0.5367684731919393,0.5422154637245264,0.4706248660156849,0.41288334637582147,0.5632007678650809,0.5294769922370577,0.4662853851634416,0.5211826182802065,0.5238217155809551,0.4902009370454526,0.47133450003966965,0.5321081023090551,0.49420812470881076,0.4669874227815294,0.467457775825954,0.4296136850408433,0.47905336708652857,0.43682263473168376,0.4307956135547533,0.5161548416074522,0.5172452791147379,0.42880077390113325,0.4715836895487273,0.41913798803801977,0.5076858381228015,0.5461575867388524,0.46335820241810344,0.4595971882582938,0.5118929625951069,0.40854565613080446,0.4806267718211803,0.4697373261013409,0.5466024120310818,0.5267191931504294,0.5462907814902308,0.4556062376820924,0.5135174153483824,0.4725713504045752,0.513170288912587,0.5507874339663819,0.4218149503360283,0.4730989784824678,0.47212358394350634,0.5168991278563764,0.5456093308341207,0.5216040893661041,0.507915952136943,0.5239688188555345,0.5011853250206537,0.6010962093221546,0.48437899465777456,0.534649863179505,0.5212492190567036,0.5574842931029508,0.5380542985172038,0.4004468549362456,0.5219165565598907,0.5411100090925065,0.5946807370337732,0.4991865205891602,0.5142895706322652
34,0.5555504866054004,0.47338725730809067,0.5330044084247767,0.478191976841386,0.48015596103875186,0.5495126415768754,0.5472924699654426,0.4653983995227556,0.4116429949263852,0.5555494378543587,0.5149994831750853,0.4577210098054746,0.5265764410952147,0.5308919637013826,0.48471987106967745,0.4667088129003818,0.5181126278143902,0.49281179345686443,0.4625081739007322,0.4573358987504826,0.4302268509073394,0.48460404283210134,0.44034302518351176,0.44163390340543524,0.5206198338251378,0.5130056342618332,0.4361124022607833,0.46630587549484126,0.413603976457759,0.5090460522228993,0.5433209834627939,0.4728109378438746,0.4645694405112171,0.5232009692640858,0.4080615278192868,0.48724853250795674,0.482207811877817,0.5468758648025928,0.5237889582170464,0.5388358342518369,0.4501041039019678,0.5075008066464785,0.4839224814441065,0.5267047997955753,0.5348784135329059,0.41858002896477886,0.48543190677350206,0.47373178851735115,0.5261029100125886,0.539540831427202,0.5288216601645175,0.5088226915554785,0.5351918258732522,0.4875589163075147,0.6038788070782048,0.4744016858079916,0.5229668314096808,0.525197575220378,0.5536380562831769,0.5243037582497712,0.4081666132336917,0.5083245337585249,0.5351257274298642,0.5999279966452602,0.5072182094774867,0.5102618441060451
35,0.5682399302494977,0.46307336844098074,0.5181546025478379,0.4742295862471174,0.48587844771763916,0.5429035740359628,0.5600242476791909,0.47743592946421104,0.42175657166323566,0.5445666920886367,0.5249477596424139,0.4534074048637473,0.5213655470117098,0.5158654253442858,0.4895170025449304,0.47903452780057804,0.5064607663841146,0.48419555396274305,0.45660688747633654,0.45552232970725043,0.4248300753913181,0.49158146441659756,0.43339825663522696,0.4406757418830913,0.5151414269465295,0.5143491279105695,0.43069116676103664,0.4640032256464546,0.4120345720254314,0.519119068676107,0.5458427653300095,0.4603553157939834,0.4663670926386409,0.5100951091284388,0.4005039917663984,0.4735876389388407,0.47862842021256374,0.5427410544045529,0.530783021181449,0.5430762710191064,0.4397107869529505,0.5188348186371307,0.4923204936847278,0.5385253044552346,0.5211836717148118,0.4092649663182026,0.48564430616648124,0.4722048026533044,0.5164252536612907,0.5388939074110599,0.5320276504397635,0.5174861471057012,0.5372361766850283,0.4979710448687789,0.6126843823814878,0.47848364575157704,0.5155789356266793,0.5312865670898712,0.5623630923738467,0.5244937650194414,0.41207466774766294,0.5140599832745677,0.5313668026126054,0.5969917022493963,0.5118957687053562,0.5166084932308341
36,0.5796748642205437,0.4617981668273951,0.5171880626970897,0.46744094645415196,0.4985158823413478,0.5472200579992079,0.5519768494715531,0.48035183110283985,0.43703233329291347,0.5512294948633091,0.5153124695584955,0.4658167093619537,0.5182509240485935,0.5060652187527539,0.49110602581184776,0.46752063626937473,0.49991967401273285,0.4716371832685556,0.4620723215411592,0.45384184721503806,0.4309448937338243,0.4911429447561896,0.4454322712820076,0.432682924727429,0.5167271209371509,0.5266267066296452,0.43708651799219883,0.47295121134525364,0.402857955389736,0.5293353116461605,0.5328340236343659,0.4654375441916588,0.4649123153530917,0.5048749753054831,0.40101026819579544,0.4609659053131581,0.49072398390214883,0.5300090548682842,0.5211123716422433,0.5394310357385534,0.43315208145534106,0.5120830184727239,0.48982871079327467,0.545369378265643,0.5131225843924445,0.40166515911019757,0.49818724916789847,0.46227565553815936,0.5288462646393767,0.5316892552810075,0.5428557140258702,0.5078216405536969,0.5454911430709761,0.4884917016594059,0.6187390902373434,0.4775581117726072,0.503997404070709,0.5349388875995531,0.5581129699401113,0.514227710785327,0.4093986127916125,0.5030509304397913,0.5325662972206635,0.5961611485819012,0.4984584240054111,0.5089974755202641
37,0.5793150143032557,0.4686755367122269,0.528273223123976,0.46780358724133436,0.5091674478641692,0.5564751598039891,0.5586594746972301,0.48094822710696816,0.4298616144133725,0.5398213500803859,0.5247230074239783,0.47181930509269476,0.519264170741689,0.5139016252556583,0.4873532450623787,0.4664269989578309,0.49301682184633894,0.4728930791949202,0.4533783621471047,0.45910201048394705,0.4206569678349464,0.4928301004888235,0.4575388520637606,0.422199008875789,0.5134046316936146,0.5292072510163262,0.4306242857038236,0.47250513208392186,0.3958673973558026,0.5366106670712559,0.5332298200819017,0.46028766286959166,0.4580278115905676,0.49910554278277264,0.41458897938606243,0.4716793405403256,0.5013297211057063,0.5395099288747303,0.5285937252620035,0.5285904965682974,0.4469292522780966,0.5202801301683565,0.4817578899353992,0.5524714430482026,0.5181785468877251,0.41654117162931176,0.5076227223045251,0.45407251745760496,0.5153501735733236,0.5381133917608435,0.5429220097207308,0.5084845976609594,0.547897985638819,0.4908621902798025,0.6089226759424278,0.482950928157038,0.5001340644489611,0.5248276913500103,0.5455139737920097,0.518889969065627,0.4152007465448365,0.5034400561179063,0.5187669334001279,0.6069708068292679,0.4919665835226885,0.5038791385119699
38,0.5671498136749427,0.4809873407981346,0.5401632157168275,0.4700658788626746,0.5059283442547304,0.545493380350648,0.5627821938059188,0.490448828941158,0.43024577137106385,0.5295823419858057,0.519263210561827,0.48034671472788054,0.5294116322195508,0.5199513527894449,0.4876332688856761,0.47586573086539335,0.497398135425376,0.4624022322021119,0.4641724347882729,0.45037829777778404,0.4186344178702766,0.5057251591225157,0.44674523100070745,0.43368656074660433,0.5061085103526299,0.5405034523127157,0.43342960624171983,0.46603704391355,0.4082789135587534,0.5281087362806379,0.523291072378006,0.4588886706045976,0.4645490349548907,0.49382939261992137,0.4096252709133255,0.46557070452551663,0.4902172714968604,0.5440121036747955,0.5327717713973855,0.5228537604231045,0.4409558090287376,0.5211817944340451,0.48467599169643,0.5447049653647671,0.5146046426860181,0.4056935998331318,0.49981968297859214,0.4659436073419962,0.515980938693603,0.5301803635812066,0.5546000205270747,0.5093780141394975,0.5461021883415519,0.4829818514602622,0.6037526082837261,0.48634517813834527,0.5085926994724408,0.5307501513098136,0.5520504559006497,0.5099654158974353,0.4227804191261671,0.5021745143836636,0.5277957004320767,0.6105095546682636,0.4808880774733815,0.4918556329666628
39,0.5556609629901668,0.47622446020799086,0.5326371205021498,0.478997948719271,0.49549293345575596,0.5512419218570396,0.5679171906428071,0.49223919122470394,0.4266484694399006,0.5160779509172039,0.5213351067802602,0.4812879771453896,0.5247215835634387,0.5183655138537936,0.49522195482777764,0.486316429502876,0.5086832161743176,0.4737424271719877,0.4715386005089661,0.46440056792329487,0.43195739557900437,0.5060073286143203,0.4360036879120851,0.4472249212300948,0.5014076270122889,0.544570506753948,0.4229529076932194,0.4709181162368651,0.39919148224601386,0.5188750972108845,0.5167353686114513,0.45594835948036444,0.4626138707199475,0.4813306633695563,0.4082839540279661,0.47782436531519196,0.5023580198120653,0.5481006120905942,0.5196988003901145,0.5334154469099592,0.4391674798195983,0.5280196384309112,0.4847204526871132,0.5533834372877023,0.521347661277849,0.4167331782249481,0.5049189137416602,0.46838858986798654,0.524256587170895,0.5243138896400403,0.5428671122862602,0.5192315111247244,0.5367436233614414,0.49107515568995724,0.5948098990614178,0.4801157666519148,0.4996632869337466,0.5304678248961292,0.5607920066812918,0.4992061228456979,0.4303908280799483,0.4904872367334161,0.514648464584955,0.598259385551746,0.4840482231199819,0.504794975804872
40,0.5487453758117432,0.484160345221225,0.5357262752741064,0.48288504609780175,0.5065478999476609,0.5508693399503652,0.5553574736072697,0.49662415081017236,0.4345185709804138,0.508642188722363,0.5314939392039502,0.4863905494182693,0.5188256081570354,0.5161080354089422,0.4937191749633433,0.4820039456218512,0.5049939982502847,0.4621696281090964,0.4774682065355703,0.4724604687841625,0.44066095508750946,0.49651732968640827,0.42714823372787114,0.44425254253314417,0.5061161019183664,0.543558454172999,0.42247787065674614,0.46332178980422656,0.4123047160613531,0.5270933962340983,0.5157544422359012,0.45686811800552196,0.45608017749763097,0.48476421421418747,0.41954406266970634,0.4874242924264932,0.49545864065011136,0.5355452636335294,0.5096948647677976,0.524431038580061,0.4331043742598359,0.5175559778178019,0.4765103431996587,0.5542679904744575,0.5268039718124451,0.40999287402806506,0.5006332670791557,0.4594799484172685,0.5120501498867045,0.5148618351557853,0.5422942068606191,0.5201262547471078,0.5409842709341343,0.4947938580785066,0.5874689711039351,0.49066946308019305,0.4998011364684352,0.5343438352715154,0.5655932827415633,0.490558206373051,0.4300095041302865,0.5001020690688252,0.5030188620037626,0.5976375950510822,0.4802045149769225,0.49829133944052495
41,0.5557723853251284,0.4884463849570343,0.5374318597898762,0.4913158934591895,0.5053900198793312,0.5615781980467711,0.5636039491817654,0.5062395857085522,0.42524011392197075,0.5137028620579637,0.5185700704122264,0.497226841538501,0.5226541231465685,0.5242888673337703,0.48871692066268807,0.4853197766075636,0.5127529810134496,0.4583857391877303,0.48460060634649504,0.4821116780567646,0.4345181402863372,0.4998905011357285,0.4232351320645604,0.43755179341280603,0.5028646619926389,0.5358246626359825,0.43564237923170274,0.45903214786080265,0.4173219079474234,0.5207796347226269,0.5190002936488928,0.454991790453662,0.4507416373324898,0.47820972162815345,0.42860376382967064,0.4834796606361523,0.48352565042381057,0.5296323403489235,0.519359170217918,0.5252876764410462,0.42952222699408377,0.515070540688275,0.48111587061562255,0.5563638528244408,0.5371677720316017,0.41887216882780626,0.4984007646605366,0.45602966777436604,0.5016907214729937,0.5095886173156201,0.549109148618567,0.5308428825596615,0.5475725327165453,0.48536665815694147,0.586078057598194,0.4952060978904131,0.5095017055036251,0.5346794490387288,0.5620898371755955,0.49950792577862363,0.42625365923624803,0.49251426790769137,0.5115452874385259,0.6072487717746686,0.4893152232271711,0.49887994110397293
42,0.5451882209891982,0.49393691247640475,0.5438384247910215,0.49626848322359796,0.5060499894871722,0.5709663552818126,0.5709550585606669,0.5044669787958141,0.4274829757857933,0.5142299315013918,0.5221165012113278,0.49755251215459095,0.5243667771331693,0.5279582248061372,0.49389921710602364,0.495222938378807,0.5221924240395853,0.4511024588764653,0.4842564735341526,0.48300568425558993,0.44051689864876975,0.4947422440722594,0.4263617834671208,0.4469973897070935,0.49170914635225527,0.5286862174389672,0.4432900696312092,0.45577907684986246,0.4233952983361896,0.5140567868519692,0.5283405401098198,0.4463088837808807,0.4617268118194628,0.4753285980457929,0.44079514467729636,0.4748347743474123,0.4729509857973249,0.5298963274397627,0.5219239035847729,0.5291620365671174,0.420645774718852,0.5172020249927461,0.4723279646267858,0.5514882430120517,0.5263218295158364,0.42569042214956604,0.49191245608965806,0.457424955938582,0.5006468032356145,0.5007381416656292,0.5484162653193394,0.5301820823158808,0.5420690988211786,0.48409370579634287,0.5952041502060756,0.5046138777138868,0.5204027793533959,0.5367549794836263,0.5531050848273116,0.5020043815158411,0.42168546800821244,0.48800417634461496,0.5174032028659121,0.5966430249531572,0.47979943938203895,0.49361816020789767
43,0.550986931602667,0.4990662938666729,0.5501056675794288,0.4951916679626084,0.4978243820168128,0.5633825264900705,0.5787157587090582,0.5076882336138281,0.43290330273609184,0.51584242638994,0.5104705391480396,0.5056749248249369,0.5333981334885081,0.5307093262488867,0.49364899468224954,0.489905124660256,0.5209949163077942,0.4421518190508861,0.4944090702816894,0.4804307706838926,0.44107619403770026,0.502563605927371,0.4392374472933672,0.4408147876602775,0.49180094859779344,0.5344344143808261,0.44859530026133426,0.45078863749996295,0.42456249088225345,0.5103795801930059,0.5235264834912737,0.4564512922946897,0.45838054170898485,0.47998725900128136,0.4445135316011772,0.4769496125815124,0.4728595776464502,0.5329530729873249,0.5125827010474977,0.5228559590131895,0.4217730839581649,0.5088153484818182,0.47946844110094383,0.5589932710395872,0.5354915870599476,0.4223284163145725,0.48158698262391775,0.45024800215793176,0.4986796585387044,0.510481678794339,0.5371944310358309,0.5183870751653038,0.5466071611835429,0.493002197808098,0.5991376831287727,0.49984478306289815,0.5085816761334525,0.5291381415933782,0.5504042646459667,0.5033677474190166,0.4167027448953481,0.48579759466491385,0.5171686635998684,0.6058906417975322,0.4703613735593838,0.5030317102633292
44,0.5475768248381065,0.49652715218287397,0.5460322805155999,0.5037134256337857,0.49300003633072276,0.5604105813594771,0.5773271194820414,0.5118753289904568,0.43725824776001065,0.52071072245686,0.5175186676918341,0.507863913369416,0.5347961898337438,0.5225580079767664,0.5025029257001936,0.49432858271643093,0.5129580348578527,0.4497053555179265,0.48422557753579587,0.4704783299767779,0.4406682090404564,0.5049969520781785,0.439631440138387,0.4383361283584563,0.49099899530770075,0.5385694056178805,0.44017821825310127,0.4421034880733836,0.4260367513374392,0.5019426737627577,0.530648532962335,0.4610305835716133,0.4620211597545593,0.49143626632542775,0.45609741245655416,0.4876254006100275,0.4701179488127492,0.5312046061095961,0.5222371354577718,0.5120410156247636,0.427222447883471,0.5073115539578491,0.4758981739183783,0.5681997229091166,0.5307914102875243,0.4218721653734405,0.4810805715217533,0.4413223337829399,0.48766633911426743,0.49930180625940024,0.5451520237183144,0.5184284808117446,0.5470724555315489,0.48862003300387813,0.6067461350872685,0.5099888971617474,0.5165907325616317,0.5354531936509914,0.5533564901120661,0.497315591374857,0.418700929318015,0.4754135588004122,0.5138771899798525,0.5979634755556451,0.47766779845642254,0.4998805310689481
45,0.5398495464999107,0.489116113700772,0.5489661578125877,0.49883393294931944,0.48742783735419803,0.5608041177317199,0.5828740070462758,0.5183200515275548,0.43210921603895486,0.5208677573114338,0.5134929110377705,0.5087667018389479,0.5258668815456186,0.5166506233087531,0.5097073871729998,0.48614652056555857,0.5237271186000825,0.4445378253895878,0.49464337554128524,0.4624290583788971,0.452888979254152,0.49769579681860965,0.44361413018681883,0.44716368609780816,0.5018680993574983,0.5281240084880646,0.45136591763391415,0.4507780580145437,0.41944451530487925,0.5049320728115476,0.5380174074739176,0.4596248884105756,0.45461695409308167,0.49353361335364904,0.44717758807497454,0.4896227935836217,0.4754755719848829,0.5278434910385499,0.530742817758572,0.5017858568801417,0.42148691995780657,0.5011825546006744,0.4741484711163378,0.5685527409473258,0.5326182620432232,0.41367988483235696,0.4762948745988324,0.4352602897624265,0.4937670633883325,0.5099946706510713,0.5485798583056684,0.5128611621793255,0.5568361908167325,0.4927262158681406,0.5966893364769218,0.5168421787082935,0.5182265930657942,0.5370804817954905,0.5534216572808355,0.5030372917124206,0.41634210387077936,0.4679747497168976,0.5103198599499892,0.5919222363974093,0.48912877997915,0.5086370899649562
46,0.5482836564477601,0.4986418468134962,0.5537137224222182,0.4886123941496792,0.4953740587083535,0.5587856347203658,0.5800239474264186,0.5146319135372146,0.44390812848278177,0.5254048926929427,0.5043949635526144,0.5013226851685824,0.5195917666903997,0.5178286583960946,0.5197694181615191,0.47782538647360634,0.5138916176833516,0.4396293591846806,0.5023500552634499,0.46511247641975656,0.45072349156540176,0.49657890619305933,0.4390131472281874,0.4467704208523604,0.4975364138284289,0.5263828762191688,0.4591189206130062,0.460176195570321,0.4128466441363191,0.49944148938953936,0.5337029711631996,0.467126433880038,0.44477980344633183,0.49375671280339106,0.45484846263810874,0.4928753758781682,0.4773395485426663,0.5306615698722041,0.5217497318389157,0.49713069007269856,0.42471012098924554,0.49972127305579866,0.47184664936582227,0.5628182141823032,0.5216066253888347,0.4069258918551625,0.47392678400080873,0.43500767458795514,0.49470975738336714,0.5016470536595621,0.5392677961380271,0.5085874837075598,0.5551856169125682,0.4918255149482614,0.5958910057382746,0.5145003444360762,0.508690414341169,0.5254235768489801,0.5544795955408937,0.5099028011578494,0.41830621737688584,0.4719422476294116,0.49991749131811125,0.5926192564442213,0.49827107659597636,0.5028736517052019
47,0.5464400600051119,0.49969518403325325,0.5496956808834137,0.47923145957105334,0.5037440347516872,0.5633479788346206,0.5887855732787473,0.5148734409261524,0.4348942505332002,0.519659700736582,0.4944752969006168,0.4925087803859935,0.5279795546379148,0.507988907924567,0.5179226572131859,0.4720390331140164,0.5206830156616498,0.44421456211832794,0.49776104584067066,0.4598348906502663,0.4583418885797245,0.4914313028795171,0.44723192385422733,0.4572933632331522,0.4993564316729525,0.5182838869728772,0.4583885371296942,0.47024389116552395,0.4192369318706466,0.4999935773344028,0.5392585222518528,0.4698594009609489,0.44109496997056474,0.48585771266252215,0.46141748286493073,0.4933319219794952,0.4815488690173457,0.5266308478179441,0.5210291263217296,0.4918970503843001,0.42057909981923836,0.49102678907727265,0.48232082292761547,0.5616498656739257,0.5311899528012164,0.4143828974179542,0.4667262393336581,0.4291826958774528,0.49464700624490404,0.4993162233992115,0.5322021116084785,0.4986248984868875,0.5605414127094472,0.49329403947605915,0.5913595738894707,0.515119831520929,0.5011394843238872,0.5296311987098615,0.5554553631404223,0.5009766326322341,0.4167872442887664,0.46536132876653913,0.500665800246506,0.5993205818183797,0.5069607432265668,0.5109031234929811
48,0.5550520439747442,0.5074497843993266,0.5553296464767732,0.47227526392384656,0.5008291644281577,0.5624645731622384,0.5915692298938293,0.5187381123326775,0.43561545210344593,0.5254196783648973,0.49819988600664494,0.497874377843703,0.5239632783469323,0.5151617411049788,0.5075265643675431,0.4659691314359959,0.5204972373244107,0.4466307097949577,0.5069931639930824,0.4525459257981826,0.4577019146825962,0.5015302184798377,0.45773325829966643,0.44833711867155196,0.48917733703042793,0.5218971284555111,0.45275300109919775,0.47621927133995295,0.4108007562060918,0.5086391640234788,0.5460255585551862,0.4608455833860963,0.4494214247120441,0.483513254511532,0.4657688769611827,0.4940853319872061,0.4841858381106343,0.5282607308051893,0.5124441087857016,0.4864127300776893,0.4129907801162635,0.4809406130584626,0.4928168375012176,0.5536142143478121,0.5276662731324141,0.41292569798531414,0.4753162318321705,0.4396147992623776,0.49057835554502643,0.49246117244155196,0.5367979339012,0.4943913820238563,0.5635509471491615,0.4988293844435707,0.5846255230854718,0.5215946278156548,0.49144272824204643,0.5261859998478472,0.5443401264263384,0.4967359831435061,0.40892749614807,0.47116253556336235,0.49518234616689477,0.5935014487132162,0.5073694328320805,0.510977988494684
49,0.5440526017451378,0.5058998484550014,0.5507661702421874,0.46500916148873517,0.4999248614277045,0.5701558266595613,0.5935663946467515,0.5248240358430893,0.4273245885815013,0.516895187859757,0.4960136416125745,0.5017992700462888,0.5160439465691931,0.5065101560608306,0.5023905166588685,0.4730201440610489,0.5176818477155917,0.4578701040978958,0.5135525824401685,0.44443901910420885,0.45758061128642236,0.5028325490717351,0.4675913344862802,0.4454437603585824,0.4856113692608933,0.5200096222751188,0.45448661748346764,0.47029030941083555,0.4220081035974097,0.5101354355462199,0.5455049040750994,0.46655487249174526,0.45496077235126986,0.4913630526854089,0.457949232453285,0.504196517672125,0.49397258148625434,0.5204437998977417,0.504223016304662,0.4876655726912853,0.4141970699672353,0.4735277797085051,0.49040312694903965,0.5527774794841672,0.5258022099940566,0.40768077112567935,0.4811269219348362,0.4444272496489287,0.5001709153684686,0.49921669579779,0.5432750583135787,0.4927840738998431,0.5606171530854485,0.5017817548509773,0.5881847375548923,0.5120666131374096,0.5015213184553142,0.5295864240080651,0.5457411941172583,0.495396046861412,0.406190742781057,0.4684881200820489,0.4933877926125971,0.5911710170472172,0.5127894406537297,0.5189585037807617
50,0.5428373207987784,0.5136649073418584,0.5482224044659492,0.4667799134358565,0.49818721107617536,0.5725297367325733,0.5824508284265296,0.533606256498271,0.4346273332977868,0.5225938889838153,0.4887283948734043,0.5039081544664363,0.5220234439205587,0.5049800033778867,0.49738941471117365,0.4727674034108347,0.5073968185266531,0.46723739220578736,0.5139679282825678,0.4535087341609888,0.4501820814804486,0.4970397570899984,0.45854246756681005,0.44892952745814496,0.480384968212746,0.5214640171699897,0.45870327589915905,0.4750698754634655,0.4259265698027296,0.5177363765065983,0.5453794941869328,0.4772110429480959,0.4495679333545942,0.49829788890858423,0.45643925991516865,0.4952411261309102,0.49676380316678326,0.5177957873431303,0.5048274953061103,0.47810673924009167,0.4241975852622405,0.47136987812451586,0.4915978927763417,0.5509657209351987,0.530633806965424,0.40666078056408816,0.48378261317886817,0.4552152242715982,0.4954582543605154,0.4895763584485469,0.5488385720745851,0.49832433293140177,0.5610379950062562,0.49524814221151936,0.5839673402553901,0.5106289377723188,0.5028582131132576,0.535016299551855,0.5390079332391453,0.4941374759584914,0.3996999334212865,0.4700390953273126,0.488770271743184,0.5877740852807656,0.5095791636114325,0.5212920788099538
51,0.5401704755691968,0.5037074584988362,0.550939017195149,0.4676943828573519,0.5021079173728432,0.5672020831976884,0.5853638968246665,0.5412333049127895,0.429969315894193,0.5274945521901012,0.4799404469794928,0.5011468711444126,0.5179991299170292,0.5062551313813319,0.5008274161621101,0.46539880108196524,0.5054718624301455,0.47065015846994634,0.5047657526033312,0.44925061255215054,0.45078599029091276,0.48939009772149683,0.4690276284158341,0.4595004851625512,0.47558446221759554,0.529995093508462,0.46376540032272495,0.47702719368681556,0.4218385699178933,0.5112720376171215,0.5449671602087224,0.4788107479592903,0.4505643547986965,0.5044201362192912,0.4666433939755961,0.5005351930055235,0.49577193300153355,0.5229382898274053,0.50937444415226,0.4871431864715076,0.4342369749739948,0.4735792121524364,0.4972196879036673,0.5477394801415804,0.5340827015141582,0.40684335275933053,0.4882706338124003,0.4556614718598597,0.49392593597568885,0.49929216534479937,0.5438123086531286,0.4896828694878983,0.5511797806438714,0.500239873826345,0.5777754538654815,0.5105913295688203,0.5036722315699549,0.5321966172452878,0.5364502580821879,0.5013904471671766,0.3978278914138928,0.47715444781086136,0.4942267574337097,0.5872778992564432,0.5167042638685692,0.5134843943092324
52,0.5367510651563815,0.4999415549672893,0.5487622253759058,0.4632281343772491,0.5021716111699305,0.5586576281259718,0.5868790021827318,0.5397936406675595,0.42890236546603244,0.5310653261291135,0.4740631469894367,0.5039422879118823,0.5104440706367067,0.5045424471297375,0.5009503104377093,0.45854128036144365,0.5055009445964698,0.46785411336523974,0.5022851987975555,0.44559311956271414,0.4467769987858067,0.4972683078463174,0.4721549715337938,0.4625765547301403,0.4763433331923776,0.5351913094965821,0.46442494770142895,0.4751169803101595,0.4275417362480399,0.505073969057817,0.537657715831171,0.4751178241012371,0.44464064934873304,0.5023000547489338,0.4620002682686619,0.496015703677493,0.5004257484544864,0.5217302196707837,0.5121294552905927,0.4817145997493408,0.43203988723082226,0.48318368820192065,0.49426538164446165,0.542088093474806,0.524909546950623,0.41371119169256004,0.49792757878378413,0.45333474645874794,0.49386564899866847,0.49582067413048664,0.547230650383729,0.48742845834320153,0.5479175165477967,0.5035353021060893,0.5684293337512242,0.502726848766774,0.49549958458352444,0.5310053636638791,0.5308086791656726,0.5072131041160269,0.39993935548448,0.4843769850498534,0.4918203237114105,0.5924686826690544,0.5119905568026812,0.5143841590093327
53,0.5310002100004986,0.4996845247878974,0.5427378280808447,0.45501463745135906,0.5069399342314832,0.5529220929265801,0.5785797278015523,0.5332419754976044,0.43215024688857917,0.5251511438662343,0.4777333614906441,0.5131233748081813,0.5180647449503263,0.4968942118032276,0.4990268610042364,0.4553605646216172,0.4993364805524045,0.46272875837580546,0.5031742676287567,0.4471208247717239,0.44322714900207777,0.4885372897683507,0.4811470572402406,0.4682088038646115,0.48158113491731014,0.5274222200616882,0.4631080427120987,0.4828889227537359,0.43671905612545675,0.49709094774053914,0.5302799338356168,0.4684624727665311,0.44417972771932757,0.4946612015359801,0.4641547509827119,0.5040527969811406,0.4968222296010073,0.5135780395184083,0.5153733229065629,0.4821243097249402,0.4238998549063437,0.48986607285725503,0.4995781955157089,0.5366363922651417,0.5204958496419168,0.419148827926169,0.507358208101968,0.45290451917223723,0.48834011357995266,0.49641974483060314,0.5451536625699729,0.4864241329933373,0.5457918410682605,0.5123499830362072,0.5588215874917664,0.5061329013069353,0.48850173119409396,0.5348636574910246,0.5349690445624993,0.5136776296679944,0.40174871694036224,0.48402932382850256,0.4987994670628794,0.5866909624963436,0.5113325424241072,0.5167711415288693
54,0.5292308849845049,0.5045161398769592,0.5456032085026519,0.4528488142013591,0.5154945819900278,0.552282852678613,0.5772486306141489,0.5360167726726344,0.43475641321582076,0.5317997960821557,0.48396342868674963,0.5075154438059095,0.5254562813501065,0.49243865532687986,0.49771211111632296,0.4494596846235035,0.49303570816477277,0.46339254453125883,0.5068620600965571,0.45434635541935225,0.4521322675594881,0.49580821830648353,0.48412468484415605,0.4619144364815604,0.47469482279527486,0.5212278111032792,0.47143312011837335,0.47435850859523326,0.44196912467022426,0.4891201308614054,0.5348733925999644,0.4707959350981098,0.4526544735531775,0.4857975455168929,0.4731775723822533,0.51200060334951,0.4881078859924421,0.5124121549668366,0.513446212969167,0.4870261588699461,0.4334427857380114,0.48677405990134787,0.5038271094856206,0.5375579809423434,0.5150433735407686,0.42141322614123095,0.5090801475647668,0.4485439461475198,0.49768795982693675,0.4905714684952007,0.553543386672311,0.48623608346719,0.5510677674044915,0.5094321515019083,0.5524826607908376,0.5108409246946298,0.48694568961746687,0.5406923119592207,0.5317842123122728,0.5207161118107861,0.40775250036720784,0.4817022689313434,0.502822875814017,0.5847984935553422,0.5057825910067328,0.5205594009462714
55,0.5329184474011526,0.5128247202451862,0.5524722768565052,0.4558211949304352,0.5184782279982577,0.5517591440452739,0.5815430503799172,0.5353263984715934,0.42707762557018897,0.5274542063822627,0.4841585587638581,0.5096809543584317,0.530961906231057,0.499896091713676,0.5029743844659054,0.4472174226565643,0.48500749429886636,0.45849742286109263,0.5015524110923951,0.4539353914108787,0.45661504195957403,0.5025310294308095,0.4872802918104048,0.4669335823603527,0.48210366619287814,0.5185373937716395,0.48039168401703974,0.4823893102812745,0.44829159122429935,0.48958795917150344,0.5432384953673282,0.4758288854853848,0.4576415335195588,0.4860599048091427,0.48272903557139607,0.5056837234977162,0.4839232353765558,0.5064604627962243,0.5107342742098983,0.48107372884622446,0.428544939766685,0.4908297375741021,0.4987776049433653,0.5345994754868199,0.5081201490449734,0.41613845777264824,0.5043222636767442,0.456047622414219,0.5016621838038815,0.4937468762957164,0.5499318207034692,0.47927900110912186,0.5495974257792531,0.5060270358338878,0.5509305914849133,0.5097296656802256,0.4841842522633888,0.5412233125217635,0.5355371418399301,0.5174018887229147,0.41060954756731577,0.47799931032140475,0.4991569777307334,0.5817841824609798,0.5114009283544599,0.513829522006967
56,0.5269929106532107,0.5116471298430162,0.5571787177170395,0.4540956620337074,0.5185209520249399,0.5541075916073038,0.5749089866439485,0.5423848110829169,0.43354595754498143,0.528474534049863,0.4765135139487073,0.5175196756982319,0.5252464414759915,0.5034738953418695,0.4981841538350558,0.43974299642439973,0.4854569173053375,0.4609575111850178,0.49595812117271215,0.4528147793047001,0.4628183744074058,0.5094419011027738,0.4937730247663876,0.46112774159228404,0.48258641692735244,0.5237714247480013,0.4745088711963988,0.48885486968417796,0.4509531118673052,0.4839192488384583,0.5434987349467302,0.47552422997718363,0.4644429809112761,0.48397320273625927,0.47667166725041454,0.4982516412395667,0.4847809187622053,0.49917317512428017,0.5179368294878088,0.47368319866785524,0.43460607054926825,0.4920403823509027,0.5068695521723561,0.5315824385303041,0.5016749626014466,0.4091296049478695,0.49614238426945173,0.4553027395194832,0.5050420204642775,0.5016645096618882,0.5515526163803752,0.48759285845986866,0.5492163522412445,0.4972082939648759,0.5438843751212541,0.5057621015152237,0.48289436217040155,0.5373577773527883,0.5272256885847175,0.5212718747861882,0.4141077879964875,0.48490926818001673,0.4949423417186492,0.5745048448117204,0.514491273132382,0.5219933345119843
57,0.5334542332572368,0.5074399190362381,0.5554890486336247,0.45064692882066715,0.5171103495747653,0.559052834385852,0.5712952918668652,0.5472521387720286,0.43218380500827336,0.5340187273446304,0.4787830381472492,0.5169455874113347,0.5270240752534097,0.5073362914451098,0.48961630063541883,0.44833735137408787,0.4843508066915154,0.4575126578433895,0.49988078280051795,0.4537589558797432,0.4581968916751295,0.5064322451052116,0.49105464232545143,0.467118548889344,0.4876439376734853,0.5320388583172206,0.4738007812428928,0.49646727726039225,0.4541572265557884,0.4913985213901083,0.5428741738766995,0.4813621463186706,0.46040684833720374,0.48432254980384204,0.48305536719654074,0.49509893879505473,0.4855119753709021,0.49664181379258093,0.5117190138872921,0.47682259287920453,0.4334798416923042,0.5000146829052919,0.5142224364382714,0.5252333567895456,0.49587193243458944,0.40539490255665495,0.48914981925688944,0.4550482927145138,0.49627930891183225,0.5020115460940192,0.5430130570274807,0.4801428860503458,0.5400197564335527,0.5018765830750654,0.5371405633021447,0.4994828206258585,0.48906723427564575,0.5375316952208476,0.527018497210912,0.5255403761308546,0.4102309678212892,0.49179575302890877,0.4873622061284239,0.579460294226938,0.5057674885673498,0.5269221858688072
58,0.5370218107547224,0.4988879601107297,0.5581704094177732,0.4563126447892656,0.5191163780774776,0.5625379043342867,0.5627964561431572,0.5449602867187125,0.4307940154476096,0.5281853333354324,0.4764290413531771,0.5130960491584807,0.5186898577102198,0.5039278086906573,0.4859714912644788,0.4433826317032107,0.47757743316301476,0.4659580954822705,0.4924639571513264,0.45621072527005246,0.4568028046164829,0.51435354660024,0.49730696183388745,0.4753393796826114,0.48720320675087286,0.5298271203671691,0.47255692185937725,0.5039322901199408,0.45031259729611794,0.48873609826918524,0.5341761933442122,0.48183492588745264,0.46838988477460075,0.4907626703521248,0.4862680021219949,0.5025327407787432,0.477295650214769,0.4885224945692733,0.5164974088014642,0.483928431062696,0.44101637073556266,0.49591714017045396,0.5112226859380966,0.517601201183806,0.4899132870321847,0.3997023436460175,0.49748557801513293,0.449000445414797,0.4904028702979844,0.496348323376176,0.5351500062474623,0.48657126534844314,0.5428994825057853,0.5053763277389925,0.5281490849898774,0.5060975916717215,0.49722149320324743,0.5331278411121062,0.522538731627533,0.5216919513911634,0.40991123828171316,0.49351463365489406,0.48534290551767145,0.5698915470179324,0.5138983953137676,0.5256106905069738
59,0.5384322157354734,0.5023212038869174,0.5605491690716063,0.45796787158063734,0.5134415901582434,0.5556570347932976,0.5645134585239291,0.5472513210383113,0.43574998965499573,0.5306195986088349,0.47733655699760763,0.516534751276486,0.5126661577491431,0.5106664932275092,0.49357263795706807,0.4479860779134447,0.4766247847481438,0.46458276336548254,0.4975251608914933,0.45587643840696424,0.45514764972704963,0.5157282175289487,0.4933721703259461,0.4828597396532801,0.4944539648277504,0.526632031764832,0.47181230585824835,0.5008942915285923,0.4522084788629025,0.4856478757973949,0.5364139383464174,0.4823933774614813,0.47695608586474036,0.4940524831080011,0.49002107736819506,0.5043604573333671,0.47436621392528894,0.4971510183584005,0.5201511539842281,0.49035138723539057,0.447624375413372,0.49769715746421883,0.518965110438485,0.5099255995373801,0.4904740868542317,0.4094920811431854,0.495207421498595,0.4566934629870623,0.4831357074877806,0.4879465969359302,0.5425277000717256,0.49116180938061255,0.5445635728116086,0.4993480172261886,0.5306155924043439,0.5135859327159367,0.505240938305727,0.5346911843051917,0.5238897400512855,0.5296909428805808,0.4044090636522284,0.49041102700259664,0.477372951464224,0.563954759897497,0.5166920160946764,0.5211636528222184
60,0.5324860582811185,0.5036529420496466,0.5558792864512064,0.46506890362170333,0.5091587448130829,0.5532271476324343,0.559016845820966,0.5474919043204461,0.4305675625417239,0.5323107624808656,0.47770972789466276,0.5151531177459864,0.5152787141759398,0.5029866497866778,0.493190341778156,0.4435321301234976,0.4817753742896003,0.4682944081931945,0.4916325454248464,0.45764478620021015,0.45683183139465483,0.521846573482886,0.48933650536894285,0.47877376113449294,0.5024345535544902,0.5181522262604925,0.4688125475421893,0.49409982725277946,0.4473366707914141,0.48888837346206926,0.5371131994730411,0.4769136775950903,0.48367183204706626,0.4987839504955279,0.4954796314844809,0.505129565942895,0.47565421777174044,0.4932570759000827,0.516958380374373,0.49159494233554124,0.4564734728053255,0.49975352197380096,0.5159270574413861,0.5144606165098786,0.4888371883658792,0.419062731818897,0.4938207664324061,0.4613424641779052,0.48143465732047136,0.4932021311334297,0.5349755991841706,0.49311732341262304,0.5504924442870855,0.49521751182496654,0.5299130298358946,0.5141594734289322,0.49889371821518175,0.5333349970490915,0.5196923324367844,0.5244579340289479,0.4025267886270637,0.4914282375713609,0.47262333345632457,0.5708486296009948,0.5186806142135397,0.5129514629946491
61,0.5374450718474342,0.5033862560434288,0.5601821263129239,0.47211018450765774,0.5062141295847634,0.555982371265467,0.5572725144221409,0.5388122189027701,0.4301971964521092,0.5299346521776477,0.4790941739901845,0.5146197458921371,0.5073216567449597,0.504809443745302,0.5007215880160237,0.4521330933994892,0.4792037895529207,0.4612825340159953,0.48522153815556934,0.4586951378047537,0.4643236471803535,0.517511850984986,0.49467993271347743,0.4728520997066188,0.5094053859780778,0.5233054738496322,0.46735017697055786,0.4887733949360275,0.45517282347029087,0.4943380442353191,0.5423226081753564,0.48447505450181044,0.47990315515488374,0.5036929659699009,0.4980439320756322,0.5123816668568909,0.4827518082901917,0.4908942626363575,0.5220065327907504,0.4903154865058388,0.45127942031421286,0.5076147692339064,0.5233188675174021,0.5187529034760275,0.4824126257991046,0.42600199906826497,0.49696353229463985,0.4671425698334569,0.48101253133867167,0.49776247258970685,0.5276650035599959,0.48778299339635267,0.5535821337095906,0.49384966435709493,0.5328274832351201,0.5150631514693358,0.5039763091622932,0.5337144466261581,0.5263030439973219,0.5190986831462471,0.40265572768150665,0.49106769903619896,0.47989039229276126,0.5758606033445759,0.5108741061464683,0.5132775347067866
62,0.5317904526535143,0.49564407833393603,0.5532170255184617,0.47966005759570046,0.49899211158740125,0.5557183789604889,0.5621302141980097,0.5380078751643924,0.4368808478202729,0.522449956212364,0.4780196041195581,0.518310224749586,0.5010830801299386,0.4991376442600578,0.4950209469201182,0.4572317945461864,0.4782479524221465,0.457893269570882,0.48094946213748707,0.4547467511241408,0.45961330511449805,0.5156420481738183,0.5021303131964834,0.4787437465738998,0.5172633428564617,0.5217368667014228,0.4649255541300982,0.49549738659268255,0.4508332147587987,0.4989341524733634,0.5480836372718049,0.48408753418475936,0.4734544709445072,0.5075137594730097,0.4980352209244917,0.5181079025140346,0.4775087844661347,0.4948361730084973,0.5263523217862051,0.4841856002162388,0.4598826263260162,0.5042999076631998,0.515010814454798,0.5229924022205524,0.4776848940340738,0.42075184121823717,0.5004415065609915,0.46229970928543446,0.47421376667435733,0.5007841638341793,0.5249041790538216,0.4949839394211838,0.558727783146301,0.49616303639427556,0.5331543874494997,0.51292062263665,0.49850381759929163,0.5409414317494597,0.5223531479152184,0.5203306317236719,0.40894664689553956,0.49703819018712153,0.4845410319153505,0.5729608275445366,0.5167378664968088,0.5088699615327709
63,0.5240385620756715,0.5007287478051743,0.5513237011123873,0.4854248323240662,0.4958102258371283,0.5592257483451498,0.5592105463590218,0.5414155474907398,0.43382979294879115,0.517587555664204,0.4806630469966822,0.5153600205586212,0.5003522066007322,0.49796515606298614,0.49662206099937894,0.46083742429244884,0.4721406426165748,0.4659485575652922,0.47456156962029894,0.4485116045660537,0.4674879284868599,0.5099650719298003,0.49582164946042845,0.48130013825016926,0.5189371467885588,0.5227065817840375,0.4725160225525397,0.4892432053008887,0.45031294360487917,0.5063586224806345,0.539706652818123,0.48780770721159206,0.4815537343223762,0.5017855770470612,0.5055623864013807,0.5163705091862734,0.47510981984489375,0.4918426014508374,0.5296174738445142,0.48195545377405125,0.46099519642126924,0.5121295600873366,0.5081493174613694,0.5189993779774579,0.4847351630427688,0.4243195063475293,0.5004620484679507,0.4588540759094616,0.47247365602298735,0.5084952026105635,0.5243783253238278,0.48971034084492365,0.5578805474278131,0.49499998853148636,0.5336592004696704,0.5148485196173642,0.5046834603425013,0.5473111657544001,0.5159608700672021,0.5188961100545635,0.4060705979906594,0.4942860751814992,0.4837989786263805,0.5736711422896267,0.515043429734459,0.5036762377147235
64,0.5290814113804965,0.5079522827790276,0.5449008331978663,0.4824754763823513,0.4968163595358896,0.5605853123849106,0.5640665691252951,0.5397176215034488,0.42719473994184776,0.5168723772320806,0.4747826123477693,0.5094755701212513,0.4987030033871222,0.4913226137440736,0.4890131858786621,0.4609134103566798,0.4722178258655473,0.47262855257276476,0.47458468731102216,0.4568279261492446,0.4629837986899836,0.5105377624884513,0.4985007859690456,0.4799723147847746,0.5200193752016085,0.5211196083486462,0.4660697994605843,0.4930371810986017,0.4581201920167096,0.51260663830881,0.5457229149686551,0.49195092458509415,0.48017730414115134,0.5088018635874519,0.5013410663820025,0.515583832573601,0.4770157547905997,0.48666927335348437,0.529555212774008,0.4871396418697877,0.4543270024669534,0.5186621382071953,0.5030471832558719,0.5212233682576132,0.4787528854122983,0.4211663346392749,0.4963142497744094,0.4524234872218786,0.47878071333146444,0.5008137784656621,0.5246015443765792,0.48816358189926823,0.5634548178884923,0.49949158920984715,0.5403036055187195,0.5153783986427134,0.5031416212470905,0.5443448520808776,0.5122097793038581,0.5262144897454626,0.412163497717106,0.4902481518540294,0.4789191050219703,0.5661239681916632,0.5183008603219824,0.508793195597347
65,0.5334045530004301,0.5058412996775878,0.5424576823086491,0.4781179591860579,0.49302764348275246,0.5637608882715639,0.556017889408351,0.5351627674923058,0.4315902702570013,0.5128828808823676,0.4762963547045498,0.5065211272594848,0.4958439137207701,0.49603186012542655,0.4936121053604633,0.45995245181978356,0.47682190186959217,0.4781315359614397,0.47346842191898625,0.4633335562127626,0.4705253997710907,0.5046302863778178,0.4912482651259133,0.4806264872532565,0.5172777766699348,0.5201053468132261,0.4677425782929003,0.48780843477470026,0.4662787900781922,0.5177313113393222,0.5373874944320909,0.49088784036230537,0.48160149922118156,0.5086395764700017,0.5028086056008307,0.5117129269473693,0.47258851192562434,0.49414921216772045,0.5367519121789155,0.49496633681508795,0.4586024224302382,0.5161917542370394,0.5076047176360753,0.516573027639898,0.48416584847970207,0.4229497638134018,0.497756907106656,0.4576285622638512,0.47423788546652135,0.5066969027957664,0.5178583666973688,0.4844800448115658,0.5697829493077887,0.4967687494108898,0.5416713098471987,0.5117585199890701,0.5011245000443069,0.5421282187445539,0.5087354709544998,0.5191582415846538,0.4165087090358413,0.48829765282511134,0.473143708119349,0.5594407576375136,0.5115063845721931,0.5118384790656719
66,0.5280504219308017,0.509871878596184,0.536821057228704,0.48123844361104673,0.4933344805893297,0.5569518974989887,0.5477152805018027,0.527196607846523,0.4284763965109585,0.5073892562301099,0.47050808102880404,0.5040152372499652,0.4952196048483912,0.4958769880910037,0.492540237306791,0.458340679928738,0.47204202361831016,0.47807795890135957,0.4748982434370969,0.46146090652671073,0.4720489945373007,0.5087581332409082,0.4856455480371622,0.4815148098448393,0.5223973411960372,0.517997273356675,0.4614828453955782,0.4809274936985956,0.460246855015774,0.5216438637308249,0.5419160871492514,0.49664177155280714,0.48547863149152437,0.5072222501995187,0.4974084766130659,0.5125688867417635,0.47421224452409455,0.49401675616442203,0.5337667688344383,0.4970321240677566,0.46492908969770136,0.5203166522040987,0.5100967305466806,0.5185537606128156,0.48624323628660976,0.42923776100582006,0.5013464184094757,0.45450116026226406,0.47586345005302677,0.5009993913640276,0.511425444659098,0.4821018597768029,0.571429367182503,0.49476365145261814,0.5437574071021685,0.5087778685200666,0.4968366341021384,0.5455217035510712,0.5023669888843824,0.5258167168497816,0.4130469314950111,0.48761187134681633,0.46792003566156204,0.5516510148748208,0.5131002690504202,0.5188885845951929
67,0.5225016587849333,0.516758984003637,0.542566226002366,0.47690409269241063,0.4996853942180726,0.5539255410271754,0.5480775166886604,0.5221217511297934,0.4347806527645252,0.5068863252290103,0.4687591367945189,0.5029633173144118,0.48929123018039317,0.5001266952807513,0.4896745903029344,0.4576659711207674,0.4730359844420585,0.4857602501629182,0.4799140545196231,0.461599644709127,0.46534489045428323,0.5123161749849979,0.4818690590763555,0.48799743303554205,0.5292526673289647,0.5177653177645831,0.4618045339175629,0.4774269877539081,0.45435820708854485,0.5225471391357662,0.5476935366785378,0.5037820068578023,0.4799293956906508,0.5101890333863203,0.5020036965416885,0.5126184200225818,0.47247508016092227,0.4966945811219049,0.5376299670598659,0.49830091296712337,0.45836390167470914,0.5196604218156355,0.506081838269955,0.5227745214313559,0.4836994388726727,0.42949747426291696,0.5033985356917471,0.44955320892130823,0.4823479498989487,0.4936956142045208,0.5066014320238622,0.489830326937287,0.5744863266931596,0.4937975065958982,0.5434978777342295,0.5134961890712657,0.49159505291980543,0.5421575478526554,0.5059245759055782,0.5250666475190462,0.41623882238370435,0.4839691411961038,0.46822373499921643,0.5452000352778619,0.5193975220348651,0.5249713725409645
68,0.5241436632066431,0.5163398694060491,0.5491073393399531,0.4700618758064012,0.5066379057726446,0.547355555581368,0.5511940926588019,0.52361496718165,0.43962078539379296,0.510552026915509,0.46972261613398286,0.5101192192695703,0.48965083538752197,0.4955163952047999,0.48623681777858263,0.4622982754478911,0.46853952928017933,0.48322915874397293,0.4867104636847865,0.4692130926415117,0.4586252521195455,0.5170451343952371,0.4840620065496499,0.48958578666479663,0.5254416776365707,0.5200488232489038,0.45666404012251727,0.470820871423021,0.46195767841989827,0.5270807877371881,0.5412781176522299,0.4966987285978368,0.48224909280568146,0.5097891117719178,0.5044139976365961,0.5186726425945068,0.46949395583367487,0.49751286866696287,0.5370560343287394,0.5049988759852797,0.45231853783167747,0.5155745717183589,0.5105206701341938,0.5271628737271656,0.4900311122573323,0.4247346284307972,0.5046866959192187,0.44534063078182384,0.4763635521574254,0.48806689966271694,0.5043126865671708,0.4937180040873565,0.5661966678935385,0.49256637164641326,0.5475048807443216,0.5175594738039412,0.4946773874543145,0.5380444211022348,0.509176594973133,0.5183013653933476,0.42304775467247113,0.4775926528299061,0.4633132455674801,0.5380622264349286,0.5170270563994857,0.5201366734215647
69,0.5280619983394674,0.5166779654712848,0.5518191022112097,0.4676638085651803,0.5125092852691157,0.5513392445034686,0.5441297580576324,0.528494490025645,0.44676759585669684,0.5171539506940237,0.47228791157394046,0.5170049499003799,0.4873234194142831,0.4905841727688331,0.4868328879076365,0.45689652864814306,0.4620981016418976,0.48417512503991156,0.4937562044131146,0.46635465652007274,0.45554888376964753,0.5126276902144047,0.48456601978839153,0.49469862655273494,0.5250412127278524,0.5235690348212195,0.46033435925161065,0.4772448201723442,0.4606897567801143,0.5337727512644189,0.5451298873237923,0.501917358508776,0.48278681878472973,0.5129168255740922,0.49861684715176136,0.5130033684287235,0.47192387925173634,0.4909468187026799,0.5366906945386397,0.5084893071570952,0.4464131634727065,0.519315632385184,0.508871885395387,0.5317691971130728,0.48304665195984636,0.4284095144161778,0.5098972623605225,0.44285887639451893,0.47325435279732475,0.4826693724283313,0.4991584835193039,0.48836689810968686,0.5680485744148495,0.48778629621646646,0.5475963144638033,0.5212363875081598,0.4892062174566924,0.5393231661538317,0.5042315897891556,0.5159223303210273,0.4272075809685437,0.47480011625697743,0.4694193881978442,0.5318344460731019,0.5101977641705365,0.5252094759863954
70,0.5308783735529048,0.5135407392489129,0.5576426605095358,0.4718397063864099,0.5090533489680303,0.5441038043059214,0.5469647436397849,0.5241391548610824,0.44618143420078804,0.5181924967562795,0.47022344334026445,0.5154847946858568,0.48911530264777353,0.4879095206352753,0.4892458237910161,0.46284717716059226,0.4686406687119374,0.4879276402475397,0.4917706453375214,0.46341268587011575,0.45556544743891453,0.516766407427078,0.48140191858318077,0.4877292306931104,0.5290485027292645,0.5275954748802413,0.4644815336197878,0.47399454555271153,0.4671477312445735,0.5352671620605062,0.549133324819501,0.495707931590439,0.4811708583996197,0.5081550219582571,0.5032895142924931,0.506896426686459,0.4680254704961109,0.4957497152935817,0.5373183388208177,0.5072405097706745,0.4452758624503439,0.5232677792195076,0.5124657294925419,0.5271668014892079,0.48424418689837856,0.4292514062750254,0.5152848740363368,0.44774387427619905,0.4746338567260218,0.4778815261954313,0.506236702195653,0.4861211880183278,0.5717137978408078,0.4944308914971451,0.5441184516876371,0.5250519594416452,0.49069166150587884,0.536797452783462,0.4978716743798613,0.5092301707724042,0.4312552052996807,0.47285591431993146,0.4689745012080067,0.5330106846408699,0.503135594692214,0.5177351382441295
71,0.5321956039893317,0.5153118759246877,0.557240295913042,0.46783988692901535,0.5143630043867461,0.5503931251993184,0.5498219235082011,0.5219032386319647,0.45202457958109243,0.5172539904304885,0.4699198979962718,0.5108097820893239,0.4957835060484421,0.49307833073750623,0.4871324442986552,0.46467135824448386,0.4705586036694932,0.48661457974092304,0.4922917901244446,0.46859960422877894,0.45779137623380567,0.5114465121389493,0.4858395918969681,0.4874475193456851,0.5260109649255,0.5254445940956262,0.4591612351027914,0.4804822877326721,0.4653146429466255,0.5283542359615688,0.5493809669343199,0.5014038485914886,0.47524427376140055,0.5137340423390742,0.49984464248557514,0.5045436800856495,0.467269097646479,0.5020485469034226,0.5381880274034502,0.5011378015331075,0.4507848307333236,0.5274466715299211,0.5182989516471661,0.5215129098022057,0.48124792607213507,0.4236587057410193,0.5166795698715512,0.446637973386216,0.47020061608458513,0.47895082562955565,0.5023036605817324,0.4803446898785767,0.5657655230661401,0.4894486801980764,0.5505272144243974,0.522030118229847,0.48777068792097183,0.5405465943485419,0.4939390970208789,0.5056304480365226,0.4321324802889822,0.47876708191299455,0.46793196794029274,0.5355820117643881,0.5049770782901397,0.5221952791154585
72,0.5306488445456425,0.5103926760365779,0.5591027071941173,0.4625314078756989,0.520975222461914,0.5524177446313913,0.5494450470845105,0.5284313406497284,0.4513468072068594,0.5207451821567441,0.4710574012105371,0.5143318851211717,0.4954064683168067,0.4862736482726356,0.48591004974697466,0.46789234974456634,0.4649223142554387,0.4828995973436703,0.4991968616383957,0.47375404683468897,0.45351245521862865,0.5119621252369634,0.48700202721805563,0.48195667074225146,0.5210691431466652,0.5239595838786588,0.4574939806306493,0.4804276413270679,0.46468538216295463,0.5313863330182679,0.5523809490885935,0.49938848349129916,0.4786698426457392,0.5107484584297373,0.49490017456328617,0.509165224574587,0.4643956590674823,0.50193014779759,0.5370519551913123,0.4995435285716122,0.45631643785956716,0.5237977744557237,0.5129658647911651,0.5150508575039958,0.47483025177790544,0.43073773575214197,0.5129571344405691,0.44443753648065515,0.4744934490437924,0.47838834024272153,0.5055086312506353,0.47605644878479947,0.5638023046948845,0.48419062615196207,0.5534506761376989,0.5180672364871437,0.4886703750476451,0.5371687189614986,0.4929640312828884,0.5112452908102068,0.432710001910422,0.48122626117044576,0.47094428796172344,0.540941315176013,0.5073659826831421,0.5236923125949512
73,0.5304210200023217,0.5037171084445019,0.5597610490212087,0.4600126866635339,0.5169563244668143,0.5548677343056416,0.5546382955161003,0.5298588886975539,0.45762882930860244,0.5145658532790878,0.4724164250930289,0.507680774224201,0.4982962603138065,0.4864124055507216,0.4925833095543904,0.46594411513964307,0.4687062580216362,0.48164510967716945,0.5053422176610203,0.4738780143397827,0.4592266424692557,0.5157706221830508,0.48115766156174455,0.4821171780419354,0.5173028856764718,0.520995912360247,0.45334352708985803,0.4799881261161135,0.4623667478318445,0.5340402866483889,0.5564956137813634,0.494791880788707,0.4843780630878811,0.5089832250428322,0.5005385477034167,0.502412916121308,0.4585870265671944,0.5034501991654183,0.5313884949087468,0.5012216919353114,0.4628991895300867,0.5170515620848719,0.5115137593446505,0.516375248126498,0.47821668512645216,0.4287692374052395,0.514237766622702,0.44079445443968246,0.47453408875967384,0.47373989088403917,0.5074320205185314,0.4830894119223089,0.5679057669369606,0.4828387555715895,0.5589018124206522,0.5231529202517946,0.482060304439119,0.533121631886124,0.492979873220868,0.5170318994140577,0.43732673148733947,0.48370683266067327,0.46873227019367025,0.5340148218187276,0.5140235292013798,0.519484899846937
74,0.5303987062999974,0.5086812434898823,0.5571457509229273,0.45913383645797967,0.513224410611947,0.5572732070588625,0.5595026688265421,0.5290160939809008,0.45587948101418213,0.5094948401062029,0.47678680903572207,0.5115366025773493,0.49815345374369907,0.48741085825612035,0.49336412302067273,0.46214647607767495,0.4684365244563185,0.48178294913327735,0.510314616461497,0.47271696231277555,0.46364264314172976,0.5169737497849942,0.4777894892668948,0.4808454419929845,0.5166181731403133,0.5150633908047993,0.4563628615405376,0.4762284509292187,0.46721588098643996,0.5313269734767164,0.559583095809907,0.4889075886545704,0.4906077189341901,0.5094876911726177,0.503854399652805,0.4968620775837083,0.4626268354408566,0.5025253641422422,0.5353572925188917,0.5021938878965837,0.46400750382429823,0.510405164899524,0.5066718282545665,0.5172861801100657,0.47310152001101347,0.4309838862113547,0.5091990092890515,0.44810066459961817,0.4809195360934154,0.47804304277518356,0.5021028315531564,0.47811982386164775,0.5662551867197285,0.48450659251519845,0.5528292532783047,0.5192462487447325,0.4761064803715053,0.5322821316526615,0.4887361924438945,0.5140291866340185,0.44025677480294095,0.48673164442544364,0.4687677725781019,0.5370525180186423,0.5173785638431453,0.5233411524818568
75,0.5348936597799736,0.5137821313334566,0.5604960287310039,0.45306505142839476,0.5176222016052396,0.5540733183858324,0.5525327326212076,0.5338816787546125,0.45761793808652557,0.5157615653677864,0.4809798516255533,0.5072526648496515,0.5018698071594511,0.4903913073298317,0.4901040996084122,0.4575018821910715,0.4744296534700955,0.4786463958683879,0.5060342461270435,0.47859345697643507,0.46145659990124965,0.5183840222225871,0.47505416797114797,0.47579988196724865,0.5161223509448016,0.5125910538974435,0.455993011271541,0.4757929984541037,0.4697000953639599,0.5332088515609228,0.553264886990256,0.4839686339354204,0.4929238740521699,0.5047141556148581,0.5050521154767503,0.49436878658009126,0.4594804300214555,0.4991734298646809,0.5282949982841832,0.5066692402255751,0.46664253296524977,0.5110602389686857,0.5005545304363446,0.521171941002601,0.4677976803271026,0.4280992908626512,0.5146527965913481,0.4443890402512122,0.4797774953482349,0.4735162107831068,0.5034254633594045,0.47552339554304535,0.5594496806490914,0.4821854340486456,0.5484163664624943,0.5207414814995284,0.4714039429411818,0.5300416621031212,0.48797960396959333,0.5150883260833896,0.44094556526161427,0.4865014954931211,0.4708923450087166,0.5383367859848984,0.5129769131060833,0.5271443012373623
76,0.5353019926745374,0.5094354196318323,0.5537427236832648,0.4517336823347875,0.5171283268862258,0.5561511559289619,0.5543724636312426,0.5387587853135237,0.4582131050044554,0.5094416157266973,0.4791043489356122,0.501532737427306,0.4964199292681003,0.4839734661518303,0.4843335485261182,0.4526824606043737,0.47602804441617935,0.47985480235989114,0.5089128014475978,0.4785968799462674,0.46169842869440675,0.5240841830642491,0.47662412438670454,0.47695538675026805,0.5213273010798304,0.5170906230234347,0.4611687210780991,0.479792993591788,0.47635708511212765,0.5317146278842019,0.5504500728661039,0.47804250070670623,0.4989314185439415,0.5024673687433258,0.5011952653710633,0.4932253616299469,0.46070626266806525,0.4992279792311333,0.5277148679082841,0.5129156821798023,0.46903285308796366,0.514644251081427,0.502850269573714,0.5220817868590637,0.4712182362314244,0.424278803070943,0.511565408907587,0.44255799910951366,0.4779250468509573,0.4710849083273568,0.5020517927463173,0.47438404790302424,0.5571646249845272,0.48612067016056465,0.5479219782159578,0.5141161523702176,0.47527175423990886,0.5341196099598056,0.48732516036341417,0.5192229143861912,0.437013461534223,0.4842041237817806,0.4734880691346713,0.5324997611443001,0.5088544161911553,0.5297877068675689
77,0.5303997264233892,0.5043600562994042,0.5573748159039323,0.45183618829437794,0.5179744617392383,0.555301930889656,0.5527408274690945,0.5414119577271411,0.45574923818592433,0.5084214636032728,0.4750835887700548,0.5071365603537094,0.4955519036980126,0.4857560676992811,0.4859957165608361,0.4471454055022415,0.47797322861331204,0.4798632994513149,0.5118410370144836,0.4770169528562357,0.4580451098416513,0.5240403573593673,0.47652028800497853,0.4788325823080102,0.5203258010061939,0.5230029342044542,0.46258958309696313,0.47466857311126126,0.4702703695141633,0.5252469705202983,0.5535720858665829,0.4751825827565831,0.5005570666269993,0.5030950229638215,0.4999605304640534,0.4931359557725662,0.4615419910838305,0.49977684456819993,0.5218327037053643,0.513978728896374,0.4740358665318508,0.5084249631035168,0.505028763023255,0.5216266698879095,0.4687313842235089,0.42670619541744803,0.5166441978114774,0.44010724403844237,0.4813386019660566,0.47173194603538,0.5067518313994857,0.4736525684691974,0.5611254679423691,0.4913558644990807,0.5408985534044157,0.5104597145532942,0.4791016481455382,0.528569151425956,0.4930197602287223,0.5173693498108308,0.4334314790798087,0.490242331021496,0.4700982475281636,0.5344113990910784,0.512492019886834,0.5265091957858512
78,0.5249999739506517,0.49823669301015827,0.5529750156660855,0.4577909407116145,0.518258673999877,0.549452480257956,0.552330357069234,0.5404790645842807,0.45269683257728843,0.5143896950107218,0.46972214093567144,0.5017860679836301,0.4893478136443477,0.48746214104114816,0.48231962327351097,0.4483597892485967,0.4836737220975436,0.47889904999628097,0.508659201074856,0.4789481291051244,0.46321492772593076,0.5258994761840783,0.4740736137499178,0.47623896273238525,0.5255688501043719,0.5272809732419766,0.46088529208383366,0.4779828450849,0.4704585990276054,0.5185238863175332,0.5535541940848911,0.48157178008581636,0.5021965479634711,0.4981333092644131,0.49707509176152026,0.49789881022657,0.4662907727072603,0.5017175878937673,0.5196921504881605,0.5155427568477038,0.46881743352627736,0.5117385599110262,0.5063446673380442,0.5260584743753657,0.4642399524763684,0.42522145854321775,0.5126744206036415,0.44180222876538366,0.48695724253061373,0.4771339581451235,0.5088405894818746,0.4745096110546513,0.5602906491943834,0.4938448817928789,0.5394430903578729,0.5111799136632309,0.4851300415959071,0.5262057452549838,0.48851760452126936,0.5135240199022127,0.43713358831541793,0.490858496336213,0.46498596119087593,0.5315258398796147,0.5161903655464949,0.5322298766950511
79,0.5268347844657931,0.49305566219641195,0.5563979464334577,0.4525964226618332,0.5210053912079476,0.5485712949802294,0.5543533605800467,0.5399126396153977,0.45170517340509214,0.5085738545630425,0.4729745116063475,0.504083169099385,0.48659624887194897,0.4830381149448101,0.4778754868229972,0.4552196888671128,0.48428324758068475,0.47427507715170164,0.5061315631170712,0.48210518948270165,0.46209307502613334,0.5300437837338675,0.47174973151804656,0.47161177171901175,0.5199254160493711,0.5212877381684181,0.46104760043554194,0.48440629587240785,0.47363226033064776,0.5119637917902091,0.550558942286094,0.4762844969304085,0.5056783322968583,0.5005492722586966,0.4988495518958497,0.5027139454232588,0.4707099416550611,0.4970360906496856,0.5179551796128945,0.5095354874940841,0.4675118135103715,0.5108119851393306,0.5041692848270067,0.527123417831075,0.46645963067622354,0.42152034095806584,0.5139714739513045,0.4422257831355201,0.4852567652850277,0.47552655281654854,0.5111142907604026,0.4777881638335637,0.558463387492697,0.4974880403944398,0.5404659032785302,0.5135012017494165,0.4905207179670264,0.5223702972222344,0.4825406715522593,0.514266102525954,0.43371902084476555,0.4954763004985891,0.4596196637565252,0.5277697529342923,0.5158659278106451,0.5293723423004814
80,0.5300193078864557,0.49154578332742743,0.5535630335922062,0.4571915253743719,0.5210644215859667,0.5419707405470034,0.5475369976564413,0.5448469367823147,0.4578728185613216,0.5098507209631311,0.4720913825953598,0.49842341318743655,0.4924621693416696,0.48137808919060765,0.4720821430682955,0.45598702818298975,0.48708748581635686,0.47986136035045324,0.5064573681248624,0.4806445716927268,0.45982740756232365,0.5294564519872043,0.46715361662447075,0.4749330947268876,0.5240730071253803,0.5204792866892066,0.45604676994057797,0.48725856295155323,0.4786538047374241,0.517016625088149,0.5513976135409079,0.47680502058355456,0.5067205738031924,0.5062763609428439,0.4984943648769848,0.4985840298051568,0.47137757244424205,0.5004990416219911,0.5121026396419988,0.5083761040292385,0.46176879210819494,0.5131753167352002,0.4991148539567403,0.5231831200422483,0.46761297331784324,0.4218670289205656,0.5134273985929844,0.44729827629502655,0.4858029149375069,0.475154762174889,0.5066354365676127,0.47350659004029483,0.5520718631679938,0.4983822174532343,0.5376714690220481,0.5158429917340446,0.4959371430659617,0.5273975105578154,0.4883199933175712,0.5201659906127435,0.435410586193249,0.4963110231480307,0.45483982019275737,0.5272660771118491,0.5153840305085067,0.5249237585856557
81,0.5283471587475668,0.4935133660977734,0.5476280342298013,0.4629082184977942,0.5250444118873255,0.5442789932755285,0.5423078404634258,0.5473397430677244,0.45957885106567586,0.5045439870173244,0.4744745456556304,0.4939034321023039,0.49516743858025397,0.4760281301012896,0.47642437215328687,0.4610098870757148,0.48517703591428374,0.4860602464090462,0.5003820809356204,0.4798604299374938,0.46217866225450993,0.529535511830725,0.46304859317433833,0.470901198215733,0.5243364030221693,0.5201135750095515,0.46268359676777615,0.4856658238381814,0.4746039979924927,0.5160551200943887,0.5447294390114887,0.48132833798143176,0.50423830305722,0.5073809644407943,0.493481528174151,0.503931243198449,0.4659457928249383,0.49922261762789955,0.515950775323184,0.5024076728289392,0.4670337925809827,0.5079863366584291,0.5016142898093809,0.5274991590448368,0.4706953129353631,0.4177959659628272,0.5146534337068204,0.446597175598603,0.48353559915796873,0.4750137343002394,0.5009644734966338,0.47043422389128875,0.5569530743852781,0.49268600748563546,0.5318733789155211,0.5108725739996299,0.49352272340137265,0.5329948290542381,0.48706515143058543,0.5194287306802617,0.43580127216907255,0.4925026320769283,0.4541161243184676,0.5283329597240531,0.5105721622250805,0.5281368529606963
82,0.5219557712986755,0.4922089605544991,0.5531217710815013,0.45813378780733727,0.5265907861680821,0.5473538347140414,0.5443971531638719,0.5509320689487599,0.464988940330576,0.5105143773826641,0.4776378645315392,0.48923349215136863,0.5002792411794277,0.47634625626355526,0.4771285086095039,0.4566127040695423,0.48614067285386275,0.4821959900711748,0.5021026394858996,0.48387933650909387,0.45930020029515806,0.5256830083409805,0.4632775223879496,0.47671995034188197,0.5201183186184236,0.5184952032152677,0.4593123490060367,0.4857904126146276,0.4808399438334506,0.5118679667397183,0.5412658179861156,0.4832710899039035,0.5030132046795218,0.5039610214521786,0.4899537670105837,0.5015034532552631,0.46683751941107976,0.49559938846468776,0.5139534211538311,0.5054822640767633,0.46679774290307624,0.5066271036340166,0.4957099834390923,0.5252455940368929,0.4669638454945336,0.4244330607506154,0.5169264488067458,0.45198140240449636,0.4898312898188933,0.4784394963181275,0.5015509686487353,0.4711820331404461,0.5534199673169109,0.49488414148540344,0.5338959685436799,0.5120589363638196,0.4967404614841539,0.527035703924509,0.4897785331397335,0.5237544954719968,0.43547672034511753,0.48652319831794144,0.452997690948705,0.5230765845475962,0.5067327677698796,0.5302432522796142
83,0.5270455725666413,0.4979304991688276,0.5492461654249235,0.46001440319259324,0.529718585443275,0.5411668319819292,0.547512661934144,0.554312906487146,0.47098421253887673,0.5101387224176841,0.47195762423873144,0.4949749161915567,0.49898679139644614,0.4780521134463763,0.4724763861501929,0.4598870961790433,0.4809695782377664,0.47682626561080343,0.49780007144220406,0.4896324413001187,0.4637296554971036,0.5275754782244396,0.46621003857126375,0.47988995845852267,0.5246491423992705,0.519049244785728,0.4648596239512598,0.491587335416585,0.48401352517569995,0.5120611282892722,0.5407997682314485,0.48925441357810373,0.5078725211369076,0.5096177213357043,0.4940832014731393,0.5026120701466349,0.4621995632096272,0.5006973735793124,0.5130985893653952,0.5100699239755435,0.46159624917600217,0.5022075609828711,0.4955596298185701,0.5191331778161623,0.4673234503068643,0.4251990990702478,0.5220043034410222,0.4513535799007822,0.4842243736949873,0.4771801554154913,0.5024826832819769,0.47304156496034944,0.5578365316049843,0.49611845881118277,0.5291499525380166,0.515380822011055,0.5006590033961921,0.5222796845746707,0.48835365970408035,0.5254747075516869,0.4405669608867675,0.492534395671905,0.4536026353643208,0.5278992525576032,0.5093848552961032,0.5293439967340416
84,0.5315878458869333,0.5030278313859441,0.5499745328449257,0.4550929253871486,0.5330431250918393,0.5368785773480946,0.5488957934427275,0.5574878658258783,0.46872729756584375,0.5094803797613898,0.46977850355965,0.4982541901423699,0.5031635893915789,0.48026980041958367,0.4751508636833176,0.464142979167099,0.4785927790402311,0.481107838008572,0.49500563520229185,0.4937216060161444,0.4688809481890503,0.5307392340455804,0.4619142702126662,0.4779428214950946,0.522767027989303,0.5199913683524108,0.47038402588728634,0.4938828903098088,0.4864869856170956,0.5157410985993579,0.5448754514136969,0.48709655721616246,0.5100609050443539,0.5121845245600353,0.49530150192137046,0.5008573043605083,0.46004938009943686,0.4965309773537041,0.5122344291638665,0.508538164866681,0.4568584978004089,0.5023470667531742,0.49328445079688193,0.5236681974233749,0.4634862947711853,0.4270192013821498,0.5220254684367406,0.4509255920433035,0.48206851653098776,0.4750415100430499,0.5082881209812035,0.47411851755097817,0.5618557788020435,0.49142183525387767,0.5251100770865987,0.5125908866932632,0.4977696527294017,0.5168781928389683,0.4936224515427646,0.5220413837739765,0.43601192289829865,0.4903541274440788,0.45953959449880066,0.5317307862239431,0.5123824015514876,0.5301652073655475
85,0.5363596793112911,0.49840119063393373,0.5514943899374602,0.46061453158292387,0.5380425383850954,0.5411266281896978,0.5431730498673114,0.5518048785628955,0.46858030837169085,0.5070484122551421,0.4642783004651824,0.4986475487805627,0.5078076400225326,0.48321543080519064,0.46977551302273246,0.46250055296742426,0.4784816178849331,0.4805025658217878,0.4997959119248138,0.492022544997759,0.47218836153530175,0.5270124051976804,0.4649958168157821,0.47432876124282614,0.5271333809062382,0.5255456411507511,0.47215113736096426,0.49825605178414795,0.48788983408307635,0.5175715902695353,0.5468177340792966,0.4843434741443336,0.5121996770909251,0.5090214561836318,0.4977376055348182,0.5006169125929337,0.46148707676700695,0.4955939206349229,0.5085942784306045,0.5041593093369281,0.4563714471203759,0.49705939589232506,0.49057165323059393,0.5185933456258222,0.4601304976621143,0.4225680390165163,0.5203238634809657,0.45265937805795636,0.4831745433074518,0.47697810775348454,0.5090676078659265,0.4704625152462643,0.5608599665971006,0.4919682781610118,0.5228299451748228,0.5148339226385793,0.49253416452932264,0.5159068772901165,0.48876078402268347,0.5237762333975797,0.44087644109663676,0.488778720760452,0.45884526821011457,0.5290440696617763,0.5067331082987452,0.527842829727651
86,0.5379799356555336,0.49977496205037747,0.5475348262478992,0.4570040660838283,0.5387409832195992,0.5350170387082603,0.5406779368066248,0.5506056572226706,0.4714679730606646,0.5037322440825719,0.4688482039232447,0.49319386377727253,0.5055418908113072,0.4811848956071779,0.46898159815392737,0.4648860758367531,0.4777167133759505,0.4812802716155154,0.49811056752809707,0.48723302913269656,0.47023107483528803,0.5311474835474106,0.4654935548324436,0.48015266413730273,0.5297962859477402,0.5309544579340751,0.47565808910592083,0.5029738920768618,0.48424278795597414,0.5159084512971218,0.5489593118151467,0.48176026074602213,0.5139761686176348,0.5099407394821658,0.5027011371965109,0.5018887387100339,0.462077043840913,0.4967459159525553,0.5028240645005543,0.505006734279455,0.45225416228644627,0.49539694737497547,0.49202076219746915,0.5172887851516079,0.46078466722665196,0.41941071504200983,0.525396185185462,0.45424283196520493,0.4888539298166538,0.4761255655329938,0.5125970659938609,0.4716377792566069,0.5634881150422852,0.49516676314811126,0.5207559585366447,0.5088637045077287,0.49669244037353705,0.5129664907523812,0.49379206410782384,0.5258732525053386,0.4454049290667245,0.49186597497687873,0.4568592322507967,0.531584528776484,0.5111690422093217,0.5282241747776918
87,0.5333969140596547,0.5004577139504136,0.5454179746056298,0.4526699834286759,0.5389986949376082,0.5290335518590156,0.5344901971822718,0.551068575439089,0.46814186083534254,0.5021572443487855,0.4714983353684894,0.49494277840532785,0.5075377731004851,0.4849025877949637,0.46681910775414076,0.45960636630418134,0.4836244999293627,0.48120873524512386,0.5013363828141276,0.4855559416059524,0.4701662163302758,0.5360005353646489,0.4699784525316679,0.4784888639905491,0.5318654046565491,0.5297617677255697,0.48143003894880004,0.5006382011810746,0.48190430415130686,0.5213537026536132,0.5447966313408928,0.48346768781664506,0.5172864531530802,0.5096057714992966,0.5061488463478362,0.5066064960593246,0.46712414030362703,0.4912119728802667,0.5024696438057329,0.5075474371951639,0.4516236853921668,0.4932933714008585,0.4916575784650598,0.5195552043179503,0.4615158443208053,0.4232927926633233,0.5244648333771351,0.45115867441433527,0.4851738783092103,0.47795565891274966,0.5153152509922565,0.4758079025460875,0.5585960895364528,0.4908024848844227,0.5175634398710774,0.510079076938778,0.4935974174164155,0.5142663057145499,0.4923952611226808,0.5277788823180644,0.4489374506718818,0.48796762734952287,0.45504117840069946,0.5294331943827183,0.5083655794289555,0.530119615738907
88,0.5356645304233054,0.503306645071486,0.5435447263423397,0.45697588237303405,0.5339529799455028,0.5331442167134024,0.5309717298885083,0.5530475007102996,0.4663011960035266,0.49822818337981795,0.4727662673964748,0.4962826075736359,0.5029439277353709,0.4858718902308928,0.4725820602649147,0.46302667537524056,0.4792945881853528,0.4821002417313638,0.5044217069877651,0.48546553726743846,0.470356178388802,0.5397168357675868,0.4647442110580398,0.4837606396497545,0.5302053937020699,0.5305493756049582,0.48297577818063764,0.4967561109709443,0.48136506113339034,0.5216138055292566,0.545174254624392,0.4780365315702752,0.5153668396271888,0.5072126986618244,0.5034046322164765,0.510606790034715,0.4673555560973495,0.49003956748788363,0.5003206115121144,0.5098019489304989,0.4559389000312459,0.49721086656747226,0.4960159408491448,0.5232740778437729,0.46366570980304006,0.4251097386045886,0.5185466958897049,0.44908254318087953,0.48130472755160536,0.48368189336446205,0.5109732789685798,0.47847745063422326,0.5554140470070009,0.49554997491077424,0.5203897437935215,0.5144510226591286,0.48846073351130187,0.5192521145089241,0.4964931462700695,0.5313984029087772,0.44986791643717966,0.4889580992302047,0.4558260005410924,0.5338411777005659,0.5113848884179478,0.5339996292306193
89,0.5305717633239483,0.4985326152722709,0.5387128393832257,0.45323575303136815,0.5306537037085707,0.532214905705472,0.5308064546983357,0.5468983865972569,0.4715210323698064,0.5034841445953608,0.4719969907125499,0.49655935087543907,0.5020597316050958,0.48897604102664927,0.47545119926953905,0.46615863526584966,0.47746400318006504,0.48008001479032025,0.508712671616756,0.49042641355250316,0.47091136562022096,0.5440859662885381,0.46758808080657954,0.481520189955316,0.525662508993416,0.52827259499548,0.47926834496010157,0.4917170365853226,0.4863616993109657,0.5245062249668924,0.5435638823562017,0.4834343321004656,0.51232076555911,0.5108364738627109,0.5027399335174805,0.5106098671461372,0.468897630285871,0.4946818421433197,0.5048940408357397,0.5103286460948362,0.4553948692413706,0.49288932031692845,0.4932961544658691,0.5246078028660635,0.46205031308045685,0.42940702990630564,0.5238948647771146,0.44445641680603826,0.4837776651746062,0.48486676993112093,0.5147507512852009,0.4744150990501476,0.5571483405005341,0.4965441883156222,0.5232860948092126,0.5124823957171991,0.4899942274406324,0.5216524710762492,0.501164379112844,0.5340863752243894,0.45331160940388987,0.4863305727559196,0.4526460014055519,0.5341900384480007,0.5075468888564376,0.5384312398820306
90,0.5323696049529821,0.5016054827286858,0.536562095148905,0.4507327610240302,0.5262667654221714,0.5370282609517836,0.5345782297659891,0.5446926114775109,0.46937076491586394,0.5014752712504333,0.47317010808192894,0.4956181418284987,0.49902682409149735,0.49275713301719815,0.474483010957504,0.46817931255015527,0.47482662482959553,0.4820227179821863,0.5058232758393649,0.48617740624459616,0.46874494002180483,0.53879473208441,0.4706620001584793,0.4786199069946602,0.5232462764412952,0.5270468770160008,0.4820362746250935,0.49211309777928197,0.48655201847294083,0.5233510738492936,0.5451931781642122,0.4871235923420129,0.5153640693019432,0.5152904620599956,0.506412098894655,0.5115927493595451,0.46878073533603837,0.49432792974855955,0.506437172063119,0.5109984608760166,0.4594943281178379,0.4925195346228917,0.49100708029351003,0.5244214516585974,0.4571047723218981,0.4279464572421555,0.526304430010415,0.4484451011397213,0.4800879731621444,0.4810188935724218,0.5152620434191273,0.47898858381134735,0.5594252703998428,0.4934161547078121,0.5272300638068042,0.5084363406291464,0.4851240965737715,0.516210932461752,0.4960473122539835,0.5348706949554518,0.4577920997149914,0.4873938660180524,0.4510082310470985,0.5356603776486318,0.508396719383724,0.5423331096572097
91,0.529641746722316,0.5034741317559521,0.5358213144722498,0.4530554369973963,0.5312436363436004,0.5330464114121549,0.5393300860215215,0.5484758444934553,0.47226523710413953,0.504148149440668,0.47888432930120584,0.49154489267988277,0.49792128648785505,0.48940061936203394,0.4698025379734117,0.46411525355604927,0.4700443594850352,0.4859578716903648,0.5014519278750205,0.48202887014676327,0.46983720296051285,0.5363275806142668,0.4718274525655868,0.482501545709926,0.5243341566812375,0.5241354558506184,0.4781368554554531,0.4971201281651207,0.485097396127255,0.5275952905410273,0.540776855270755,0.489472008114845,0.5143908840949459,0.5112371146919547,0.509828005330074,0.5093113383821494,0.47095100935929846,0.48986421943142866,0.5085412815055176,0.5114567261275036,0.4637401999968099,0.49219231989973905,0.4954823042125459,0.5284548589041314,0.46139963643468596,0.42483560705701073,0.5306165407165023,0.4452360440111036,0.4854318583651559,0.48030300378744073,0.5174503115743158,0.4820026923663559,0.5640866181323513,0.49633007138073587,0.5257610049731176,0.5037503280680307,0.4823681460385295,0.512615664040116,0.4914036530041217,0.5368846974815541,0.4568088781684085,0.4821633555234828,0.4564175212834437,0.5394562442206284,0.5112430260758368,0.5403151352239915
92,0.5316464050636708,0.5083972000669573,0.5366454919513809,0.4558057836046107,0.5254845945688428,0.5278184139196703,0.5439951104455524,0.5500701849068504,0.47642315845142374,0.5020439330761927,0.47927817069724693,0.493881574348866,0.49274802613447405,0.4880161176746951,0.47444580179448026,0.4699104520432477,0.4743889910053131,0.4868005355209374,0.5017697377260212,0.4805978849355882,0.471012181481065,0.5324669224167404,0.4722519122417731,0.4808882577927343,0.5237155294908717,0.5196810911373518,0.4780533667105206,0.4980528699609776,0.4821519566571802,0.5221873684932956,0.5427010679338049,0.4868805665291926,0.5112213202168837,0.5103521215658163,0.5081493809027473,0.51287932364579,0.4690748039103575,0.48680251165148036,0.5125475133931068,0.5153706109954826,0.4637951876868495,0.49329414237635666,0.4915992815973384,0.5295443926166147,0.4632628808546975,0.42206888974596835,0.5348004092591229,0.44524288829181946,0.48880292084710736,0.4783760192500858,0.5209083770807464,0.48669617749216204,0.5635965090061866,0.49473363665572717,0.5307716066674313,0.498529981193589,0.4860661477816269,0.508596027734857,0.49538596947784597,0.536996995657559,0.4617245060684319,0.4821174876056092,0.4616624105639474,0.5409459433690745,0.506940539935379,0.5353516373449861
93,0.529294276590192,0.5048886059594481,0.5374279164717118,0.4602719728135349,0.5299550477787279,0.5227028621078468,0.5453524960441575,0.5517521249224531,0.47569924445071127,0.5040904289589574,0.47675696879511503,0.4915774490721361,0.48808097937388234,0.487336717387866,0.4744022183373074,0.4683824109752321,0.47230661814914104,0.4896082919755311,0.5020581301207009,0.47920712037394025,0.4739827874686171,0.5296383960096166,0.47453560621833235,0.48389298717492685,0.5185515146042714,0.5142066113247821,0.4817966756424056,0.49415284351803307,0.47836365978687245,0.5178520599760029,0.5384425373506849,0.48424772494553703,0.5080299710310039,0.5100844323152476,0.5101117808532131,0.5123378621196808,0.47156688576198114,0.48948947082917116,0.513108891184679,0.5147690466295906,0.46871895716710155,0.49093010922335256,0.4892249933659185,0.5321489467186804,0.46407985518675104,0.41823282020602015,0.5374845748978703,0.4503409322931229,0.4909433337564206,0.4751630953062941,0.5165462069390336,0.4832632655224613,0.5622697897863983,0.49821529436682593,0.5338782865249274,0.4943448389586382,0.49021423263793446,0.5092489886198895,0.49737597566903313,0.5386971198844306,0.46391407595369877,0.47745214199695,0.4578050979374026,0.5456156706761224,0.5081566944525866,0.5399953189815666
94,0.5326122276525741,0.5035182259363555,0.5366912991973508,0.4649900629676971,0.5302421355298623,0.5230440947812208,0.5432443314391999,0.5530033092869691,0.4758483534534384,0.5033865996663172,0.47794327513607293,0.4936463195106368,0.48559017398748133,0.48880377535294134,0.47389998834527347,0.46760859639820396,0.4708777915919624,0.49141909211503404,0.5068035586826286,0.48286368061508467,0.4729445664451479,0.531617422246973,0.4741345805211686,0.4877382659670929,0.5160545421797677,0.5108747300109789,0.4768859722544926,0.4914640202665417,0.48356157005621,0.5213653676523968,0.5390419905935356,0.4820631926628876,0.5095725957240121,0.5102958070872886,0.5142568424076829,0.5139411088059479,0.475290713940462,0.49166984337225,0.5160474060245344,0.5095599098222826,0.46682094374695154,0.4886558703983098,0.49335615571575264,0.534667789920174,0.46769733671626673,0.4177629311503205,0.5331620236365838,0.44690874301492767,0.4886690500347906,0.4786129616778996,0.5164573192186173,0.48372838197887696,0.5657988522167869,0.4991562497528351,0.5350921135579957,0.4978140881145718,0.495242220835405,0.5056572605880496,0.4944603092139977,0.541362646545253,0.46178428243757536,0.474708705828523,0.4606508522359438,0.549784483268748,0.5133635543913591,0.5392438819409489
95,0.5356629169219859,0.5046000866273738,0.5389373910056021,0.4613074385604629,0.5322496856111969,0.5195349301667238,0.5450487957772313,0.5551105115797251,0.47446557677518186,0.5045106519611811,0.47515422288891696,0.49303109546809953,0.4894248986106638,0.49034325375846,0.47190482240834664,0.46953765164582945,0.46904447006611727,0.48955146538456135,0.5085113916961957,0.48657494594501277,0.46939068307759796,0.5280627731694317,0.46990366039795983,0.49159560353938786,0.5125376397805884,0.5117345887093016,0.4797822279215125,0.4887121817537705,0.4878957371809192,0.5225772731697088,0.5364856013109192,0.48270984192544975,0.5085879459937108,0.5144883388920752,0.5164531459331246,0.5168563850452854,0.4771025934997611,0.4903858602850971,0.5163907221877566,0.5078846544294148,0.4680041082500499,0.4878443113772504,0.4943986899160482,0.5384494084799721,0.46565395240888824,0.41801731380152257,0.5376365467526257,0.44816147072297263,0.49181048009614803,0.4802193689814849,0.5117848358627356,0.48479423609788685,0.5641192195329168,0.5034235681332003,0.5338765711265805,0.49982986379949773,0.4983946201581196,0.502062103573136,0.4978378824951314,0.5422877290310067,0.46068699125237156,0.4718011116877793,0.4634997540611071,0.5464345765097508,0.517270295301255,0.5393701340501623
96,0.532645291908633,0.5086734152372859,0.5352653936803669,0.4620983756391377,0.5346139860747304,0.5179886774262354,0.5492442237695048,0.5520745599981755,0.4782039529374045,0.5000041047278372,0.4735316939573119,0.49047301907784463,0.48834500708218737,0.4865300669027642,0.46741127760785345,0.4697496052098135,0.4679537081486264,0.48938507418041516,0.5045751924611915,0.49056453249120197,0.4719956783266672,0.5257152308268963,0.47538464704261135,0.48804503957262874,0.50818706348062,0.5166815545805385,0.4840041295228587,0.4878923892361598,0.49256926963997477,0.517532056464543,0.5334046871190828,0.4843595229213924,0.5109339084763349,0.5147789717804555,0.5113295916627031,0.5132734663936012,0.47542090510735346,0.4948027006055959,0.5188742391972306,0.509490637125034,0.4662363075373599,0.4893769790216917,0.49546147801100276,0.5371977110849503,0.4710195304397982,0.41623732236122807,0.5325757612988897,0.44990063648813766,0.4895665309996693,0.4836184610735119,0.5087149322592776,0.4845786594188201,0.5650431184769967,0.4986818019593675,0.5347321851663178,0.4976245612738657,0.4952591109064348,0.5070627643717948,0.501947468213823,0.5422620293039553,0.4632826164396268,0.47293822783470557,0.460933671384342,0.5443208658384925,0.5201113269819065,0.5425016413785265
97,0.5319085864908263,0.5095357408300716,0.5328507406850734,0.4669035014500319,0.5319275559975025,0.519686503826419,0.5535796445500711,0.5495763915608531,0.4829216794495857,0.49788847503417943,0.4696842114715378,0.4857566214724392,0.4898928955677016,0.4885194575073625,0.47107903663185213,0.4706013531670112,0.46838509887217566,0.4890020223622269,0.5067761273813622,0.4932197208301342,0.4763598014771547,0.5248316930160085,0.47317042271272625,0.49130030296010474,0.5064198675823859,0.5174767663484686,0.4794188958108676,0.48291238605311587,0.495486766911326,0.5218474814115184,0.5369911117030883,0.48065087574647436,0.5104633308001033,0.513232347661808,0.515775170386736,0.5143901725435047,0.4716220503675102,0.4910853644228063,0.5235064965383754,0.5109140196680348,0.4620967521200691,0.4884954501241634,0.49904241824036616,0.5327266010027099,0.4754741735786573,0.4193676590382773,0.5324984927049531,0.4536505363016395,0.48821552815836394,0.4820420881219903,0.5123548859544335,0.48524520996379367,0.5605224683287144,0.49448956509975855,0.5365151707662013,0.49761602843464336,0.500189310654851,0.5058348905988312,0.5063156786173543,0.5421481631767754,0.4651499983591378,0.47467595649631833,0.4660133553260896,0.5465405296027996,0.5231593891645286,0.538745693686093
98,0.5353123942452336,0.5093648250759554,0.5324569566080106,0.4669244667242826,0.5293070797530147,0.5198351919693881,0.5482514470316954,0.5529622488650887,0.48302037296070144,0.5023146938167069,0.47172206041276094,0.48107379721466303,0.4920713211362142,0.4852617857800913,0.4700546720621138,0.46622045009789725,0.4729814123896904,0.49107888806692446,0.5115821683597486,0.49035382440695935,0.47663602801377086,0.5273839326672882,0.47492001779115417,0.486636463653787,0.5028844227855362,0.5122208477822557,0.4792928835225161,0.47836632411356605,0.49063357523502965,0.5204551207117221,0.5326176979257514,0.4781144936791914,0.5144252058805739,0.5100531054266273,0.5206249703664892,0.5177639526498933,0.4674330275225527,0.4895562761254972,0.5204743314388112,0.5067935076044527,0.46201868346495606,0.49363721188390836,0.4957981008705031,0.5330871909597572,0.4792993355411953,0.42303977061269427,0.5334188166195631,0.4551406021700967,0.49193605059319195,0.48071106847346434,0.5158289433253588,0.4856281964385832,0.5574914289040246,0.49607643724281203,0.5397890054616059,0.4972280560537164,0.5037291513271531,0.5025767402620058,0.5102563081469952,0.5461923241634422,0.4641806004354079,0.472019734513124,0.4616093647938627,0.5465259683577558,0.5207768348803636,0.5367467892278809
99,0.53171613694933,0.5060553321213122,0.5360203492864191,0.4674537244177617,0.524744999478791,0.5182241056802285,0.5515659985079656,0.5550352216991777,0.4799725711235701,0.5063133983293437,0.4761340997736234,0.4781366211475611,0.49689985290598393,0.482098876538691,0.4669389885664436,0.4643723419025988,0.4742527856723384,0.4894056492535406,0.5127529624773666,0.49522288231050904,0.48095481510089283,0.5319569887299066,0.4769304528916623,0.4908604993696043,0.5024247683881957,0.5127627060152405,0.47462573580929884,0.4787827126773155,0.4885658362105243,0.5171897547834424,0.5351359975110583,0.47430886008485756,0.5105723798623646,0.5094019350288612,0.5180857170276156,0.519103869538716,0.46604458287489475,0.49386570614642245,0.5226654532774732,0.5037165826478974,0.46524678063710123,0.49418933864238657,0.4982853546658365,0.5377701258898264,0.475313330203266,0.4259207672470655,0.5287269803893215,0.4537726717014453,0.4887567883264648,0.4775088990951448,0.5198476082849594,0.4847468286246953,0.5555407346256339,0.49538343369963034,0.5379647079369666,0.4952282042939115,0.504395223138366,0.499302014184225,0.5125878108109452,0.5419664478118734,0.46409144810569936,0.47190219367582237,0.4600098612651376,0.5510885389786093,0.5227531899620488,0.5370093350903005
100,0.5348336219047524,0.5084162044589591,0.5393859805695864,0.46803442606947293,0.5199946592131037,0.5197315202869944,0.5469894362325641,0.5506398484586641,0.4834804085735393,0.5057118607519556,0.47548199446414563,0.4826863518129705,0.501673417948681,0.4809685017758323,0.46610448265535814,0.4602222689981633,0.4708428815418068,0.4856767158829659,0.5126478375059917,0.49439690488936955,0.47808097352141327,0.5349701159735736,0.47516361938992197,0.4955501032652635,0.503049512598441,0.5102255647570341,0.4751515249860271,0.4821418506608757,0.4920907996280851,0.5153370050933177,0.5374006782136325,0.4738124755715768,0.5146420452765276,0.5079779375436518,0.5166930618364158,0.5150561946757619,0.4644346619885327,0.4949008754983605,0.5192317802075662,0.5011693560495307,0.46484237588464067,0.49550573940317705,0.5020326690057343,0.5366255111181392,0.47795578193680865,0.4225568824298109,0.5261842928438187,0.4569841839330888,0.49244021390549714,0.4735081139991849,0.5197646660084715,0.482475256447145,0.5515237749115923,0.49636656700728865,0.5404661271465767,0.4904976300370004,0.5040611744346147,0.5024612118852799,0.5083711834989427,0.542375405013934,0.45990971833323824,0.46769910275036225,0.4566054875674153,0.5486399645672804,0.5245593360179065,0.5352649576928163
101,0.5389094535131196,0.5062429876647432,0.5362187202330425,0.4724992867671327,0.5188537796828597,0.5223805614335635,0.5418663869502589,0.5452392780827188,0.4814058721064767,0.5104392344523323,0.47242867342971395,0.48547871002059106,0.5054352823167011,0.48390763022743183,0.46296509333090663,0.457248872339314,0.4668211853385272,0.4899247099823585,0.5168599587960696,0.4941484222815981,0.47658838752079163,0.5357242816873883,0.47862976642088617,0.4965422371457149,0.5037305628051918,0.5138328205891285,0.47853847279619677,0.4778659031396075,0.4929301642675536,0.5104365380191523,0.5399423872571074,0.47737408649095986,0.515558247193126,0.5092236068089411,0.5122860670029832,0.5143112023818506,0.46473954845877613,0.4942331446031923,0.5145555333439922,0.49654799216651296,0.46297925904870435,0.5002746626093285,0.5060088749056189,0.5318842789994722,0.48297382048011567,0.4208498121936617,0.5285152600082287,0.45280679168069354,0.48762375465443525,0.4760390474080181,0.5160462677824162,0.48252898073335937,0.5517486148669002,0.49583735874452406,0.5385519203992567,0.49499131872687097,0.5051290259045923,0.5058517622762775,0.5069757809505476,0.5443534036031453,0.4608241721548818,0.4717846678380609,0.45383991376477684,0.545810420718121,0.5245938187786946,0.5306594051841097
102,0.5386536088124042,0.5052381468853856,0.5322532894807506,0.47039197299149677,0.5141247498807177,0.5185447848044162,0.5407716810773584,0.5416527881998404,0.48559233539012053,0.513794731535494,0.46786678582330693,0.4856086955773352,0.5034764316937403,0.4847603476864248,0.4634773468057903,0.4601796412264774,0.4668530334458972,0.48655913670837886,0.5147161428636527,0.49310954110891353,0.47476230421665494,0.5396785378610592,0.47970589038179684,0.4962070057642984,0.5039037623505814,0.5119018568705594,0.47699192464839485,0.48181526882212355,0.4938928749984192,0.5100338248373968,0.5439879362528902,0.47782204720322274,0.5177860462415583,0.5056395726051255,0.5165375531991202,0.5117812672032171,0.4624528372071696,0.49884620385547773,0.5183001779107452,0.4974362967403775,0.46567234216106546,0.49544575350159403,0.5045031137188779,0.5273850628913724,0.48599590585115005,0.4185546779897994,0.5283156848011622,0.4484878979205037,0.48312452942795386,0.48055341277754293,0.5156811000056765,0.48391306226241143,0.5499916732930004,0.49688861065044604,0.5345789104320847,0.4918849824854322,0.5030437409420281,0.5061331558683259,0.5070901589592817,0.5456942325155221,0.4593478866465817,0.47076018060590036,0.4529252626359569,0.5482874630869398,0.5282514896819216,0.5255628897132183
103,0.5346454448059096,0.5026732394717947,0.5322641626854053,0.47393504065450875,0.512097348012842,0.5182129412560336,0.5434972290008118,0.5407994427686765,0.4882240112460023,0.51561248854143,0.4711423819421043,0.4897036238572985,0.5002756701709284,0.48181030476929976,0.46247930056940706,0.46149155362958205,0.4706941353217711,0.4857295189784417,0.515642542651374,0.49164783880743473,0.47759121244196334,0.5346363337579836,0.483084620459899,0.49631590208907206,0.4998985448092809,0.5087507865536289,0.4797290693017273,0.482291657520698,0.4932324315513247,0.5053890162189204,0.5390419808500378,0.47620758830186694,0.521116478742218,0.5044748892273088,0.5172692550494401,0.5096716907595944,0.46677935547116495,0.49611211902571084,0.5196974283733582,0.49414029666131337,0.4698117960880236,0.491292362509078,0.5063936095346717,0.5292455860519322,0.4863778947426612,0.41910304510334784,0.5314807803151111,0.4444480857350045,0.48403112045893104,0.4826832371021064,0.5191899882538912,0.48442111676203903,0.5522278226678451,0.4935220767138264,0.534604575510033,0.48887094394944947,0.5025251665913963,0.5058220159994445,0.5031046611867338,0.5458930960599556,0.4626232472114424,0.4727601573448745,0.4535785328411758,0.5509233026223479,0.5272375632132893,0.5245830631007824
104,0.5316015698010026,0.49801346970451166,0.5281648535026048,0.47723916869907385,0.513854500938,0.5160902417114881,0.5428555666147854,0.5408472238715569,0.4917367417153326,0.5179696361783683,0.4708040317889267,0.48576308505440746,0.497414800664231,0.4829852381471814,0.4648681186459334,0.4634961191558986,0.46757152259936274,0.4892844201167487,0.5188190941052306,0.4919280342410903,0.4774777508608579,0.5312955308547883,0.48319295249406985,0.49226653485364563,0.5030442278758389,0.5114362047494972,0.47899427787777277,0.4864212501086147,0.4898230840092919,0.509687750851393,0.543265719595646,0.474038300320319,0.5243480101272686,0.5004245878885514,0.521616202400798,0.5131239139516219,0.4681657961449566,0.4967028993297068,0.5234618203578134,0.4959869550848284,0.47367611925588365,0.48899585543547475,0.5044889489377687,0.5267945645745313,0.48875564119247866,0.4213484401674894,0.5304008158143566,0.44506887576486653,0.48318109681339916,0.4850076305908319,0.5219174226635451,0.4889789432042739,0.555934602004897,0.4909946701649266,0.5313653977658837,0.48825032037405186,0.49825916113418095,0.5079477459034264,0.5020364565813369,0.5480688314604578,0.4655811409153005,0.4710965743421664,0.4522466944859088,0.554191686452823,0.5253862355002015,0.5237514620551399
105,0.5314228119541469,0.4962955393775481,0.5285296266251052,0.4749929250586187,0.5154893768688034,0.5131567525573392,0.5460289957816086,0.5425988392436172,0.49193669427444076,0.5197133441784066,0.47404265586335026,0.48792212031390425,0.4982497106185705,0.4805104491260699,0.4637098412833773,0.46321809307817396,0.4650288315186898,0.48625993239052734,0.5183856374507486,0.49058016731707704,0.47512050511698467,0.5280620676857006,0.4856282783823774,0.4935644153733174,0.502620777334398,0.5118508924947563,0.47975809423643034,0.4912514915665534,0.491655111984519,0.5112294955022691,0.538472590505496,0.4704906101689602,0.5208773191793722,0.4975744617359414,0.5197922828408232,0.5109131776098814,0.4675511660428872,0.5002743972269428,0.5263138312909765,0.4928329264878599,0.4778877326668114,0.4867900646882654,0.5090608532881896,0.527040294994668,0.4875349857046821,0.4261996656940562,0.5293794045797965,0.4478145456008208,0.482241035161966,0.48336155630907474,0.5263778596402465,0.4845273383642131,0.557423325695078,0.49536040803959347,0.5279047617137587,0.4910258217782215,0.496426887889398,0.5070548380588941,0.5008429874669603,0.5518418738919424,0.4646621165378767,0.47447114041815464,0.4485981682732027,0.5500619839607327,0.5237582434379248,0.5217868486236484
106,0.5267859498676389,0.49461915206684914,0.5294029742519089,0.4728349153086863,0.5142410939488788,0.5145280874169277,0.5447854377512953,0.5430977044158123,0.4919876672073429,0.5216170820979447,0.4737430165655564,0.4923224097569474,0.49440441430755105,0.47980872453822687,0.4683046740638724,0.4673855452955544,0.4624869737309759,0.48980449458401176,0.5222476933088698,0.4872427744378466,0.473924530948484,0.5323446403183028,0.4852236255365007,0.4946118193369926,0.5033431384991108,0.5114146350922734,0.480805968536835,0.4921104537175574,0.4909558438809577,0.5111346897455594,0.536803889998624,0.4665526402115676,0.5219680602043605,0.4952410042033394,0.5196523784254563,0.5107042706628431,0.4686554942414115,0.5033623063796087,0.5305640822052827,0.48913763333062193,0.4753268202014189,0.4854463252642939,0.5113764850652157,0.5270240585567699,0.48417011852153724,0.42655392170886425,0.5257734376342533,0.445031680230329,0.4812730078443507,0.4871976199036674,0.5303081107231579,0.48013439349574577,0.5582132635339517,0.4937845145332898,0.5254635512700573,0.4943580186606347,0.49503448538234635,0.5109379345705264,0.5023651913610656,0.5494304129821842,0.46477940901655396,0.47056437003959767,0.45301135249275515,0.5449345264118645,0.5255720047187339,0.5243229548079691
107,0.5309310352873824,0.49345795145932386,0.5292727359550106,0.4696839270732811,0.5107832563938969,0.5155348968512349,0.5467990527927074,0.5421661913254742,0.4942200834052673,0.5230543758682886,0.47294051036126894,0.4901094652515045,0.49394248955549286,0.4826097541639622,0.47041101066453445,0.4660060110240932,0.4611895962043791,0.49258526509888584,0.5255265720586391,0.483132934935993,0.47758950703796615,0.5315497040476664,0.4812100905738245,0.49465305353440536,0.5077362557593764,0.5097747333963023,0.4794279072836614,0.4911252281842103,0.48929423621386103,0.5081441390055491,0.5347536327484018,0.4637094015252771,0.5197789765126732,0.4952393133385572,0.5179422422432511,0.513007533685626,0.4730120002347554,0.5015274235108114,0.526586496998023,0.4851306560273411,0.4713368275421331,0.48186983931467076,0.5078068007601587,0.5306545437269246,0.48405573024328175,0.42742852496325034,0.5240967220662116,0.4454701487639101,0.48419515069690994,0.48395442687741885,0.5264228686296237,0.4815169982131788,0.5530744041708736,0.4956700555333201,0.5249026140227807,0.4982023025198842,0.49828397218114256,0.5083784610500054,0.5047370459756775,0.5498280279718605,0.4619094011889484,0.4734703121293202,0.45351031570139444,0.5447892481667359,0.5299044465523376,0.5195982956927092
108,0.5277430572871314,0.49709877045711326,0.5324126402806304,0.47081839010383164,0.5108607305125727,0.5149177551552225,0.5453507164583071,0.5408409243926828,0.4919623857222682,0.5239077900232451,0.47631193070231653,0.48560869795618156,0.49261374084356846,0.4788260344786227,0.47325025654233077,0.4648872704107258,0.465492890872185,0.4938807169305421,0.5219303283670523,0.4834973983893087,0.47558562118624037,0.5267663208963737,0.4844200972196865,0.49227815666511493,0.5071472506914,0.5103529147758153,0.47878695179565095,0.48816806403351914,0.4912846144289536,0.505609067362954,0.5299007307120058,0.4629418715133987,0.521301923081949,0.4923596215688914,0.5202942551760263,0.5102891099855674,0.4721040188851945,0.4981991284327472,0.5238539075589517,0.484119179639531,0.4761544930567157,0.48452081016033915,0.5049388194620664,0.5349225759863349,0.48301004335654235,0.42847766911299484,0.5273547042200257,0.4463754697639408,0.4827818452142224,0.48481384434894,0.5300848043636697,0.4777213473008166,0.5530551385534496,0.4981400534329453,0.5272165483661942,0.4949740170266526,0.4944310060817663,0.5062315293993381,0.5050148056586407,0.5485683918020595,0.4596737099229802,0.4696421416834602,0.4582051901244944,0.5418897970308524,0.530972460895021,0.5215462263475069
109,0.5295229575331238,0.49729970801488854,0.532912512558619,0.4716947155633018,0.5097350759531972,0.5136613366474435,0.5420702217856171,0.5399145332834727,0.4900023778336292,0.5251047453828183,0.47865375202109994,0.48763978268175967,0.49195424524307624,0.47948951702564263,0.47591912620871896,0.4629081699930749,0.4647230065031303,0.49261235881309473,0.5197118153132825,0.4839553683080004,0.4736620909393484,0.5291639002085603,0.4816252928620172,0.49620827559525754,0.5104442832266369,0.5063647940745881,0.47908449661285984,0.48981300237144143,0.4932314818437259,0.5060231122493015,0.5272523503434893,0.459897500739258,0.5208677754134826,0.4930208905201774,0.5246771316555247,0.5071843610994117,0.47276724310130835,0.4957115264100101,0.5229592594985271,0.47982446570211684,0.4724791785228601,0.4821854453669833,0.5003831023651875,0.5320280486234356,0.4856523034325109,0.4278475687340286,0.5238966895173689,0.44371221827715607,0.485437917057776,0.48694487957934707,0.531893108101625,0.47944478121505296,0.5551190607621972,0.5005621834346428,0.5307607435749078,0.4923639685511994,0.4953310121337733,0.5071456318246099,0.5026625663772832,0.5519350672736829,0.46030472170988485,0.4723107607129742,0.4631199654936245,0.5403970536901664,0.5296987075348346,0.5204442370076878
110,0.5318065311929291,0.5007980433015442,0.5296576075940248,0.47247226219761496,0.5094691675075043,0.5095021070994481,0.5411380668597588,0.5436364092946225,0.4892742026073742,0.5259961614786445,0.48171127143617126,0.48942061283076077,0.49466590029543756,0.48195137724686465,0.47743907045282336,0.46201992140301,0.46909135894352844,0.48827980895384426,0.5188491894709972,0.48754114567911583,0.47809787771710005,0.529955406808558,0.48516977553846014,0.4929827403376305,0.5080980779123561,0.5042501113029343,0.4827461633524106,0.4935778428505924,0.489694635153258,0.5042372384252658,0.5282452789378194,0.4639627974284723,0.5179531852128009,0.497540963022601,0.5216865098226342,0.5068453081817841,0.4730000624740181,0.4941953389532029,0.5218994226059342,0.48086513889298876,0.4710511359323581,0.4803752440087018,0.5033281837376908,0.5285539808966204,0.4877377980865725,0.4282633076579118,0.5202755801976837,0.4435083085313874,0.4826668332627413,0.48438175252625404,0.5311824284368063,0.48122716016646633,0.5510926021561797,0.5020540334249315,0.5266007704617943,0.49322150729850506,0.49326340061224627,0.5073854522527861,0.5068664652912223,0.5480866063473385,0.46408028589437184,0.47107066062843883,0.4594681370010502,0.5392928980474917,0.5333274872270904,0.5223916883217475
111,0.5291681636658387,0.5016673896896869,0.5295030488211144,0.47050384171039195,0.5103133931059312,0.5100348490543111,0.5378222265838494,0.5420099223369731,0.4855703768489409,0.5216464042342128,0.4790001796843629,0.48612624841874363,0.4977238245346435,0.4829092374660909,0.47536592255010646,0.4627876691889223,0.47045990538457505,0.49174542030366586,0.5168161708055999,0.4911979565552552,0.4793722464646661,0.5296450317021494,0.4860630680400764,0.49690096706584125,0.5064087607780564,0.5050383712500028,0.4828177384147533,0.4925350447337234,0.4859059890625083,0.5078953342296676,0.5313542153233878,0.4680646434583541,0.5209433549169994,0.4942882104321915,0.5190172403415965,0.5022987246790563,0.47496884873511774,0.49580244327668677,0.5234264486885217,0.4772137330114961,0.4669112838104067,0.4768763796420324,0.5044873310554461,0.529334390029088,0.487460376634323,0.4315405466716887,0.5201800293232616,0.4475893752847915,0.47907119130777975,0.48410161203599295,0.5340506534354454,0.4805537432108314,0.5535326831331904,0.5040828653890777,0.5268960103377457,0.4900528138404825,0.4910248027584762,0.5115076672983083,0.5106635491054169,0.5446424768375407,0.46809503822954635,0.46795531066379437,0.4576203746386419,0.5388976818478012,0.5307964745300684,0.5216443514170722
112,0.5266377346302216,0.5001485826625797,0.5248870543343455,0.4751656525796458,0.5115098741319518,0.5129529849929657,0.5352685179789242,0.5436519606969231,0.49006792131093063,0.5176012583231082,0.4813111579090109,0.48730930011332746,0.5000055554006666,0.4787770543163626,0.47290016161358334,0.45994483571786743,0.46857218623373775,0.49061088739079894,0.5203230151369013,0.4891040043457093,0.4753769441716828,0.5324022740943154,0.48950105467028965,0.5002279468211179,0.5101408288884379,0.5030815672935284,0.4836694716243476,0.4927480631197451,0.48759941070014634,0.5104528347796886,0.5294818453353659,0.4690503832367942,0.52388365153828,0.4983393931662204,0.5154122284585131,0.499718667942724,0.47627443429939714,0.49332488584835404,0.5249771110507201,0.4806154825824363,0.4684362831250223,0.47638903822824197,0.5057265669346394,0.5264545624023528,0.4862748829433207,0.4296990267263835,0.5188457804697818,0.4523320300476258,0.4816900886301266,0.4860518002069734,0.532332850344438,0.47914016782997976,0.5537831277063135,0.5050539703783862,0.529655135716928,0.4878986233868682,0.48888279348825814,0.5098368909095801,0.5069369090683157,0.5455633213801139,0.4652804266959737,0.46547460924362966,0.4618710805709955,0.536119194362919,0.5274537135767785,0.5244325803652952
113,0.5235101475774547,0.4963726724971205,0.5276202815717043,0.47533670920297966,0.514515577224781,0.5089658775287809,0.5353824637051623,0.5408828155900166,0.4920679107746831,0.5195066062393695,0.4845670674062807,0.4909631839424315,0.504186897608594,0.4824371046204896,0.47243106261174805,0.4628089082896424,0.4647704527764457,0.4892107453690546,0.5218047855367464,0.4878780988359335,0.4792902086043684,0.5346034455756108,0.48662034679971905,0.5038966514483687,0.509328946570985,0.5057396555683779,0.4833782249407834,0.4936931612513325,0.4840120742907405,0.5071954214615424,0.5322827037759768,0.46553860924806373,0.5197699308633112,0.49772399053338734,0.5122396131562341,0.5014755999957715,0.47306200307171437,0.4944246307233026,0.5213083278693907,0.48197342027966894,0.4675280489623441,0.4782205944337602,0.5093075774153786,0.5223071876325976,0.4892401660942425,0.4338358120564861,0.5221522881810202,0.4483990639018201,0.48509351635029263,0.4867761315269328,0.5346994954947462,0.4827946116632351,0.5536071744498072,0.5062902247648147,0.528427131104077,0.48884186473298846,0.48880087410226264,0.513956822285379,0.5111618797154092,0.545930472124548,0.4658398490655295,0.46680763770186806,0.46618265834132694,0.538220595650299,0.5277258371382448,0.524549776945919
114,0.5221204016155064,0.4957731258746438,0.5233769214409016,0.47755375662623295,0.5141202485698857,0.5131841493078464,0.5383212977198197,0.5413714776214463,0.49380771363956194,0.5164725931968046,0.4868474350648249,0.48766503976221726,0.506037869974557,0.4782099983718006,0.47671217594143395,0.4596856620137773,0.46322883266039894,0.4934799723963612,0.5182861848252716,0.4902002987989724,0.4807093364507871,0.535988477737322,0.4910973543644152,0.5060581659124604,0.5081593050720765,0.5091328407651258,0.4871368203121282,0.49558501387039244,0.48772591389047076,0.5109264182391534,0.5311330547470446,0.4617892071915523,0.5229639520103222,0.4945668095296393,0.5153486391856754,0.5045753769495074,0.4739149029416859,0.4972998565688703,0.5245065365668843,0.48015257049309296,0.46858758109163307,0.47777514713602054,0.5093694891138226,0.5238571291050981,0.4892146064994043,0.43387807427165404,0.5177345248131036,0.44486233678296655,0.4808397455624382,0.4842097968082204,0.5339794253625209,0.4860696865711722,0.5548818298970432,0.502613265544445,0.5280773848630284,0.4901902599416059,0.49000568335196293,0.5161396230000634,0.514750700819399,0.5454692591150085,0.4671094338927381,0.4674361896377289,0.46777073260591906,0.5353968735768544,0.5233126453279693,0.5229206959759312
115,0.5201462716048654,0.4956216412239831,0.5234154045529261,0.4820635047477049,0.5134806964677178,0.5152194885918241,0.5376912755071882,0.5450379995726619,0.4931864231052262,0.5192385421865319,0.48916346989375514,0.4903955442848058,0.5065141078527604,0.4748052846521748,0.48112903544073815,0.45995508053480605,0.46146568611404315,0.4896814772284221,0.5194526570007997,0.4875302618184045,0.4768538125151278,0.5371539345095228,0.48984336140921375,0.5093720291305411,0.508995152529009,0.5068195374087646,0.4871935175561396,0.4983535908945805,0.4878972708165159,0.5118205419234481,0.5320000180889958,0.46484618044953074,0.5262186981123895,0.4917230788784373,0.5150021090506595,0.5010969337961441,0.4745430837391273,0.4976344885177425,0.5256911924875215,0.4782234109262131,0.4649449359087349,0.482222052428968,0.5092776442012584,0.523246119932267,0.4858335616055506,0.43075835427443443,0.5174291317475864,0.44423994399881717,0.47901519615612687,0.4857281467800404,0.5362928293872579,0.4869971859326586,0.5508351469305948,0.5066474162148573,0.5246849120925448,0.4933582055610313,0.4927809424858472,0.5142919285604545,0.5165672284663537,0.542354038184416,0.4690856122362024,0.4669908820510895,0.4657994562997668,0.5361333473279271,0.524899465822491,0.5248840308745959
116,0.522924458918598,0.49240875852907035,0.5198979641918008,0.48194852647282954,0.5114015770395552,0.5184030242950345,0.538868224536631,0.5478839746341362,0.4916675036351617,0.5164747780774236,0.49239097514836294,0.49189617204120845,0.510252943027613,0.4740118170196533,0.47884016952550384,0.45828086282611613,0.46182136016644454,0.4914038635106552,0.5154112267682817,0.4904882027041292,0.481188249837261,0.5378413444599134,0.48670637277078455,0.5136015182451287,0.5093506832081353,0.5090735828024173,0.4868642706231987,0.4998733454111526,0.4908275345648175,0.5148385131742017,0.5352737137535847,0.46627166523861757,0.5267805187276537,0.48922432931783033,0.5143509988870316,0.5006715193787014,0.4757761918193465,0.4961279734990534,0.5296193634521087,0.477135022498658,0.4628988485242367,0.48630910104030395,0.5102781616017223,0.5219580924285943,0.48773298841349855,0.42806198841044857,0.5203183513555035,0.44254862756547353,0.48021010104200984,0.4886650910302491,0.5350232176469126,0.4892101935458017,0.5539146817826793,0.5053720748063919,0.5273923096549264,0.4950268231664602,0.4918415069443991,0.5137313858370431,0.5202928628342055,0.537877725163726,0.4657287722855824,0.46822577645574326,0.46410999947301285,0.5397191868133403,0.5255622579645867,0.5246585202268177
117,0.5206743663411783,0.48848570410389597,0.5217299920534076,0.48421544805037453,0.5113624676049943,0.5183500048540846,0.5423850709231546,0.5432719343049524,0.49152834466294076,0.5150540467725663,0.4948962778709228,0.4916157264247747,0.5138500484733187,0.4702502961356964,0.47688025239122306,0.45717799609194265,0.460116909097011,0.4875688490787741,0.5194846446969547,0.48750321224795956,0.4836860936334487,0.5344523113573636,0.4856410330951437,0.5170047982087544,0.507060734705659,0.5124210483282754,0.49039961013593303,0.4988167047677782,0.4943770964985358,0.51236394078959,0.5335953406727798,0.46947863091210695,0.5241321481177313,0.48818777403642866,0.5131815438872215,0.4978442262628651,0.47344538595404256,0.49340280859889124,0.5292866644005922,0.4741995973480295,0.46525379449280585,0.4877467140593567,0.50594800444061,0.5214396703378138,0.48509448277689743,0.4318171527948134,0.5212077281933465,0.44687331253773177,0.48216857537024427,0.49076081713750724,0.5331590056169766,0.4894695847730716,0.5492827617025512,0.5022183307726303,0.5254341646706465,0.4922017269294423,0.4877974570687854,0.5116959287669531,0.5174187099151116,0.5377470747552106,0.466209801243864,0.46680339929687464,0.46535476634743655,0.5408887450333779,0.52457424345836,0.5238635586730982
118,0.5191488993241278,0.49189205418226584,0.5183876180563576,0.48241776837287786,0.5143276326341902,0.5187622783919326,0.5420276798297028,0.54542759290399,0.4878085234055489,0.5163170924177287,0.4931372469011204,0.49529268191712067,0.5169465049436748,0.4739102223683711,0.4782184320627009,0.4616699672797537,0.46306123651746295,0.487007874365074,0.5182343912568547,0.4881383955861112,0.48705122980320414,0.5360595656628696,0.48502326973911003,0.5200714040245582,0.5089892900241118,0.5136670896002165,0.48896397709018585,0.49492541677111646,0.4972352602192293,0.5159224111133393,0.5344638946977102,0.46588695943431496,0.5198937186510278,0.4877657480337115,0.510209508721608,0.4961507566871028,0.4727298548480861,0.49531279448307797,0.5307774728405145,0.4743057979951812,0.4641303408842464,0.49084871039297023,0.5074176802521037,0.5241887651115095,0.48168554884878056,0.43344798029622944,0.5202398856703448,0.45111260693377747,0.4854289948640472,0.4886299636878514,0.5348928339212045,0.4894319785915136,0.5480307455514208,0.4995324558810859,0.5221687014647113,0.49599229634278125,0.4845818902698201,0.5141123861824473,0.5146025237628664,0.5354281543093006,0.47055220736267844,0.4691821560267028,0.4674397247557069,0.5370867798045211,0.5225044956218042,0.5243197395887027
119,0.5188771353628319,0.4941114112761655,0.5162235807719181,0.4797258799071254,0.5178407154916629,0.5198538308575652,0.5375456257224519,0.5410592785291265,0.4849582147412022,0.5151742282870959,0.49734590439999754,0.4968942506287307,0.5203087441527079,0.4707212865896296,0.4767213313047271,0.46015412533406824,0.46032559860235966,0.4900357301291384,0.51608412412231,0.4851143083013478,0.4878441032647045,0.5356743551250785,0.4842849496621077,0.5205439766454071,0.5075717305601716,0.510239052458082,0.48901910629743284,0.494635860795475,0.49332849671861684,0.5137708603287605,0.5320978579683595,0.46498266793591353,0.5155889193568625,0.4915940341721858,0.512447939768083,0.4987680772422558,0.4748679048296097,0.4953872666410918,0.5311886464434673,0.4786320271742183,0.46278686202119496,0.49205295326051524,0.5093761939884035,0.5265713631003942,0.484377016964779,0.43270579490204153,0.5218388500548001,0.4499904984316034,0.48693455625882665,0.4870695568735482,0.5343315922888925,0.4904957277138909,0.5494046449672129,0.49858779910769624,0.5223028181634409,0.4976676351062903,0.4810681499195161,0.5115598894181923,0.5110090783300071,0.5380557061237505,0.4719060327848297,0.4676657086045343,0.46668379123848697,0.5386390632946363,0.5219411876618408,0.5207697235850193
120,0.5185911404892909,0.49249543211170094,0.5143484315296785,0.4797314720912205,0.5176653886368394,0.5174130733342414,0.5368280549686977,0.5448544842331111,0.48766037702505816,0.5141601577785185,0.49502238340687577,0.5002201647501424,0.5199997953689189,0.4688528815699525,0.4802008673328065,0.45749640946149756,0.46020941310592217,0.4902680379008558,0.5160400948505931,0.4888473616058963,0.4866417602585481,0.539286880753146,0.4884358173622445,0.5215873659584785,0.5108368812136035,0.509557093569125,0.49287066371690974,0.493193466993801,0.48995950532435867,0.5108999304140828,0.5338080569046036,0.46889605852584376,0.5177622593900011,0.4900403560912097,0.5094605452284803,0.4993776459146104,0.47259843396440165,0.4950667786387,0.5268180805508919,0.4828047955868613,0.46349245000913986,0.4958101773044593,0.5054619428341789,0.5254981177884287,0.48051458370490047,0.4344796029511488,0.5180430987495851,0.4473843526723202,0.48621071503879737,0.48432278834991005,0.535754442155912,0.49305360736783704,0.5492667074885003,0.4970805875032357,0.521866759248585,0.5009409496310467,0.48433610567407775,0.5126010150480566,0.5081666414817634,0.5386547684612109,0.4736985230390484,0.46641698448784424,0.47097474518385174,0.5414146652306505,0.5192305754160044,0.5165379014782123
121,0.5155774564780714,0.49251206566046324,0.5104866077598454,0.48321221893889954,0.517321142050707,0.5169961755320726,0.5403016931471293,0.5427243157805325,0.4862158120591141,0.5154850832268738,0.4950945709205634,0.5006385294403315,0.5163847948444664,0.4655100265074464,0.48184300340080893,0.4558705484056543,0.46047289189156126,0.48696624382693876,0.516418866063697,0.4900358008482111,0.48331479780688347,0.5388716768034287,0.4895790351481249,0.5220706211046056,0.5139204008454081,0.5081843932381525,0.489525296328121,0.49689906156905983,0.4883123208707679,0.513309615321379,0.5315637672353503,0.4732728474095708,0.5173083011202535,0.48862801562309616,0.5062222929097026,0.5034394915116106,0.46981041662987816,0.4947260726357841,0.526317394492979,0.4870527121951906,0.46531836760580303,0.49826455761231603,0.5078622232028628,0.5247258377894504,0.4773385929706342,0.4353045285256112,0.5179709219176916,0.4443291342614919,0.48696032280693213,0.48327265981197043,0.5363146722003347,0.49144455141967486,0.5470729555819315,0.4995175791965481,0.5184780853078965,0.5025031734718254,0.48747583408322914,0.5151005344357591,0.5043322086521613,0.5344778330528972,0.4780260335733213,0.4696444270957191,0.4672386146486527,0.5436212345814719,0.5187081467404501,0.5143421383123553
122,0.5118961553473302,0.4929693389222352,0.5121489711485004,0.4811636513666937,0.5210273874867689,0.5194601967966986,0.5388123289902316,0.5461112203789186,0.48291559179704524,0.5122602015239748,0.494432458092128,0.49811151909384804,0.5180285658562961,0.4621802643537235,0.48288364934609274,0.45856850254906556,0.46189309418297264,0.4845964747008079,0.5192963053489756,0.49375787253388603,0.48241656566213975,0.538402520215103,0.4905343351444405,0.5184129040677745,0.5098843840925598,0.5100853588005461,0.4855444011182368,0.4984382821087624,0.48592990920483,0.5169746270045482,0.5316902167987683,0.4748726512237165,0.5185972869001217,0.49050052586564385,0.5026090554897851,0.5036734953489966,0.46615833840551374,0.491539972467653,0.5232481577507384,0.4885112640753713,0.464021859487696,0.49667807618067294,0.506798951606158,0.5210280608784835,0.47349131345818346,0.43893643889747996,0.5196669431663234,0.448458164223765,0.49011165148564195,0.4824185363471114,0.5376330556673572,0.49003191999311907,0.5478155782631497,0.5018478219689725,0.5174711896862171,0.5036596588730746,0.4884097620777932,0.5110805037938029,0.508066464625688,0.5312108800759522,0.4752802336023386,0.4679339898802557,0.46912782331667774,0.5464497215376617,0.5180064118423758,0.5114081928630044
123,0.5115792433949115,0.49168761746931505,0.5101224574941141,0.4775232549320739,0.51777561536892,0.5190046930821017,0.5348665880910684,0.5471902661517357,0.48419464388483435,0.5126890309299792,0.496345891079947,0.49807557171323746,0.516018290145716,0.46425696823926615,0.47921571650596256,0.46164186191950196,0.4583843341963118,0.4818358681970702,0.5171639882665762,0.48988149827527117,0.4809104835366187,0.5406120010177762,0.4945769530366077,0.5163968981547501,0.5097579532490899,0.511978652279537,0.48413751564983587,0.5013174853247541,0.48794240517703774,0.5188227218712897,0.5317870445603834,0.47173712126124834,0.516169763992639,0.4885188794139915,0.5051247396362839,0.5025113078269455,0.4683510830380585,0.49561192075233806,0.5256707674280912,0.4925008031086151,0.4656453027596857,0.49844660450727063,0.5086768494822443,0.5196816280903995,0.4748933077228106,0.43602158945973024,0.52132031802989,0.445445143241223,0.48935895707049615,0.48517005346644704,0.5346451661541974,0.49080570218150293,0.548819506464996,0.5056732493688839,0.5195611838894871,0.5023430812439199,0.4845252500717706,0.5146503756057287,0.5079596463895075,0.5272797334492894,0.4737833675220441,0.46488635918677473,0.47299522346741835,0.5488456495799453,0.5210565014388657,0.5112051017628484
124,0.5100654867940431,0.49363934739986937,0.5109542256318563,0.4765350289454184,0.5211108017146512,0.5160614728797486,0.5370668693786662,0.5451407915139,0.48234006961226156,0.5139333279045399,0.49548594878145813,0.4987051568241148,0.5138161901320275,0.4654530383557308,0.48299745432410396,0.46025768422337837,0.45855540659771554,0.48528028196092315,0.5194147001299444,0.4891122634851773,0.48259778222797,0.5440244251606821,0.4932780272768806,0.5186793934690664,0.5076428619592884,0.5142669092976049,0.48368219996716927,0.5022076691084808,0.48854761090217497,0.5158577233589555,0.5319326321110482,0.4737252982114485,0.5190243302501109,0.48890306925060906,0.5087459872174902,0.49987216397580103,0.4691067146921879,0.4929903734958627,0.5283030548367571,0.4909917627497709,0.465775280949902,0.5003344369181182,0.5052401905200974,0.5233999612421728,0.4711819611574028,0.43425275408373837,0.5212372609911429,0.4494855135711736,0.4892013070361024,0.48611554645671823,0.5352100309615649,0.49291988039335854,0.5447465813015787,0.5024547271104665,0.52243167158867,0.49830714636973716,0.48849952808731156,0.5145605161816504,0.5054429607669806,0.5260692207326756,0.4757702534274198,0.4630971903246274,0.4745395168968115,0.550064953773375,0.5177610308098438,0.507297210365676
125,0.5063226553032941,0.49401237150650923,0.513054084057754,0.4733601556366887,0.5244684914186067,0.5176015046513535,0.5375820845760586,0.5472502490112346,0.4834047362761948,0.5112781589049917,0.496534150657593,0.4963051654444985,0.5101811989342017,0.46864122555830706,0.48587424179208627,0.4625987255574074,0.46149667917384235,0.4879608698708257,0.5212346312475309,0.4905415781497264,0.4826612980490952,0.5436852556364749,0.4898385130186003,0.5188994911512156,0.510849127307553,0.5131141044793737,0.48626500172199516,0.499779683634436,0.4851219334032861,0.5182779194660886,0.5303795367095716,0.47781433592954425,0.5205730026616995,0.4922809296372238,0.5078529495526719,0.5031627826682957,0.47168753900572497,0.490947022745737,0.5249500374380014,0.4904615534769023,0.4690739052706168,0.504306200233727,0.5018316191914035,0.5202575825861178,0.4709955297890131,0.43079650594083635,0.523764871199214,0.4477444580122059,0.4874585596673255,0.4884691957400707,0.5318022345498646,0.48975848491350255,0.5415601142409568,0.5055129303531511,0.5185721379207483,0.49440630212380166,0.4908160067991971,0.5133446826109004,0.5041561461909617,0.5223732208421182,0.4790677251063712,0.46713962738531184,0.47739310969590065,0.5485393284872156,0.5172520542893678,0.5077156759472937
126,0.5092767071480907,0.4911950549144993,0.514747101320546,0.471436239575374,0.5210382954661058,0.5193948579064681,0.5347260670403262,0.5449772409170263,0.4808820634470275,0.5118660325773248,0.4989800373736819,0.4930432968837813,0.5139379665391508,0.4716999864810749,0.4880036429686444,0.4636417777862342,0.4650487271735175,0.49104530623543974,0.5227710196045663,0.49317980929228605,0.48528060165137965,0.5426609354363213,0.49174966106474965,0.5153691703615727,0.5078315540782437,0.5153370560140417,0.4896793601387428,0.49881895849214114,0.4828340729667834,0.5169031995480264,0.5331298106252361,0.48104941989142047,0.520924329998581,0.49183643592477055,0.5081204969050347,0.5058860563833586,0.47000128192946505,0.4875154857918848,0.5246236442056184,0.4922376107277521,0.4678702462625706,0.5059544427858772,0.5048027025082624,0.5207030638280917,0.46760755222037653,0.43102659776787144,0.5243717275981934,0.4474136021924658,0.48549262249295605,0.49052748393858253,0.5338064208857286,0.4887828480916555,0.5389999887205817,0.5093284594426964,0.5220522781709876,0.4951440070169052,0.4933276911610727,0.510579222384378,0.504368966710652,0.5205993933134526,0.4777738422592319,0.4655728356939889,0.4737378027895306,0.5477114054617302,0.5208584773986905,0.5102166896626972
127,0.5055496698174213,0.49135832899230264,0.5129883081232168,0.46867277039066746,0.5169630733210286,0.5228206893158115,0.5331778111586458,0.5448896396416658,0.481328856042777,0.5129144191817514,0.5012186555562077,0.49558471845585766,0.5102993064948307,0.472168149254876,0.4846523328841698,0.4645660975205055,0.4692135070561422,0.4935869714792569,0.5239299776703493,0.4918508425246632,0.4890826719562388,0.5453450726747646,0.4905784915862321,0.512618489197021,0.5075648908634709,0.5159335105804373,0.49369484532856167,0.4956063703770977,0.48371605293343256,0.5188790097847904,0.5351690368568269,0.4812423728624499,0.5231473865370784,0.49062990104601295,0.5116459731441801,0.5074903809350909,0.4733648333619263,0.4855382321298227,0.520570794383643,0.49490487220045076,0.47180879098034323,0.5052359016634153,0.5082798032068494,0.5195350107898817,0.46607174182349204,0.434377876281432,0.5210741536208472,0.44540531322731447,0.4861546446361007,0.48791092917962176,0.5306497548164061,0.4863372260239931,0.5410992385216806,0.5117303010212197,0.5230982375010269,0.49408353769089763,0.4923927147796612,0.5089278921513922,0.50717482346995,0.5189840444052948,0.4796667843406752,0.4649055587392614,0.4758603847810901,0.5479059036050271,0.5193975755183463,0.5069839843955083
128,0.5068959729147038,0.4911847022565533,0.5136004183103283,0.4655460317736893,0.519041059983275,0.5217427974071547,0.5312122957059238,0.5446854643540525,0.4837404044600864,0.5146302928093499,0.5030661100958239,0.4983611528579575,0.5119051189294791,0.4749690935223505,0.48155112976101394,0.4629515376082615,0.4716343489742426,0.4954280720937337,0.5210313644149003,0.4941775099747253,0.48875451565045097,0.5420536058616721,0.4905405080560113,0.515914863315859,0.5108250893781431,0.5194716014827724,0.49160138162541883,0.4963267665511662,0.48422331506760785,0.5200736265320599,0.5379048230985402,0.48118050357242004,0.51963411855191,0.4918481350799878,0.5098577764125594,0.5079142088151016,0.47379546032755143,0.4892604572397829,0.5169645909023131,0.49520008555825185,0.47518856899113643,0.5030351435768765,0.5116936767712867,0.517307902473271,0.46714085067555866,0.4337745689927813,0.523571539431734,0.4475272480309751,0.48821753745817725,0.48963016259857856,0.5331205544819847,0.4852131696334842,0.5428147013595983,0.5119667607336713,0.5246187883135336,0.496231368365316,0.48903991248816464,0.5091589928584096,0.5066857005257079,0.5198692311625295,0.4808115187669472,0.4622952462472715,0.47663836508784974,0.5506117491013032,0.51631517403487,0.5037841086399577
129,0.5050121038730407,0.48815875499985495,0.5152325897686093,0.46290593684878845,0.5155164289179782,0.521407836394679,0.5342311677703435,0.5470915283567425,0.4872080851554152,0.5142379595454739,0.50237419215343,0.49939420822938435,0.5103958303740083,0.47278430064798627,0.4840097220683745,0.46253109619809546,0.4741434426123023,0.4940803679698492,0.5230500082075821,0.49517546580493726,0.4908245357163291,0.5448085548239286,0.4941809094715923,0.5148161589066339,0.5140182820729912,0.5170298753760719,0.4916580375552369,0.4983404158426764,0.4866233408642365,0.5207822689937378,0.5362535643369036,0.48157474486531,0.521837740737556,0.4889711725225566,0.5116796497207856,0.5088301122736751,0.47230790068149137,0.491128415426864,0.5160055821658726,0.49359878550901937,0.4724324047633116,0.4992058657111829,0.5095214483834275,0.5196115087361404,0.46356388559025863,0.4342040908158916,0.5250422561534671,0.4480698737954728,0.49151433832838026,0.49174392081805096,0.5303693520229912,0.48871550176536727,0.5460348699659872,0.5088869293868851,0.5263482391511888,0.4955743871669334,0.48634714081863334,0.5101075200137108,0.5097138690956692,0.5233003241036444,0.4829534140194713,0.4618169410660363,0.47946014085354527,0.5476281385806185,0.5159458848422861,0.5058376427223041
130,0.5026143406743744,0.4871978955505001,0.5130078868560483,0.46587423874086564,0.5173020951697865,0.5242506861504219,0.5332318648536839,0.5474191904575629,0.4838917254240425,0.5174192735135696,0.5038035451040264,0.5022000881601809,0.5126735105217153,0.4767286026038548,0.48497063542815994,0.464001935712961,0.474350355553655,0.4958478434120501,0.5263509265525654,0.4931130058169937,0.49212931755245987,0.5480829400268425,0.4903838199373815,0.5153127604149681,0.5158810455775654,0.518877284951908,0.48900182619094656,0.49609672903495194,0.4853568213620827,0.5193692219969304,0.5337420866078142,0.47797057695708994,0.5224872872143934,0.4899855365954802,0.5098247225423599,0.5052531517323993,0.474181087505204,0.493625104130224,0.519698107154296,0.49420456840877997,0.46993832385466733,0.49981389609581517,0.5119938527983512,0.5221540340270711,0.4609377096749084,0.43274116653881023,0.5221313319765626,0.44959007221875513,0.4906664219180204,0.4941670488853652,0.5279295950054734,0.4893354706129078,0.5486697056974488,0.5086985603015642,0.5241912440433627,0.49414139141467556,0.48482304063983955,0.5091537646949489,0.5133064910537409,0.5192862243281288,0.4824005393539509,0.46182588395865215,0.48325806892767614,0.5501869862519131,0.5187661394462125,0.5074259755373829
131,0.5003718602811464,0.4906736327433383,0.5126247683060237,0.4676776354102065,0.5201018407360669,0.5215809671443857,0.5342454993509965,0.5486798560385119,0.4861786499113292,0.5146441370291944,0.5017151170195874,0.502546402733328,0.5115016876510129,0.47522829559109986,0.48770764443002707,0.46344863891911126,0.4711776228750852,0.4962365703137682,0.5239627335374858,0.4922946757875293,0.4952938945657569,0.5453659017211581,0.48864546028553796,0.515782256740074,0.519308582926057,0.5221055573048107,0.4869883176127208,0.49596124469066344,0.48776756037440216,0.520407392217345,0.5312953447498632,0.4807706541635054,0.5255279798758539,0.4867342455427091,0.5115499498550271,0.5035565350210087,0.47253230884355174,0.491111068442281,0.5171787853564405,0.4966866467790574,0.4681582969800551,0.49910657551186294,0.5098940717454807,0.5231826890158818,0.4607834639779173,0.43609281891946117,0.5199615169168925,0.45242335496123887,0.4901860335088138,0.49210016243774135,0.5311054511657735,0.48750064321058323,0.5492650867095767,0.5073747913411288,0.5258577559436564,0.4929519010067042,0.48717202710832386,0.5062499937194077,0.5155365338043432,0.5194984243886895,0.48205152242918664,0.4639718121829139,0.4839611566226684,0.548170046672295,0.5152293931189145,0.5086488505402036
132,0.503298209234912,0.4889420902388428,0.5136283103000435,0.46569555065276186,0.517231823017181,0.5188524804529624,0.5321613453121586,0.5466171793125181,0.48977035122639034,0.5151554415994796,0.5011583780264212,0.5001167034067635,0.5143041326166039,0.47491437424121047,0.4867356553834044,0.46418272610220357,0.4740427766199928,0.49926609625605733,0.5263900667922009,0.48953397395483544,0.4982806612554081,0.5446033673310345,0.49249908073100845,0.5191944343994269,0.5206758712599074,0.5196489785638939,0.48661166591625477,0.4930511448212478,0.48409946697967393,0.518430453843225,0.5303487259798011,0.48350379002969834,0.5223425237180993,0.4852338610384535,0.5117185628124984,0.5071194131608975,0.47293624224116937,0.4939358309910074,0.5178970746354142,0.49394024695303085,0.46802722485326176,0.4967346336046719,0.5060407343936172,0.5213741050061819,0.4577220953307538,0.43430535934129394,0.5214988962194319,0.45551192898205844,0.4933377865971742,0.49298129261782664,0.529063485628693,0.4877235056834039,0.547119930068789,0.5083855956564786,0.5247967614734905,0.49549540969245687,0.4889086507554724,0.5075209026947487,0.5160664717463465,0.5184061926666607,0.48007371582404795,0.46751138763051403,0.4857563764243255,0.5463789977257587,0.5176534380167951,0.505974676362139
133,0.5038391369730288,0.4902541981756451,0.5166730579159932,0.46247345858042394,0.5188794951336464,0.5224443367297639,0.5310194983219354,0.5498625591752598,0.4914470281876454,0.5132066178813726,0.5011427549272791,0.5006344229426368,0.5118467244231169,0.47478175094127306,0.4878459828972647,0.4662317530302123,0.4733496095159485,0.5011150451194178,0.5296570332909395,0.49018702114061297,0.5006489529954954,0.5419890701970096,0.49117869651767504,0.5164228466000258,0.523771095099691,0.5231816548784813,0.48910168145742233,0.4944123683864746,0.4866410775602292,0.5160252679110895,0.5290264264393263,0.4822028861283128,0.522473051403535,0.48301653125715815,0.5152201545301943,0.5066486839219344,0.47223562245194006,0.4943815286959467,0.5175094228742416,0.49688608725124833,0.4680860223594886,0.4938560741634894,0.503838670768312,0.5178616461622124,0.4576494713371684,0.43646892882553145,0.5183537341575135,0.4587422566393133,0.4947509748448369,0.4942150421810796,0.5277103749026771,0.4910279331166814,0.545223109015169,0.5106133583242733,0.5220914491932949,0.4977796860079828,0.48815045863283474,0.5078797189765935,0.5179335754350115,0.5193611054488922,0.48356185434071497,0.4646170217766219,0.48833626041910394,0.5456472017714027,0.5197084261839822,0.5023315432139757
134,0.5069416606081054,0.49047114890414867,0.5137940583668005,0.464484362502153,0.5221580077750118,0.5218407024547898,0.5330485321892459,0.5522539689705361,0.4882964507442918,0.5101165421334257,0.49865840672434253,0.49777609416741025,0.510894958833513,0.4763817111422358,0.4915163902288416,0.463184467024719,0.47636695907633786,0.5026371878067525,0.5314316751545178,0.4904464565871667,0.49781438636434705,0.5421204152013169,0.49482752351123527,0.5189264408569264,0.5232028383479401,0.5195422909331849,0.49108258600363136,0.4960798728643528,0.4844491188060513,0.5169168509762998,0.5264685162832413,0.48297996416699723,0.5210133650022084,0.48475924531947717,0.5175498160004595,0.5089604495348219,0.47608399690045144,0.4913407146797237,0.5160104735226707,0.5006397075444936,0.46918151226899024,0.4952569642724566,0.5060271259615498,0.5213906684279251,0.4592453298641628,0.4360694779188063,0.5209572137405737,0.45717179005814385,0.4922003093878988,0.49652224651236193,0.5303063982136239,0.4946549502453947,0.5427820328669875,0.5075628173434059,0.5247176260284612,0.49595869001967746,0.4888992856771979,0.5099833841130753,0.5164564933545581,0.5228725907280005,0.4861927637608382,0.464401958864616,0.4918020736907433,0.5466642957805651,0.5184870177155125,0.4998828887075175
135,0.5054003546869603,0.49263133524227004,0.5152441930629489,0.46167262819779237,0.5232052767762764,0.5189329426946389,0.5292735687198327,0.5522441680162274,0.4905717944301026,0.5065636924690643,0.5008397072337901,0.5004005919193693,0.511542759780654,0.4756472773123196,0.49486637418218493,0.4608948939449121,0.4790302456390966,0.500244332709001,0.5302271621503217,0.490556232049672,0.4970057997665768,0.5450367299710825,0.49419675366051846,0.5204558013673933,0.5217120646935917,0.5210697381064863,0.49477411719103603,0.497315708543477,0.48792644311660605,0.5194604653821907,0.525607744538679,0.4815339540336081,0.5174126541211331,0.48127845199277464,0.5210458181747976,0.5072630745386317,0.47702483731907985,0.49022609482439605,0.5130577521598835,0.5014445142967469,0.47055988644445956,0.4945778501855555,0.5046825474138288,0.5237445564974362,0.45629358614326054,0.43666295996404714,0.5239603196934908,0.4579403416209632,0.48861297210749627,0.49792813712397177,0.530078641798572,0.4957010547304095,0.5407971330942226,0.5085261323330712,0.521882336937291,0.4931632447471082,0.4865593319312799,0.5124494528058141,0.515801685932416,0.5246442388091269,0.48760098347389813,0.46453983065718873,0.49496839992348235,0.5455056510312092,0.5150935243496726,0.4999763641462638
136,0.5040296083787145,0.4891107182121826,0.516935665952647,0.46133760435293536,0.5233585160708207,0.5161253642118343,0.5327202016929928,0.5526169327367046,0.49242683027931944,0.509205240562164,0.5023990363606917,0.5026324657690394,0.5148994728018503,0.4777330390235897,0.4962267753293975,0.4579656670214981,0.4808782585889195,0.5007210889787808,0.5269334008717409,0.4920106541510439,0.4967563274128285,0.5469756534362427,0.49113929596269823,0.5197216840785638,0.5231646958349083,0.5216807271861991,0.49409182188017103,0.49629261266542135,0.48976446298116677,0.5185429221280425,0.5276593225957028,0.4814080090226386,0.5155341334743185,0.48486492240933643,0.5209166662415899,0.5054795245385414,0.4800697410746507,0.4901586073086888,0.5100942242750337,0.49777506727502313,0.46860801384394035,0.4934843283977044,0.5070289324157822,0.5210750465311698,0.45939105712202766,0.4374774462654494,0.5248418505358492,0.4561044568147375,0.4880426838004044,0.49859141946876756,0.5276572966311875,0.4922662194096799,0.5425378019716932,0.5109230205452837,0.5253730669288009,0.4945844751526569,0.4896320621813679,0.5096086907221912,0.5192308424646654,0.5229969600210003,0.49103592674762764,0.4683381050068284,0.49800632533317696,0.5431877746136147,0.5135575198651239,0.5014555093804357
137,0.5046093855173068,0.4906466264852476,0.5135783835794702,0.46374497126500475,0.524223487110296,0.519554957250185,0.5341876900534555,0.5556336184621724,0.4942833202894563,0.5122680404652822,0.5014551289763267,0.5010028138147811,0.5120834047759004,0.4764991360887587,0.4958802631197662,0.4567123702306742,0.47805354893158963,0.49812613991596466,0.5287724258982179,0.49442253238866374,0.49364841692533495,0.5449457617859003,0.49399402982454793,0.5196091488227841,0.5225076834380377,0.5205086143755746,0.49532447505117216,0.492891086709927,0.4896991918890703,0.5164979701051549,0.5266089505161369,0.48179254622377865,0.5180984127307662,0.4841697577313211,0.5234404742286056,0.5039211723530459,0.4799745344474031,0.4915938686889775,0.5128709389122514,0.497592623818831,0.4698667707821286,0.4930185405614663,0.5042364292659616,0.5231543203554646,0.45745357074575843,0.43473011454869037,0.5260885971009911,0.454873518977666,0.4869259515662905,0.49734658289482514,0.5265951860927796,0.4922434785802596,0.5423359893821242,0.5122927378529822,0.5270700034642926,0.49750845301769964,0.48684629790629635,0.510743567505001,0.5226917555675504,0.5260200982413006,0.49460595963810117,0.4703541904477174,0.5016344098287319,0.540355194671978,0.511500052392704,0.5013233549618344
138,0.5015919810523194,0.49301202863617244,0.5140039078231217,0.46090022814746684,0.5211047420246776,0.5163873401761079,0.5354143195119744,0.5574790388676996,0.4942830145427731,0.5091140989987407,0.5040955623300116,0.5009766874670543,0.5119169520347207,0.4766424033001619,0.49540583327906396,0.4538809367268157,0.47963048856304613,0.5003189722023473,0.5268191243855388,0.4938870874445055,0.49272974461330904,0.5459899179940584,0.49650480880331027,0.5228143633256817,0.5202593287832049,0.5228634430571298,0.4945425439459064,0.49598400743633037,0.4905562753801956,0.5144584298632175,0.5284696409274349,0.48063550980757314,0.514931000773587,0.48192690150560946,0.5228895212846247,0.503820194617214,0.48238830256887333,0.49261713492360437,0.5146292621119828,0.5008921190071062,0.4730018032717473,0.4920295634133385,0.5047099765576618,0.5222327820500692,0.45771726106649424,0.4326671911921669,0.5280168325345378,0.45261837154506307,0.49012240050818556,0.49578608982703865,0.5271222643443527,0.493472017970765,0.5404538971335769,0.5113895462323778,0.5251477559741599,0.4991071109334785,0.48682318122324686,0.5117517308373862,0.521283797075666,0.5294435708844797,0.4971899311965284,0.47294668855625116,0.49856388147739095,0.5430411778910262,0.5115555535764643,0.5004962207028975
139,0.49870399344670185,0.4931103998518493,0.5174773667022967,0.46279385198643697,0.5216858943432894,0.5169452236364277,0.5323385578267852,0.5561609349008079,0.49367986584335877,0.507087132635803,0.5039863029410848,0.5026954138115812,0.5128367275389711,0.4746152946562303,0.49618011417553204,0.4519302086495312,0.48091228897687877,0.5012305324067191,0.5255847722183912,0.49129489530885145,0.4935594642444533,0.5488095219263519,0.4977266982834975,0.5259398489406755,0.5210322574622662,0.5231937611334367,0.4937807706323539,0.49452350487683633,0.49329181254810517,0.5178107939810475,0.524853983500579,0.48389902338454766,0.5113372999561766,0.4794482993485045,0.5230898684240168,0.5036452801863628,0.4848609504340626,0.49242464577813544,0.5128445183462985,0.5028423889116932,0.47440295672765875,0.49438737181860454,0.5064851633742566,0.5202744777493126,0.45965391465544697,0.43237849194997185,0.5294981720082478,0.45108048648361404,0.4922253430064342,0.49777328903436646,0.5292046261815576,0.49597880229681485,0.5425045331274566,0.5148275070450868,0.5252975938518655,0.4977831371061808,0.48379361707184176,0.5084383225696592,0.5224744306651634,0.5269135151780744,0.49770776259910615,0.474535318044528,0.4963442515179822,0.5404385017299421,0.5138237970701487,0.5020092363679972
140,0.49808989504867857,0.4935291562276202,0.5189985605638108,0.4600793088842179,0.5207589509693696,0.5135970949634842,0.5321494459985766,0.5552167713432734,0.49219494184853385,0.5104029355743341,0.5062430961081371,0.5052460584090885,0.5140038559572084,0.4771814129662363,0.4962451444716966,0.45120759026384777,0.482630972185612,0.49855116609412037,0.5245128268469871,0.4946922770061373,0.49326252860470643,0.5505280989603475,0.4959788082536073,0.5251363274095883,0.5235602784710526,0.521798931543963,0.4945054008155765,0.49353138111685585,0.4938466051888443,0.5194330981653407,0.5231552860904187,0.48596405734401377,0.5114128571554066,0.4822675395149536,0.5249510688503392,0.5019894401702546,0.4820119847127239,0.49531348463288183,0.5147909229196387,0.503584544688452,0.4713085492022921,0.4922935473178744,0.5038923966192241,0.5185515943673433,0.45894055160710406,0.4293053257257047,0.5319564910992214,0.45129494131393944,0.48954309293880666,0.49649975885209857,0.5304552643519707,0.49367517652282067,0.5443488501305028,0.5133778240339182,0.5224108194390653,0.4954893612408272,0.4805101891447015,0.5060758893009156,0.5192858038561887,0.5280240017546506,0.49701116178225807,0.4734932704786586,0.49824637636782043,0.5408314415057601,0.5157883508487618,0.5001525878833613
141,0.5006905992359638,0.49588522474021535,0.5175687639271398,0.45972688089267655,0.519382362424379,0.5166503030107493,0.5299698658920717,0.5534497042391197,0.4907622515891833,0.5131079326604208,0.5027294475575564,0.5072549246237964,0.5141906932594349,0.4790182769565186,0.4975205565814239,0.4512404388463923,0.48037368693572635,0.4971631942030665,0.523960033778036,0.49158204315806847,0.49046816931974285,0.5487147590172331,0.4989254382708418,0.5276546618991464,0.5243681715610654,0.5240373013754114,0.49290790697529424,0.49659531743585467,0.49528009733850836,0.5180203084492854,0.5209182072749107,0.483472722427683,0.5102871388950255,0.48116475841198036,0.5257184203474771,0.4991060500560393,0.48139126866521437,0.4978907107422883,0.5162207341137375,0.5064774833943834,0.47374815249321883,0.4894064851279417,0.5003517144713644,0.5193000869596833,0.4598178932806467,0.42711514654509214,0.530068765243906,0.4514154089289574,0.49262886964469277,0.49473073764512554,0.5320127089902648,0.49290029446080724,0.5425496465565314,0.5128346588990571,0.5250628596492483,0.4979867924331723,0.4811149473103054,0.5047582184821702,0.5162153093738755,0.5289563506373074,0.4999554227217767,0.4742387691480188,0.4973150133298596,0.5428109786389497,0.5137996911327791,0.5017935700067585
142,0.49988760405202676,0.49339200075015643,0.5141069603007089,0.461258868804782,0.5209958792374418,0.5161647688973207,0.5284632434283445,0.5523765372137771,0.49085166983542317,0.5164475664699868,0.4991924316566195,0.5099952780266035,0.5135521868584485,0.47944902948393114,0.4945676583316437,0.4527978700432194,0.4832755292142175,0.4999215871246731,0.5259970408483592,0.4928224923504916,0.49148979049072516,0.5479198936470334,0.4992409926130694,0.5244445880831697,0.5223906484536452,0.5227616494139296,0.49133456095528644,0.4976638783737563,0.49772688356673067,0.5198253167620499,0.521410710973681,0.4861036257136497,0.5131233623482034,0.48161023621755783,0.5249068389612613,0.5006759030321876,0.48199868093325876,0.4958866313567468,0.5140115768611413,0.5094504010610466,0.47137965343899024,0.49025743337752753,0.4970265840354303,0.521009907874713,0.45970837074303667,0.4241406602782108,0.530621067923463,0.4522521279601511,0.491791914279637,0.498239666726357,0.5319233232880423,0.4939645109908505,0.5420225541593335,0.5139678696471363,0.524302893515095,0.4983766679142446,0.48095002536860976,0.5067717300283106,0.5134880883589631,0.5321062229593722,0.5007743307289777,0.4742900144869475,0.496380195356205,0.542381492088929,0.512197358207654,0.5029456826789181
143,0.49780473426774335,0.4967281573883774,0.5132052456629935,0.4598796228242721,0.5198283797009184,0.5170803085845267,0.5249318593369466,0.5528004716426994,0.490603554052774,0.5167885661853882,0.4984634654622115,0.510612207787542,0.5137662909115727,0.48150997038336174,0.49168628236091244,0.4547127268772715,0.48634495040292963,0.5031505103982943,0.5261784201663428,0.49178526885886203,0.4898888227942173,0.5460502605278792,0.4991793954974315,0.5249159594097688,0.5225802758780582,0.5260767483195504,0.48842902473603694,0.4961362585088691,0.4982466219659558,0.5181328579065171,0.5227421952901341,0.4855717955561486,0.5124904992121958,0.48238947755553174,0.5234309078324512,0.5031411695171194,0.48003570746692037,0.4941136400076537,0.5124112596276572,0.5081018387847196,0.4712567892762391,0.48932010756738653,0.5005189183203204,0.522225214698877,0.4608700629519287,0.42537625065052576,0.530328209931611,0.4538195180675754,0.4920522759820376,0.4980097291693874,0.5344163919603925,0.4913705922245957,0.5409238458148079,0.5170539014928514,0.5242273589760641,0.4971451620313467,0.4796044663904671,0.5102113726467,0.5136920623372087,0.5346112865424235,0.5034423264126303,0.472118604683442,0.4992502425921449,0.5409735462888763,0.5146903298221571,0.5029287156464687
144,0.49764519052388884,0.49785529867313827,0.5120258919272928,0.4579738032203162,0.5194661858462275,0.5151654676891877,0.5232205115765982,0.5491388606333244,0.4887666472062635,0.5132411216612341,0.5006762160464135,0.5125143896703902,0.5158732344278987,0.48448668599313965,0.49196251028071836,0.4549201497888423,0.4873760544514638,0.5016347987054887,0.523319460776969,0.49302084335870766,0.4895094456582474,0.5428399928327283,0.5004135256536064,0.5216056995948609,0.5229632673593709,0.5249606369766978,0.48576368236730283,0.4953926035302519,0.49634188997397033,0.5208369956699411,0.5193692912612706,0.48449625808375657,0.5156093386557672,0.4805527094872869,0.521726667334571,0.5025082815424331,0.4828489157592,0.4955221808801327,0.5097098766917773,0.5047881049775453,0.47139624080464215,0.491804631670538,0.498373772609929,0.5248534047747176,0.460606094590693,0.42652202790686633,0.5303970905725517,0.45392697561237433,0.49349169900235945,0.49831698223475523,0.5373147115700581,0.4883462565783419,0.5420113567720795,0.5180270149911007,0.5261837728948063,0.4944288558546534,0.47978122798846734,0.5068035326241662,0.5161544399873659,0.5359986933076653,0.5021459595207527,0.47264296673372896,0.49712100744410304,0.538317489082502,0.5166740741871109,0.5032209355461901
145,0.4956523902042803,0.49629330010087086,0.512251903361841,0.4602637193534439,0.51867848410339,0.5154584158443095,0.5208982069623318,0.5466481794686269,0.4897197434707751,0.5139828095546816,0.50240137571272,0.5131166399141018,0.5187001326746923,0.48410106785582413,0.4931088067736756,0.451808661630476,0.48949660171795367,0.5045715189754355,0.5218173852623602,0.4931030587402986,0.48786402183469285,0.541776658489939,0.5008311306583905,0.5190928253291454,0.5240098947611189,0.5228151582468162,0.48285122082201354,0.4952266289099358,0.49799493212161533,0.518579501246571,0.5212566318497701,0.48389173589950574,0.5169959017827275,0.4788402380138546,0.5218613512764109,0.5048059507122167,0.48192680979651964,0.49481004983464666,0.5103004948851213,0.5024293538250372,0.47215104259045343,0.49306478444741375,0.500496126858372,0.5215996080363487,0.4609362337586429,0.4250939123067603,0.5322100615972231,0.4564069966456959,0.49465590381362406,0.4990780600122644,0.5353566937541323,0.4891672968922998,0.5448516052626825,0.5180613184467828,0.5256942193629974,0.49617760955303575,0.477125623492618,0.5075430471380192,0.5158904454448203,0.5364932476327914,0.5020105438053903,0.4744662066968823,0.4999947188420222,0.5365232591234296,0.5186530164141181,0.5008053238849083
146,0.4988719619104377,0.49848734757562935,0.515403967810664,0.4591147075224404,0.5155505042880044,0.5139610275552581,0.5200331668725559,0.5484796796416839,0.48905765948755753,0.5114535010885214,0.5042050726314579,0.51081425584373,0.5159056213339768,0.48631751548926744,0.4958298604858143,0.4532037282595402,0.49095598675888064,0.5050374551974551,0.5200497663256749,0.49620135028312934,0.4850002837887388,0.5400319992840545,0.5008551084047407,0.5201527131387984,0.5215691184057832,0.522579375043533,0.4851085618787501,0.49205364102341786,0.49576281270712924,0.5162712286963373,0.5238919612318629,0.48488265670206904,0.5157539252276907,0.47697051072210517,0.5206786491955115,0.5075899184298778,0.48460482938991295,0.4950751392673091,0.5075429570723134,0.50067970420625,0.47299183676979095,0.4913146793525549,0.4997312274225442,0.5185288097529788,0.4578211035407381,0.42395781089354745,0.5287968731650875,0.45457673528646764,0.49488028179188387,0.4997454933561715,0.5353061985918867,0.4870976166681752,0.5436077255401525,0.5154409846491647,0.5226403623480688,0.4981414778349689,0.47394916040612,0.5089735518103873,0.518016956716296,0.5381139093757142,0.50264740173342,0.4750399395143116,0.5024365164400659,0.533681045069877,0.5182713179396864,0.5013131132081052
147,0.5015399565764758,0.49631579382082447,0.5164663919283251,0.4583746379089301,0.5165244172417766,0.5125391527846721,0.51741933368449,0.54557983230604,0.4875006608944264,0.5124608564607729,0.5023594804383978,0.5084824932218579,0.514395177827663,0.48408755052127656,0.4941202234503818,0.45137086468164694,0.49107469003991955,0.5030272494800081,0.5180413920187459,0.49872479318029944,0.4873536197221849,0.5371207331267522,0.4995741204845609,0.5171575525804867,0.5184134776468656,0.5215972468299859,0.4865846012305987,0.49157420230002846,0.4975689677610236,0.5152464880291173,0.5206551254980478,0.4871776376866837,0.5158538296479599,0.47873631334514294,0.5219889731595933,0.5078474674852963,0.4872961012100062,0.4938030058686254,0.5080820999204709,0.5037765808949407,0.47199173303469527,0.4935143747090786,0.49966520030115946,0.51531698377478,0.45584669453484034,0.4239646442973329,0.5298942879230933,0.4522807053121897,0.4938633699719229,0.5002983647915646,0.5358910464301183,0.48833307622920885,0.545668176852953,0.5171242684083267,0.523846580152153,0.49627369470929383,0.4743405937676572,0.5091015316019125,0.516259359237137,0.5355875309410507,0.5035312879759697,0.473442676474088,0.5035328766402021,0.5315992556726747,0.5166604721972389,0.5029859904873607
148,0.4994934077853654,0.49624606526463977,0.5137213867319629,0.4599911190089243,0.5147610108417774,0.5091577528484844,0.5181617309783408,0.545709890733106,0.4891027525872052,0.5113895072582322,0.49927741347333454,0.506723966532611,0.513801087843281,0.4830487504427106,0.4950666832801096,0.45160904591463924,0.4884500980146981,0.5008382158215898,0.519052893566062,0.49895625728880316,0.4854688355077462,0.537247934767807,0.5020961961383208,0.518219515903932,0.5173903469519473,0.5219546958604104,0.4864728240685335,0.4937507498981676,0.49741367713984747,0.5180367397266199,0.5235652137134014,0.4856059283018451,0.5185956332046944,0.47869548784300836,0.5199694247823341,0.5050306567544617,0.4883288880019296,0.4939065145184888,0.5083636692785439,0.5012567078820507,0.4716612935662912,0.49187096755652654,0.500574037396474,0.513206570695098,0.4592693210857615,0.42648743938011646,0.5294214089691001,0.45389418754896393,0.49158616483392104,0.5001310067224986,0.5384559891143337,0.48789046853603024,0.5453406324231685,0.5157841296307011,0.5213005823736484,0.4956050996226478,0.47723418520870137,0.5081663498221398,0.5157478146653697,0.5344638607942271,0.506601983316673,0.474474543338619,0.5014235755146577,0.5283939074093156,0.516375975603752,0.5036890139825669
149,0.4988790974661711,0.4960420371861924,0.5167491085161173,0.46268454193158043,0.5163820672209378,0.5075872916219278,0.5193617467212907,0.5440273604500686,0.48845932057893116,0.5131594508610458,0.5006436836462199,0.5056270317451709,0.513873952545893,0.4842159201710236,0.49458424229142767,0.45360556912967825,0.49045496623616874,0.5004450228916766,0.5185984256073212,0.49726160841958617,0.48576116024353627,0.5341935375797563,0.5008126658382615,0.5170919904242666,0.5145365159936534,0.5209981268809236,0.48549967193691157,0.49386780956458814,0.49819247919962434,0.518870713172211,0.5212014215889733,0.48867809259825284,0.5199807427902323,0.47729191150442335,0.5209540263422867,0.5062723196537827,0.4860432277455302,0.49497169795658597,0.5102528027901235,0.5035164478180238,0.47034393744452435,0.4896581978524813,0.5031527567051431,0.5137138754557814,0.45781852099637715,0.42698382694935905,0.528105663483124,0.457394712350573,0.4911431034101171,0.502595974624838,0.5353373904313274,0.48724168175800997,0.544659410414354,0.515171612141934,0.5209723012372746,0.49409449654118953,0.47449694614545546,0.5104377228741283,0.5187465520299492,0.5311688917602158,0.504004383857608,0.47537792076767615,0.4998928932237344,0.5279546436029579,0.5139068601336326,0.501136583737492
150,0.5007124733762969,0.4962958592440155,0.5175297763144148,0.46243311370385537,0.5179920368787065,0.5050683352306222,0.5197683074811191,0.544889842415072,0.48722095831523643,0.5110462079925673,0.49762944416326216,0.5049246134077666,0.5121821458918019,0.48671575052133864,0.4954886009461405,0.45155038664249103,0.48765489308829785,0.4995036803879402,0.5187100973775877,0.4989618848383163,0.48654662692108314,0.5365710987127003,0.49828713135682934,0.5161237960546632,0.5171576812116119,0.5208110977565199,0.48539211559464124,0.49474979761201593,0.501238632925609,0.517612860679591,0.5215766419298344,0.4894773556977827,0.5192824182110545,0.47427329607208035,0.5196355839049057,0.5063454655010576,0.4837607186173044,0.4926094857474745,0.5113140726096023,0.5003040557137283,0.4717492399913772,0.49043195202192597,0.503987818816386,0.5146147798279576,0.45481750251946956,0.4291198157622648,0.5274110063898275,0.45450908980595206,0.4935604330749213,0.503964201462552,0.5342887198240239,0.4898116945898845,0.5445133869263754,0.5161976691938966,0.5194393900800504,0.49358850308844116,0.4755526697990381,0.5085435910729234,0.5153785258333713,0.531322035533557,0.5050761774469706,0.47735747637122794,0.499515934451671,0.5249386384758872,0.512081136962274,0.5031074762538943
151,0.49928556012227054,0.49359869887870594,0.5178534278049944,0.4602282478176225,0.5191327416125072,0.5022724226610021,0.5222464317964143,0.5447316248557452,0.4871568113669413,0.510249764497466,0.5006412364494561,0.5078889659094825,0.5152922177791441,0.48610403541370834,0.4952942231038892,0.45327440322376134,0.4868172343528298,0.4995748507450197,0.5170814156704534,0.4957308593964705,0.4865957919963093,0.5335669912169007,0.4985375169288944,0.513083809109634,0.517973826336354,0.518873411827471,0.4823238881113575,0.4958458149548061,0.5020267866128799,0.5158110688173737,0.5219042228565982,0.4882067226921042,0.5170085877093893,0.4732668548624664,0.5165344299323863,0.5087587153245756,0.48494136355465844,0.4944990010840644,0.5128811697893602,0.5009434028750672,0.47206843659701075,0.49322306149090606,0.5029697683056402,0.515372366416501,0.453813609030357,0.43096554122139696,0.5271383555365436,0.45544029371491207,0.4965992154804434,0.5033937025209833,0.5358655278839002,0.48977878138649766,0.5453875948033315,0.514497038418038,0.5160162510266404,0.49312323391404017,0.4751620723325428,0.508603950496525,0.5138872488578158,0.5334569744827665,0.5033524912243346,0.47649289846140436,0.4963912886911821,0.523857574352043,0.514368168628021,0.5021978409761908
152,0.49869659136534716,0.4953730088661197,0.5159073985042437,0.45827945378404883,0.5176717932141446,0.5035319857058621,0.5193522720413197,0.5455893964990995,0.48572820021052243,0.5081271530850645,0.49845908492186514,0.5092474008667469,0.5155749173018629,0.4884178522726286,0.4950199123968266,0.455303987491056,0.4841202144735008,0.5023724240390627,0.5152071688000173,0.4937956659101512,0.48668444386324705,0.530814754257124,0.5004694628291332,0.5113933407482819,0.5164314972293408,0.5174378238772197,0.48375317349104047,0.4963605124561536,0.5052057937019476,0.5179071887115515,0.523661120209221,0.489355214563221,0.5180134508073252,0.47135543382791584,0.5174967769226082,0.508503402467907,0.48276958872524567,0.49666305200028055,0.5126728978499915,0.5023231060604404,0.47001027000258755,0.4916657947777583,0.5041697744951991,0.5146300100695507,0.4528549880298884,0.43257141641533275,0.5287789112998609,0.4531793710459486,0.49443855702920503,0.5022326763369843,0.5374008785237736,0.49019701249153375,0.5446374621466088,0.5122431324796898,0.5146553077638919,0.4911644879389289,0.4725605424456525,0.5057129770342533,0.5153151967034153,0.5319198189674285,0.5047067358530805,0.4749631241277054,0.4942344928587858,0.525621722937868,0.5144056635639697,0.4995096476103994
153,0.49738518632275813,0.4937582430196784,0.5146563155486324,0.46000598582894864,0.5147759316738106,0.5053480134865527,0.5161190676251325,0.5463101927572914,0.48899654903482725,0.506110688820817,0.500705420263199,0.5064347787763993,0.5166085166792346,0.49085693415406484,0.4924978578531098,0.45542274770268326,0.4844905573157436,0.5043492708792736,0.5183160184051596,0.49376127835339434,0.4897566318392501,0.5307519292549853,0.49845848838671214,0.5121256461723883,0.5163367443791511,0.5198894302341314,0.48626808986662684,0.49457369881732277,0.5082606014142564,0.5171157299620722,0.5212161380279733,0.4905064826314352,0.5168508063980747,0.4725843171126787,0.5202123585363648,0.5056687933307202,0.48442470641349095,0.4970970623356966,0.5121531834584377,0.49975629583935627,0.47213731702968037,0.49141961413251617,0.5056867653117697,0.5150326274793411,0.45232881649800144,0.4357556004109052,0.5287565166441143,0.45153266164292133,0.4934804855931988,0.5019589018809484,0.5385852815919332,0.4888004906547517,0.5437954121604233,0.5134979139917963,0.5117252731842763,0.491644166635396,0.47549993124119255,0.5036316163246616,0.5179914465912469,0.5327410767038284,0.5036473950484867,0.47263863961115965,0.4956934228212411,0.5273042279582628,0.5153544466558299,0.5005724026526918
154,0.49931211904753264,0.4911520817828996,0.5140471283357355,0.4579959637389833,0.5158500684942373,0.5029511837367364,0.5148882620767063,0.5491935729497958,0.48700093206736406,0.5050111134364572,0.49775140773567267,0.5085280975928645,0.5135020074096134,0.49218746514534284,0.49409551711580263,0.45323041335670955,0.48547290710382296,0.5064329619276382,0.5188618476142114,0.49204025520034583,0.4869570705997494,0.5310162708482251,0.4961652296377306,0.5135581521359968,0.5136624130530749,0.5185623394503704,0.48466419345747985,0.49407785115903,0.5073683479931378,0.5168556882284872,0.5182253773225014,0.4903504876886993,0.517658743927607,0.4697660409953333,0.5205218604925382,0.5047694434731832,0.4835527430879061,0.49500271081377223,0.509855227054761,0.4997408018529528,0.4736665367367722,0.49307818852764757,0.5075663402048485,0.5165786295313484,0.4510514760997679,0.4379917234444895,0.5281959411494215,0.45193108864585124,0.4936820647136494,0.4990180147989209,0.5371334210902617,0.48639248384664785,0.5417460949185802,0.5118339775011745,0.513400126528947,0.4914275386460394,0.472486991877466,0.5039751065912689,0.5202908278739931,0.532761041425898,0.5018191376818617,0.4741573599390117,0.4939536546032311,0.5290309611992969,0.5181691446638742,0.5024070403505111
155,0.4991661535222791,0.488397372900029,0.5126015572177309,0.4598361857421753,0.5141258113025905,0.5024530439336632,0.517758445398867,0.5487363437098531,0.48422832561451074,0.5049810736023564,0.49779127268103474,0.5056754629602196,0.5116494870853585,0.4938210485849041,0.4950299568592583,0.4504272108914914,0.4830437407896233,0.5053153206720201,0.5196138267432926,0.49258646722750254,0.48978534329183077,0.5314450185865323,0.4973665518780522,0.5139676925447251,0.5153786571247739,0.5179654800520652,0.48410069397837024,0.49490731125692533,0.5054617940502889,0.5150469665334877,0.5198375204778657,0.4873809624824556,0.5150895961891785,0.472130267217339,0.5188156668292968,0.505267766020037,0.48638738973706125,0.4941096096061916,0.5118316079208826,0.49928460015139703,0.4732923292475255,0.4924075903321161,0.5076096528011629,0.5135856211648477,0.4529897679005142,0.435187225932909,0.5278972117438729,0.45486293752369694,0.4942758973097164,0.5006519604519086,0.5368616965768935,0.4840406403934933,0.5431419792222563,0.5124262252075215,0.5160867334227527,0.48920786996531435,0.474925448977542,0.5040316270073252,0.5221430151126167,0.5346517966765065,0.49953895667701964,0.4770004045181994,0.49607030898888305,0.5306406269096913,0.5212410955184531,0.5049688618620988
156,0.5009026849226672,0.4877340845465947,0.5108606565324575,0.46056743093183344,0.5149487950377354,0.5014365682888461,0.5180773534250783,0.5473543283867972,0.4823387996053717,0.5025394646753096,0.4992332796425882,0.502922975611988,0.5131342129495996,0.49240193951633343,0.4982248473181397,0.4516956235362012,0.48403430171930734,0.5040103138435763,0.5193643639307383,0.4908689697422861,0.4909934438223324,0.531695944972307,0.4951933477369313,0.5139484956252274,0.5124831017718479,0.5172650825138042,0.4859085084870989,0.49672939743447697,0.5036632877313204,0.5138141818972763,0.5202352195606108,0.48802007485828863,0.5146360617632574,0.4701958805575832,0.5201013098547291,0.5045233523314052,0.4839692046305766,0.4960727748867927,0.5145502382682715,0.49892361400555146,0.4702844862065193,0.4920098355650069,0.5107513843275606,0.5162230716974587,0.45431913146232955,0.4346124858512752,0.52927592770971,0.45558568208563216,0.4965028239457106,0.5031825285633367,0.5347312975325641,0.4822012581132344,0.5452949833608147,0.5095365084404129,0.5130086603365263,0.4893839240044179,0.4726014136495857,0.5068983284709516,0.5215135234577356,0.5321316177511951,0.4978723204114773,0.47628709426427035,0.4937051074363175,0.5335733503090935,0.520836624913336,0.5026489017386851
157,0.5026011763988782,0.4891258652759054,0.5111634729126692,0.4634354174068307,0.5118968956944304,0.4993772707090571,0.515884708277751,0.5464664910929974,0.48272472377425774,0.5019392673639145,0.5022852623398862,0.505976261256683,0.5127972258104919,0.4900095058050525,0.49990810875557984,0.44944484090746795,0.4847199080504696,0.5013292157705896,0.5213982135980302,0.49294732479078496,0.4885494848242188,0.5284316890546811,0.4970955774227516,0.515188960704243,0.5143605556726596,0.516744783142042,0.48318226447087514,0.4942576806581548,0.5007824707522761,0.5130324611291646,0.5183315539686443,0.4883370035720043,0.5150602416274693,0.46772656292408216,0.5176303237848606,0.503625739017842,0.4829198509425248,0.49833581433437324,0.5156550162559824,0.49852913943375443,0.47250199214568117,0.4914181409010747,0.5138593528220273,0.5137252299846196,0.4560196950947494,0.4346955336422365,0.530886939313922,0.4527129393266909,0.49920086627430676,0.5026225611826263,0.5339898517432904,0.48080741647416186,0.541834247409212,0.5099998039937391,0.5097951918513982,0.4913269805781232,0.4725546983478041,0.5064785583550537,0.5229261695099218,0.5305108235571174,0.4998024486030212,0.4761790658796327,0.49418171265732086,0.5361601201461093,0.521245975981895,0.504133701189634
158,0.4999270190156289,0.4917264609692403,0.5103191224640272,0.4652727565804303,0.5127863318332033,0.5012798077377326,0.51272482706018,0.54865735395647,0.4819472967290367,0.49976254034633066,0.5040554041907462,0.5076951072731425,0.5157837587864247,0.48753159959060344,0.5008664222592422,0.4489830738163022,0.4854091720075735,0.50150899155845,0.5199945593289163,0.49306194978681966,0.4866825846843064,0.5286285855606903,0.4955721050082856,0.5159949564452649,0.5124614260464176,0.5155416515481287,0.48302056253181624,0.49312380777833137,0.500053539775901,0.5112666936244636,0.5200893199400703,0.4866574719875647,0.5156360379239736,0.4693139626206445,0.5184423923356796,0.5034192130256187,0.48052325531814555,0.5006851357702136,0.5165477206895621,0.4999427652009265,0.47452495830279406,0.48987216472001655,0.5120301247210515,0.5128798394402058,0.4549517317039269,0.43371502593666555,0.5285584157561686,0.45208865932628556,0.502317837040994,0.5035925493464855,0.5364593355419331,0.4825032778291273,0.5421679400227871,0.5098226336951271,0.5089222350651836,0.49081711234480346,0.4748381149268701,0.5052879319038942,0.5252518106258551,0.5289762152627425,0.49668445784770426,0.47489506007114723,0.4946055078383553,0.5360828397861447,0.5195676143213227,0.5069075563172251
159,0.5025005934955886,0.4906972602629904,0.5085933739796411,0.4629840327202902,0.5112709333672599,0.5000300044444476,0.5101733257299678,0.5495078555035597,0.48482861321731263,0.5018760971817781,0.505207404794529,0.5098404248291648,0.5139198863122835,0.4899828888014544,0.5011782362981342,0.4509706026500189,0.48344910697766164,0.4988406653991887,0.5183334007594667,0.49364249675037314,0.48535696322471183,0.5298051294257904,0.4945033595307419,0.5143301437745592,0.5093880186586688,0.5162185102101476,0.48293895827388167,0.4946460277797837,0.4981363872147177,0.5133322980825866,0.5214855167082105,0.4857324373763171,0.5140722897151607,0.46936538534936334,0.5187224512561839,0.5054223469157255,0.47818656436500184,0.5007269914193697,0.5174678592038194,0.500938489384021,0.4755865341966962,0.49263829835124895,0.5110054700711648,0.5112501403945,0.4530641545230076,0.43484857887460693,0.5272547311874788,0.4550193804623681,0.5025765917581555,0.5035658605481795,0.538761788747415,0.48134997333029894,0.5391877464697553,0.5111483775188945,0.5058507209755948,0.4894709006574691,0.4731472055066703,0.5021128867744902,0.5254591415066141,0.5318844786690164,0.495291246650085,0.476596427058772,0.49659046961469006,0.5348165066681521,0.5186330018348292,0.5061354685708802
160,0.5042164536107561,0.48775854320793044,0.5087730100080339,0.46250115318835583,0.5110232318539749,0.5003445257779936,0.5082691670313214,0.5469117425604686,0.4862353154200104,0.5048916156143817,0.5070492254444005,0.5085352942103659,0.514833923869537,0.4921727488737946,0.4994190343165738,0.44981727802638793,0.4812815445972925,0.5010919560409652,0.5155035713142373,0.49543165488340846,0.48587098678884233,0.5275650929743815,0.49289585092603805,0.5132118670354308,0.5062211055989861,0.5156298742072212,0.4827892631645163,0.495106896405045,0.49855838392880225,0.5131541146685412,0.5189532892082112,0.48598451070232207,0.512154404112361,0.4681018537022063,0.5176312421360267,0.5077493617769613,0.47890442636439357,0.5018731748441208,0.517552942132094,0.4997778042849032,0.4759678638488444,0.4951135695776167,0.5088037172983211,0.5139195474684762,0.452996487845487,0.4371508557851363,0.5252873634508949,0.45578139639464776,0.5030646879106635,0.5045500629651942,0.5394166811159412,0.4844861650860589,0.5389154734063618,0.5087170093219899,0.502762468341844,0.49181169522654267,0.47636096790782123,0.5029784466133888,0.5280749692219462,0.5297068708099866,0.4966530494561797,0.479268929835034,0.49787111814828017,0.5362723299238349,0.5165536869659126,0.5047829193283164
161,0.5023071153584846,0.48683293014160345,0.5098643129307929,0.465477495463397,0.5129330754483821,0.500093257454812,0.5054942942401838,0.549707510713975,0.48860578671455,0.5063088654599402,0.5086951547277078,0.5081834199410779,0.5146009399165913,0.4920229638467103,0.49718223956813085,0.4523353795590057,0.48034641767156405,0.4993509844794015,0.5145197921470475,0.4957398766681646,0.4844649222694161,0.5271377575445007,0.4955523661787079,0.5145858388915399,0.5063800832200722,0.5176133191018746,0.4842780676973967,0.49474172756729506,0.4991260988441021,0.5146994210561328,0.5199517703840029,0.48320033066685075,0.5095875886320717,0.4674819720714554,0.5153944294531876,0.5073434442110443,0.47643994069951057,0.5009251130399822,0.5175915427548569,0.5008583829553006,0.47655960780948153,0.49380497746734564,0.5058031872680063,0.5146902443766528,0.4522524458469292,0.434493159964517,0.5262689752960675,0.4536771857892081,0.5016310431968669,0.507504914978733,0.5375541905088587,0.48260099789904176,0.5414764308063842,0.5072370400899937,0.5052156962978875,0.49219690003492167,0.4746028804891695,0.4999120054776705,0.5286135210637455,0.5273759392458678,0.4940690334603672,0.477576159066979,0.4978835932115598,0.5365128699838998,0.5148156174654022,0.5039640926712485
162,0.5023391250695541,0.48872136884901624,0.5127949561001838,0.4632719848887602,0.5157866198881054,0.49840615066959026,0.5065512767748311,0.5477061842501898,0.48706132088201054,0.5071591725575325,0.5058507994700718,0.5079536571560246,0.5146499015048318,0.494805376442532,0.49491445058658634,0.45098972030245815,0.480873501552279,0.4992267582610215,0.5142582368294465,0.4945651621745857,0.4833822248350034,0.5286724573178929,0.4927172243869815,0.5153372719404344,0.5056741535162085,0.5178250162971154,0.48193341436006165,0.49651127230319747,0.5004133911860733,0.5155074747977227,0.5218501765754927,0.48107204972640266,0.5125426317097029,0.4678463816099517,0.5145507618056289,0.5085072427354298,0.4747627596737335,0.5008714334912295,0.5193000150636194,0.49888465355747835,0.4747118530161649,0.4948644289668787,0.503866987260856,0.5169817782746463,0.4526017134048123,0.4326843833463845,0.5284082653336482,0.4536250553907372,0.5024790119133319,0.5074338749353475,0.5366396648846575,0.4837155311804093,0.5409608441438714,0.504635411334682,0.5070366139846667,0.48993731674702956,0.474199086119354,0.49781367044252955,0.5286591167156178,0.5244485671673925,0.4952973195058572,0.4792132837989716,0.4985570662352448,0.5356041431243816,0.517505851952624,0.5056045728621198
163,0.4995571396870951,0.4894436796577947,0.5110988995480332,0.46605372473616324,0.5132076242991854,0.5008993711945422,0.5045347225923307,0.5480077945645765,0.4892971378641567,0.5058224614642578,0.5047466343964344,0.5059302297954338,0.514593402670169,0.49769367395469605,0.49209661841719443,0.4533692156073071,0.48012439739226687,0.49833941483179417,0.5155879850478016,0.49281565230233093,0.4830643149794639,0.5269697303745141,0.49065339528246565,0.5169005408045216,0.5039588409002325,0.5204677054864819,0.4792776405843809,0.4982187319868157,0.49880190195672147,0.5164102074015406,0.5218311504155279,0.47895917182557696,0.5132751723508775,0.4655610961979904,0.5135614489398809,0.5064181746828834,0.4750703323996196,0.49904831531869426,0.5198627653780905,0.49992152624542296,0.47606140151764653,0.49607532859114806,0.5039757473223656,0.5162181046341693,0.45405629063998354,0.43398399302029816,0.5275263010663571,0.4558166697315409,0.5012754790196161,0.5073372061115673,0.5376591381978549,0.4844418752465519,0.5393115076777916,0.5025213744321594,0.5084583176329343,0.4910817990660543,0.4744213888373547,0.4950844409407927,0.5269914245795041,0.5229200865261259,0.4980177021714665,0.48077576683036805,0.497177628193449,0.5336854291053362,0.5177597533256407,0.5052737174467574
164,0.4973713348846123,0.48750482080500046,0.511420041782363,0.46766291235477864,0.510310514275491,0.4986478324363544,0.5019345876918443,0.5484677907926384,0.4900703681157519,0.5034494803643665,0.5056928289417078,0.5041026971100604,0.5172755971077728,0.49978717515202864,0.4912921368383847,0.452097363743104,0.4823241446365057,0.49881952356037396,0.513006581541475,0.4938563780045865,0.48288448798586403,0.5287621194073053,0.48965721165079096,0.5187584199873206,0.5014073404630193,0.5175778524350165,0.4767995272330699,0.4982187743454039,0.4990139053851629,0.518909317920425,0.5213359328615389,0.4760901163442374,0.5131404625759179,0.46549713604934556,0.512069267239871,0.5061955210554516,0.4781115900047527,0.4993422022242017,0.5220760873837583,0.49789424356601,0.4749561710340986,0.4948954608607472,0.5050720842803295,0.5153715323506921,0.4555092695528982,0.43391138522005934,0.526652510663195,0.4576633936968678,0.5017760805754765,0.5052183018986356,0.5392450390252377,0.4824820844143138,0.5388563816278471,0.5027072587258291,0.5074084908848702,0.4930211534064027,0.4731607374280932,0.49599150577220763,0.5249694819582088,0.5249137581680012,0.49846883234096234,0.47964332528656545,0.5000272503110362,0.5321797076731105,0.5196868765315136,0.5034044858769577
165,0.5003300575410927,0.4905948483291297,0.5089887542028394,0.4664207017225446,0.51034908739744,0.49723433024756203,0.500712568074546,0.5465236773442375,0.4890726582078824,0.5044345961069089,0.5031389356811796,0.5070782853531745,0.5192231741616321,0.5002188746371111,0.4941856207897528,0.4540947353324939,0.48078448471419405,0.4994417635425244,0.5155961329504517,0.4911614490487614,0.48447244105544574,0.525598169541206,0.4921195244716294,0.5175791991798377,0.5040903028932239,0.5175096624361608,0.47491547950434665,0.4969566873541309,0.5015680427998542,0.5199713426372512,0.522242418857672,0.4781108978756032,0.510656957635014,0.46828196213832013,0.5098075408067179,0.5066043927234535,0.4783586681626011,0.5006991705121718,0.5201292795052788,0.49554333489649355,0.4738814189313125,0.4937077669843878,0.5066526811747212,0.5171971566099881,0.4568184156426244,0.43296160397315137,0.5276285164815923,0.45957855334699854,0.49877891316644096,0.5032359722145311,0.5359870590695859,0.4816468275424116,0.5378823312413357,0.5032378554998118,0.5054093631944866,0.4908032348492527,0.4742522138286281,0.4986834170176618,0.5227217569215349,0.5245211781637769,0.49987937755233086,0.4815823882542453,0.5019802744199113,0.5333532741932142,0.5207302140905754,0.501893808632857
166,0.5015674064797633,0.4892076026444886,0.5095154243053911,0.46797538869505945,0.5088512887044253,0.4942604586468312,0.49784132091145983,0.545695553973719,0.4878003062488067,0.505642461550311,0.5057890245004544,0.5043837904549703,0.5169393127269328,0.5029964970481267,0.49458151426506064,0.45203860140790936,0.4815067885619005,0.4988897720242281,0.5146683414313419,0.49037472330497733,0.48311593522918184,0.5231683636432668,0.49431788808011434,0.5156660353967913,0.5070653093342095,0.5197919974123335,0.47600069630333103,0.4969130240966717,0.5030059053856981,0.519809775627049,0.5210190006939056,0.4770394604265003,0.5130654898387672,0.4673957725411637,0.5078033376036019,0.5073242629215728,0.4796028154723206,0.501442560463926,0.5194489314585572,0.4972234548600956,0.47425758159218434,0.49146196858975816,0.5089664724519759,0.51607004863295,0.4550918227475407,0.4310740171191704,0.5274109481089158,0.4600670776011695,0.4977356962909703,0.5014259034333561,0.5367660623731465,0.48377109617419334,0.5352135487831831,0.5047138094267796,0.5050045508446072,0.4916178086874852,0.4717897766581653,0.4969962258909419,0.5229318551518133,0.5255481498290233,0.5009191515272176,0.4795631149906392,0.5010392059228959,0.5309743657406181,0.5225414792748415,0.5004736472502007
167,0.5026156480631587,0.4917796255733153,0.5072900370212821,0.467725389836763,0.5075017371472997,0.49264708008921476,0.49837704276302636,0.548387377245636,0.4869482176375409,0.5077579579848018,0.5051236106195712,0.503614644588091,0.517112520335355,0.5023287916264931,0.4930825329032749,0.45339231477302044,0.48149944392747523,0.4991114773522261,0.5120012599120266,0.4927535630592054,0.4818533249706089,0.5238105130022304,0.4968325132042986,0.5151723831853695,0.5051505162067369,0.5225657796463429,0.474645634244981,0.4986244220263625,0.501477478126319,0.5221331529966334,0.5181629348250678,0.4792138477410022,0.5151772459461371,0.46776908586286964,0.507680761603485,0.505573015291621,0.4825558698074824,0.5019281073759748,0.5222180166687391,0.49624924549575095,0.4723730139207319,0.48994213347690246,0.5078167264503338,0.5172092942055021,0.45822538206887714,0.42952486585356187,0.5263393132189146,0.4617057911922458,0.4975509913632163,0.501966392506787,0.5351654130228795,0.48293994836749166,0.5374130596152961,0.5037011550835379,0.503829960888166,0.4903888913154036,0.46914642048079747,0.49834706705651044,0.5237554466752871,0.5250029891273064,0.5028754306619995,0.4769739190701325,0.5017735004480045,0.5324342700072843,0.5202106496086794,0.501859113108071
168,0.5002762712073715,0.4888652730414244,0.5067285306295348,0.46655602552829184,0.5081468930664258,0.49083762998996616,0.49648464119787306,0.5465361952659851,0.4888861768273552,0.5067915304506351,0.5062610417215905,0.5047008260371437,0.5182218961064445,0.5024669144772708,0.4946259753639711,0.4510995265721022,0.48078486834993167,0.5000045178750037,0.5133485009075661,0.49062746956026565,0.4799194238464765,0.5233879639901786,0.49549559647530855,0.5173932620573493,0.5049594218440241,0.5242233050752739,0.4747952467301615,0.5001717941687196,0.5035159620681101,0.5193784445600189,0.5179130409253866,0.48010901469767214,0.5127641288336139,0.4689804297909146,0.5099101227109981,0.5049182515939288,0.48113775870110265,0.5022841818957821,0.523556094927011,0.494755860388291,0.4733872004468783,0.49262753516350716,0.5106542261336405,0.5176634265519884,0.45985231142049315,0.4295854418844444,0.525126223365171,0.46368894090809354,0.4987703979765022,0.5049011960663565,0.5331665971569505,0.483598444725901,0.5380214055741297,0.5023802734691247,0.5049381506738261,0.49097881012186634,0.4695512218470926,0.5010546206242468,0.5265652314837033,0.525034113075017,0.5021395954208775,0.4787327868880639,0.5044104317617759,0.5322216919774617,0.5215268155025952,0.5031188237400253
169,0.5007590495924897,0.49185479670389287,0.5077568027307887,0.4690228140931423,0.5091239191669638,0.4910199265947185,0.4937419014139304,0.545461133323407,0.4891496522344279,0.5045808604937667,0.5070585234481241,0.5024709069421789,0.520100023775078,0.4998576826061528,0.4961037031669913,0.45155036988309916,0.4813624344210949,0.4978292868353771,0.5137874592786683,0.49011207916062033,0.48224395866715647,0.5229277502513698,0.4941955682350466,0.5155343379513304,0.5072018817929996,0.5240178305862359,0.47526135160485905,0.49879677669400174,0.5010250562752305,0.5188298357100186,0.5169773726771845,0.4791467445263747,0.5117603263156727,0.47127057008744827,0.5118335466133662,0.5055640939725417,0.4798126138458698,0.5000846947170048,0.5256023754695929,0.4959301231861215,0.4725329503875735,0.4897892312655192,0.5078917095082578,0.5185127596394576,0.4595133438533264,0.4299312600183487,0.5255474756153348,0.46641838192099583,0.49985002771908305,0.5061493285234446,0.5352995480620265,0.48134503002100376,0.5393711371750092,0.5043979432400761,0.5073277972575303,0.4915371905353868,0.4693825598002291,0.49963929132145646,0.5275721473942877,0.5259153613814119,0.5012140140417107,0.4817218698587624,0.5048305111759313,0.5340609947709645,0.5215743648221325,0.5055085308001389
170,0.49832744126531286,0.49100519292848255,0.5049407734780682,0.4685864401043782,0.5074156010081037,0.4929982812510484,0.49503873802082743,0.5423562528321001,0.4891267140895177,0.5060934740827021,0.5068545344710687,0.49975497313187245,0.5209651565623742,0.5024760420883709,0.4977089626235558,0.4545885139222361,0.4821405096287016,0.49961875014259194,0.5135927649595322,0.49046866125539007,0.4846648977684591,0.5210051912832924,0.4919159650578121,0.5169633648873637,0.5064210785951668,0.5217129962972598,0.47750419155622675,0.4975656062034314,0.49855561111275637,0.5175059507068518,0.514128226638715,0.4793768194616915,0.5139743724887509,0.47054237456857156,0.5104673029323953,0.5040158832459029,0.4780705593989647,0.5017984077678945,0.5282245326175228,0.494369954612994,0.47351200174119895,0.4918981555451276,0.5100314601525497,0.5159567281093966,0.46086990703592745,0.427927942195512,0.5245713947010454,0.468621142643492,0.5018869500511705,0.5072246386360054,0.5327916901891059,0.4806731098035928,0.5394418597367004,0.501567019394642,0.505864991252787,0.4924514327136348,0.46705422938501134,0.5005053130336877,0.525327058213253,0.5238495175122888,0.502464170643499,0.48105339191234997,0.5071904869134001,0.535122744530251,0.5230015371847784,0.5053101199657468
171,0.49934422013191376,0.4894306501638564,0.5030370157238828,0.46784693421299023,0.5057119830929048,0.4904332465130454,0.4924487687152607,0.5446163289236685,0.49190154975433603,0.5058946459492657,0.5059936557978129,0.49925068328279326,0.5182950865619479,0.5047459497090857,0.49682875135527493,0.45226733204488007,0.48006626262621493,0.49849774807986696,0.5124249636212513,0.4911908641633919,0.4849647686256553,0.5203815428178362,0.49220807414277723,0.5165677810670568,0.5037517260723234,0.519624455993995,0.4748760360800025,0.49584433416319956,0.49904290199743,0.516200782423467,0.5128513547640419,0.4775872698469257,0.5149731693128637,0.46974208691934394,0.5092870141661737,0.504221146394093,0.48052192798706883,0.5021122942808006,0.5302888625938544,0.4942136003680719,0.4725741363188149,0.4938844136755336,0.509964093094551,0.5140556910024352,0.46129887725591306,0.43022374792241763,0.5229343037213775,0.4689692669212897,0.49951788694882665,0.5064317752868778,0.5302130543642511,0.48298212079301117,0.5411090348442043,0.49979304269436114,0.5053137540686189,0.49149084632825013,0.4695118128306695,0.5032660031392014,0.5270919695519557,0.5239142964634471,0.5050455569875156,0.48210642007693794,0.5059837125251397,0.535461748471286,0.5226581219672938,0.5030171602594429
172,0.4999934998448254,0.4891909609205974,0.5046871339747813,0.46778831794963627,0.5077538745824581,0.49219033615990393,0.49335802226020015,0.5430284789291144,0.4931241818609589,0.5072870925107589,0.503125515819415,0.5018580964660209,0.5207969947031535,0.5020116976405952,0.49767060777086747,0.4506229095773866,0.4816457843948013,0.5003489867656102,0.514185578216329,0.49127548208498056,0.4872550327876908,0.5210627575963738,0.49108561197124767,0.5179311285463924,0.5049281451709293,0.5172506197758883,0.47679058000765584,0.49738841313593124,0.5015116527142659,0.5187044686932185,0.5108847972672793,0.47873056355403104,0.5130361784894395,0.47042063194288786,0.5104107720074175,0.501722043712531,0.47823773483776955,0.49965110575032196,0.532301593204699,0.4946886781363276,0.47561773782111977,0.4947033792246565,0.5074136010245082,0.5161741504045759,0.46319520827918104,0.43311315218009133,0.5233377928219908,0.4691993770334868,0.5003166992858277,0.5036879974819904,0.5273988995487534,0.48157804816192795,0.5412201599261642,0.4983103263523747,0.5048406983905181,0.4906381758208372,0.4722509723987022,0.5045592601187139,0.5297810084941134,0.5220974372437488,0.5030009351836526,0.48023077242442014,0.5059795570686249,0.5353695349342703,0.5207978904955718,0.5014585576025187
173,0.5022714875766544,0.488709376785919,0.5029317844039204,0.4682843274251727,0.5063631909084191,0.4940759486574021,0.49395682540634245,0.5425564384539739,0.4940032963009762,0.5049551985905628,0.5039351939371792,0.5036072377942455,0.5204083590701186,0.5038894901550557,0.4981110312255404,0.45332828031405353,0.48251664403346645,0.501695150934345,0.5139930450990061,0.49395817064365644,0.4883725976904547,0.5206001628039778,0.48998510900324443,0.5203504291068474,0.502377477886989,0.5157122571656484,0.47599418681968514,0.4967247582910056,0.4999987368251557,0.5205431764195156,0.5127082291572378,0.47723823279046973,0.5141496955798638,0.4688076520581811,0.5122497664543897,0.5031895578574976,0.4801835360861741,0.4988707341521476,0.533644091513415,0.49385893295899985,0.4737531689020628,0.49385033442670717,0.5075792286929283,0.5152514063022785,0.4650531726371378,0.4339193250165811,0.5237912284061585,0.4703638563439835,0.49951532598436055,0.5021024749420063,0.5253301633026974,0.47885102165018045,0.5426947960965175,0.4986184036434257,0.5037541903607103,0.49031335306550566,0.47173533738525003,0.502378458544813,0.5275281961511981,0.5198331897144824,0.5026879945712677,0.4776473182650513,0.5032643232375599,0.5364586566084735,0.5188323534032657,0.49942217147642504
174,0.5007672525641995,0.4862171967074608,0.5016867399734319,0.47050776630130375,0.5065846207119012,0.49129227113180945,0.49670391000702824,0.5417949731998146,0.4929719298869034,0.5025478196967819,0.5057241688012953,0.5055302946961188,0.5200682811040622,0.502658559691992,0.4987125159457294,0.45086572902320987,0.48504604287880104,0.5002041213465284,0.5162032015312793,0.491521428767403,0.48911854132763205,0.5211361993606384,0.4917159980393837,0.5181386043256045,0.5013964814809485,0.5160037106286927,0.4741848993948803,0.4946632927848957,0.49922832293456537,0.523234109500116,0.5117195021007932,0.47622224442982763,0.5160758125678698,0.46710687927120853,0.5118555581079909,0.5024509092094784,0.48015834778983213,0.5017190761229443,0.5332756018573749,0.4910868621355063,0.47569955214768134,0.496508200669339,0.507349748750819,0.5136753819629956,0.4657371029483711,0.43485687558747327,0.5228078023142536,0.4730920147916742,0.4972387903233604,0.5000018896332302,0.5242171831487041,0.48134850497502557,0.5436155156968382,0.4963358725260203,0.5062714170842123,0.49042984043176147,0.4746726881862111,0.502486735088503,0.5290075509012364,0.5219128261722458,0.5032459908810404,0.47657973250917923,0.503247415025088,0.5357581839382026,0.5184625260422123,0.5008178717120072
175,0.49854734438659,0.4885522151669626,0.4993908695515349,0.4692828643680868,0.5071240903372051,0.4888107652825083,0.49765176949001566,0.543340724334951,0.4921690403386275,0.5035529436086911,0.5042759960281327,0.5031533604621128,0.5199056510728037,0.5054352109089985,0.49757262072584574,0.450310436134534,0.48342149615938507,0.49962325866884655,0.5181389268779195,0.494206651708348,0.4865956000152529,0.520252945152399,0.48990784969333495,0.5155628137664434,0.5005342389139813,0.5176209901366914,0.4755955578388241,0.49294156305070846,0.4985379630547247,0.5214409566044919,0.5121982887056054,0.47661342569074083,0.5140671568551105,0.46667824945815534,0.5111221893247812,0.505050096193879,0.4806358715063543,0.5024040807317595,0.5358069680457284,0.4893575085943923,0.47711771981730294,0.4979667492764094,0.506252171353287,0.5154529886754023,0.46317781181205636,0.43399695393717935,0.5236323796753863,0.47486849737126824,0.49529440391357193,0.5005795081641875,0.5234009528114127,0.4803236827192966,0.5450011290658081,0.4959311652695027,0.5035689573723007,0.4900886738598622,0.4727950684699358,0.5044230741843708,0.5264154358931578,0.5194583189200879,0.5046342014928612,0.47795826270315583,0.50380953792194,0.5375229732419301,0.5195853879638312,0.5001947913918896
176,0.4998306286840703,0.485936518676237,0.4995767487999213,0.4695778518772744,0.5048005544223214,0.4879838696410062,0.5002662864822839,0.541401048278397,0.49373980648481747,0.5051771245417309,0.5069099688937948,0.5056091334371989,0.5202194130004295,0.5041462247105986,0.49897280474472083,0.44825737910717245,0.480903673152212,0.4981275159716874,0.5193969168330032,0.4955415693917331,0.48639396205782043,0.5213516135750752,0.4922134154507656,0.514109863124379,0.4987290158272508,0.5201492787702217,0.4759503539920176,0.4904608886415543,0.4995453673809077,0.5212987157340002,0.5148167842931566,0.4790872809277509,0.5125477569584578,0.46656178758968764,0.5112714634277,0.506236457452336,0.47884695515806003,0.49994127576787334,0.5346435006424858,0.4871584009944583,0.47614084876448054,0.4997947905478785,0.5041802987084565,0.5179638884196511,0.46416524589700997,0.4346925794116532,0.5226574546326256,0.47433047712514204,0.4946418622045709,0.5016264842399732,0.5243662933936886,0.4806790840603458,0.5449276813099467,0.49839224630365614,0.5061166925910251,0.4904188356221079,0.47124332148166576,0.5051866610868682,0.5266341397631996,0.5215913158480796,0.5045690773415499,0.48068564667269115,0.5019818976639091,0.5392108557040834,0.5201597308114967,0.5009842617673681
177,0.4988159472590194,0.48708129203269873,0.49892166503699564,0.4676995895824976,0.5020868603090815,0.48959521141622536,0.5005423772519576,0.5426677171440807,0.49469364565943286,0.5029395520285324,0.5087578446590052,0.502868166878274,0.5216985674517484,0.5026870889325699,0.496897172455185,0.45057150494618775,0.48268869720162705,0.4964872206117689,0.5213633698799021,0.4971911467681182,0.48832675528535496,0.5186447314419038,0.4928377684710339,0.5150612598456362,0.5003142053555335,0.5225634768233699,0.47399481566762847,0.4921496397670234,0.5018543502085997,0.5183612760547139,0.5170651683518827,0.4800666278359826,0.514981181661102,0.46496069893435094,0.5095371767436498,0.5075270838465183,0.48045484432912816,0.5017478235955452,0.5348175316889496,0.4897244000805132,0.47617618709803183,0.500137442865371,0.5065275574007269,0.518661569530814,0.4640775245562445,0.43288728809557553,0.5230367804593382,0.4727377059012444,0.496883854851215,0.5010694996158322,0.5238202279712315,0.479524279232235,0.5424295532782734,0.49812742400662846,0.5034809177875749,0.48950079760862586,0.46890471275331036,0.5057671786673467,0.5262373029516044,0.5219048990700061,0.5047260684288655,0.4794854527104566,0.5036418083503904,0.5387416891175536,0.51742586996822,0.5028212819330405
178,0.49868297945086953,0.48704767065744925,0.4972015490619928,0.4690053992001665,0.5032669855130432,0.489443904080328,0.49846107645479154,0.5430787379942057,0.4957211502302011,0.505061096735268,0.507945910019771,0.5037559129725582,0.5190612630867777,0.5042932420855923,0.4994456492371322,0.450360781145376,0.48279010919331655,0.4963288436904169,0.51941933738277,0.49570481226783053,0.49113605905641783,0.5186727548324026,0.49566554371776145,0.5151917368306994,0.4978152373460637,0.523895715299306,0.4750345260929123,0.4926993294931521,0.4996655329351875,0.5162843336314602,0.5161615787658935,0.4786362717726351,0.5152330522751565,0.4664332386992206,0.5087130081713939,0.5089056015694358,0.4784793856558112,0.5044821861335015,0.534508445547651,0.48868027572667233,0.47809565697879447,0.5002344919551025,0.506785434458616,0.5188181293258006,0.4626410783323343,0.4357364397906155,0.5238115440863786,0.47122384775734216,0.4962750086925704,0.5031864218193283,0.5245999489555543,0.48151302689144165,0.5418541519914105,0.4978296901657247,0.502856127170745,0.49165810557335243,0.46743070643631185,0.5064676429239167,0.5279024460931203,0.5215894559998806,0.5052059439333787,0.48015326832475197,0.5018699887613225,0.5364162240936894,0.5164594798745703,0.5038013104480686
179,0.4979289196713562,0.4871840659788859,0.49624124731434727,0.46694858825521907,0.5057275328606137,0.4920900514227093,0.496883533610999,0.5410912357681257,0.49728816479606364,0.5067377932357676,0.5055565467543061,0.5021928706778677,0.5199826090831293,0.5024138416407687,0.4991388700207816,0.4497983297083691,0.4853594501108947,0.49782422981185875,0.5204096451305941,0.49490427409071197,0.49239953507959205,0.5166753267428978,0.49416435630319516,0.5148503846222755,0.4956977562917358,0.5212594104491486,0.47552899803004284,0.49099855137306325,0.5010214954863641,0.5167585693399331,0.5174831238165866,0.47738755885573514,0.5164069058542778,0.46845091393955024,0.5083666959056555,0.5111956106638316,0.480230415469678,0.5047790690582523,0.533119443002532,0.4866612709390978,0.4797856973623511,0.5007823091180339,0.50936982018644,0.5177291616941587,0.46118291609369605,0.4377466727064321,0.5238843402795604,0.4702726205969652,0.4943758131604962,0.5046246848454353,0.5234124149347765,0.48208533654169805,0.5418350113380347,0.495871276183939,0.5029714949248291,0.4934019338609977,0.46920595454412106,0.505093113300595,0.5293332752587646,0.5189930204894347,0.5054108537716621,0.47970406164189566,0.4992689944606499,0.5351677723455793,0.516023692846172,0.5063338477493045
180,0.49815694282932627,0.4890105426149287,0.49753471643579045,0.465444488646774,0.5078807997303117,0.4916351761743107,0.4990587840214086,0.5430229957115331,0.4993001113618182,0.505954575819237,0.5064228164797775,0.5024492720503747,0.5209808521498058,0.5013463847388631,0.5001069909230735,0.44812829971650436,0.48344798305956144,0.5001754849630465,0.5220235737373867,0.4953856057364577,0.49271063562172224,0.5191946760633258,0.4943774465697129,0.512141880039265,0.4967983876674796,0.5230558724033644,0.47713085384172427,0.488965535034364,0.5000556092281685,0.5156023663107905,0.517840375593458,0.47837158424690934,0.5138172756959207,0.4679591512484939,0.506893005432958,0.5100798579532119,0.47906335568743535,0.5071171339456277,0.5352620564796513,0.4874627503311909,0.48027688482963116,0.5016300439133633,0.5090750913821883,0.5163811425927655,0.4618019479504929,0.4375540895594291,0.5227812151823611,0.473190332523529,0.49488006095805226,0.5022957028739632,0.5212628503220506,0.48373413032976353,0.5416952750007462,0.4934518891130471,0.5003728777890832,0.4921126000427165,0.4705879339399061,0.5050212799491389,0.528933239991868,0.5161962551098433,0.5029826405834255,0.4792548340841941,0.4992456168567288,0.5371751637189478,0.515089014526356,0.5057999678560083
181,0.49843747351460854,0.48825195960484663,0.5003034628302628,0.46367228581431785,0.5082257203574797,0.49182846802801705,0.5000847761973635,0.5445405195138362,0.49985023247581584,0.5039003334930672,0.5040299831193537,0.5009886321237048,0.5197849331155948,0.5040061085216772,0.5012087349763676,0.4458338744807856,0.48370683154922345,0.49899105996928206,0.5241519887532657,0.4958836817650449,0.4938551982942963,0.5203734031790792,0.49373190667750383,0.5148174409298524,0.4961662012387683,0.5230338332091856,0.4792788112232733,0.490912056285469,0.502080203530901,0.5174750933547412,0.5166599078402035,0.4778233182157717,0.513141426433681,0.46806226360144365,0.5046519431102187,0.5114426794838836,0.4770984863768424,0.5095726658597594,0.5330920537735683,0.4879603848531559,0.48285513180844725,0.4997798923477258,0.5105346663704879,0.5170992860224413,0.4616679976289168,0.4396212865017753,0.5239613510850908,0.4759599352753281,0.4940329922271604,0.5040316965564102,0.5187263848186687,0.4817152892489618,0.542108313663898,0.4945392198512748,0.4991267917947008,0.4904562456814123,0.46897601976206565,0.5060837496345293,0.5284831575652547,0.5153342665626008,0.5019663256738244,0.4776077360446602,0.4978176865048182,0.536260508731445,0.5138498866914329,0.5057489245243045
182,0.4965537052656551,0.48786877639349063,0.49987838128990864,0.4612301534562243,0.5106291474614822,0.49373324554939535,0.5009241160289335,0.5420447419901031,0.5015017964498517,0.5036843801304846,0.5036202994019248,0.5001830687442101,0.519942131503027,0.5063866050898578,0.5034062299234217,0.4480308629426091,0.4834319796254029,0.497128471173619,0.5251943042019531,0.49341168108155864,0.49346835242341547,0.5224963412928083,0.4922397015738302,0.5161476961822197,0.4987395374629289,0.5233234347146848,0.4807021544763288,0.4894504858450203,0.5048012704971087,0.5194999132333398,0.5175242661148852,0.479559792912436,0.5149159647902662,0.46601266131387653,0.5063949164788201,0.5110868319585089,0.47606458224860426,0.5079488526663063,0.5340339658216644,0.4859268099730641,0.4846455187820037,0.5010421053812124,0.509806306588409,0.5194765766236507,0.4604463311590907,0.4413217616629877,0.5235789136312466,0.4774748315540858,0.492619636226102,0.503190392195636,0.519081784757513,0.48001824885000915,0.5421114354243514,0.4928328845773464,0.5006004756566687,0.4900384673141923,0.46933602505531713,0.5035901405155676,0.5295577297287186,0.5149073826748274,0.5000615239292447,0.475711122587006,0.4958735833255037,0.53715949145057,0.5144447612430113,0.5030844330853529
183,0.4986497586916753,0.48878259744078584,0.4996884798562589,0.4639093461957556,0.5130836002889643,0.49255868605974457,0.5018416879994968,0.5413665292185921,0.5012259208193282,0.5029869358143799,0.5048765459472158,0.5004452498705453,0.520793631427239,0.505172062058036,0.5055657057635746,0.4484098088856166,0.4857811334496816,0.4980269390877071,0.5235183637881411,0.4934712376584636,0.49408402289367725,0.5199125062550477,0.49035037840197016,0.5179971428228354,0.49698572271172015,0.5213274506054415,0.48168932801093073,0.4890735392988261,0.5052166077183274,0.5205192707436757,0.5191583551625256,0.4815877715022936,0.5159874979985779,0.4669148029418619,0.5088477076299798,0.5086995725192004,0.4765939823589875,0.5103572982978455,0.5320885066518772,0.48454827028823405,0.4854822347338462,0.4996038369498868,0.5094744263557198,0.5219085875088733,0.45871469410529664,0.44244925587428563,0.5208067833654906,0.47668702645715577,0.49433827985985496,0.5055750002223506,0.5204311066143387,0.4805769348483418,0.5435692790482481,0.4944732773528638,0.5021479121151544,0.48910209311412306,0.46754837188376364,0.5008747185614266,0.527600406740301,0.5137061198490698,0.5020204777904224,0.4747837609253658,0.49584711013302785,0.5353628024512989,0.5153414757166699,0.5048067702973474
184,0.49820751765598065,0.4890037314615391,0.5015575877362795,0.46174014042759426,0.5103331113827,0.4948201881305534,0.5044045445113621,0.5400645370559034,0.5023588897465715,0.5028487778303571,0.5039943087010385,0.5019828683396996,0.5225770222643099,0.5062430398320616,0.507488797055889,0.4488836795339857,0.4869191716689352,0.4970544682781897,0.5225371294070592,0.49592309598824197,0.49485709898472213,0.520212359037243,0.4878354255961186,0.5156739004956945,0.4958796587124759,0.5193184653265344,0.47974085423631846,0.4899582810252928,0.5077666871866978,0.5184498609839977,0.5192731881429767,0.48431915486013466,0.5151312793925452,0.4672679484939087,0.5085574850194038,0.5066493833300312,0.4766708123114572,0.5091335146996021,0.5314217070512265,0.48641871234324185,0.4860001262826624,0.4981944963403348,0.5094222123790386,0.5204868435217836,0.4603965507973763,0.44164304406525795,0.5195878099428664,0.47742815983482517,0.49507624569785885,0.5060131299712387,0.5204211559562263,0.48133654182754526,0.5409459515161066,0.49419752677438883,0.49983005897510935,0.487277657757718,0.4673851013701043,0.4989462774849874,0.5290960261636656,0.5154343493817362,0.5041570640839546,0.47587407168003243,0.4955461064868728,0.5371951215675227,0.5126020515390753,0.5031537851822094
185,0.4957023894108376,0.49010395329138995,0.5019163915752676,0.4621865476793178,0.5121553402577228,0.49256027119795726,0.5052668390943921,0.5417974882143998,0.503773619285596,0.5053939148201858,0.5033632556661277,0.5024873778170319,0.5225780862810091,0.5075821034295384,0.5075911511579035,0.44825579600503584,0.48863442810862917,0.49487962732982543,0.5202192575354447,0.4932969530178967,0.4956203168414892,0.5179645567951625,0.48673466762146,0.5168631080119593,0.49708205171574166,0.5181285226091547,0.47814563266788046,0.4916483713995132,0.5103156410416428,0.5178222432819538,0.5210145390162677,0.48629567720775735,0.5136446924381922,0.4696308456604966,0.5067524689141621,0.5064626198346271,0.4774889073054094,0.5064902412852619,0.5306300023407862,0.4857513231137627,0.4843983131497974,0.5001873077234159,0.509109156675913,0.5197239963281387,0.46057134871349675,0.4395053239455701,0.5212270745114862,0.47573828808988133,0.49282057895604764,0.503605381233932,0.5203438207712636,0.48296305903888365,0.5418203424154513,0.4962562714019473,0.5004079086661716,0.48598634266858665,0.4666040595178575,0.49915431377396485,0.5286283124998186,0.5147137904226654,0.5048764733942067,0.47625016518256863,0.49484680092081035,0.5388303484543694,0.5098678677043561,0.5006920732807386
186,0.49395055574314745,0.489723343911416,0.4997014911959815,0.46326020996492856,0.5147708872298593,0.4906356776020214,0.5069702467088858,0.5388862099941182,0.5037530195869556,0.5029309153873882,0.5023690615843558,0.5047946911749823,0.5227671877775839,0.5090508800692147,0.508041204580519,0.4499002415949546,0.48686540070323114,0.4936865977449438,0.5218248261133593,0.49172056798226665,0.4977777267781223,0.5204943126995617,0.4852750245301109,0.5166794897158008,0.4971885668536773,0.5179766561256816,0.47560754420447693,0.4928055882063087,0.5086497673654821,0.5191192540952639,0.5185992977238353,0.48449888590998846,0.5127738124465653,0.4724122798292245,0.5059121651731396,0.5051266069984677,0.47493845243021193,0.505560819575211,0.528811625456431,0.4864332512040381,0.4857411117795354,0.5012451568743775,0.5091284974135727,0.5202345524518569,0.4606058138289778,0.4397880257868372,0.5206011777345968,0.4734669489718459,0.4911349269433965,0.5013962289741759,0.520190282039741,0.4819727383794492,0.5397054449484179,0.4967999079003913,0.5022859019176426,0.4839121680753376,0.4664454090337434,0.500169082311481,0.5260922207740132,0.5139597919456674,0.5048432406935442,0.4746264155400589,0.49601990488324627,0.5373631479224897,0.5121670041560795,0.4997602764431489
187,0.493547223784264,0.4876893012555563,0.49934426049700725,0.4631811799937465,0.514039576711463,0.4912203609636914,0.5058788216697314,0.5401523551936461,0.5023543981650127,0.5040212331609998,0.5030082427298258,0.5042534907151671,0.5209912678373804,0.5094554314120571,0.5103186724495821,0.450388578055541,0.4850242365032117,0.49556544042475914,0.5191260655058385,0.49212749700321656,0.49589668087497585,0.5184669515472178,0.4856254622672151,0.517433103071655,0.49866644924998826,0.5182870059793826,0.4751191128614426,0.4940936685688506,0.5072159268749658,0.516950181488416,0.5199419533513714,0.4863188728975122,0.5109825307431327,0.472012750719121,0.5049964266271554,0.5045186307974645,0.4772535835058152,0.5060025926050162,0.5259862509557269,0.4850110666329854,0.4843522323119384,0.5007261563763102,0.5102276467125058,0.5193610127476546,0.45960063858669387,0.44033171599113535,0.5222515074556501,0.4752235880520792,0.49134214382258545,0.5021879637627669,0.5206772425548836,0.48293601247522394,0.5380464557323519,0.49535503364401834,0.5013174636396245,0.48458462850174516,0.46522833534781705,0.5006827566215529,0.5249405386064876,0.5128699153304143,0.5067667957205668,0.47730502348463955,0.4976985187067053,0.5386780750823793,0.5129956056260309,0.49935285041907695
188,0.4934213273726423,0.48894408019207153,0.5008154902079398,0.4655991710957589,0.5129246522476252,0.49097460284070515,0.5061647622158708,0.5390010495922372,0.5022501918853819,0.505372290566575,0.5046987732525027,0.5054998278646393,0.5204162150186366,0.5085769235068412,0.5111336448183128,0.4522364054402438,0.48673031913414777,0.4968319036465144,0.5168468776895427,0.4935132283673177,0.49411292348471325,0.5173551382421291,0.48396510967459855,0.5183084335958238,0.4965100548139843,0.5196610478856379,0.47698684804135516,0.4929972144616524,0.5046635992635594,0.5142022374597849,0.5199028605223278,0.4838509097056021,0.5123713164203156,0.4718607271850716,0.5061025485346415,0.5044755980331901,0.47984122686295483,0.5044071127061651,0.5254570994289655,0.48730227141417476,0.48571624175480926,0.5030350495273779,0.5090749255991904,0.5213101559233805,0.45753899676396675,0.4424345908527961,0.5201040877796483,0.4738116673194321,0.49051312338257674,0.5004032489072203,0.5197665225371699,0.48143795559756714,0.5386246618325583,0.4960077312989584,0.5031953607654464,0.4861135006751171,0.46303344151240566,0.4994278094288876,0.5237602689612202,0.5123070470688483,0.5061355025735026,0.47691848337135234,0.49508416185536114,0.5405526418421195,0.5148994621249071,0.5002822656724504
189,0.49171020029897156,0.4911992376317639,0.4985382953999071,0.467981188641235,0.5142029833030827,0.4930623294478649,0.5062905893098351,0.5402469659261662,0.504003140713956,0.5069243657247814,0.5037755655031008,0.5035097365353416,0.51926164796871,0.5071718435711452,0.5110609651736221,0.4499128919764287,0.4842062332518115,0.4952687032704881,0.5181337928733797,0.49266128218247235,0.4954174340648264,0.5177919669149558,0.4820138493410926,0.5160929259043546,0.4964779809473323,0.517165165292899,0.4791716697368546,0.4945564005242901,0.5023938970266454,0.5138466465851297,0.5199979383551867,0.4813582806878354,0.5147168855731877,0.4707764943929488,0.5051199607177403,0.5045715314542656,0.48150398405350464,0.5060860073409902,0.5246954465717398,0.48560770408668913,0.48463693276758046,0.503091383132354,0.5087477444237253,0.5237338388984603,0.4577984778782732,0.44184300958600065,0.5205289749160766,0.47553093545197794,0.49071747479756606,0.5018676387260395,0.5220966011389958,0.48344128458317187,0.5378529268843821,0.49421510435497873,0.5048312616879671,0.48595217810980407,0.4625078158146024,0.5014078747174298,0.5216780930765403,0.5112759141759691,0.5039248482813289,0.47528102105742825,0.49313963544151324,0.5385543357737406,0.5150326461665968,0.5023292014693923
190,0.49183710926368285,0.489868736904145,0.4981958280002385,0.47023114647104675,0.5122969106953321,0.49485657750890555,0.5046944120416088,0.54258720691102,0.5016121296716071,0.5070572019897135,0.5045504040491525,0.5060424387030649,0.5201918547027127,0.5096562971820059,0.5090452235836606,0.44833071664899277,0.4825202519933455,0.49528833477206435,0.5176380922274658,0.4933003979111009,0.4977799162457037,0.5172626734624033,0.4835999422145771,0.5162787403994628,0.4987510233333641,0.5157359499761851,0.4768195495570299,0.4940732781217635,0.5037134442371356,0.514612308380734,0.5191572187501533,0.47887734116853287,0.5158315454802067,0.4703943242593045,0.5028253320353341,0.506528034276807,0.4808965487433685,0.5052797386960501,0.5248743001792684,0.48313938316889404,0.4835322425824062,0.5028784583761625,0.50748164279496,0.5253908621367914,0.45928667206991736,0.44377880861547186,0.5228114070482257,0.47514061917482014,0.4899435474441902,0.5006962286916786,0.519652589062015,0.4822710886749473,0.5359088617003325,0.49507263783009775,0.5035855297377942,0.48780129465286354,0.46045531899514086,0.5020524033356254,0.519975722719607,0.5115319236527502,0.5023475963627365,0.47465655700380155,0.4925277670616937,0.5384524334871853,0.5168252444250594,0.5043656550543382
191,0.4921525685881256,0.49137726967745565,0.4961846140097694,0.4705162273656011,0.5112997845565492,0.49376729017228926,0.5030284078871434,0.5410295433389841,0.49919000548449494,0.506703824462712,0.503931604199946,0.5077309992426672,0.5184760123939849,0.508684617352936,0.5083211586921451,0.44619218475012745,0.48419841707177846,0.4971439156441488,0.5189444864270377,0.4921629865434697,0.49891085652763245,0.5196386664746817,0.48128520125502405,0.515868506353226,0.49626677819589304,0.5148295933641859,0.47820241196516755,0.49482733507211835,0.5044220888804124,0.5121761819205137,0.5216195912219813,0.4786020526080395,0.5149405130361002,0.47114396971636,0.5019647092948003,0.5067275237260195,0.47897292099068806,0.5060273604401473,0.5239139562784476,0.48456339044774244,0.48213296195155253,0.5036295906423899,0.5063559521510512,0.5228700132587158,0.45759968973492327,0.44280086251130746,0.5244475904234752,0.47678787747118795,0.49167970911591513,0.4994771503840203,0.5194977408221461,0.48322273940918636,0.5366425428889927,0.496904536172919,0.5027256087057014,0.48715668188343,0.4594152956066197,0.5029278090415837,0.5211138820526511,0.5137774103440441,0.5032476100418085,0.4732572828506518,0.4919645529607074,0.5362579107045244,0.51434348307409,0.5028507071816943
192,0.4913824411592644,0.49146454466988,0.4954651918323832,0.4690716618869612,0.5136414124491858,0.49517020916248594,0.5051785205797078,0.5384926509322286,0.4978495059082481,0.5065945095214072,0.503811480904216,0.5093531491463964,0.5163864564413517,0.5099958478211218,0.507214792456079,0.4443038785768863,0.4866191492300988,0.499327595971613,0.5177417151693305,0.4942659826902202,0.49655598537456985,0.5192431457459761,0.4796413736966574,0.5147725858544657,0.49759176119718956,0.5138415347372558,0.479376900447521,0.49467788386161987,0.5053531830708214,0.5112702105808785,0.5239218772752288,0.47798315984093104,0.5131795574246543,0.47363703792796547,0.5030706145673899,0.5052582757325906,0.4797730598470837,0.504598209454638,0.5263633532504409,0.48380430553799175,0.48337313963309764,0.5040653316863785,0.5077397834613758,0.52527380682383,0.4591317578071135,0.4455753565349163,0.5259691434465544,0.4767450206433937,0.4915037988147292,0.4990843025916913,0.5177774554241145,0.4856326757645261,0.5346736049706032,0.49726303794604304,0.5027819644439547,0.4878339953414858,0.4590204935853239,0.5028926302806537,0.5221499791124891,0.5153918522495513,0.5031536879143071,0.4741655279937112,0.4926811103796979,0.5360290632112972,0.5139156217388821,0.5020252708399037
193,0.4918737298078278,0.4892401662336612,0.4973900810091876,0.4711400002905015,0.5143230631829196,0.4948327388825504,0.505081728946991,0.5378951673141631,0.4968064911622916,0.5070353107681441,0.5037973372727969,0.51044251455858,0.5168574373864153,0.5098216813171117,0.5088713426742669,0.4435355054322742,0.4851023691854478,0.49840541478869177,0.5170452703563312,0.4943230495538727,0.49429834820908203,0.5211723998498121,0.47730677242834213,0.5168845240108875,0.49656783294547996,0.5146607506811421,0.47907698954629074,0.494647830570279,0.5045736391718769,0.5100567083061085,0.5237313978157372,0.47742517180641714,0.5148458933907077,0.4749827930626522,0.5037511748956375,0.5033530018572068,0.48156056986729456,0.5065874144042268,0.5247672663777837,0.4820158374254914,0.4822431030107796,0.5034160670721843,0.5055789969721042,0.5256070747637662,0.4599470116337282,0.4435763777025234,0.5244103803102185,0.47919198728005824,0.4902335320681524,0.5006438532319467,0.5192743898088326,0.48499627542273865,0.5330038868860231,0.4965407208709801,0.5017640643207308,0.48825526675769854,0.46148049811956104,0.50348674579504,0.5199605712680486,0.5149618123106539,0.5031130220436749,0.47636227615337734,0.49202368203602714,0.5372307376563273,0.5136706005273106,0.49946419779166557
194,0.4942666412401599,0.49141396818959354,0.4957092561198708,0.47047284065215833,0.5162827961923074,0.49403587382206465,0.5035885124416928,0.5377823532716632,0.49444799736326184,0.5086099264474451,0.5018780811111015,0.5084344258284687,0.5187070810741033,0.5083080622448938,0.5070468577755262,0.4417031476973327,0.4851233299138597,0.4994641484133727,0.5162730852493242,0.49339939264018373,0.49195005156264904,0.5226332315668996,0.47612809212561513,0.5178244966841211,0.494737892590142,0.5163248903585463,0.4776314801606169,0.49392360799122775,0.5071045138740451,0.5098561073853958,0.5231565409751853,0.47550305619571986,0.51575317191614,0.47670000037200466,0.5024760174806574,0.5027154958616973,0.4823133430882454,0.5061655341058328,0.5264749293437538,0.4825107351392139,0.4801446744739745,0.503495894929294,0.5047879425666206,0.5235651447034186,0.46132432934682627,0.4425202788566563,0.5222900854698429,0.4797242210772517,0.49042726396185266,0.5026375703714708,0.5200029600536857,0.4874036095676891,0.5346843807773591,0.49705976563470994,0.501455360817518,0.48611926839061226,0.46146880113467054,0.5021781192251574,0.5191224366374237,0.5136368265401939,0.5052655719196818,0.47851259802617274,0.49292109779641063,0.5350215081169588,0.5136933587434179,0.49973722064952414
195,0.49638909235383444,0.491801731286761,0.495078692414128,0.4686912385292973,0.516196809604556,0.4915843275450488,0.5014058478544445,0.5398801811162949,0.49350139514464064,0.5084707373581812,0.5007805700045947,0.5064487135643507,0.517206347219113,0.5076801252607344,0.5074191481617943,0.44001768846558426,0.4870105302143644,0.5012796391963243,0.517203751723083,0.4931408935885495,0.4919399150631307,0.523637068090685,0.4766941248621824,0.5190894056781128,0.496933548124544,0.5180091400492373,0.4767836526977213,0.4924972171983936,0.5065885782980493,0.5093912452643319,0.5247451000266934,0.47659875289028153,0.5177992477756698,0.4766390416900549,0.5005051687820861,0.5009616275529518,0.48204191272778457,0.5073090009469571,0.5256325886489867,0.4800936513663819,0.47780856100719843,0.5029228276015552,0.5058058532830693,0.5258808279368052,0.4592861891975881,0.4442440160896632,0.5240583994394186,0.4780965318825439,0.4926068194545106,0.5035561286060269,0.5220679189461342,0.4879299772578016,0.5360850936279834,0.4954300248718001,0.5030652564358922,0.4836487999380141,0.459909136451925,0.502446918612499,0.5178372217835294,0.5147792362289398,0.5032433775738082,0.47902908894486407,0.4934707367571638,0.534546955844973,0.5133023722377406,0.5003323752049362
196,0.4964318847958215,0.4926712376957983,0.4973367144744467,0.4682357812807546,0.5166309037260255,0.49362322714389295,0.500417426135915,0.5416917245351988,0.49367129037149876,0.5066643080454556,0.5002437627662861,0.5051827399114537,0.5193372420959822,0.5101282943720331,0.5080762485958759,0.4383063987166056,0.4894216604662388,0.500926537189585,0.5150507918161102,0.4943412117587987,0.49072185752839437,0.5221235199041607,0.47664813574403947,0.5195560470503687,0.4976585176957163,0.518265692754737,0.47685700051838675,0.4912512825086232,0.5040775765522711,0.5083971773320621,0.5270554887738521,0.47628480424710257,0.515838608492329,0.47686733927946034,0.4997698910795719,0.5027221539106744,0.4826380078044951,0.5078086978162796,0.5234753301003606,0.4815559187539451,0.4761309147131295,0.5041947324443843,0.5037796215623151,0.5259226893774223,0.4586480799946649,0.4465873829668052,0.5227116038043677,0.47972296708548845,0.4911904282223698,0.5035701838848127,0.521235059801737,0.48713092165146504,0.5350783507098208,0.4947262444157191,0.5052876505119219,0.4856544706913558,0.46144908001505575,0.5021834599938024,0.5165846426693705,0.5134098585639427,0.5043255478880168,0.47962276198727,0.4944133856092364,0.5362641920272259,0.5110207922799681,0.5001044783840837
197,0.4979889481262742,0.49214680456927434,0.49542838785160404,0.46933855678122577,0.5148491550363902,0.49245625418950534,0.4994273922746701,0.5437656804395783,0.4946450642525194,0.5069496288932333,0.5020240854632549,0.5060825723519875,0.5215964482764328,0.5120526510053092,0.5063768090562999,0.436650865252461,0.4907459735555214,0.5003337232727822,0.5167330381022571,0.49272251204266215,0.4931108419097276,0.5195930586450636,0.47699135821882405,0.5186998360831871,0.4996429102486345,0.5175850239462821,0.4764530482347761,0.49020959957708155,0.5033441997097435,0.5106164108225343,0.5246222860698064,0.47556055515812573,0.5149104431839061,0.4776310123575499,0.5009877004629569,0.5034917616544194,0.480735953303491,0.5077614389212478,0.5245039451506914,0.48041149125063476,0.4755378595130892,0.5053361403009875,0.5032965766280962,0.5283000765367921,0.46090796581629334,0.4489851402751754,0.5207755929101859,0.48146231802255124,0.48889389747653983,0.5022624611245922,0.5214766140531891,0.4874973296337448,0.5360569980263337,0.49548301499800873,0.5056805343386058,0.48774351179039105,0.45940178141472376,0.5011538406676501,0.5187188021274122,0.5147637199673357,0.5047249671004269,0.4788262186205039,0.49459950898166916,0.5357157908560753,0.5131445594281309,0.4979856452673134
198,0.4988468377378357,0.49379800098430376,0.49522837342675285,0.46953525824173614,0.5170427878697148,0.49151822946292734,0.5010036805919112,0.5445301986046582,0.493122248790774,0.5055858155967264,0.49987038407287776,0.5084274492002938,0.5209855932399315,0.512921179662767,0.5046598708255338,0.4357135050444266,0.4894138462442899,0.5019421446208923,0.5183794939165798,0.4917110296955237,0.4946924930497689,0.5202449223677774,0.4782377312637171,0.5175532619763086,0.5021416167645154,0.5197883073305138,0.47865294788483,0.49180604579894227,0.5047672701646876,0.5085592007808389,0.5256020189765518,0.47334520658612783,0.5133003920783491,0.47562502391214295,0.5006339245633471,0.5033542547537955,0.48319599349961967,0.5060273492269326,0.5233638943485267,0.47965962882556834,0.47338359133927277,0.5070762717786844,0.5019263668038425,0.528065329202516,0.46118490173710075,0.44939216858204595,0.5210902607512174,0.48370813081429104,0.49099683443952474,0.5030142647254632,0.5219527326712745,0.48695290488506443,0.5338290317035931,0.494317697552816,0.50599683010877,0.4893045077189156,0.458497823028885,0.4987416015989087,0.5179967493327248,0.5140682252934814,0.5036757373086592,0.4808219968257596,0.49316981738374654,0.533709006009265,0.5130844790785579,0.5001744207884906
199,0.4989758091182257,0.4916160343671769,0.49430154354242845,0.4682718038837412,0.5185843407631608,0.49398080190635263,0.498703619154096,0.5432303583996395,0.49425631098170325,0.5058814919218361,0.4977004727610788,0.5065137642379283,0.5225410136669969,0.5137922117478598,0.5042417523872194,0.4383603915363148,0.491134073466933,0.5018694608432216,0.5160643785236246,0.48991596291554773,0.4944927729215966,0.5190783155610402,0.48007291692859905,0.5159647225604902,0.5024534312212786,0.5191212553308414,0.4768408032863116,0.48948627929040905,0.5065696806597811,0.5093848144947993,0.5237292870661742,0.4736911779446637,0.5119193693808871,0.4765456443067861,0.5002426326755779,0.5050907407680776,0.48312521201145614,0.505604431945372,0.5234131665766852,0.4803049540915865,0.4717526384895624,0.5064003995045314,0.5039331780228932,0.5260335896261362,0.4631729302104597,0.4493149235537138,0.5187142905703599,0.4841512859805819,0.48974655618242324,0.5032142806884665,0.5200752177037895,0.4890090276833913,0.531443281325821,0.49382378796273807,0.5057029978914226,0.49006675017179124,0.4590232643661049,0.49702579584773754,0.5179697183537015,0.513906465126257,0.5014551963061308,0.4809999760591085,0.4910680027125943,0.5325107566992607,0.5143663776852628,0.5001308662385606
200,0.49799182698361855,0.4899023665350382,0.4966420240280871,0.4678273480612048,0.5162256191313747,0.4959129529259153,0.49903393438606836,0.5452076732480381,0.4918323511117877,0.5046952766209543,0.49729003196240606,0.5069175837837375,0.5224668176373858,0.5147521610373755,0.5030979375711297,0.43640732180231345,0.4892764973341211,0.5015888249014843,0.5149140828288826,0.49228872241880006,0.49677231325404814,0.5165148522394747,0.47897380713955073,0.5164004942005062,0.5029683802741026,0.5200243740653124,0.476797627221144,0.4893498669584473,0.5059716936706207,0.5097494741288782,0.5252331906232311,0.47519133004467135,0.5110395175723855,0.4754983010328141,0.4980306965521333,0.506945063510313,0.4826920933964527,0.5067015564700228,0.521042173739759,0.47795372505412537,0.47430857810266813,0.5070852654780453,0.5042462036869491,0.5245142693968741,0.4657678933708682,0.4502790039846925,0.5177389073216686,0.48282622710143486,0.4885453257210526,0.5015290205727555,0.5207526025497129,0.4901006009131042,0.5331838683163866,0.49581150680900477,0.5063517180076965,0.4897610770887858,0.4585260714715297,0.49895251940574675,0.5167922195434796,0.5157652158392794,0.5013541388651528,0.48297239395068253,0.4894467246257189,0.5330403848517741,0.5125671755737758,0.4977454670818001
201,0.5003375396796489,0.48984472461635253,0.4980666052851303,0.46790048687132485,0.5161539015034439,0.4968335537548542,0.49878295368179904,0.5433572334220405,0.4943056640563842,0.5053419896396624,0.4950383392282977,0.5059674999335363,0.5201114972494864,0.5158389082761367,0.5027676746379701,0.438370401467007,0.489124729713874,0.5025529970740686,0.5161696339801114,0.49432423299052536,0.498612219237863,0.5143568145685732,0.47928746321329274,0.5147849818053604,0.5040095796042905,0.520415838039181,0.47506273033463325,0.4904995755970663,0.5050505920320794,0.5113237860185091,0.5251529343268106,0.47743099169913494,0.5116659979482259,0.478056192348397,0.4969221835416151,0.509114506850618,0.4830164136165293,0.5058956414847159,0.520501375383161,0.4780401560154768,0.4749447759455795,0.5067888532673075,0.5037769799798555,0.5233989868986179,0.4655664317207831,0.4489638014681495,0.5191929211441123,0.48176781130378576,0.48775585876667504,0.5034813929817443,0.5228561665012376,0.48879091106261596,0.5346085921861652,0.4940092677382724,0.5048658136683213,0.4906145859692781,0.45910613291980157,0.5004886789419912,0.5184521138048719,0.517138827671779,0.503556057124655,0.4847169216143713,0.4891926614955594,0.5332672314584189,0.512866491631834,0.49651115491501135
202,0.5024318820867074,0.48958833844024663,0.4975463014288463,0.46790803863725094,0.5141696859923897,0.49771793850518714,0.4986942971123678,0.5407308334130128,0.4940247654660641,0.5036427903860384,0.49386841447528923,0.504702053317442,0.5203206370692051,0.517597055365503,0.5046117319251455,0.4397230230353605,0.4916429071283191,0.5020861974943889,0.5152062326303165,0.49360065979120926,0.5005345351772538,0.515741736670349,0.4805206102664085,0.5126716419001662,0.504681417891302,0.5204460296586484,0.47311881979356124,0.49081375698714735,0.5038863838321568,0.5104223546273907,0.5262116061893418,0.47770980813023767,0.5095402585373339,0.4806102740970448,0.49634067826729034,0.5076216017472661,0.4848853072093599,0.5077819114805207,0.5193264616347019,0.4780118458440742,0.4748760589301804,0.5072614426467661,0.5015717198804808,0.5251076689619444,0.46669464741275996,0.4469945377703408,0.5201425727542638,0.4818486057762927,0.4873602992904528,0.5024329362855166,0.5220779102773956,0.4910193924535526,0.5364413414544549,0.494269702150783,0.5061232276497174,0.4925743312111271,0.4592656523364812,0.4985066267390056,0.5189549071117823,0.517221967542458,0.5032678082340465,0.4869216035048273,0.48793720419944175,0.5311945072115869,0.5137363203261938,0.495464717097437
203,0.5014621600553559,0.48909731866836265,0.49515055722967716,0.4680190220939535,0.5131215243021636,0.4955760348818616,0.49706984872159626,0.5400178360125758,0.49490643672490586,0.5038640075862197,0.4928720193111743,0.5058884431341847,0.5209836466706291,0.5151475244896543,0.5045650221986341,0.44053449865993377,0.49188565705281184,0.5010205828552762,0.5145601572544433,0.4945115463503513,0.500049239918685,0.5134664073933443,0.48116005783910776,0.5102343833590987,0.502812657140402,0.5187862269364109,0.47339997428277597,0.4915715734223515,0.5045147150568263,0.5085357303409129,0.5259729005057227,0.4796920610552148,0.5095322039716963,0.4785942842682223,0.4940113743197685,0.505776450029165,0.48509566846587976,0.5083859322893907,0.5209775004668974,0.48030761317514886,0.4757683239118408,0.5072511044700677,0.5001775638505114,0.5261049095017265,0.4666740313128191,0.44537819961669056,0.5203015954196608,0.4808629887747175,0.4889317621285258,0.502594876775502,0.5207430399300855,0.48944350677690646,0.5348101946860808,0.4958217013986262,0.5076950134195868,0.4930169855218998,0.4599011592729519,0.4974925591359872,0.5185066358706452,0.5156878575581948,0.5031200414639045,0.4883958976578537,0.4879397060504008,0.5321481054443795,0.5126088715199754,0.4949854886247088
204,0.4995534765347025,0.48778328701467766,0.4942585627932684,0.4698945949497963,0.514527430919761,0.49766609693709835,0.4979779776495684,0.540442219291457,0.49617820412549135,0.5054948396390393,0.492307568402183,0.5069722422433237,0.5231796024658356,0.5147750007266655,0.5029737780702589,0.44285840836913776,0.49333848840457595,0.5015560231822426,0.5121165643388915,0.494958051001039,0.4988577509961047,0.5114299658609011,0.48221429804069416,0.5112763248393898,0.5009608764885538,0.5193685044335454,0.4759349188130743,0.4928146041077373,0.5039099282103207,0.5101239422533372,0.5238699788932643,0.4779721512856377,0.5073810423777172,0.4784506308222121,0.49278003179495294,0.506836318899563,0.4835561331106672,0.5100566013619928,0.5187586267373746,0.478938740294922,0.4743939160804318,0.5067647375548673,0.49917456934402743,0.5262389217274902,0.4685013847087573,0.44758774515798033,0.5203442879728453,0.480903058918143,0.4868462509128071,0.5003084946959055,0.5200581691629346,0.489155298826408,0.5356902603991376,0.49745855094433095,0.5082113383450453,0.494447286006296,0.45791989942100114,0.49774021840565313,0.5162195800342262,0.517609330271299,0.5009560786662363,0.4898898175101158,0.489796417980673,0.5329475869004918,0.5101676139128353,0.49614432412106113
205,0.5016939880383395,0.489484050627936,0.4928625757623966,0.4710727978818796,0.515691272708292,0.4966155307694008,0.4999169360024708,0.540061474988959,0.4940936999156181,0.5042781490146555,0.4903297936457697,0.505701541116118,0.5233715692136824,0.5143437143362898,0.5038980172105112,0.44274569915212575,0.4951537324705042,0.500265889681177,0.5115279732466782,0.4952006411119387,0.4978201695759034,0.5102508111746166,0.4826642054721832,0.5114858733134973,0.5028110407593924,0.5207158531909273,0.4773369118787005,0.49261883997641714,0.5060029644213303,0.5095326155095118,0.5260028077754529,0.47831167262255825,0.5095847847743776,0.47653181935230815,0.49148446086411496,0.5092014980352637,0.4820549364002297,0.5087790732576409,0.5166280196812517,0.47910482073675126,0.4759965144156032,0.5065857464621194,0.49759766185210247,0.5236828001829894,0.4708998698234017,0.44964422515514363,0.520249451664779,0.4832880907823391,0.4858912853090362,0.49977176229498826,0.5211562640859819,0.4868192933636886,0.5359626048637995,0.49719138342091984,0.5065961797496252,0.49446794953025835,0.4600215005194605,0.49690730243329684,0.5140996745415035,0.5165142733897202,0.4988143177410222,0.4875586533676038,0.48752585624598554,0.5315656866828645,0.5105604033206431,0.49510857786819784
206,0.5028655356706329,0.4912459919464686,0.49199268488729897,0.4721268126687522,0.5167016140284229,0.4985719782642181,0.5015092420684394,0.5398465711280108,0.4937762026030694,0.5031677121623667,0.49034153204084957,0.5079887401407033,0.5254304615742031,0.516557907812302,0.5056691825419015,0.44373209480543035,0.4957818336153375,0.4983116919014142,0.5135522432635266,0.4959774626889598,0.4966578540301948,0.5097998514635609,0.4832118105941726,0.5133408848603691,0.5018076259867923,0.5188320596903192,0.4753236484509029,0.4918582671980615,0.504049308460635,0.5094370285282239,0.525144256569669,0.47879376601558515,0.5096590702633989,0.47800695445814323,0.4919013736490346,0.5107082878875535,0.4806347538095059,0.5094461888414591,0.5146610443474734,0.47880082207946,0.4766162520042902,0.5070866840531512,0.4960714637550805,0.5251709834820757,0.47117866573938444,0.4506621951451603,0.5206912397996017,0.484858990985206,0.4878590366589747,0.5020349698516643,0.5203503054551041,0.48843306830308714,0.5344653073832275,0.4962704355276491,0.508647774394152,0.49339853472080564,0.46261556785008473,0.4968093359230286,0.5126720523697303,0.5147507971675566,0.4991684627847321,0.48888691741658097,0.4884368564799605,0.5291094113887531,0.5092446423616905,0.4957701886604457
207,0.5014326102476333,0.4889848699500208,0.4934373572628452,0.4715529429075885,0.5173749519902918,0.49716614933690034,0.5005213536241534,0.5396783494151848,0.49343187123277893,0.504556781410388,0.48859548929809066,0.5097853149608982,0.5266603616165757,0.5187886230137836,0.5072564168109028,0.443958062735283,0.49527836028450584,0.5002195118705298,0.5147259305120356,0.49420549317210466,0.4952762155931526,0.5108407617962667,0.48172965184482736,0.5112612845473893,0.5023805523249372,0.516899990966661,0.4776086722199516,0.4936483342095979,0.5027045217985984,0.5101667146467549,0.5252956040112128,0.47700893144064405,0.511826153101603,0.47572587794563614,0.49343697557564326,0.5121070234394656,0.48305223007236947,0.5076821869716054,0.5147490493713648,0.4805919507216088,0.4756638656456364,0.5093506478722649,0.49445806572666207,0.5257187613425217,0.46965477045367277,0.44899261188823925,0.5210557702274236,0.4847059131629227,0.48674836968777824,0.5040647622342038,0.51982787807897,0.4900419473343494,0.5323550198754611,0.4974905713108867,0.5094443932134122,0.4931341931025503,0.46061755387951514,0.4975005491387106,0.5115055955328356,0.5143734902908016,0.5007255387250804,0.488514237371222,0.4874912314790913,0.5300228666409608,0.5081725761453894,0.49722066093648076
208,0.5000016836842242,0.4885986142614823,0.49236206796979454,0.471127947472891,0.515264159742977,0.4975156764532456,0.4989344149787245,0.5393001581551394,0.4918686998364168,0.5056235856719131,0.49092659631217556,0.5088285895801122,0.5273710536041614,0.5163281655759275,0.5078075043375889,0.4419079900928784,0.49367593087721756,0.5002827806418091,0.5136229949194011,0.49645463706334275,0.4969622446227942,0.5097960229948211,0.48275229141173664,0.5097052557453419,0.503531896177756,0.514423965802103,0.4784008852090382,0.4931685226617616,0.5020612296080342,0.5122358782293214,0.5229110093736217,0.4791953944388218,0.5098348527776289,0.4749282632673858,0.49487448001844636,0.5105565427653769,0.48083226401056817,0.5098854390171841,0.5129468210517022,0.4793677542775654,0.4753243415648169,0.5071969177153004,0.49591855885438785,0.523378231676747,0.46947189034180126,0.4494556375762659,0.5221798330743262,0.48464540296051783,0.48773573940629056,0.5053861712288961,0.5198661064921068,0.4918815078048391,0.5306856672371573,0.4962960300734958,0.5112570791281752,0.4909684532230826,0.45979886930844827,0.49785453533264756,0.5137242598048581,0.5147267867693969,0.5012754447532954,0.48763152833640916,0.48686927794647616,0.5318020387313925,0.5090921961071954,0.49672398147871494
209,0.49989640975464217,0.4901120087858465,0.49414018773705787,0.47023634244829676,0.5157693062509594,0.49912165276463755,0.4985270053731816,0.538808241366915,0.4898434653368752,0.5071907332750075,0.48873687232749286,0.5072892750053489,0.5253132842940327,0.5179428499006116,0.5074550058576217,0.4404098040729082,0.4944737165634709,0.5024383689592868,0.5114431348364984,0.49477471052368815,0.4990019730781026,0.5104273223078017,0.48230906876511614,0.5098323072885311,0.5049627994806466,0.5159886274960412,0.4773773222223843,0.4918960273647016,0.5026216716369375,0.5138393646920344,0.520513794386276,0.4807442809759599,0.5086939193694848,0.4755792464994697,0.495650570120306,0.5117596697080766,0.4787841423022276,0.507732070329405,0.5129953247735121,0.48168601001821376,0.47772698515676754,0.5064931780749482,0.49717313417870257,0.5209478459653591,0.47006460840343617,0.45053287486754684,0.5201426323024159,0.48265310768137565,0.48886684717588685,0.5076496278194849,0.5196371153915923,0.49067933051507884,0.5288004550669821,0.4952776905265502,0.5114714692505374,0.4896869062905821,0.46188597825371863,0.499114422690597,0.5144057076908716,0.5122766233410717,0.5036048555294907,0.48799193813425357,0.4874311726404127,0.530745734538996,0.5108226763023682,0.49615853471027027
210,0.49916590342156725,0.489318098876483,0.4940139257368148,0.47153159119903865,0.514195103510796,0.4992334422643941,0.49629743450690283,0.5398989629193766,0.49052183401262117,0.5088376161010475,0.49094405026500065,0.5054741925904072,0.5246747768695554,0.5156283825770945,0.5090287307081194,0.44237831635393404,0.4945695038869594,0.5026876583092218,0.5137110434307,0.4928240737396673,0.5002067225496243,0.5110877418655837,0.4846457730503681,0.5103721044163888,0.504626820019409,0.5177157401754273,0.47516979848618707,0.4899847741904552,0.5030252582498328,0.511843822124929,0.5191096118028091,0.4788212945556719,0.510270661013528,0.47657258367819816,0.49359795840325016,0.5129807469056333,0.4784697957986338,0.5075937904761016,0.5120604776486611,0.48260250626828355,0.4754846396499483,0.5047960526189229,0.49785148381493255,0.5221323459884797,0.47256600774331425,0.4493148328445118,0.5205823479201483,0.4835701057163064,0.488320492305892,0.5055972083529268,0.5212380889171743,0.49003967262981013,0.5279651895586951,0.4964940995425358,0.5106418755524628,0.490064779160679,0.4616448437330955,0.5014730502518371,0.5152480889780655,0.5115454049425384,0.5056727208803423,0.489794353153465,0.4897085797292712,0.5297087196983369,0.5103644938429601,0.49479866290078106
211,0.4981113896769356,0.4899441862596442,0.4956735974514929,0.4710649476267091,0.5141346213065436,0.4987347871195833,0.4943519299127692,0.5379092167712578,0.48965145500862545,0.5096506324006863,0.49061141174803646,0.5063128680234508,0.5258504242976404,0.5173882911633828,0.5074094842513317,0.444613970802558,0.4925316065359248,0.501429477373789,0.5130587039339659,0.4930170688824765,0.49869564128712346,0.5095041647216115,0.4853811359528347,0.5110937933437004,0.5026547525866302,0.5197590877429091,0.476541793885285,0.4904484236683736,0.502322353127794,0.5140622921815017,0.5205022993486702,0.48117195974786525,0.5117296909958233,0.47555251715569113,0.4926931523443727,0.511169269729232,0.48067935955916014,0.5096056991837907,0.5127460630109487,0.48470630125090675,0.47522320805917534,0.5045460828042075,0.49828542032349654,0.5239312395145763,0.4748961250347056,0.44918075264875285,0.5197288620547054,0.4835871656191631,0.4870648062318367,0.5050994858043701,0.5192331547222326,0.4909035215607713,0.5291098606275876,0.49722360534449467,0.5086118408278344,0.48796232062950695,0.46041926174872233,0.5017491196157631,0.5156956173415708,0.512433429933077,0.504958587022255,0.48953903055500486,0.49210682949038403,0.5292958240604174,0.5087628838825018,0.4935034487437757
212,0.49984951094787294,0.49040641940874763,0.49795404714613845,0.4731892048920598,0.5137177447225495,0.4990097688700434,0.49210348912842045,0.5364756645615498,0.4881250366035614,0.5109771060748807,0.4910512170035742,0.5067440832714485,0.5248933401145525,0.5169559354464095,0.50579230057397,0.446278015832168,0.4940688203917315,0.5010753096813879,0.5122025041942379,0.49225539287151093,0.49950698374957264,0.5112390634967406,0.48488062787731584,0.5122545327726263,0.5031745211500089,0.517836481077372,0.47578455369476885,0.4889002101577013,0.5031973036298643,0.5149229331335972,0.518706155105624,0.48011950701396444,0.5131065570007283,0.4736452617470523,0.49173906090025543,0.5114081532740428,0.48019899347345707,0.5103353436687323,0.5123863897720905,0.4835816013665398,0.47433286246417733,0.506882687264732,0.49838961068088417,0.5220083361171969,0.4733728445425033,0.4509920227127141,0.5196458485054988,0.48584674945164835,0.4864911185360305,0.5046147685766614,0.5208611374926344,0.48898311223924174,0.5307935447217428,0.49782863634683455,0.5087242763561934,0.4865642587567746,0.46162559048406854,0.5019921212642804,0.5148814847816156,0.5140888648354328,0.5037464327780244,0.4883486535744194,0.49077257933531576,0.5269302005135733,0.5110373479713906,0.4953808492676111
213,0.49848615243531036,0.49083726659819676,0.4975761285241797,0.47158356565264176,0.5127673461868314,0.49726023340671427,0.4923318892249132,0.5340311433434253,0.4870786101402607,0.5118924648047085,0.48943607595890665,0.5079189680362507,0.5239886590975168,0.5171127525610091,0.5034495909259872,0.44790139460734757,0.4935917655334839,0.49880484293714683,0.5124944368028207,0.4903220098495546,0.4983516517333993,0.5118213855197402,0.4856129657273021,0.511628222609441,0.5009013697235457,0.518938694598142,0.47476076824681174,0.48961337387144677,0.5050261421093707,0.5169186266496867,0.5206901808822318,0.4816748184968935,0.5142299316141143,0.4725238399661257,0.4899283473026766,0.5135950573995725,0.4825588601703188,0.512527521697831,0.510151545477864,0.48597600027603494,0.47507945705892607,0.5045148257491575,0.49863091964231654,0.5221110118412651,0.47413944017554394,0.4499188582638065,0.5188011084375096,0.4860708496843402,0.4876187197938902,0.5059322305659891,0.5207568696227353,0.4881942986281169,0.5303417092083211,0.4970563416695119,0.5100652612967513,0.4873683532580516,0.46212142025012093,0.5026795630630223,0.5169614971799765,0.5158475398938687,0.5021087201738762,0.4876444380205281,0.4913332591912917,0.5270143442493033,0.5127805853681993,0.4958463524835903
214,0.49706395033147455,0.491237295592663,0.4982207691392632,0.47380273514487925,0.5106193951016197,0.4994596392214756,0.4909055308331632,0.5359365863008172,0.48646890366731993,0.5113302517177294,0.4912402860864183,0.5056520642176192,0.5247588782716804,0.5176532228370676,0.5023937110223732,0.4468044356564828,0.4914151611701003,0.5009905835509447,0.5112113839797459,0.49096226094253914,0.5005325114627929,0.5106552914500303,0.4859015040695383,0.5121872326356455,0.5008815311901148,0.5194319670637632,0.47314451355661696,0.48803657674366924,0.5040402730857102,0.5170673912606699,0.5197098261143651,0.4815333838683363,0.5145933515093056,0.47066042427209775,0.48800837226444627,0.5147416705181889,0.4820860856510464,0.510498643720445,0.5099594030249247,0.48515067763622005,0.47705501368281994,0.5049862103281224,0.49636101079467954,0.5224841517453305,0.4737228549984345,0.4492398718548751,0.51999668328603,0.48626328933144397,0.4859031220356037,0.5046903620241623,0.5194128452676603,0.4902953769709709,0.5310624392509604,0.4961003420241821,0.5079259485220877,0.48797642278004194,0.46394451053691343,0.5035418971546154,0.5184661666431271,0.5152470056247166,0.5022379479678097,0.4860859819736771,0.49273962277721706,0.5282596884876232,0.5136226356573044,0.4958735523606072
215,0.496622967727691,0.4928501847794661,0.49641523017500266,0.4744645929615319,0.5096309800874104,0.5012328216068811,0.4910783908008778,0.5372339802271873,0.4853079835149871,0.5119313682849711,0.4895958690367194,0.5065641286423035,0.5253226550902778,0.518897597920138,0.5005705172981457,0.44858778512743236,0.4903436362884049,0.5020721874490977,0.5109986084227303,0.49087891538776907,0.5015611902656479,0.509258154222886,0.48472268514132344,0.5103554149629007,0.5026234571075534,0.5200025295453498,0.47344310341034995,0.48627728827085825,0.5041018026643147,0.5184008799202611,0.5217457405790432,0.48125981886795655,0.516700567059222,0.47040353754917474,0.4893224188590723,0.5135646108669649,0.48350359406794413,0.5110764766917355,0.5099577597310252,0.4857065886403937,0.4761100872107564,0.506501093780652,0.4950975105552068,0.5219968605001386,0.47270398688555865,0.44885852625661365,0.5220206898746129,0.4857590440965428,0.4866772310267506,0.5027223155897004,0.5187885380241797,0.49195044268838145,0.5288248602404382,0.49643190232970236,0.5066462351942853,0.48865486496971294,0.4624976969614692,0.5049158501721852,0.5206270016550077,0.5143175000369801,0.5036762029269312,0.48814754276610256,0.49332579517023395,0.5278506781105752,0.5140344304025418,0.4977410261163795
216,0.49488997439770477,0.49397872738216475,0.49630359332273194,0.47416446046490096,0.5103045818337931,0.5017048614247106,0.4902347342653201,0.5380003847660046,0.48751927566247816,0.5125056114518873,0.4885220123133609,0.5072277760953895,0.5267591249719529,0.5171273729284299,0.5012738192217668,0.4490438303350229,0.49267223640683533,0.5014139938551078,0.5092261087487169,0.49321259784520277,0.5002155701837337,0.5085085830151695,0.485492942368215,0.5087570390130759,0.504631542210682,0.5191417905854233,0.47368774438312283,0.4866513041164276,0.5054350321677573,0.5205446375427821,0.522421805403494,0.48283058744776436,0.518516293519702,0.46908978911914573,0.48872844497886975,0.514740613557637,0.48368887335564037,0.5088620011557116,0.5087435839811834,0.48552651076472675,0.4762106165949929,0.5070627913172423,0.4956880048967696,0.5209944322225882,0.4723039071746977,0.4475666041337875,0.5238236082985032,0.4847351193575,0.48485586087431387,0.5016004163449961,0.5209520497201777,0.4916568649627955,0.5291940758249468,0.4968893733088953,0.5053719510967317,0.4894953471393954,0.4648397564461567,0.5066942394760565,0.5196400219650017,0.5146141350852405,0.5031196006388515,0.4877010409977534,0.49391140075813394,0.5296945050580011,0.5137594718560371,0.49561868223762184
217,0.49461641691175773,0.49246666379725973,0.49667126999493444,0.4756186893357742,0.5100553937918665,0.5034763449163684,0.49126764381481813,0.5369258623447131,0.48723696369649566,0.5137273675487836,0.48698925915163954,0.5068260886817446,0.5275668286064118,0.5166652762232063,0.502596568704699,0.44920758521351467,0.4930360405641648,0.49970379950992766,0.5110450449485153,0.4910070985542952,0.499021433106351,0.507717508752528,0.4834673120773707,0.5090133043736854,0.5051765534712849,0.5168242777267396,0.4721406468787329,0.48682931982582694,0.5072849373311616,0.5195211398259136,0.5222755183442169,0.4835684326988308,0.5193424293410313,0.46748209916711464,0.48868703759314247,0.5154211888751142,0.48150366810102596,0.5078096639749033,0.5085125444847524,0.48580669957006395,0.474690889663632,0.5054149853914972,0.4968443948988354,0.5193792015145188,0.47138294662569047,0.44701994688569346,0.5237247496460374,0.48408118025057684,0.48566670620369884,0.5018050691986505,0.5189409822466167,0.4924388869012419,0.5286521667562117,0.4983279899233443,0.5042322210583827,0.48865864870641335,0.4659347831156981,0.5067957562019083,0.5174053049932461,0.5164647860679439,0.5042388014402259,0.48684766100385973,0.4947837047292195,0.5310672104481561,0.5141017455900924,0.4948466526067269
218,0.49583437067373715,0.49040100096121086,0.494404031538135,0.4768062279795322,0.509235394344514,0.5043084837105261,0.489746312762078,0.5362467188683544,0.48566969779890307,0.5142367589349429,0.4856723980471725,0.5063144296001794,0.5272402681200384,0.5165862668903689,0.5022239062596489,0.44751172455106053,0.49389947217127583,0.5009948735691752,0.5106458334825723,0.4894495728565482,0.5004926813552849,0.5098930747671951,0.48464720591871424,0.5111322992888802,0.5043481007927386,0.5164225752593535,0.4715389111678464,0.4853458183387143,0.5058745989935437,0.5213217947857556,0.5244584039888724,0.4820558805897741,0.5200788999128282,0.4659770350743763,0.48963786024498995,0.5150691517202919,0.4827283867057053,0.5062478494996383,0.5073481493022189,0.4842518141886425,0.4762246066780455,0.5072404630109538,0.4961406835722637,0.5204255730810448,0.4697731485245109,0.4473896123712499,0.5253232856061918,0.4857764919091177,0.48397646910831094,0.5021076963647125,0.5165828053590629,0.49048728773849826,0.5266232308189284,0.49745585972734546,0.5034799119716397,0.48886585847234176,0.46424732837055177,0.5083870394135203,0.516888677168488,0.5168246545239634,0.5053957946254513,0.48622358598057136,0.49273995971430884,0.5298797202064724,0.5151109776501911,0.4929683751117393
219,0.49426580138828946,0.4908355033768166,0.49552412714383043,0.4760097245787495,0.5076574509460254,0.5064914759306007,0.4890690391424756,0.537846423109789,0.48629649224321153,0.5139069468754519,0.4844920401164054,0.505040591579887,0.5251429354033205,0.5162110959590896,0.500171223638273,0.4455660055360028,0.493915775330648,0.4999638542426671,0.5094632693475262,0.4885744525839897,0.4998999056678384,0.5114296926129029,0.48523526470116646,0.5119137238501434,0.5032493582726362,0.5183259749384088,0.47175315747279645,0.487056642570727,0.5047473101585789,0.5193079128339835,0.5241690782563992,0.48080593524941334,0.5186113478586915,0.4658966739631657,0.4908763408179031,0.5139330895167475,0.48497784163636815,0.5047929717508733,0.509260270214603,0.482078142176598,0.47781131675436816,0.5081135826428691,0.4944352027482995,0.5214948155220839,0.47168090930362394,0.4476585165299631,0.5244685588524715,0.4865277112732815,0.48210335934000653,0.5006059189021308,0.5173957499809373,0.49088481094976094,0.5281573082908244,0.49690720924547166,0.5037972748966308,0.4869748572275738,0.4645655379726199,0.510082648977091,0.516456401248728,0.5156162129987831,0.5064621868775646,0.4842402250360477,0.49186718208924524,0.5294829879772729,0.513441657810461,0.4919281722033248
220,0.4938178171027407,0.49151602668367406,0.49365312862745964,0.47811162595951123,0.5097432723040285,0.5078559174175697,0.48898966654137876,0.5396404852314204,0.48508523331491715,0.5129186333764274,0.4840479712325687,0.5058973648515902,0.5259845750926788,0.5159240757771273,0.5010132565338209,0.44789686749351043,0.4939330883075252,0.49978240651852873,0.5093485688986911,0.487548577558804,0.4985796979252371,0.511095751265178,0.48426419937305193,0.5120925480148879,0.504428236450707,0.5199488340790195,0.4740597475267801,0.48882458572832466,0.5059101403666288,0.5170064574834103,0.5223241417803666,0.48145097892203337,0.5207332832062673,0.4671229258360355,0.48958576477260385,0.5124275358539518,0.4837950116959169,0.5030040152662848,0.5110753766749009,0.4807939477579504,0.47687358698172594,0.5093927477995345,0.49477409886074103,0.5211864816044586,0.47246417484638115,0.447961247997666,0.5255432359724854,0.48535020457297406,0.4833285770703771,0.4991123147240026,0.515322026759603,0.49266227914448213,0.5274848449811242,0.4965361383906476,0.5018250461196662,0.4855799028694205,0.46579062150690304,0.5091975264870838,0.5168622909767578,0.5144624369992798,0.5052930725127609,0.4864433750017908,0.49098153526316785,0.5287924071693985,0.5151435673429657,0.49033408193041367
221,0.4937713494432875,0.4927529070531919,0.49512947612748487,0.47837553899291874,0.5109730883702742,0.505869334967741,0.4902992224783595,0.5399826718723889,0.4852417263587042,0.512046346542616,0.4823811712879778,0.5058527858230798,0.5270584552858408,0.5153206969613582,0.5008450397364504,0.4500939477042648,0.4918894699283856,0.5003692561494515,0.5103170720708324,0.4861143273848263,0.4984487165244105,0.5102150042651676,0.48424435379016834,0.5113490040127057,0.5028223703015946,0.5181402298574711,0.4735630754275338,0.4887429157237807,0.5057938663958427,0.5176725158666566,0.5235053554116017,0.47996654483537565,0.5207350832654731,0.4690795314364929,0.48929902603267655,0.5121321584538185,0.48274339851922426,0.5013326781379442,0.5096452877726616,0.4828583525069043,0.4774567556598723,0.5078252773361416,0.4954712067887913,0.5221052961344333,0.4728614304333859,0.4479617292216646,0.5257607326103231,0.48334023672186865,0.48195484013430645,0.500527639082619,0.5131987177398752,0.494197865835086,0.528349873882034,0.4944566237668863,0.4995851610149961,0.48714854674925606,0.4660369099432672,0.5078310903565727,0.5162278375978503,0.5156719060896566,0.5038131523625549,0.48680209704122507,0.490002493684049,0.5286066920233262,0.5157419544840095,0.48904475821741766
222,0.49154897430289807,0.4916941920901126,0.4940106599940839,0.4766595566245491,0.508784269972846,0.5075242794839773,0.4893753225240491,0.5415451158657532,0.48650594483298604,0.5136300882448733,0.4845742893136291,0.5057843329572648,0.5267400628201198,0.5145529329912159,0.5015037593645423,0.4524062542021639,0.49124963500901625,0.5001693340619665,0.5108533502105137,0.48836233878936114,0.4983028028448597,0.5098790920281194,0.4848964103677535,0.5108198359119808,0.5020516548340719,0.5170688501702012,0.47144060878106614,0.489688166220872,0.5074121122297661,0.5173249614732643,0.5231546641723662,0.4799539790479649,0.521999027547153,0.46869565322968615,0.49021501610533336,0.513064043052752,0.4809133111302895,0.4999620447000318,0.5094173506374498,0.4848874045364518,0.47786403156927204,0.5085887399764918,0.4976724374214043,0.5225124902336212,0.47086116723808086,0.446111004320453,0.5267153399757658,0.4845506343173538,0.48195612846600344,0.5025492728428093,0.5136661902684528,0.49405453002299976,0.5297843154386678,0.49392834307820627,0.5002704733699601,0.48732832849940255,0.4678953203793148,0.5061516259994979,0.5156075328147847,0.5138309767040479,0.5048189890801514,0.4856842372744866,0.48843065577031397,0.5283386937189474,0.5164993199786713,0.48829745928525464
223,0.48985623504057874,0.4907952477600216,0.49455313985909505,0.4770386816128039,0.5065239570195369,0.5086457239148017,0.4901290256139882,0.5428759475349124,0.48874226549504135,0.5120469704887152,0.4864893138151176,0.5074968111230228,0.5245935307635635,0.5152122836288312,0.5019995151052565,0.4547180090897813,0.49048939274115744,0.5020834876213988,0.5090549451979649,0.48929911625553774,0.5005374607829851,0.5100402152206329,0.4863708441914188,0.5125433790098771,0.5022264200122121,0.5173737268051001,0.4702145931080118,0.49106376895360926,0.506875606978125,0.5155344946332236,0.521565874954828,0.4798966640880582,0.5210347721456852,0.46780044650093,0.491073757124819,0.5146656721011851,0.47960115992782654,0.4991232244868148,0.5082322628865589,0.4830504988498264,0.4775422910247457,0.5106776552527317,0.49561790265106986,0.5225851835921155,0.469338059983601,0.44416632028630265,0.5249077858300529,0.4859643406336435,0.481114135109392,0.5032289873381531,0.5126493381793248,0.49233476995745906,0.5303629658802393,0.4942545862799879,0.5013912053511703,0.4896172170081651,0.46630015608536535,0.5067469482200555,0.5138687417468644,0.5159883190536754,0.50335275016229,0.48539479951265185,0.4890345837355819,0.5286775917418929,0.515109051489324,0.48821223028481736
224,0.4888250495478684,0.49248764083237867,0.4925418448358293,0.4775962418916802,0.5048476328266094,0.5078254524899811,0.49043208089985985,0.5426083981949552,0.48889752556798205,0.5126737385145212,0.4874571890237639,0.5093856468670005,0.5225846870622809,0.5149039196399569,0.5011079808375222,0.4566413240244492,0.4910095967755046,0.5012905545323677,0.5081670705429582,0.4902434288637362,0.5020088672515325,0.5114030358429514,0.48823316663205263,0.5108604464532859,0.4999861566469212,0.5169119303674734,0.4683713589571096,0.4926814275927141,0.5067329256622367,0.5150641796129731,0.5227343063727826,0.47817443312723906,0.5231293754809718,0.4684756004400204,0.49158487022011127,0.5140261848637154,0.48172513050738486,0.49795041633163606,0.507164836869167,0.48325120021830087,0.47717669931001255,0.5104836631755625,0.49422384260427193,0.5216480569666657,0.46728801277882165,0.44582683973173276,0.5237926098361377,0.484340385241984,0.4791388661576449,0.5035483425155115,0.5124687528759772,0.49221421149497624,0.5286726434061368,0.49619870204676986,0.5023100439176141,0.49014215079386325,0.4644450274934803,0.5048997912126073,0.5134392239314239,0.5169649695329509,0.5034396362099508,0.4858264988362375,0.4911278759524467,0.5288376915045802,0.5137890877880071,0.49010958450768394
225,0.4866929945555968,0.4922944007716213,0.49202887513696936,0.4786978102847159,0.5069272083488229,0.5063426311194382,0.490830886477554,0.5439184395411741,0.4905685678782855,0.5137318931076049,0.4880655860291755,0.5075155332061975,0.5215147256084487,0.5151562920421389,0.499948039945331,0.45660229419553244,0.4912352424569949,0.5000478999470886,0.5097715168500476,0.49154137925633423,0.5008946799355596,0.5100056401133679,0.48891120517484776,0.5092937171274787,0.49906568271770907,0.514752952256953,0.4662977341375625,0.49444243883806804,0.5070110265373854,0.5129948856385623,0.5212389874879554,0.4793290049957361,0.5215719327490246,0.4695107713634154,0.4910978675678612,0.513195931416226,0.482752951117941,0.4994209028547551,0.5052062460398365,0.48374929520996224,0.47807406042999695,0.5118342511529597,0.4959198191943396,0.5198042907334137,0.46871468188397647,0.44448304196316946,0.5242294071024501,0.4822942726947748,0.47812493755978847,0.503964260801652,0.5123603745935598,0.4924703062732615,0.5268936700759639,0.4949761511717638,0.5031743181818061,0.49011356868634975,0.4633667152645828,0.5052217065437814,0.5131414854153781,0.5181460842276249,0.5032149830100221,0.4847659815548477,0.48978496602733584,0.5294049934244267,0.5146583338569721,0.4919391411902046
226,0.48579430421101943,0.4942055493760235,0.49142673787528623,0.4790866307076619,0.5061323729666679,0.5047723239054661,0.4899273072711368,0.5438898938898872,0.49160381677483334,0.5121658278082477,0.48688210526163983,0.5056274948021345,0.5201275965840854,0.5172179566065049,0.4984202748028517,0.4549204094587994,0.49199562277386005,0.49853944876371986,0.50770111438317,0.49350576332790824,0.5024017065344143,0.508003047103138,0.48848197461834114,0.5103845529467582,0.4980182479085141,0.5145719057864447,0.4652248301763813,0.49330453186506756,0.5088453482873008,0.5112516130085878,0.5222441157005239,0.481296755703384,0.5223411199416145,0.4713614958779404,0.4898445706910238,0.5121617689468105,0.4845877827926871,0.49881845374791606,0.5043816726782261,0.48237355965486267,0.4772427065105167,0.5130302233810631,0.4955712823832176,0.5204603204686566,0.46724366844708676,0.4461240981513115,0.5234146023355103,0.483144777176605,0.4779471763448688,0.5040975724777986,0.5137395023966471,0.49336494588838026,0.5257560999396469,0.49308684387720375,0.5051940054670675,0.48889714849827504,0.4654239086257544,0.5065852136439736,0.5149240043014924,0.5189366652961047,0.505057290489201,0.48269231489877723,0.4894769808242883,0.5277804669928989,0.5165391709137354,0.4906849169626491
227,0.4875652049188262,0.49575522581666753,0.49177435346863896,0.4788282794613041,0.5043144333443469,0.5050537016928922,0.4893860447651716,0.5418920862114474,0.49226654405065584,0.511668359660104,0.48665727558066113,0.5076731694724884,0.5217342536069292,0.515220330261424,0.49739958533179474,0.45687191954328854,0.49284910811631044,0.4973814913744498,0.5085162174484534,0.49214974880668244,0.501020500321172,0.506865926181927,0.4883091373585441,0.5109364066697194,0.4968248711189822,0.5127633008465226,0.466215216704398,0.4924805968140323,0.5069227923037866,0.5110552912959619,0.5239272970782303,0.48090601064954414,0.5216921423639602,0.47279412062951454,0.4913749832136166,0.5124998023391348,0.4858109481165277,0.5006109436203328,0.5058454289274811,0.482622121960777,0.4793728962877737,0.5149254859378276,0.49401133259584934,0.5190326885765563,0.46819913023873533,0.4479546223715083,0.5219602254501864,0.48131951974921977,0.4778091152378444,0.5058325541760664,0.512340445039062,0.49250028995968664,0.5257882389980325,0.4936146414185477,0.5046440489101742,0.48703972308673565,0.46621110473587174,0.5068940710146271,0.5157964220038828,0.5182007032368502,0.5052693156362814,0.4843931217418599,0.49000736906498654,0.5271619119908274,0.5169541749575833,0.4904622304701943
228,0.4872756050635868,0.4972115439620749,0.49387555163666685,0.47780860127084723,0.5022265784116215,0.5072020868959702,0.4905586651185088,0.5430809690517895,0.4910078251395848,0.5130358025422475,0.48588100816434476,0.509708089272169,0.5203335987963339,0.5164373044657264,0.49912590445548605,0.45728500408185424,0.49483889687734195,0.4961413883817748,0.5086705040734879,0.49386385385102716,0.5026211073838304,0.507215938327661,0.49050073986114573,0.5119357454200952,0.4953927653711643,0.5123451630108872,0.467979395803821,0.4945330455457603,0.5081788703345621,0.5106670419206807,0.5253234203626035,0.4823364129494425,0.5217884293747043,0.4712988401083296,0.49316166153101126,0.5121938484261562,0.48652863171694394,0.5021500770733508,0.5059764463194472,0.48232147065797326,0.48051211400181454,0.5134745665121464,0.49555076146556243,0.5167579041931882,0.4695873259602353,0.44666036774874557,0.5235608737201065,0.4801032958731737,0.4762128819289794,0.5069070054190853,0.5121174666615638,0.49158781823542175,0.5241492983899595,0.4953103728302729,0.5060192301496463,0.4864496107418527,0.46604217471353604,0.5057762775558546,0.5153905317923967,0.5174168541065517,0.5048876988141394,0.48386705736269636,0.48790799381442285,0.5266847137415597,0.5162355738541167,0.4900907564277311
229,0.4851997920058431,0.49677610535772965,0.49274700599101356,0.47923688539939974,0.5029391498578635,0.50664676594972,0.48870813684821734,0.5419067294383432,0.48945883265449097,0.5115073870669768,0.4868690816343178,0.5092965039945132,0.5208998619846366,0.515806268205048,0.4970735657562066,0.4580645182076109,0.49616221490922396,0.4967192572113478,0.5080390954976438,0.4923864275875777,0.502514255399924,0.5092229988661225,0.4909468517304925,0.5110079064200679,0.4948548323158223,0.5124016312756063,0.4679252647815049,0.4951015752104299,0.506818420253869,0.5107701649553928,0.5273423816613338,0.48319916413785424,0.5200750447931628,0.47124601953544415,0.493171019083127,0.5128311636437158,0.48704554327028265,0.5028386397607101,0.5055209356286482,0.48356331057372853,0.48074665782771064,0.5152941783934906,0.4943685340936478,0.5158079026246972,0.4706392190640627,0.44844913385350565,0.524168976148346,0.482086371461259,0.47653294112223904,0.5055850189007705,0.5136039486498003,0.49107527300367404,0.5261503260668529,0.4956763322434763,0.5053538236231604,0.48524395123019176,0.46747638456756113,0.506230239808466,0.5132359712242917,0.5188936817733247,0.5065610253096607,0.482860137307355,0.4880835832274615,0.5273913494096776,0.5145813071698576,0.491498816707456
230,0.48731874042094514,0.49720564584856763,0.49081914867808984,0.4801876858364579,0.5050759621233251,0.5046164799224371,0.4880217830550071,0.5437880406493122,0.4873823892822171,0.5121573041750402,0.4853306534803597,0.5094341092793139,0.5214220284043919,0.5150444632404481,0.4971698771153827,0.45966454251896816,0.49507051339006947,0.49456031448636567,0.5094477957185652,0.4905028566165468,0.5020462137933798,0.5076525468575053,0.49079790340535145,0.5093230405180856,0.4929693898781174,0.5140693261736422,0.46878199638446755,0.4931272683605931,0.504978854291467,0.5092447970694689,0.526627017354778,0.4823283326643086,0.5196664899430911,0.4728205276179188,0.4913004793052466,0.5112751109625732,0.4870482486121429,0.5020938749860939,0.5060311676222039,0.4843057588933818,0.47981564432868196,0.5152876495763166,0.4943532825628958,0.5165329647642034,0.47208885158302893,0.44683520763223805,0.5239570630778918,0.48009109162905583,0.47719405434435164,0.5068587605683215,0.5116121702566789,0.48971231819511907,0.5239445979888031,0.4950269915496964,0.5056833657432266,0.4835837124739128,0.46785047656744316,0.5071738071619126,0.5150708134627813,0.5199951768610228,0.5066646397790981,0.4844435624540535,0.4864041197374703,0.5283080622972897,0.5143620546604564,0.49063954144936944
231,0.4861436824691393,0.49813772143980767,0.49075911533132605,0.480979765263096,0.5056260896992306,0.5043142621265623,0.48993011250264984,0.5446609826940143,0.48871253306256,0.5113715967823821,0.4859855864467183,0.5089363872239422,0.5216180091019321,0.515947627118329,0.49704609323997717,0.4599457741690422,0.49324227136654736,0.49314212683066067,0.507314514424613,0.48992254062784535,0.5004219773085028,0.5070753197997374,0.49289498375545954,0.5094530351942477,0.49097052047199913,0.5143556789475034,0.46843816208482586,0.4920632744723056,0.5049986619183319,0.5082150450631996,0.5262208625931976,0.4844606405762343,0.517993659472177,0.4748829640825876,0.4923974271191078,0.511294212038486,0.48822238316239325,0.5033394919075117,0.5038848582012199,0.482592053543828,0.47837206609536687,0.5132657368620878,0.49546468755388356,0.5174634987181468,0.4740707531670822,0.44650532684431304,0.5221169879375765,0.47935328948177025,0.4774452939039539,0.5063433064990687,0.5110826234065344,0.48827231883151245,0.5225242324945766,0.49712846136293304,0.5074872629021444,0.48218983423464046,0.4700453543950949,0.5069024520156102,0.5144351063002576,0.5178361665266574,0.5087331034070379,0.483585958670503,0.4877041870126289,0.5292083677812512,0.5142330445559322,0.4925181918410759
232,0.487642474591393,0.4962824331138868,0.4888473586142115,0.47945462659631116,0.5068380011472625,0.503189059277811,0.4902540588085186,0.5444458552171326,0.4897984682497992,0.5118772236213448,0.48655211419542693,0.5073910723857827,0.5231522960094263,0.5137765788579883,0.4949474781597962,0.46026448930687397,0.4952039297986999,0.4917140678252867,0.5070639780847631,0.4889678143980731,0.5015114081238687,0.5079051872294886,0.49307065539502515,0.508604300251512,0.4891350342663535,0.5127143777584553,0.46922314016059813,0.4924279040370237,0.5029260976058636,0.5096712681391733,0.526377958313999,0.48540813406456423,0.5181894917500736,0.47312275027739087,0.49043568702120305,0.5129548388535229,0.48752529753848306,0.5053744310330084,0.5040260976202003,0.4845903258769244,0.4766688037295772,0.5111134420812742,0.49707628491602823,0.5155070026644978,0.47398977872307013,0.44518713710812513,0.5227672109759252,0.4784687461882152,0.47934099684432124,0.5048365026517267,0.5096569308228568,0.48927035588893625,0.5240117192791911,0.49831335674089655,0.5094512453704749,0.48072527464591625,0.4720096409912659,0.5060384311307873,0.5131591778043535,0.5188795543621529,0.5099628885972023,0.4825349764683867,0.48903565222047474,0.5306113803857185,0.5153213047510226,0.4904465637509561
233,0.4873288084844822,0.4984375460304936,0.48831423124486617,0.4775784490087622,0.5061233429575995,0.5011595228425088,0.4911729796650466,0.5452748287890825,0.49103719554622904,0.511764160582172,0.48657540707456987,0.506322544527794,0.5221872192245165,0.5136185332154894,0.4939116457051977,0.4596858003638098,0.49326512482420387,0.49234170629739243,0.5078577381638382,0.4890471351358367,0.5035919970765926,0.506465684264747,0.49251308116288434,0.5075265962081511,0.48910612317772706,0.5141441265237603,0.46983061514647534,0.49331966778868824,0.5041542162074218,0.5113465936314933,0.5279350643669934,0.48612633816765266,0.5174122718871254,0.47352287053727,0.4909392914148039,0.5145829583167842,0.48573478261413255,0.5037066448769175,0.5023548504026489,0.484552842400594,0.4778845567823543,0.5105146235097667,0.4981175426631003,0.5136078623294468,0.47559449766046696,0.44642122735048423,0.5217523156005043,0.47702253505941394,0.47990780341862116,0.5042102581726529,0.5108244631347193,0.48866008344151596,0.5222576159477572,0.4996190296332312,0.5075710091872873,0.48294529544962117,0.4728343048317447,0.504468517305811,0.5117864321190263,0.5175797361673792,0.5095099434100827,0.48443878872181984,0.48899931134677865,0.5305528307420441,0.5160463070948144,0.4886650823034523
234,0.48895438530975566,0.4995227487935059,0.49007024517014375,0.47568127850379816,0.5073619930548493,0.5022311280776143,0.4901002829962292,0.5470525366487141,0.49312917758739705,0.5096196871158366,0.48535735487977666,0.5051321532463813,0.5222366735796341,0.5125157191800334,0.4928720688621861,0.4586619676616037,0.49530220106580125,0.4936928986449848,0.5082065964914504,0.48855392720654367,0.5046369950295925,0.5043772161000429,0.4936223251473891,0.5090508075354123,0.49095350184377934,0.5138740402627208,0.47190057231262067,0.4922910994386658,0.502414902646626,0.5101924456897234,0.5268634957191743,0.48814693003262927,0.5168351311366236,0.4715873899364501,0.49013108333839095,0.5164821830296962,0.4860637047641361,0.5048263532868271,0.5003128244847322,0.48268719662221715,0.4777507908924042,0.5087768822818654,0.49948742582322037,0.5145119063234217,0.477044480439072,0.4454625556981325,0.522787386568528,0.4778738174911812,0.47992389183275413,0.5055028840193603,0.509908246245136,0.48769747240126116,0.523116424557662,0.5012941962765898,0.5075499337629958,0.48401248069941866,0.47477695630025135,0.5065203599744427,0.5107772963442384,0.5183435150041857,0.5077713798628292,0.484593681615079,0.48752861023975774,0.5314076719641375,0.5162835870875808,0.48781528290271203
235,0.48814174025010676,0.49765527502559354,0.48862903307147143,0.47501564156546333,0.5053244811131544,0.5023105453632843,0.48857134377468575,0.5486876055756514,0.4916609119383217,0.5095224055096942,0.48717553490040705,0.5044086690045327,0.5237813254017781,0.5107315092768727,0.4934120761973414,0.4584186139822779,0.49701726299502297,0.49392486195429447,0.5089224449839657,0.4896558827730543,0.5056891255969922,0.503097795500179,0.4934827841108246,0.5110614523241619,0.4927802900827249,0.5148777442022578,0.4712058076364779,0.49264866841406485,0.5026133175269244,0.5099297884063037,0.5259199974679903,0.48998143211226797,0.5161155689557638,0.4716741883520698,0.4898840650491278,0.5184595201767714,0.48816735628632374,0.5049085482942174,0.5020445798927002,0.4836804963868325,0.4762467101197807,0.5107094752093039,0.49897442731764735,0.5139523879130568,0.47694061688804223,0.4438854612598309,0.5246385255830283,0.4759229990540405,0.48016260483591733,0.5071911928382434,0.5085897129498119,0.4865527472466715,0.5221825539504243,0.5020499472495631,0.5072461199655534,0.48245488354918853,0.4736195671467326,0.5083339515301348,0.5090246666252115,0.5194699275317205,0.5071138618750299,0.4828431191923206,0.4861504311080799,0.5309300403534328,0.5182471648681897,0.48669527678762997
236,0.48736336976467926,0.49886781103389954,0.49072611744468786,0.4760504413898778,0.5033531437037075,0.5030336932520378,0.4869473153659693,0.5466963676100695,0.49156983522026604,0.5074525526125752,0.48886777043790813,0.5041486898352505,0.5232440006370769,0.5105273575083122,0.4928287492642991,0.45674249202728623,0.4988849319965795,0.49539014605840964,0.5097490327881766,0.49137019004478244,0.5065948277234724,0.5018744229908506,0.49490058426344863,0.5117894109365883,0.49460500208855246,0.5139350043724594,0.4720150892504753,0.49164833327618424,0.5010025634290687,0.5090327460471282,0.5238940235160741,0.4903884323035666,0.5164851397254944,0.4728891446554398,0.4886461798024494,0.5170520688751506,0.48948150923139117,0.5032642614100258,0.5010878069798588,0.4849287640655748,0.47813214490528455,0.5123780652021029,0.49832146102402486,0.5140640907593269,0.4785265557877934,0.4420252380538673,0.523647681061493,0.474766040424066,0.482310968540196,0.5090140997221548,0.5082279856423524,0.4850866089610507,0.5228729191396017,0.5032474076313174,0.5086966728705622,0.482988458223067,0.47235288073713755,0.5094322739473105,0.5085166033472001,0.5175668557985718,0.5077126436624746,0.48166077592005413,0.4879092798153843,0.5325197012070527,0.5200891891655608,0.48565636310101384
237,0.48886390323455964,0.499860713013558,0.49086065766869663,0.4749809718681978,0.5032630462090067,0.504871248958533,0.4867754967710975,0.5456328299330417,0.4916999767133433,0.5058787264778315,0.48968698297531854,0.5022734396331571,0.5226948280665953,0.5116528054017141,0.49251031135997525,0.4582243998031227,0.49832913610490565,0.49366708521019154,0.507899227487394,0.4927420840558375,0.505331804254115,0.5018995894152903,0.4940195778681945,0.5115677212908835,0.49403322669146915,0.5127647670366011,0.47380723274242814,0.4896178581515511,0.5002436373779526,0.51110321611569,0.5240267787368542,0.49030571413039065,0.5176784270393059,0.47283277912878235,0.4880332115822494,0.5173953792482938,0.49037106474035247,0.5052188437485472,0.4992523456701279,0.4853909909726284,0.4796023935802733,0.5130353987141315,0.5001089847164113,0.512228527528658,0.4771287493507812,0.44030402717852574,0.5228984746227835,0.47590883634421977,0.4838893806480602,0.510139926934579,0.5097742326867263,0.4852405032630002,0.5235358758233682,0.5027821760932201,0.5069471986983375,0.48236384671609,0.47157403229680445,0.510292661751408,0.5073583087706813,0.5175577472353022,0.5096892981954937,0.48256554450312705,0.4895836530295598,0.5315947195429256,0.518799531014743,0.4875922459577183
238,0.4897537377231959,0.5018354003638794,0.4896037294522542,0.47383241331764614,0.5027256796279136,0.5037169742564609,0.4883595016486129,0.5455536583330118,0.49263755675235377,0.5038271324057296,0.4894428880861067,0.5020839805568849,0.5235495718188482,0.5095941871158971,0.49274546407065084,0.4588815598067346,0.49954227301614207,0.49371783362753546,0.5064781675342357,0.492920112575384,0.5051915529490708,0.5017963793561934,0.4954860902986826,0.5125168762894715,0.4924521080729996,0.5143189229497078,0.47360091619856887,0.487708100816615,0.4998119255447018,0.5110019038843694,0.5222660458712406,0.49016399162857394,0.5161939682955935,0.47385538930490817,0.4861085525034177,0.5190819676066276,0.4888469417635138,0.5072798379752171,0.4999399997787856,0.48413495531214795,0.48093638777203396,0.5109110909758898,0.5013453964793623,0.5108326278961064,0.4754377929043282,0.4400508009691712,0.5222398016584974,0.47644035558611547,0.48587932473373213,0.5093614970367843,0.5111795140720562,0.4852053759690526,0.5233026244885494,0.5011951611400676,0.5081669300259348,0.4804001977364343,0.47128985643156157,0.5092797129681933,0.5086236784619553,0.5171947523984087,0.5113489273820412,0.4846970017055953,0.4876173827050606,0.5323533993158353,0.5169165153376978,0.48745071520031547
239,0.4889603511996931,0.5017695224556282,0.4909153052218905,0.47311000615936577,0.5020285462216051,0.503979211677692,0.48924333097615763,0.5438320672734417,0.4943327210428338,0.5045854674542228,0.48780806914875796,0.5017983006055697,0.5255079244333293,0.5082718724588532,0.49379020976995586,0.45734151532511175,0.5007091171009234,0.4931504920837152,0.507939437882795,0.4942007490911586,0.5065389869248257,0.5037898918382444,0.49398886453882807,0.5112794778740033,0.493000592470621,0.515335214872356,0.47244852202530224,0.48710823785380714,0.5005610521795535,0.5115799335653998,0.5214548832298489,0.4910786072673159,0.517899185420663,0.4752810255983663,0.4871309533571985,0.5192521793192741,0.48780803946113505,0.5058632858546667,0.5009708586014832,0.4838572140854605,0.4808613571468852,0.5121197645254317,0.5018961842144118,0.5112742153268013,0.4775131442681225,0.4409627036088015,0.522832346488419,0.4777292899090308,0.4844668718668747,0.508774516987167,0.5116634851757582,0.48475999444927925,0.5222907412990457,0.5028169088668838,0.5065136856997505,0.4793154547742554,0.4701695410124825,0.5095298146809265,0.5094824715423598,0.5160206978833255,0.5104482896119055,0.48310144380091974,0.48749698027849453,0.5301637898290523,0.5173956078081534,0.4893953110810438
240,0.49063714961751115,0.5017400202171397,0.49251797364491223,0.47416216459877525,0.5039239011246367,0.5041161845575258,0.49075903844601076,0.5425279392379908,0.49458905944529297,0.5056191432059006,0.48960460401372163,0.5034662379169791,0.5247284319339042,0.5080082516126079,0.49347523384125097,0.4584997742435923,0.5003702344441289,0.4923282799806011,0.5083324596319874,0.49459332316556526,0.5081634077238045,0.5028587647902985,0.4939748029384875,0.5096520786254163,0.49209776383452425,0.5154500958984491,0.47442001186977784,0.48866966738553974,0.502257421219131,0.5118870837449472,0.5208775045669438,0.49118873753929404,0.5176324067532174,0.47451503574837345,0.4891272445289862,0.5191930211908554,0.48947149756047165,0.5064717601473122,0.5014080495929735,0.4826256646296351,0.48174549880424095,0.5135867123998223,0.5003784267839652,0.510824034144922,0.4776801879364984,0.4399780435324579,0.5237721444804674,0.4784870160035505,0.4832753481919837,0.5108035614012432,0.510954144745649,0.486691932020967,0.5206928905815711,0.5022858693923775,0.5062217326099234,0.47856596650585287,0.47201639352809116,0.5087085460676494,0.5093417029555051,0.5162025136898213,0.5103329511011192,0.4813785358805251,0.48687234776417376,0.532103001942645,0.5169146747980314,0.4913809916549579
241,0.48934227107206874,0.5002314655740256,0.4917110701929713,0.4762303812873203,0.505440381393752,0.5040328915940929,0.4894033181333542,0.5427713863362728,0.49312481004475334,0.506197397964431,0.48964319259717526,0.5025634016016834,0.5228358748091242,0.5078110939963392,0.49311283941123657,0.459942882259632,0.500438830151329,0.49225358925922047,0.5094507077050845,0.49618120921354886,0.5101067813038097,0.5045221076915992,0.4953639736124865,0.5116866024816902,0.49262398683261704,0.5136139695152268,0.4757113281975874,0.48758139369219616,0.502571989523305,0.511639927440358,0.5221228448154223,0.4916886875160678,0.5160150227567795,0.4734973568699437,0.4905766568250922,0.5171557677730663,0.4886885283357592,0.5044428080773649,0.5029677213795619,0.4836847898810302,0.4809831334928208,0.5137295746944217,0.5008875942576047,0.510714323876135,0.47694642185801467,0.43826700252602246,0.5227838465369063,0.4772119835162249,0.48385727695594033,0.5119941680295481,0.5127508225159279,0.4849040540954236,0.5193825385896153,0.5037347318106412,0.5046709936076197,0.4789490238874566,0.4709907547313948,0.5094348892362098,0.5106957611036579,0.5153518294815466,0.5093312144366381,0.48175938288057746,0.4863674240599537,0.5336952309142611,0.5187291034921755,0.49281207450291625
242,0.4912590343884825,0.500963817058754,0.490140506473906,0.47782658680685836,0.5049196730138755,0.505441933933591,0.490016538813599,0.5416796820030941,0.49134750324816057,0.5066171163522064,0.48779014134965143,0.50244314870826,0.5208983907834869,0.5075970569758157,0.4919154054634449,0.46020027099361693,0.499205143806325,0.49377165442477267,0.5082777727421,0.49669906812637726,0.5090551101534072,0.5058591826337833,0.4953077861229379,0.5116812441983294,0.49153179487902304,0.5137834854326632,0.47724733887704734,0.4875639210078518,0.5029835768780804,0.5112112376298399,0.5209973645285234,0.49072834243744257,0.5139602409488351,0.47217969152382927,0.491525090422939,0.5151724457465452,0.4896894847251342,0.505469139178706,0.5041175679625112,0.48249380100876693,0.4818002181485118,0.5145514685316777,0.5010694078059744,0.5089401769012581,0.47668929887978323,0.43749381938720133,0.5244811753657006,0.4788669134388308,0.4844251723457106,0.5099759409921324,0.5111796700966774,0.4866466008830446,0.5188665767444127,0.5051175912043184,0.5030899019321675,0.47836080345516624,0.470919626609053,0.5078311312959961,0.5103255258438686,0.513372628205252,0.5093656208105029,0.48139207734519596,0.4865024526305622,0.5319478337094826,0.5191630684503158,0.4929520990680327
243,0.4902392915486272,0.4992140750879506,0.4911500873932192,0.47891421449576016,0.5043714353603508,0.5046084980676404,0.49003799272605997,0.5416862207765036,0.4893513640016017,0.5060508343472193,0.48829626664991627,0.5039488768879237,0.5212751286837449,0.5076002420752981,0.49386190251227496,0.45851892857223825,0.5005496106670778,0.49218037046779284,0.5069475766867924,0.49564207836355867,0.5073492174296893,0.5063963704596014,0.4951220948137175,0.5117678263686856,0.4935546560278312,0.5122505002162321,0.4771337918208301,0.486323647529843,0.5011433220210296,0.512913104336104,0.5210219826361819,0.49138166349747137,0.5155545908008765,0.4703082759855057,0.48956421520672205,0.513429219278507,0.4905430070883206,0.5051252889816833,0.503463229033458,0.4819566135419391,0.48220530157437075,0.5149683604247355,0.5021304877481981,0.5097162913174875,0.4756754211263002,0.4386654252876389,0.5231060323080868,0.4774153646322882,0.48325289549465833,0.5090075901909357,0.5094802065948073,0.4848917262236732,0.5201852289069332,0.503155869797805,0.5049650163025845,0.4788205951920073,0.47113765016706405,0.5062159786865371,0.5113025974427421,0.5152325086142061,0.5089830749558149,0.4827502500152936,0.4875037031101853,0.5331514178553237,0.5189046723319711,0.4921915048435038
244,0.4906648850267116,0.5012244914076536,0.4908134255529092,0.4792910450133436,0.5031625549020632,0.5043065001380891,0.48916221576567503,0.5418963371436087,0.4909832748836611,0.5063657495907734,0.4879946563547635,0.5058632260300627,0.5206402298919107,0.5070378854874714,0.495120002059776,0.4604003754361451,0.49989806104900747,0.493166056085949,0.5070471920699818,0.49695569157189207,0.5093416079355089,0.5082633803319359,0.4953229379884227,0.5126212679182197,0.4943135230412696,0.5113922610012049,0.4756332122311744,0.4863987288535756,0.4997506893146104,0.5134529034388585,0.5200729760844254,0.48956652665809786,0.5164591919146706,0.47121081346912197,0.4891141692743832,0.5114700380917709,0.4926019359260665,0.5057134370508124,0.5021299128272656,0.4819300266149241,0.48185365959485915,0.512968654984817,0.5000814567653138,0.5099726426774415,0.47405066006741203,0.43902095723072543,0.524071799718351,0.4754964804790194,0.48499125739585275,0.5103603365773764,0.5089093605078626,0.483249658476481,0.5189453425642679,0.5033017035115908,0.5062506319723908,0.477219766735058,0.47322815193129875,0.5061625671061427,0.5118899908797987,0.5158077971822099,0.509801079287013,0.4842825707347204,0.48745298127684017,0.5325096861557327,0.5173513455718409,0.49217495788313065
245,0.4924722551287852,0.49959713853060495,0.4903934514615456,0.4788446959919274,0.5049239615590252,0.506128739807398,0.48918216676436654,0.5409013049036905,0.49072941813812115,0.5062393925910691,0.4894719906224078,0.50597062693688,0.5190257509178118,0.5057251537182826,0.4958300079996551,0.46100174247441655,0.5017629321346844,0.4946861535032621,0.5082529381269021,0.49854378743814526,0.5083423458096782,0.5079433740090965,0.494038056261614,0.5132645174606402,0.49470687813455605,0.5104507538728799,0.4774679571130079,0.486795429372032,0.500155576065143,0.5137516451667262,0.5204718471792152,0.4902091147137555,0.5173443497420234,0.4729646358510334,0.49022412761141665,0.5098546288118868,0.49423643098909253,0.5038157014692699,0.50282796010255,0.4839149140667511,0.48040544249700834,0.5114520918376114,0.49951305498488796,0.5098973377944701,0.47464826739683713,0.43782345980194803,0.5227362044567099,0.4758217085725938,0.4852200885301926,0.5111176249545548,0.510747099667496,0.4828031802122156,0.5191114064874773,0.5052868317137372,0.5081505563982766,0.4755664275122697,0.4749654708210078,0.5045212660152039,0.5103007268295231,0.5139166173968448,0.5082241899810063,0.48581626289228025,0.4871096785911469,0.5314413914684037,0.5190048319683455,0.49227761087645927
246,0.49133416799390084,0.500528772924929,0.4895647938160693,0.4781429138077388,0.5046445511836858,0.5045794104207296,0.4892691537779949,0.5418045905882167,0.4890043944921017,0.5056239584222376,0.49111581294305123,0.5056046196457709,0.5200290328011704,0.5047574361782461,0.4964365336838711,0.4623075982837821,0.5004781444078776,0.4933686113382382,0.5080355516515476,0.49893285475350985,0.5093666229524603,0.5063318672196672,0.49384535755002523,0.5130788453552249,0.4947564255175123,0.5122409231533692,0.4790161775468922,0.4858532527913868,0.4982820075057495,0.5142653494802891,0.5185224643796301,0.49096827064919674,0.5177503087388585,0.47430271024498016,0.4907886071545844,0.5090902390544298,0.4932004208316557,0.5051359119745397,0.5013241631664569,0.4842400704574891,0.4821584821809375,0.510781461896562,0.5011786622413861,0.510962415990423,0.4745955762531785,0.4389808381034516,0.5231884622826412,0.4759314263855267,0.4845498285166791,0.5129229961271627,0.5092121678110147,0.4840906612042182,0.5208590530427653,0.5038579016126192,0.5099607231326534,0.4762073150709879,0.4743508214089028,0.502709410744449,0.5107632834997458,0.5144668988652703,0.5090465996686466,0.4876197877508839,0.48559164163847485,0.53219627184204,0.5184165409252556,0.4935380144413587
247,0.48997448756266887,0.49915163064723383,0.48796754999632513,0.479367308071734,0.5063518945106334,0.5027814565003351,0.4901366336060793,0.5415737301324345,0.4905602277893205,0.5065270242835338,0.4922266689039178,0.5053205648635071,0.5213598400084284,0.5066857135518836,0.4973922919912004,0.461982659493085,0.500944809266432,0.4941120445143828,0.5077670627649543,0.49808719590866957,0.5076496002302535,0.5061795453093662,0.49257396762637,0.5128989182819148,0.4945353628919444,0.5142053578133655,0.4779075564354778,0.48477789433376595,0.4982607312884356,0.5146273121658866,0.5165021757775419,0.4902744297797103,0.5174276230457777,0.47344631758630434,0.4907758927329951,0.5073653020715848,0.4914290950350905,0.504232360882361,0.5001334922725938,0.4828919630884027,0.4832981704617646,0.512723792260411,0.4995655772008118,0.512825236814356,0.4730753850147149,0.43769798236761637,0.5218787565482178,0.4774836696624536,0.48364772224099334,0.5126065142346841,0.509509265515331,0.4843486985058271,0.5212488627692506,0.503979544497283,0.5102148622824975,0.47603595695243955,0.4755823959230462,0.5013140995267116,0.5096050595567896,0.5162202412466983,0.507359515074851,0.4885776132356406,0.48377952439910016,0.532468999608007,0.5170586348185622,0.4944916021079369
248,0.4889828930153216,0.4996879817295608,0.48852596852026664,0.47860856107911287,0.5054399909784507,0.5023221668817486,0.49218819982755657,0.5426153771882812,0.49174573823431916,0.505824919123853,0.4908308130880266,0.5071669514737855,0.5196805799159595,0.5080560707652806,0.49765747784250686,0.4614095281682391,0.5015337472150706,0.49397809629436695,0.506356998812752,0.4962768754862533,0.5061294132046644,0.5071402289898194,0.4934780077908584,0.5109589951868478,0.49309188971613416,0.5155063323244999,0.4790654569881502,0.4865430950281835,0.4989099860587729,0.5155658756961581,0.514739603228056,0.4914698272870421,0.5164824159775732,0.4733223726074305,0.49106132143781017,0.5066807507661885,0.490918104151028,0.5052627051374109,0.5015101345151879,0.4844624802723074,0.483068508812753,0.5141548081375108,0.5005934479618818,0.5135517386902889,0.47406703222262314,0.4392474384887729,0.5228026597157377,0.4775875591228148,0.4822681104194049,0.511337084586235,0.5096828013126211,0.4840437590525915,0.5195666365491439,0.5039202515314644,0.5099519463808662,0.47603056802054977,0.47546381804521404,0.4999006657290401,0.5109825257344279,0.5174504147326373,0.5060768154394552,0.49003123820765604,0.4842873346600241,0.53401529507982,0.5167865831091535,0.49277517012006894
249,0.48754180361469185,0.4989300557637202,0.4898795544782819,0.47864597510732754,0.5048913134743743,0.502248831882134,0.492345480984666,0.5431985854208428,0.49337365540372563,0.5047423500699492,0.49199713957948654,0.505836343476785,0.5192452587326947,0.5071827647428189,0.4958433803241422,0.46175720553699134,0.501668672907141,0.49249906040426905,0.5073198645875853,0.4946682439677473,0.5076460385095226,0.5084627894459678,0.493844139410572,0.5095000125274554,0.49474494182114453,0.5150185535667383,0.4798180585630544,0.4848506002518815,0.5000980314348512,0.5147298633606904,0.5135454272898898,0.4904009675169686,0.5169801186503956,0.47466927607996984,0.49174210312554434,0.508157265223284,0.4900551983302375,0.5034559805885012,0.5004050392769019,0.4835520905296627,0.484112549295131,0.5126060655084087,0.49999918318108766,0.5141550749795296,0.47531151374665565,0.43819533990469983,0.522037047125397,0.47677146527036035,0.4815344579266471,0.5125538925787557,0.508888801161927,0.4858541362272651,0.5195744501582549,0.5055740876946206,0.5111145143134758,0.47791607735776137,0.47425782939414024,0.4986705251382257,0.5111475340696915,0.5193494749300989,0.507284805637741,0.48924222044798177,0.482480884372345,0.5336027591016966,0.515558691668519,0.4944362174512176
250,0.4883993377974234,0.4976265786612785,0.4908832217801562,0.47727925951221867,0.5049955739583937,0.501882796527285,0.4939598770478956,0.5421670168907353,0.4917964087366186,0.503118854968198,0.49110262535332727,0.5067287987911997,0.5186329262816115,0.508458872697905,0.4969113296776655,0.4636545325421939,0.5029739698828405,0.4939613626187969,0.5054386990593196,0.493934384680944,0.5078113962695178,0.5096472827305715,0.4940296810369559,0.5104803581487138,0.4965391407973463,0.5141791357787653,0.4788135016367078,0.48482413316103223,0.5012879584785578,0.5159715757184898,0.5127330914513191,0.49201699782147557,0.5176970018598346,0.47313396230749205,0.4901821831093105,0.5084233037908346,0.4898556838173567,0.5021778620473601,0.5015155188413201,0.4820089840657962,0.4839635745129996,0.510835480542164,0.49864632539489084,0.5158050790416205,0.47497503759206494,0.4392328375367218,0.5216399108514533,0.47794974814749763,0.48186541588565995,0.5113052256249871,0.5098166870936922,0.48734512298261823,0.5189295411962183,0.5067220545577048,0.5114319842221596,0.47614034340472877,0.4724860834882852,0.4989654360357139,0.5122018051688345,0.5183837690707581,0.507317331739153,0.49128195065908975,0.48066891658306915,0.5318501590978847,0.5137008619929906,0.49363576158936207
251,0.48727135458210014,0.49711309189476094,0.4919050635651189,0.47580657070355936,0.5063370590556836,0.5028258066831917,0.4937279072036701,0.5415121515247988,0.4928072784602112,0.5027476082343807,0.4907881115468319,0.5056993873454813,0.5173057007389655,0.5093726341648649,0.49681720264376505,0.4642443692129681,0.5029483740450882,0.4959518881238865,0.5039435877831662,0.4924592296747559,0.5096553454696309,0.5087605646790688,0.4949312751645279,0.508707524893013,0.49510857395175334,0.5133088759387866,0.480217232603777,0.4836190288499856,0.5005685178425172,0.517296813412371,0.5121851754023211,0.491973756870244,0.5171605499949334,0.47202707857923365,0.49061609178391097,0.5064951089396402,0.4880973132115738,0.5003345056656584,0.502718194061955,0.48329547498064446,0.48218339619191963,0.5126296466385991,0.49805155304630255,0.516039672924482,0.4750398429104317,0.4388545587516821,0.5233617749487642,0.4787433136045126,0.48081725309717405,0.5121982153443022,0.5081876506439394,0.4871466294801876,0.5200985684847467,0.5065508486347498,0.5132894091057569,0.47817817706194343,0.47358164167408995,0.49761984743566867,0.5104977378020731,0.5166985073010802,0.5074509180061878,0.48985416679688587,0.4810106093211457,0.5314498304073367,0.5136384367814323,0.49471269090683234
252,0.4860995698650157,0.4955262039392945,0.49079125468634593,0.4763184261972659,0.5059683149230496,0.5029331945103622,0.49269841650183305,0.5395410494033922,0.49128517304795316,0.5020120041948604,0.49267788975676785,0.5071934290859399,0.5191973774181439,0.5075528738690934,0.4987103474735436,0.4659193045916018,0.5016502622313609,0.49742476261333846,0.5035384138684575,0.4936245582572735,0.5113638272408555,0.5093091917549027,0.49383619312699195,0.506771655712203,0.4951462079070332,0.5126013459792206,0.4819805460916679,0.4850960568366134,0.5021839829464687,0.5183953511797567,0.5119812227588484,0.4903938090196031,0.5176420035085982,0.4724394707997786,0.4901377154508228,0.5049882820028052,0.4868490203921993,0.5005563987170674,0.5007674025405838,0.48309589516233253,0.481012981078064,0.513767788066983,0.49902021238914174,0.5172041411801126,0.47649354186167026,0.4376688382881237,0.5232191603783373,0.478862836554607,0.48045682887377805,0.5124503153782026,0.5093743567540598,0.48580323077126153,0.5206003197896626,0.5062080147640564,0.5129434886330552,0.47896622338752654,0.47375201892099095,0.4959796766959766,0.5120977085624202,0.516573828698858,0.5092594947723096,0.4899763701713909,0.4827661757029552,0.5305603388679403,0.5118597780598141,0.4931667027625846
253,0.48762048107035294,0.4941402756626711,0.48984912409942843,0.47578904500814617,0.5075476921503759,0.5023565561224703,0.49084885216232166,0.5397228581250553,0.4911150450002883,0.5024495417999749,0.4926891698558953,0.505993807627479,0.5173314088712118,0.505935951685893,0.5005784167911893,0.46607343910162624,0.5022415848041746,0.4957716304324089,0.5028465165283693,0.49324535626664673,0.511356095786166,0.5095377172918454,0.49493304725656556,0.5070153715835944,0.495132408297781,0.5125084483368069,0.4838607436562833,0.4857301095466479,0.502211954755203,0.5167933641080084,0.512088846827952,0.4911930206120665,0.5159583836041809,0.47304895360549887,0.48820203402179985,0.5051818487531448,0.4875600550171218,0.4991249452462363,0.5026860181299433,0.4848262821702597,0.4804529203831243,0.5133456760742412,0.49746244297060915,0.5189965364335857,0.47473731708413175,0.43699567650543464,0.5229144225812762,0.47913312615516335,0.48059842364606437,0.5113543529783919,0.510515737153089,0.4846195201503242,0.5216490072981856,0.5047904794661038,0.5130875539884284,0.4788258554803472,0.47413457135754433,0.4955392628903935,0.511979786042479,0.5154110878184129,0.5074177001423174,0.490611742043022,0.48289346904400765,0.5315482211407601,0.5127077653045504,0.4945658471816937
254,0.48788603610368825,0.4945982482610055,0.48867810600494765,0.4760390335639107,0.508174018750852,0.5038301677042959,0.4914774213116074,0.5385751452271328,0.49040505702701337,0.5035937667506849,0.49300002230989337,0.5051419980608626,0.5157361902056898,0.5068168860130301,0.5020402945405932,0.4653452715803856,0.5028926827287507,0.49568881824031175,0.502371751495126,0.4938618066071852,0.5118311719139901,0.5089871873217189,0.4932313744872705,0.508443179824397,0.49697716375420975,0.513499087824137,0.4826483026980887,0.48502155850225326,0.5018258795844682,0.5179635823528503,0.5114639161026838,0.49226408466770744,0.5169478415334224,0.47120554044926005,0.48668451368179133,0.5065935417422456,0.4866267754131416,0.49931337816712773,0.5016052846751472,0.48551870928360397,0.47978449074382,0.5140220428404692,0.4969617701440336,0.5191617440965911,0.4758228361809133,0.4370108657400727,0.5234037670804733,0.4792882145866471,0.4794327934230619,0.5109405082792824,0.5099681215060822,0.483472557751789,0.5214282522023997,0.5061040097606714,0.5147600557138459,0.47866861247476333,0.4742846243948618,0.49410407804799106,0.5099647165933104,0.5169815485208498,0.5091724081057414,0.49183026326419965,0.48258221869712403,0.5298955261889167,0.5125973699851907,0.4959927362479897
255,0.4865714910684433,0.4930369556530247,0.4889106470773958,0.47790786723738254,0.5086888783643423,0.5019814780677746,0.4903191513693842,0.5383258074039942,0.49104460934092004,0.5017126813984332,0.49380768446473267,0.5036460897425207,0.5153775110548091,0.5057117611334201,0.5017539462727602,0.4646494031826812,0.5023256165468968,0.49451356897862336,0.501863170505084,0.492675905286602,0.5132466118357752,0.5102805885701165,0.4930613265137056,0.5086235396410139,0.49559431169074847,0.5117160329323169,0.4823921178911731,0.4835631776974309,0.5027075475933568,0.518149377975961,0.5116341960227883,0.49252427764361667,0.5160500090924549,0.4725851342642561,0.486350348339322,0.5057595649168916,0.48657804368918134,0.49772991093203645,0.5034983842407463,0.4872705568568595,0.47958607193231517,0.5153977799929876,0.49560857517114315,0.5192141287192316,0.4769782623209589,0.4389982478430854,0.5247412870003371,0.4779701315624888,0.4787347863204177,0.509927250380421,0.5099228557459742,0.48439233941892146,0.5221664698751954,0.5070607925166435,0.5156873632640002,0.4801554252409848,0.47392646902499674,0.4924873874729403,0.5110464215820419,0.5172229174184819,0.5095197807946287,0.4905971801938424,0.4838525660435818,0.529238312682865,0.5133611477479479,0.49746318565544995
256,0.4852369985261201,0.4943736640302506,0.48935411635915504,0.4760722693637143,0.5081891653591083,0.502578677367717,0.4903550896499869,0.5372437914210781,0.4895989807275639,0.5029111114622475,0.4949970244090534,0.5023445398479982,0.513458023898197,0.5047023993953482,0.5000494837776537,0.4638673567811778,0.5014328699009774,0.49390069262912084,0.5030591697381009,0.4936273863197846,0.5137344108529018,0.5113347034602569,0.49441604844319426,0.5084685299250824,0.49417293428707615,0.5131374884903859,0.48313840527821533,0.4823304143755284,0.5039927396658798,0.5196657305025116,0.510980913029632,0.49443014574010175,0.5152381740988117,0.4742058761370819,0.4860117928518736,0.5067470318756485,0.48769854508604504,0.49968016953294664,0.5026940525459652,0.4892324332196429,0.47817284556384504,0.5164056655362612,0.49516396742874663,0.5204983759429881,0.47722263226692146,0.437995842115675,0.5245872535869079,0.47851822646750974,0.4801609406481749,0.5082535274391021,0.5095950777034004,0.48636092049021373,0.5231658493683342,0.5056923411863616,0.5143180742394514,0.4813339195864141,0.4758205084055045,0.4913730664606656,0.5114502984525535,0.5166096787143385,0.5081090905925998,0.48987888066518714,0.4823724586275584,0.5272283953595714,0.5124009241386274,0.4965245231806758
257,0.48692960471945673,0.49361326061333155,0.48818895277247454,0.47595919305101947,0.5074424436670808,0.5038612523954397,0.48868382198264015,0.536678243614118,0.49063560133687784,0.5028912876290818,0.49362461232009536,0.5003968214764125,0.5124320494669625,0.5047785588059955,0.5001634481555173,0.4634734519220824,0.5004700490448893,0.49299540699407024,0.5039015434200332,0.49526626662068823,0.5147877403862607,0.511809282797972,0.4939446884254422,0.5067466619849794,0.4933095239451371,0.5129175851801971,0.4839602571369339,0.4832951365668124,0.503767373097986,0.5214310562084314,0.5119850594062989,0.49421263059437986,0.5150525161193217,0.47393456973098375,0.4844589931636591,0.5061041376674614,0.4864833333839411,0.49778611106169907,0.504535904084116,0.4907570055814814,0.4771801084676318,0.5150575920708306,0.49393687558598975,0.5205353343661931,0.47567339498876615,0.4385785534990921,0.5245267463739862,0.47740724636784415,0.47840848905084926,0.5081049293386413,0.5093429869038762,0.48493715395526066,0.5212963912302585,0.505602787409393,0.515532683398998,0.48248925907446044,0.47733065682624337,0.49258688815944063,0.5132815857799324,0.5177496363144832,0.5076321419643872,0.49040927906688886,0.4815581609149569,0.5289351718181687,0.5140396242031462,0.49539701206536046
258,0.487500685825769,0.49340594539543436,0.48758316212545233,0.4760317709370117,0.5076479781803276,0.5049890014225434,0.4881058849052232,0.5371624934809712,0.4908485693857267,0.5033134828605538,0.49301471623878057,0.5005528567627899,0.5128865035183673,0.5061998535599407,0.49938909856393787,0.46476162491852646,0.5005680929821344,0.4946662516363066,0.5056910794652756,0.4966983101595275,0.5166240529717855,0.5130267534081339,0.4931521685803322,0.5062514963045252,0.4938677502766336,0.51241623944766,0.4854135359067698,0.4827090704593505,0.5056747002811204,0.5204914815397809,0.5137205064515364,0.49467377389850153,0.5149869504610507,0.47363353325868807,0.4861547072101018,0.5059841239534852,0.48818863132444934,0.4979670027594132,0.5026248038056429,0.4894386050337563,0.47824491683722153,0.5159501650615459,0.49561504423984143,0.5209154839780625,0.47491327332131206,0.4388950012675886,0.5249699323349368,0.476837121891893,0.47890612365486607,0.5085897284020385,0.5088093727986711,0.4863883143629572,0.5193283688101874,0.5061808535772481,0.5144897588645263,0.4841560968901891,0.47657160578644736,0.49215386985937953,0.5149792630805073,0.5191966155376639,0.5062722939955427,0.48961512926711914,0.4827725678976149,0.5296749952314862,0.5141066474495971,0.4949925305067815
259,0.48741356043916534,0.4918257159448607,0.48730784739958655,0.47505589990653496,0.5086812009440467,0.5055116207588376,0.4868474173987283,0.5376057247476802,0.48976858966031483,0.5036697210312948,0.49133389564347607,0.5020816217043667,0.5135753658625339,0.506662146350978,0.5005127948238024,0.463171661215631,0.50027196207117,0.4938941473343588,0.5042143568755175,0.4964206168897848,0.5157573356245562,0.5142722206657871,0.49326719227624555,0.5061052598311122,0.4921382253136281,0.5137015430296042,0.48641790513464955,0.4816179805687954,0.5065910451880766,0.5219200209428164,0.5131411867576201,0.4957301802837744,0.5138847029479515,0.4747699587865935,0.48806407298986915,0.5069390725975431,0.488039436006246,0.49964799966999623,0.5011682488322441,0.48988414042597456,0.47880338091874003,0.5174233813526317,0.49593816338708985,0.5202297269342342,0.47685910463706094,0.44002173835666186,0.5251027510660421,0.4782943558918431,0.47820771430619624,0.5097353814002056,0.5106239575144398,0.48484982144142685,0.5209576172063922,0.5073394812755352,0.5146790100507336,0.4846763953002673,0.4775029055679482,0.49083152297258303,0.5164114577811951,0.5184169824488429,0.5075310890274253,0.4900238332946708,0.4819625112495439,0.5285455767530598,0.5128282071495203,0.49638093411275547
260,0.4855631834287505,0.4909151743215792,0.4892624446575799,0.47331202849153814,0.5077644263113201,0.5064171628967943,0.4868315977244568,0.5371308253625524,0.49089582733457343,0.502281150701977,0.4906221139364228,0.5006121907726141,0.5144727195876383,0.5062073519094571,0.5009563640076773,0.46352340510012907,0.4996655429608016,0.49397861943218535,0.5040548825971874,0.49724649393451303,0.5170867705821404,0.5161237016828314,0.49413923178570285,0.5059032349982281,0.4904601996771579,0.5144840716681042,0.4848123297006837,0.4797939467568028,0.5072396876030225,0.5230087940783728,0.5133082127293064,0.49697651597187875,0.5133795845801461,0.4757251548010678,0.4886510272010305,0.5065804547493085,0.48872867792898506,0.49873266034570424,0.5020189348372437,0.48953166780092866,0.4786530797510417,0.5173920752039085,0.49416979398308,0.5205121382601251,0.4776004539325255,0.4385121950398634,0.523406905264481,0.4785318591637652,0.4779041539516662,0.5090397479817408,0.5110863626909733,0.4851792494118953,0.5205129255438815,0.5087339577107999,0.5144565048297107,0.48599409025610213,0.4762603545904737,0.49061555855032757,0.5149888926441557,0.5172984258494916,0.506895324949784,0.4900573349948168,0.48269530995233034,0.5293528836917251,0.5137919410463915,0.496575242119167
261,0.4851426086489499,0.4896245425196776,0.4897228648128819,0.47416872259950604,0.5070259348129433,0.5077846610980508,0.4874027540122335,0.5366960857607438,0.49284085352348056,0.5025866299657382,0.4907495874995905,0.4992043731850308,0.5143096419627202,0.5077626234881372,0.5002048958813041,0.4631182807360181,0.49809868026552506,0.4935697468070702,0.503234587143672,0.4966632588380774,0.5160310999263955,0.5164291452800118,0.49577792242249674,0.5069624167299577,0.4888823551257762,0.5159984882017473,0.4851640837831428,0.4803408461762039,0.5084315013333701,0.5229520430610296,0.5116669099019606,0.4968855516392118,0.5151636896647428,0.4760262667885548,0.48868221527366706,0.5054596584053037,0.4872083858333751,0.49769738509927397,0.5001959033939513,0.4883506498064474,0.47769156965247045,0.5162300353747068,0.49313962509987175,0.5196954942430785,0.4772885026126399,0.43944123309029387,0.5218619142671908,0.4799512205804546,0.4780618752886755,0.5103391551089844,0.5115700979944514,0.48667785346189374,0.5215087747755177,0.5099301661405701,0.5141969770487378,0.48702750265594597,0.47759553722104425,0.48954678869387247,0.5167847336860059,0.5165299132185539,0.5082870951524796,0.4899002292881454,0.48132750947324165,0.5307263815017905,0.51424621787863,0.4978332208527143
262,0.48331966696407735,0.4907908762443939,0.4885796306328267,0.4759819149958988,0.5080894426765646,0.5059196702188137,0.4886313216641595,0.5370334566376627,0.491067492256925,0.5019738051172054,0.49136298797595906,0.49950006764293514,0.5159544029694384,0.5092947181927338,0.49877084022669305,0.46513495283216866,0.49719273123200947,0.4939951779247845,0.5050761856846264,0.49649447887697135,0.5173905530633365,0.5161441981427455,0.496853951730581,0.508260018579565,0.4877090042118009,0.5166049121006433,0.48406862540283446,0.4802165210399336,0.5074464228602428,0.5225145086101514,0.5121265500517482,0.49774164651939623,0.51669244111236,0.4746727193447794,0.4900856012970713,0.5055709015316467,0.48812972386510906,0.4976718538622613,0.4997717164422629,0.4871803705827109,0.47755565302417047,0.5164092101236373,0.4944460289392956,0.5205473958700144,0.47726069486517164,0.43847306117843105,0.5225677526871194,0.4802019077468233,0.477450640921858,0.5122003464964843,0.5130310303150646,0.4872008118952774,0.5210466648902319,0.5090999969318333,0.5144356475838385,0.48642847941035217,0.4771799731232519,0.4891522487015195,0.5161871702738294,0.5146621453084333,0.508998075591154,0.488273377643891,0.4825806283509643,0.5294100608684672,0.5131311511583986,0.49616940595015646
263,0.48291387278161396,0.4900248812507917,0.4884047455564534,0.4775213872994469,0.5073966375025906,0.5057167844910372,0.4882958177365209,0.5351318390880462,0.49063219851764583,0.5000800890540319,0.4908698173238352,0.5010528147787583,0.5177372968624947,0.5106954282541376,0.49728360833966834,0.4665046535656315,0.4979299437149104,0.49430986683885114,0.5043579954338555,0.4947721125035624,0.5161786314707526,0.5173749705119516,0.4952393086935459,0.509046891732859,0.48603158324147494,0.5177955005664459,0.4856818448260987,0.47844480671003337,0.5060538410019382,0.5212387631228939,0.5106289860885219,0.4983519379976753,0.516798807507998,0.4764026815168968,0.4890365418995957,0.5067717071695149,0.4878170621772168,0.4984754905662197,0.4997676956031131,0.4868065591081355,0.4780064735916165,0.5161124077845942,0.49580835596999356,0.5209601601335077,0.4777456499652869,0.4385738765329769,0.5211388462976667,0.48042906638373856,0.4770359768854324,0.5129487869321342,0.512699419800803,0.4874877275258747,0.5219779122061803,0.5072104147060138,0.5137416814208983,0.4864627958719667,0.4767672310590761,0.48766815995060475,0.5178335070652262,0.5130341790987252,0.5087095175766607,0.48913537670027923,0.4811986642722484,0.5307126161021897,0.5143231602191001,0.4944771500525245
264,0.48271348259843994,0.49054164416506135,0.4889550565545979,0.47692980318710504,0.5085721469462439,0.5058966574272259,0.49023115650019433,0.5346952124604348,0.49145417379357986,0.5004505570729926,0.49210381197069825,0.501576233147814,0.5181906185073645,0.511097081981729,0.49575076676996244,0.4677707345190661,0.4979356291106732,0.4954419640057066,0.5049314818950407,0.49577062355039647,0.5156723770964741,0.5169452534149421,0.4935132698267205,0.5106734307387308,0.48616953239203137,0.5181695190426064,0.4851487956728803,0.4791999070421379,0.5041963884406016,0.5203441194434293,0.5094771996344881,0.4979245156337317,0.5148652159498408,0.47581596283103367,0.4893409910998686,0.5081715069233264,0.48922296668187454,0.4998432157610855,0.5016043732413696,0.4871882506091743,0.4797993465118245,0.5158615531524714,0.49533636228733385,0.5194117521310507,0.47948007125022746,0.4402207575651895,0.5203578796254525,0.47963226373876994,0.47530806090860445,0.5146375008239003,0.5108643613855115,0.48683780868760135,0.5224630271414901,0.5058722418836674,0.5154688961524858,0.4858407923332326,0.47534617467537105,0.48645817856114953,0.5187608986627521,0.5135776557233728,0.5073617122920147,0.488912014380144,0.4809336134106464,0.5320505935140322,0.5150999415794956,0.4959446517189299
265,0.48310037184564897,0.489787914287263,0.49022058898558507,0.4758436426563413,0.5073803454540002,0.5065494616941304,0.48935484957139513,0.5330453626961476,0.4917978369219343,0.5001170439863409,0.49288378831505614,0.5012524538060066,0.5195608370362405,0.5106078219148009,0.49523966950632464,0.4671481657484999,0.4974780577893221,0.4949192576699837,0.5051727211042741,0.4965352271727057,0.5173623774675584,0.5167394327896458,0.49188418247505455,0.5093507409222611,0.48597140848395054,0.517714416475922,0.4870695199987932,0.4787981006567406,0.5029601059358689,0.5213810975326744,0.5093153207721133,0.4969578060050505,0.5147063922504859,0.47533672432495266,0.490071303405908,0.5065159735625363,0.4879712338051945,0.5010142414788155,0.5028912984587576,0.4860083775138825,0.47885315604647416,0.5159752154719563,0.4941095703260339,0.5193312360950287,0.47792319029224095,0.4419030488670376,0.5199487981899945,0.48132831627421685,0.4761927533434302,0.5153593719886217,0.5108706751834354,0.4864033200257208,0.5208886144989623,0.5060049691033406,0.5147540074269166,0.4852318474551725,0.4769670138209875,0.48568899976691055,0.5168861868411447,0.5149396465473511,0.5059527898201944,0.48929728800018224,0.4796124021280965,0.5335957306991952,0.516146679338606,0.4976256706918538
266,0.48188102002427363,0.4913393015040452,0.4914121562295137,0.4768524119609098,0.5075999526316425,0.5047001342100842,0.48774098962147644,0.5331621291735407,0.49000940570915597,0.5008168318010678,0.4923909235560364,0.5016852543807864,0.5200492615127927,0.5095991362263473,0.49359731024391074,0.4681699937186821,0.4981632043740234,0.4955414077768687,0.5066945992683958,0.4947150978974636,0.5189161791177962,0.5165096877297685,0.49330436764373586,0.507826596355293,0.48516491560770164,0.5159301433342314,0.48611483459552945,0.4788614739338069,0.503558123747348,0.5213383095008159,0.5106604438335942,0.49710244212789756,0.5138027415440534,0.47623963031674377,0.48955117852598906,0.5057654205435252,0.4897182009764429,0.501381396771498,0.5034785853683059,0.4846396749166074,0.48018580953053047,0.5167472474055099,0.4943604485811694,0.5176131161708883,0.4787643391512964,0.4417778039359041,0.5185535451529167,0.48210443262684,0.4744717246727366,0.5147058781280017,0.5107072292548248,0.4853970778816824,0.5196591336664068,0.5051235094980571,0.5152798425693155,0.48427591248106044,0.4756673894569753,0.484983422326768,0.5177940052213478,0.5166178913137496,0.504437241960106,0.48789536238050607,0.4789932823733843,0.532374237902686,0.5146710462998616,0.4976074899686162
267,0.4837502440590661,0.4904888815776133,0.4907608328262236,0.4771750456853777,0.508990670059176,0.5046427435032369,0.4880451204881854,0.5340613692572215,0.4899907399367049,0.5024335292319009,0.490839387894967,0.4998170153689266,0.5217780186887985,0.5112071191879982,0.49399012314869284,0.4692594857567185,0.4975781293885893,0.4971629619340141,0.5061527489487565,0.495872181842601,0.5173307077854654,0.5146885583708875,0.4932814984417232,0.5092545016701735,0.4835044976341212,0.5161419925049215,0.4844843429909956,0.4793085936535379,0.5017360852867903,0.5205380766668464,0.5091566956106716,0.4967665782160109,0.5140555230590171,0.47585584774179124,0.4904954432221889,0.504761305554508,0.4910908115395576,0.5028453627071153,0.5052862375368996,0.4845355300416827,0.4797427949619812,0.5158968499744161,0.49440096254384,0.517870145079086,0.4788092824366011,0.44302071559953865,0.5200305253973413,0.4832824923508267,0.4746471282961886,0.51574477628099,0.5088282961201571,0.4840657480318332,0.5206129491798965,0.5048595079731749,0.5149147916364588,0.4844638490738699,0.47591347416296986,0.48673971806298993,0.5171181767973481,0.5182293542562826,0.5035104180670271,0.4862254498903352,0.47991998459117857,0.5333832345404654,0.5160898169130428,0.4992231184144856
268,0.4846952043024841,0.4920800707710242,0.4910410588420432,0.4766773424188604,0.5082944545619011,0.5034984376043539,0.48753618064045273,0.53288787531764,0.48982410325654013,0.5021699228074085,0.49023364915936535,0.5012679125966791,0.5214826263515882,0.5106524754379015,0.4944147098581909,0.47097676969371655,0.4959695571152459,0.4975226952188877,0.5049709435735467,0.495540361141231,0.5169772619351325,0.5141327429155629,0.4950544599981981,0.5103159790604155,0.4845647248925813,0.5165028212553977,0.484514284524875,0.48033259001515144,0.5008739284657863,0.521128743477255,0.5080086851622808,0.49717045785195113,0.5148251324451852,0.47671677159747244,0.4890024514861788,0.5041333797678862,0.4897233668814626,0.5014128137965767,0.5062267399560592,0.48298417767733015,0.4803116776818886,0.5174073118688705,0.49616522289537895,0.5181285373506683,0.4787231320365726,0.44263405534032646,0.5190426875592746,0.482093672154488,0.4757601451161133,0.5148773653580352,0.5071452815236674,0.4831472523050628,0.520589495062252,0.5043868477596194,0.5157119032873437,0.4844101418349606,0.4752415133715216,0.4855033848967907,0.5165783089849396,0.5196409532811443,0.5022394974646965,0.48664756600713005,0.4788088743832859,0.5333550387654596,0.5143173612956078,0.4987897467890475
269,0.48534569474627404,0.4909699744349047,0.49068268216968175,0.4757788986093085,0.5079417239959427,0.5017313696366981,0.48822897601507975,0.5318575695387017,0.4885254870984727,0.5039154732338813,0.4890734637014803,0.5002679787998533,0.5218938635832598,0.5110388683302274,0.4947281601502172,0.47192484585242817,0.49732468114440515,0.49690585360881184,0.505095983058024,0.49455546423013913,0.5163551046523633,0.5142401871253703,0.49467733895340776,0.5111612113018218,0.48340644244653,0.5156083431132275,0.4831542663788314,0.48118302780786826,0.5007573841787625,0.5196244830939023,0.5065076408037729,0.49553080843296704,0.5144766327438207,0.47695815452960705,0.4898875663526784,0.5027800023303538,0.49002127756708946,0.5007576001738332,0.5052821514949312,0.48308505126909485,0.48054501181862636,0.5171940684970037,0.495598168440152,0.5172004514657121,0.48037062351367765,0.4442914422391533,0.5188866958856919,0.4824582954292235,0.476280590030643,0.5153687922400786,0.5056197984562172,0.4832868141054632,0.5207064748950414,0.5039780013065168,0.515214172803558,0.48516263532354487,0.47510787961230677,0.48701386131701996,0.5166951752135357,0.5208592683592796,0.5034562052889748,0.4877552499308367,0.47736527731155476,0.532108278727108,0.5136886200114964,0.5004939590735189
270,0.4867614191589831,0.4919233424959538,0.4914462650038607,0.47633175325944127,0.5062176556189416,0.5034699335233114,0.48705806709406063,0.5334304787429631,0.48835328372965464,0.50370835992246,0.48804204811551816,0.5006824897852865,0.5211009240314691,0.5106703969911925,0.49444195197744306,0.4735763977767893,0.49808665954108017,0.49624938937999247,0.5032735069111293,0.49459596410544443,0.5146624439603563,0.5136462287079536,0.49348541237276367,0.5120190370022749,0.48481156040925955,0.516419395849018,0.4821387088937086,0.4807321138403644,0.49896313825166466,0.5212191320329734,0.506011163974323,0.49552259984103453,0.5145952992571936,0.4778833307947952,0.4887654574739017,0.5015548508144779,0.4905126591347899,0.5018441338836066,0.5047565493585017,0.48226356451166674,0.48114841670350134,0.5187708746386815,0.49543082649603415,0.5182199801729008,0.4803232269940879,0.44399309711994234,0.5195573438498551,0.48150459581849603,0.47696729129277193,0.5155026021875738,0.5068208693653709,0.48263023686983925,0.5214793177451006,0.5054311231463334,0.5148945179940446,0.48513326615117586,0.475601185881486,0.4852908657946174,0.5164073065220358,0.5215100697528245,0.5050489631667375,0.4873811850244573,0.4777957489945917,0.5325682916985685,0.5118886606970909,0.5006254421444594
271,0.48773904966778125,0.49101386810240316,0.4925718047551882,0.47642653163898463,0.505136248977692,0.5052612583211277,0.4864019340716325,0.5345071044614266,0.48830536691586635,0.5050975531374572,0.4890636414968845,0.5001861136580693,0.5222237650286132,0.509602589002977,0.4927258919490406,0.47427771860713624,0.4981533877818423,0.49519061587941604,0.5019598299259797,0.49296854492943726,0.5147361979987871,0.5150834902422453,0.4934278417362902,0.5107467861561283,0.4858785904302721,0.5169276076568541,0.48177841687863543,0.4816686668277138,0.4973250635923299,0.5224636546556138,0.5058617691122519,0.49485174332117393,0.5160471905822198,0.4787479405999862,0.4881545622720322,0.5002367485114684,0.4899340211869211,0.5027392164714453,0.5064517145514251,0.48086605187859266,0.4829276965725757,0.5193788175751206,0.49552555764796036,0.5185299799955467,0.47964404067236915,0.4428824067659437,0.520034785019725,0.4827824524534559,0.4764434701973234,0.5148796245656266,0.5061591798273518,0.4841203693607546,0.521319159677386,0.5057422185373285,0.513146951185313,0.4840140107673977,0.47619547606314394,0.4841728712997256,0.5174895929361948,0.5206112435760492,0.5036417130050758,0.4866897033606496,0.47893232439037625,0.5342452049898434,0.5128654092290301,0.49992415703652066
272,0.48751469908899525,0.49182347846870444,0.4914016342311558,0.47739591779941326,0.5037048828173232,0.5054869179406153,0.4862222498467767,0.533269929551011,0.4882790417189368,0.5046291821207527,0.48979610859914546,0.4996833001099077,0.522334839607906,0.5086788476223065,0.49126156678517235,0.47323297822122506,0.49845726098604703,0.4952872490136771,0.5017262160015041,0.49186238140710375,0.5157992963529293,0.5157675875518963,0.4933521283087485,0.511926690131396,0.4858541413184517,0.5175767857232927,0.48263197304132344,0.4829411691919276,0.4958489378936291,0.5218130026566092,0.5058307862143216,0.4943068935834449,0.5143380094449599,0.4800755528349176,0.48934187014678715,0.4997036302485797,0.49005705855494197,0.5045367634100133,0.5053605971723037,0.47957442471985845,0.48384560959303635,0.518554271351111,0.4946639956478576,0.5177619684300352,0.4781864506681507,0.4431664777628558,0.5206392123917383,0.4829920927527818,0.47733729852340934,0.5139767423148348,0.5056603149581991,0.48286715884393405,0.521927551379461,0.5066905856247056,0.5138033388772427,0.48439385016079894,0.4764187472061203,0.48491125455422995,0.516375995524014,0.5220127597390574,0.5028020613502937,0.4865023269695672,0.47946748432742436,0.5323882748130743,0.5137989830379966,0.49876405968364923
273,0.4864029510856632,0.49118094178543675,0.4915750996093147,0.4787679070279253,0.5055127418746341,0.5040406568947415,0.4854593059794734,0.5331988221080092,0.48749549847768936,0.5061537073411446,0.48829282569542193,0.4991449196322832,0.5211061275165498,0.5085436497969573,0.49083333567166537,0.4722555466820616,0.49832986161954634,0.49581687108731193,0.5012456318977653,0.49052153166051504,0.5163201078326592,0.5160477505349351,0.49315695422552597,0.5121557257555012,0.48541878772820485,0.5186338515520461,0.4823856515738534,0.482478725596905,0.49436237997575516,0.521684096892739,0.5071808199495448,0.4936187522304409,0.5126652416717654,0.48115519078757146,0.4883190694591632,0.49950607471516384,0.49040382078168837,0.5045111020197525,0.5044419766291172,0.4814638455538826,0.4846082537793254,0.5185568268525157,0.4958601786028252,0.5168991086741118,0.4774223418816703,0.442322889580919,0.5196485475944359,0.4819410405702943,0.4756566792151101,0.5131146861572241,0.5061852639962172,0.4838194509907135,0.5225706938534277,0.5072110428642227,0.5142935781113596,0.48553956370122664,0.4759240617799217,0.4865346540087438,0.5147166940567166,0.5232164919116359,0.5017388127251339,0.48787951703853527,0.47967372379060236,0.5335858416925756,0.5128769850171366,0.4994842066341311
274,0.48567037093944726,0.49109063229013994,0.49108631676155634,0.4803551371327097,0.5049102468845855,0.5034985182667591,0.48659310534241396,0.5319059828220714,0.48687005695548824,0.5043190408915831,0.48701146965852976,0.5006231345953871,0.5227478237473149,0.5098492537132993,0.49124977884478116,0.4718877470040364,0.4999327506354533,0.49411211121208226,0.49965492949320367,0.49147503091668837,0.5151458286812841,0.5141960787849971,0.4930157229819632,0.5124111703955357,0.4844639144153074,0.5188566105357313,0.48158990366186405,0.4841288752730775,0.4954733363368254,0.519882849491655,0.5073291922082421,0.4954660077589449,0.5140373411585824,0.48068218805855967,0.4883545575071522,0.4980806948129114,0.49133137666671617,0.5034289120949327,0.5037167906553551,0.4821312775925349,0.4864884564173353,0.5203080830640026,0.497381045343631,0.5150869966181324,0.47869834701311864,0.44187756227794756,0.519932100403742,0.4836182458780536,0.4750764978038672,0.5126070655728856,0.5047379015295045,0.4849012272539323,0.5218569816330684,0.5086895197365979,0.5151521725466484,0.4868907704370409,0.47750798819088963,0.4863071529312024,0.5146647184915975,0.5237724554092807,0.5024572996644313,0.48847377851774665,0.4813066123553307,0.5324387127307263,0.5129807015093953,0.4990771091861134
275,0.4863096060519082,0.4917605528541341,0.4911526345761084,0.48127627734442247,0.5043692024018869,0.5040088844109427,0.4882700541123434,0.530990480317438,0.4856218128057366,0.5043944035666487,0.4879950990441388,0.4992086567268877,0.5239682117364513,0.5102625148337918,0.4915732144738737,0.4736173145037587,0.5001464157523564,0.4941599808953886,0.5010897696225003,0.4916386813741695,0.5144417529025307,0.5151628595487127,0.4915496880361657,0.5125391730045331,0.48406151376444106,0.5182839483487829,0.4831194797796296,0.48258375145637783,0.4963542325410237,0.5181661479630968,0.5056556349279301,0.4970543083761787,0.515061099276249,0.481527236724454,0.4868460392821336,0.4967266498237397,0.49216696132830096,0.5016715968332223,0.5044289335646429,0.4834985715456709,0.48559314057704767,0.5204387701426114,0.4987788423309624,0.5147004692691834,0.47849652074579413,0.44148144441397535,0.5205537202992224,0.48287409686654736,0.47598125878792447,0.512788937995709,0.5054996954868618,0.4843546912808756,0.5231755494465132,0.5096895943794131,0.51569854063935,0.4857422122772423,0.47613847045169966,0.4867298567298061,0.5129619787798575,0.5232671956862782,0.5040499233930917,0.48670170671974866,0.47961878489422133,0.5325830638373836,0.5135499970081135,0.49870401588312885
276,0.4856618339118852,0.4915821569159145,0.4912055512920382,0.4813929170678207,0.5058130905876349,0.5026581726634061,0.488079528008316,0.5306049195819392,0.4852310439469406,0.50284300062317,0.48675880150074124,0.49893841431867475,0.5243267777470053,0.5114495108241414,0.49314783160008985,0.4749239554747387,0.49935982129010253,0.4929214749891068,0.5010412568944265,0.4914595095167852,0.5132549105593346,0.5160774033222677,0.492888150216962,0.5128459234161664,0.48551893309562894,0.5171497258208617,0.4839368058272347,0.4820128787234234,0.49565784870487617,0.5164429096931992,0.5053051248870338,0.49860702632184684,0.514239427842113,0.4805763660887121,0.4853453504880182,0.497790483703535,0.49256927122396416,0.5014652091664229,0.5029553302116094,0.482187589266975,0.48588134583325576,0.5190961270931621,0.49905628365106697,0.5150377310257731,0.47684334637727943,0.44242542500866194,0.5202248700332386,0.481331542496939,0.47614701767246653,0.5115285286768013,0.5069253092456235,0.48601709517157793,0.5233627224273918,0.5088417138659352,0.5151159637087019,0.48664826823491064,0.4753084680255837,0.48699060327179694,0.5122819695964607,0.5218865332306131,0.5028009674844723,0.48840032463038824,0.4789630469320767,0.5309906442494482,0.5126994640684995,0.5002526266710857
277,0.4846148463085422,0.49286584455198995,0.4918237878277424,0.4822265002560588,0.5053094673606067,0.5039799437338192,0.48934478624717137,0.5294959414985364,0.48659489316874965,0.5046024720958496,0.48772500534955965,0.4980825315781854,0.5229562380675307,0.5101089839939724,0.4936289421364458,0.47475982937164474,0.5002283419256777,0.4942373593143215,0.5009121051494809,0.4899574994739152,0.5145893629985016,0.5161558280029241,0.493715977347705,0.5131913476327439,0.4869174716514649,0.5188726431374511,0.48297446354964063,0.4810136992650312,0.49547048172334907,0.5161116127466902,0.506781948265419,0.49763063245055583,0.515711026406714,0.4799338475851212,0.4862252439957139,0.49905526559859753,0.49288881052649786,0.5019197556444733,0.5044710900235653,0.48243911171054576,0.48506563400628067,0.518739646287671,0.5005424271888314,0.5135550885653092,0.4785179267147785,0.4441512931365937,0.5217188242937192,0.4811800121989579,0.47502774544805165,0.5126940253498218,0.5074822156504585,0.4864972766816151,0.5232151462387012,0.5101975362246188,0.5151129591709889,0.48686669430476637,0.4769914388482762,0.48681253701757543,0.5121122442727918,0.5214588976184924,0.5039961675680115,0.4891305171878201,0.47802085334381533,0.5310442356723089,0.5126761518536372,0.5002641855026774
278,0.4853395534262186,0.4945490248480043,0.4901869821629258,0.4810197520570554,0.5054323268012035,0.5027536920825575,0.49046684783119726,0.5306558290365316,0.4867518825926531,0.5030447631935313,0.4864497235584433,0.4982666534340142,0.5240886701837161,0.5116587414221522,0.49418015433245494,0.4743490219615934,0.5009020678268021,0.4939478285677963,0.5004243187334863,0.4884156100814204,0.5149309896943048,0.5144974544190055,0.4925935165020711,0.5129692257685162,0.48781704692056554,0.5205849493820184,0.48123837189093255,0.4796273019705809,0.497068409613488,0.515087232537422,0.5079179896399858,0.49764072882148475,0.5153250746053122,0.4813098712672066,0.48617941131234677,0.4979382153181081,0.4919144980803326,0.5015500066532371,0.5051022812362206,0.48113802259690325,0.4841527841014199,0.5190070131794765,0.49893663969047397,0.5151194662734134,0.4772688612534419,0.44276905682337336,0.5202988021244012,0.47956911293625604,0.4738703756175863,0.5143495501871973,0.5062840455152692,0.4880845152332148,0.5233574393840797,0.5090067795718164,0.5154821102330316,0.48751819340805963,0.4784656364620258,0.4855231817234913,0.5114539580070143,0.5199652825723606,0.5040945085315751,0.49069054475953977,0.4774651878804634,0.5300739269588013,0.512537799883194,0.49913836466231293
279,0.48712608415187775,0.49440431738452306,0.48926404063656803,0.47981183093490526,0.5054107668936113,0.5024428906921737,0.4906516732815156,0.5302361001357709,0.4862859124355833,0.5045225832505145,0.4848770928185514,0.4988333762218861,0.5228049095425554,0.512055284979124,0.49322884827654606,0.4756776017698082,0.49937401428962735,0.49486568493050026,0.5010358290293154,0.48913673336299135,0.5153075898950268,0.513077264869732,0.493384784103242,0.5112321619879825,0.48838899009537784,0.5195301217480341,0.4821139482985982,0.4781308970789336,0.49718031974559385,0.5154190745605324,0.507593155206074,0.4983574297710968,0.5156314639930377,0.4810532719782535,0.48782179359602296,0.4970094626341577,0.4935244908514844,0.5026347288989177,0.505212412540654,0.48233482890629664,0.48592589088415084,0.5172026481598809,0.4994539299470319,0.5151195856337916,0.4765187133045721,0.44228049462511243,0.5198343611244818,0.4793713447039676,0.4757409914259688,0.5139761604283785,0.5068272864307908,0.4895762090059881,0.5230884961665236,0.5083748563535607,0.516661535081338,0.48931864241792394,0.47839307814786247,0.48623955842403876,0.5125058641743113,0.5187391159066159,0.5058311248419864,0.4905361847321078,0.47720614348632256,0.5304376195935446,0.5135079572691581,0.49744648823507503
280,0.4870219355714399,0.49331130988704996,0.4888020690433041,0.48054576326610643,0.5058463964635775,0.5021511945317515,0.48969344896956396,0.5294483037283593,0.48669416994552045,0.5040338882197644,0.4866155716142302,0.4974701626649856,0.5210243237150619,0.513470602850323,0.4935107503658375,0.47603288547868916,0.49775348266450314,0.4960592386112233,0.5015291492345105,0.4897880873968298,0.5142597206528168,0.5130601236692771,0.4917153485759001,0.5117569305832325,0.49012673626807574,0.5198670767819383,0.4815468956253687,0.47704763490385327,0.4964261368014233,0.513946489076825,0.5088698011637366,0.4981496266402189,0.5149130451914877,0.4810533553557978,0.4878629388233634,0.49697260503544366,0.49492830182676745,0.5008590091969026,0.5042410030167137,0.4812919115800476,0.4870942056342082,0.5160937332445548,0.4977056419665918,0.5154958900557836,0.4764006224776924,0.4409716550041796,0.5206323495983173,0.481105700798679,0.4741941429228086,0.5153209006866357,0.5082041461836799,0.49059471504325236,0.5222048343102998,0.5093043361067715,0.5178627293494388,0.48787877841751726,0.47945802380561386,0.4851847423921192,0.5130591648604816,0.5183038853208518,0.5049183790227304,0.48968079370396195,0.4779179133908799,0.5299659310224428,0.5135464450120577,0.4982574771493019
281,0.48621793614396325,0.49461039667420437,0.4900888476096626,0.47941491549827076,0.5050621249950036,0.5030358225778122,0.4902333331355284,0.5303183883839232,0.48515281338884064,0.5051245535879085,0.485924353445241,0.49693375494326947,0.521741478276754,0.5117889292177122,0.4941061825279694,0.4755225869065859,0.49718001847583143,0.49481581512273515,0.5022518094287637,0.4905820807018613,0.5153991711363823,0.5130897616150893,0.4907245083156881,0.5106972065874198,0.4884496431241505,0.5191319318649644,0.48289564829017734,0.4758910965638631,0.49620867570855365,0.5148561384336996,0.5085506761258356,0.4966768415067053,0.5140080668780417,0.48147375043088714,0.48874516080885694,0.49677137297646173,0.495121380772562,0.5013199205942104,0.5050553670873693,0.48146074216051754,0.48689702635368287,0.5171689752657069,0.4973385399260682,0.5153802955636316,0.4767219035925378,0.4395951690978586,0.5205426418796064,0.4799264048273245,0.47276088055933935,0.5167626550500721,0.508801109675472,0.492277726926264,0.5228981895525369,0.5094974047883776,0.5172323395055644,0.4864085368732349,0.4809689027872372,0.48694484740018973,0.5133162027008982,0.5181007537755425,0.5052343766649093,0.49014227573150077,0.47682679150623525,0.5307932340898975,0.5141975011431691,0.4978674911301864
282,0.48762768828064623,0.49420706733409275,0.4886366709116969,0.48052729260128246,0.5054932502698075,0.5033181173614586,0.4894012718473628,0.5289707648941312,0.4854711249640734,0.5047087754328782,0.48736760370934773,0.49517813203093225,0.5232259632718127,0.5129828536474509,0.4924954440359758,0.47492952428786306,0.497675717081191,0.4938325518422652,0.5013288406596011,0.489966376957474,0.5167537560842338,0.5136669369088775,0.49001070256607765,0.511224786690196,0.4898668141702818,0.5188264803292562,0.4833104821237688,0.4757044923267007,0.4961267834728707,0.5158430403222654,0.5085740397745981,0.49532524314310905,0.5146472497098691,0.4830059580423277,0.48791004517719094,0.49687877124311464,0.49535964613968086,0.5029004100387956,0.5051334520111267,0.4824312147879984,0.4856068419760534,0.5155773886355943,0.4981033141999345,0.5164046428110077,0.4775663409017443,0.4394175550256615,0.521047413017366,0.4789678369274836,0.47139182468494684,0.5172677700858375,0.5093464466242986,0.4925588200070001,0.5222955629145716,0.5081720976179835,0.5186547501957395,0.48760875118115027,0.4808585932212985,0.48663088966226525,0.5124206150474283,0.5171918176585983,0.5066252017857107,0.49029517500127706,0.4755329382151314,0.5295816381280458,0.5144098992441788,0.49674694757154314
283,0.488614079521665,0.49285388501677585,0.4883462542490754,0.48061052648828123,0.5058503362806529,0.5018942660131267,0.487982600361815,0.5304531216838296,0.4844280975370011,0.503761814491681,0.4881392561509162,0.4943636024640033,0.5238200866062294,0.5128497010935296,0.49270385856146726,0.4747767431420785,0.49878778928352047,0.4942121271054073,0.5028726108469657,0.4907754147731025,0.5153060015684995,0.5133425041560663,0.48952867423293855,0.5116633847001867,0.4885711533149011,0.5192028157443678,0.483477445398918,0.475129645494782,0.49616059829424547,0.5172005750290057,0.5082152471665204,0.49573673476810226,0.5139561871607332,0.483725100441372,0.48712797316355905,0.49649623309761254,0.4937365495199386,0.5045312515857772,0.5059018561674086,0.48082320712352494,0.48401892888178305,0.5148329978188486,0.4986811639293207,0.5171730861242243,0.4776076427119708,0.4389301312625925,0.5200862273105819,0.47952594762387984,0.4701192458256054,0.518703762856424,0.5094142676554406,0.49388804708856054,0.5214236745665672,0.5065296039148905,0.5170873520976271,0.4883041136876017,0.4794670167197918,0.4859950322386399,0.5134942257924119,0.5181634840641344,0.5079419679998739,0.4905554351130723,0.4759729813921674,0.5307027031854187,0.5149842566117016,0.495372344424469
284,0.4896286479495685,0.4932539441615706,0.49014062437004613,0.4804761961666573,0.5058962167170786,0.500323779887872,0.4867449022283881,0.5315859788010352,0.48311436991842177,0.5027137067201953,0.4867255640047274,0.49600672136500223,0.5230307283497658,0.5111963112750593,0.4916031162456199,0.4745563658961579,0.49927211714268993,0.4953068991180123,0.5012602589622351,0.48933946632119885,0.5139369480758402,0.5131369790001185,0.4904641709987035,0.5118105075472421,0.4896878049052831,0.5189726227452852,0.4843643481107039,0.47361186038073755,0.49777031281672574,0.5169089351789414,0.5069687532562142,0.4952095385665399,0.5124792026081559,0.48326598839878093,0.4869583065237096,0.4961959658104911,0.49246231497192766,0.5027578967479512,0.5075990757518515,0.48204733631321406,0.48273921400676734,0.5163971642563655,0.4991145642588076,0.5185590981746526,0.4779135008493716,0.43836632366819206,0.5198222239166764,0.478738808910262,0.46878078397543055,0.5197016187651862,0.508792127807019,0.49542031251020385,0.5223944546149989,0.5078167530704069,0.5165032527793487,0.48716711946673313,0.48126503748677574,0.4873658078551278,0.5133427959079263,0.516721270560843,0.5086076062330278,0.4892774303068496,0.47503891535186943,0.5321329104004258,0.5148097187750688,0.49529427774385554
285,0.4896652114700997,0.49468543345067867,0.491384384269581,0.4812710826311288,0.5061656791159934,0.5015072701203377,0.4854978701680365,0.5328580484824941,0.48177341051622025,0.502624582404719,0.4854403838975385,0.4974459692898579,0.5228250708106316,0.5116875105361051,0.49003069795852405,0.47339626348348146,0.5000632894048072,0.493798106005597,0.5015146801240318,0.4893060468347979,0.514896009152325,0.5133102326425855,0.49034369496552127,0.5119858041830864,0.4914463180869556,0.5173340949036453,0.4856409753937511,0.4735278508786932,0.4982105675637122,0.5176595885354985,0.505665875072148,0.49525085190117457,0.5119577934899254,0.4826889356703908,0.48646112671509706,0.49592282479478506,0.4922349079322222,0.5029619876556738,0.5085373802800769,0.4838228050812635,0.4819832680879747,0.5152919485360474,0.49929346974096794,0.5187453174596706,0.4769973567660948,0.43724011830580095,0.5196888961412696,0.47869101294161215,0.46781940080447987,0.5195156659550417,0.5103362634239396,0.49637298678727754,0.52170244916593,0.5093687134743167,0.5173822071435402,0.4870320329918241,0.47990411027751584,0.48705623831468386,0.5135841967254174,0.5174955460454999,0.5076910471991255,0.49018090718430185,0.4759632713897649,0.5332765502533534,0.5151348390820332,0.4937565417024853
286,0.4907289731219352,0.4946024232727642,0.48969050456408697,0.4817802356276244,0.5068974127282748,0.501506803304386,0.4845459103897506,0.5310152401830223,0.48101419285484454,0.5041528843208891,0.48670365284045874,0.4961121730182417,0.52254372503753,0.5122845541310008,0.4892327045330027,0.4726682208032252,0.5009922899489176,0.49496988310295553,0.5026504145313814,0.4878519536437394,0.5132980857955766,0.5135399742006961,0.48979123647710876,0.5117143285216127,0.49127546094074526,0.5168098707276394,0.48568233673998845,0.47443542512409465,0.49757843154532755,0.5188679590939699,0.5059952362893427,0.4967232586076845,0.5131990137555079,0.48376616794544336,0.487250205792575,0.497637185813833,0.4910664300631453,0.5015545670540877,0.5074704625026489,0.4831147482227279,0.48336677713883225,0.5162918383257211,0.4992060048000774,0.5197246691917095,0.47653091021184,0.4384295894927289,0.5183371549740323,0.47900299410434666,0.4695817170239171,0.5199574520992145,0.5111440234670938,0.4949167230040968,0.5221506505463408,0.5102187276937973,0.5177811295198584,0.4870954057779766,0.4808177871693265,0.48875958803117353,0.5128495102390214,0.517828687807357,0.5093135853666763,0.48950469613586406,0.47454686922156086,0.5346012340883808,0.5161259138453407,0.4937476546507065
287,0.49115068728005173,0.49388542613056274,0.48883251952008133,0.48168411722980103,0.5081743887647724,0.5028495364547511,0.48411324915403736,0.5317263075713137,0.482769704184267,0.5030072996648202,0.48566032269342396,0.49717056376148727,0.5233107047244674,0.5123223312508984,0.4880688400678007,0.47295144718996374,0.5001508312217599,0.49402769025209103,0.5042295762656749,0.4871554309836952,0.513406115728008,0.5151444448296607,0.4889419480981405,0.5124674452312158,0.4929193788546153,0.5169936079280408,0.48639105610112365,0.4743250447675728,0.4978063846990391,0.5188115095226067,0.5045827305671463,0.49511328189882153,0.512488630349762,0.48381103981191853,0.4865007411461795,0.49710176971747083,0.49032793377878736,0.5009126280404365,0.5088404443888128,0.48188403356525583,0.48509176083200134,0.5157072743984457,0.49973979886337017,0.5200422637831339,0.4752520955633788,0.4396884733275618,0.5198151586333664,0.4782366812672617,0.47101781433331935,0.5187494375235668,0.5107550152641873,0.4953719967167787,0.5220522909836256,0.5096447836391014,0.5160854389520269,0.48778418468264567,0.4820097019620962,0.4896765491850412,0.5121944402005116,0.5162067861406042,0.5086724504306919,0.49054419212202144,0.47544736751075245,0.5357417656351576,0.516177158678713,0.49204047678507323
288,0.4910129330795333,0.49548507558483795,0.4872580475826555,0.4806729157522213,0.5078054844624212,0.5036345033879441,0.48575198618804866,0.531144863289336,0.4818184086947468,0.5025864638039479,0.484912791196228,0.49640758167730475,0.5219152440115943,0.5132681317201323,0.4881711678185778,0.47313484116030824,0.5010357541323535,0.4943508658033994,0.5025746188720892,0.4884511113218658,0.5123776760443018,0.5143500630502794,0.4876234544045045,0.5131218509775122,0.4925125079327881,0.5174761058287565,0.4850916385612878,0.47452846477818805,0.4993971493019162,0.5180166436381834,0.5061300600405708,0.49681342326593103,0.5134534302075129,0.48218158748865503,0.4851028406137677,0.4976581193976775,0.4913969225631381,0.4995947571385046,0.5104390965300311,0.48080673806831065,0.48444265160876715,0.5167985797361246,0.4984566065943689,0.5209530399126305,0.4753468987079656,0.4397979082113824,0.5201948149504868,0.47908298169624075,0.4715335753670933,0.5171987246179787,0.5099817022409612,0.4937362720557225,0.5231297664386036,0.5084163040387882,0.5168350722858945,0.4894077042393865,0.48123418970516924,0.4905858558982965,0.5127715507210531,0.5171645120345109,0.5097351603906285,0.4890416808629962,0.47681740123316996,0.5357739680539915,0.5170974082156394,0.49122840959858904
289,0.49054677145355635,0.4943911822934916,0.48637726115402996,0.47998262996223834,0.5073968266155766,0.5042363063564304,0.48721428358908614,0.5302398336674208,0.48150421922849734,0.5014239955373042,0.48567500592919793,0.49668172266609584,0.5212510149252775,0.5125651611017026,0.4895904195489325,0.4749550686344846,0.5023387292895052,0.49562428337694275,0.5026563920129039,0.4874165135728909,0.510974937424874,0.5135228212229562,0.4874146009071083,0.5147376352401561,0.4924239047586412,0.5176556407854935,0.4848763511768374,0.4743378418287761,0.4983687047920305,0.5193162305128637,0.5058376877273437,0.4967261424556033,0.5143481532904546,0.48364773151698365,0.48658853296579857,0.49611256679861204,0.49150581951718947,0.49923978333550684,0.5102811189467366,0.4817915439484333,0.4837785679154838,0.5179875852051972,0.4973384577335047,0.5217111406851503,0.47602688113975966,0.4412432453910648,0.5197754116783966,0.47836829060499153,0.47118416241470223,0.5175486862272998,0.5097429710373349,0.4940892802006114,0.5225067389402265,0.5085901499465638,0.5180109655681349,0.4890818745046606,0.48182886350673626,0.4915687359882799,0.5135511609459501,0.5165798255109567,0.5092342978579795,0.48874133104542583,0.4760946707239036,0.5357047722842244,0.5176778853202317,0.49058802609373553
290,0.49201376222077425,0.4935760529882262,0.4865264320806434,0.47949708424264204,0.5064747527521349,0.5043024491337104,0.48672871910934423,0.5301353028138507,0.48223426893123145,0.5025046792882776,0.48736270826974415,0.4959516891556986,0.5210956869294086,0.5121826015061163,0.4905379454490043,0.47528631948609085,0.5012404121459452,0.4940465837259949,0.5012179678023093,0.4884576017765519,0.5124145890769213,0.5135798861847974,0.4891057501737119,0.5141491862853452,0.49363641542877607,0.5190055677883855,0.4848076069018384,0.47305401747241715,0.4969996388300246,0.5208189118263219,0.505467809478944,0.4963794837097289,0.5132236063730499,0.48379916859163125,0.48759664317110873,0.4953654248411676,0.4915343644438359,0.49772841178752525,0.5112305562046118,0.48108270874617715,0.4851271277266562,0.5178105236304111,0.4957869350100355,0.5217956968962308,0.47470681738324744,0.44130194451921184,0.5209045412165768,0.47829054000918836,0.47067918038569656,0.518240071475131,0.5094413613125144,0.4938721170484119,0.523808678198071,0.5086803714894201,0.5196036184156908,0.4877151162663588,0.481497937405451,0.49144164283434555,0.5147892213531113,0.5164797781858094,0.5084574893049861,0.4873441238586813,0.4757755226704758,0.5348850626007439,0.5173847860250549,0.49161692544281294
291,0.4906796111341504,0.49308061399740083,0.487052288322385,0.47897864803936213,0.5050340969196532,0.5054451649409146,0.48769436867837945,0.5299635443437063,0.4822305541241616,0.5009669637172542,0.48657436090649825,0.4968600498204717,0.5196640181263196,0.5117024451433667,0.48947868406120365,0.4740484086717459,0.5000837403924692,0.49319784048062293,0.500488440975736,0.4897481204316826,0.5108532273532502,0.512344512002803,0.49011399431228647,0.5148981548184639,0.49403440421323447,0.5201048279303992,0.4832320768465394,0.4745187060122166,0.496180716332423,0.5201427118642616,0.5054092651799255,0.4952352266487815,0.5141709440131139,0.48369731590790355,0.48870803875205104,0.49643199608872635,0.49137935938023225,0.4961035464872759,0.5118949120511878,0.48093684947135673,0.4867929262086735,0.5161996032396448,0.4947941900641473,0.521501587069892,0.4734329013512746,0.4408523887084979,0.5205626517049239,0.4795816552524155,0.4697217502719921,0.5186948248840033,0.5093680920755231,0.49444180337458377,0.5223471527798202,0.5083105840637305,0.5212272458664305,0.48941589802687196,0.482472432417281,0.49226489259330336,0.5140373903385178,0.516629732180185,0.5067655005958752,0.48775157636814886,0.4742825774995142,0.5357873894379032,0.5174984754730173,0.4904365539177648
292,0.4902110516744881,0.49421235376230016,0.4875598535894645,0.4784058324383914,0.5035503064750544,0.5044666246492805,0.48677392100384304,0.528734194108978,0.48305923428221953,0.501996944702628,0.487205963901257,0.4964909915316441,0.5199325507555554,0.5114800442850117,0.4905009756276668,0.47535353728835344,0.5011112782839775,0.49474915422693055,0.49921162872801106,0.4883142946577563,0.5123905081017456,0.5132716660496374,0.48961050409777107,0.5157838257543431,0.4956438558667626,0.5201863529244631,0.48310598138608324,0.47444732649150284,0.494567080817438,0.5193386197314374,0.5038976170713573,0.4939242163765303,0.5146841806432604,0.4830786168829718,0.487437048463618,0.49507432514051547,0.49113938798707774,0.49619992076654607,0.5102186045551018,0.47974183270936976,0.4879681069819271,0.5154412390147008,0.49626201846770657,0.5230600516855747,0.4734580785807513,0.44024875482693854,0.5207087519020416,0.4795276435270633,0.4694843396603771,0.5192540980455012,0.5100406379591692,0.49482889005821923,0.5223120949352993,0.5067721745519571,0.5194852680739679,0.49000268507200595,0.4835662983322905,0.49135595044720964,0.5146143436453275,0.5174267405027707,0.5068492406480924,0.4892660266616217,0.4751407927430701,0.5347959334729603,0.5180674335800984,0.490004365868595
293,0.49191311078744687,0.49315044204464337,0.48711912882989783,0.47777706268020087,0.5041518360141273,0.5058088305660198,0.4869927440756554,0.5280292701591853,0.48159274561856213,0.501828044116488,0.48608945072529103,0.4956259124271239,0.5205819577304358,0.5103812785139353,0.4910559908250925,0.47377449126026483,0.5007282168052349,0.4931288283004208,0.5006448622719666,0.4878020401709241,0.5134598463722432,0.5130146984695584,0.49121812820241323,0.5160079032512435,0.4944048539265071,0.5212324808551134,0.4845486641672415,0.47293536829580446,0.4953822114972192,0.5187854788828056,0.5054547988196645,0.4942990209320825,0.5139589469631218,0.48310649062324457,0.4869401191565593,0.4938614567094339,0.4927859996013493,0.4951977498014143,0.5089434952798996,0.47861241888893996,0.48915576985118375,0.5170496178984154,0.49779044481923507,0.5239525772854801,0.47427984761727254,0.4397080797688456,0.5193421958750444,0.4796304234608311,0.46981989078060127,0.5207503476539914,0.511237325703904,0.49363940244665316,0.5215816542548206,0.5077193175701066,0.5177152429944136,0.4914841747780308,0.4847171814493887,0.49186242660302015,0.5139452224091848,0.5188465959888227,0.5064986567123282,0.4907314064062293,0.47653091525453406,0.5344127254411413,0.5180237242051066,0.48926641829647266
294,0.49206474833436714,0.49429582821826584,0.4882037926043484,0.47739612250227415,0.5025659068675848,0.5062747917216612,0.48546498321643483,0.528511435930535,0.4804781824227338,0.5022668068233586,0.4876636875447488,0.49679111353630406,0.519350880318339,0.5107478378134539,0.4926450408527424,0.47251659101624766,0.500042400622387,0.49442255813844654,0.49928146528373524,0.48849558483963806,0.5148327628752853,0.5122007652027094,0.49244950907167084,0.5165937767820543,0.49406055605442223,0.5226414533134105,0.48351038541210223,0.4722825145963378,0.49516911786937573,0.5172491621556005,0.5042245822625222,0.49601839151121113,0.5147883844232061,0.4826978834709148,0.486544628077812,0.49355436915327405,0.4943689716832985,0.49670954528251626,0.5087514689929306,0.47881026178539526,0.48908948426572313,0.516490992910492,0.4969924576864287,0.5230909689582554,0.4737616837717476,0.4412250550830761,0.5196525059901014,0.48065316003167946,0.4705792624320487,0.5196251903667007,0.5113597311259095,0.4935509363003096,0.522816543631009,0.5068609123854718,0.5163181864645372,0.49177650614319085,0.48360373129121115,0.4928922721242508,0.5128515165122074,0.5180697479170405,0.5077823813056099,0.4912627191559942,0.4767902336008694,0.5347390769188548,0.5179589078880994,0.4899021580298762
295,0.49298426132462103,0.49284537576701165,0.4897284077958876,0.4768227010785929,0.5042232561258696,0.5063419654588682,0.48464172308565207,0.5278353398038826,0.4795653349568226,0.5029849326031498,0.48710446431974624,0.4973843438328473,0.5176729596264016,0.510809826894249,0.4927411930330817,0.4718457694094199,0.5016076323173181,0.49608827507413766,0.49898016466773937,0.48888577181281356,0.5153514204070204,0.5107314576034596,0.4915804539309438,0.5169787402034248,0.4939970288328367,0.5217291182209057,0.48468009880725316,0.47382683444283347,0.49619725099747036,0.5173313735499406,0.5057357257167118,0.4961721872114961,0.5143244920855743,0.48259741206272927,0.4863644947695802,0.4932363295587877,0.4958689896211196,0.49622994617905253,0.5087530647149613,0.479095662500124,0.48992295969005084,0.5171596313929706,0.4963253328401209,0.5244646583367866,0.4742289101735905,0.4423129899782708,0.5188654556653916,0.4815995799525447,0.4713533427821005,0.5202536395721284,0.5116950149791545,0.4934423542792198,0.5220012847717728,0.5061838739024995,0.5149741044554011,0.4917153875731401,0.4842092534161441,0.4932358119645392,0.5121831475156563,0.51659328018237,0.50792972173388,0.4910718798019392,0.4752605211208478,0.5348458200341106,0.5192696304997558,0.4908200551520442
296,0.49456963133033055,0.4912826218695715,0.49111577345240587,0.4783752787557476,0.5051678540374459,0.5059864251648106,0.4855561443318753,0.5271065055713935,0.48024402657128906,0.5014740290717243,0.4867838677844121,0.49881953452041733,0.5183212205473658,0.5096052766079998,0.49406368567024844,0.47074436535537667,0.5027467802462335,0.4967682191476332,0.49790353472468585,0.4878580894800156,0.5168163008197209,0.5109150315928227,0.49027868538165614,0.5166206396628741,0.4953819699543263,0.5222122718083609,0.48516286684862475,0.47530518686076695,0.4966795780013728,0.5163995004257315,0.506484020623601,0.49458293198099246,0.5141629357838929,0.482524937021576,0.48793215205237367,0.49166098600349434,0.49509059477287604,0.4952322037534915,0.5079174386084495,0.47815962847342036,0.49030247184417974,0.5181249809767369,0.4953493601451929,0.525444430184617,0.47424010400491157,0.44254672569543574,0.51816157726041,0.4812069366148554,0.47026895869190116,0.5189647953736202,0.5105068343631903,0.49325885743011866,0.5230054921961129,0.5076311979261068,0.5165910716688185,0.4910185720795739,0.4849369289306338,0.494557510468254,0.5137970294253096,0.5154559511832152,0.5086177437652806,0.4914142703567287,0.47561057381501115,0.5332220542244249,0.5201409841879377,0.490463492987096
297,0.4945193210827732,0.49209120223086256,0.49066431547785017,0.47764626909017727,0.5039683630485808,0.5067751348582511,0.4870914523157217,0.526641602435998,0.48030225232446194,0.502526714743596,0.48594723630181197,0.49893576051911154,0.5182729134084443,0.5107131975489156,0.49299333764972053,0.470467410630425,0.5016173026440336,0.4969629437586371,0.4974773302062698,0.48845952243160146,0.5152203061093418,0.5108600531489016,0.4890638358481038,0.5170136142303928,0.4947760651237805,0.5235465435835445,0.48418254210201617,0.4748903844897982,0.4952126213081369,0.517538512014277,0.5053596886479497,0.4933861471669402,0.5154406600799589,0.4823090942075071,0.4864454336286974,0.493082556003538,0.4943370000545906,0.49569304179440055,0.5080784385414907,0.4797012758014884,0.491835557503523,0.5185435548940011,0.49432956762589286,0.5252561934167768,0.4734800328399518,0.44406201813455515,0.5178113057969355,0.48037722221200246,0.4701758072450165,0.5191651390613679,0.5098580687635383,0.4945043381888766,0.523602769813528,0.5063640865732545,0.5179609922260184,0.49021107689213766,0.4833777041826813,0.4954910358859787,0.5128176286583941,0.5138727367236127,0.5082964845133994,0.4928929003434183,0.4758146394369985,0.5342195710509375,0.5194246528329601,0.4889046837221103
298,0.4933479398118997,0.4916211783843012,0.4896555425131569,0.47834069201742285,0.505108540943714,0.5063201704726071,0.4878621930928501,0.5275136333541901,0.4804873691677304,0.5030782805006152,0.48476826398417106,0.49907300060501497,0.5177883737533395,0.5096320203391571,0.49146210226104303,0.47210184450322923,0.5018973761561928,0.496361160146738,0.4972120084831559,0.48729222009221446,0.5145638422740737,0.5095676209218896,0.49051243240396514,0.515682982852687,0.49424700397246324,0.5231788487066147,0.48266107556249066,0.47483648626297653,0.49652286328100903,0.5160245235866056,0.5042394585521641,0.4922440224415508,0.516181136055402,0.4834669831286459,0.4880777847265391,0.4935252483337161,0.4953998355812112,0.4940584270259404,0.5072019945993417,0.47972041889999756,0.4905680639835569,0.5201270781156648,0.49342955891107143,0.526182910497527,0.47237664792193845,0.4441201180548149,0.5182531080689972,0.4799540509507034,0.4696666745630497,0.5188938749829614,0.5086576354113059,0.4948490800695592,0.5220332600292212,0.5053468932337079,0.5169689276065015,0.4901012777589037,0.48422613361268757,0.4951877010883968,0.513386839575232,0.5153094282909263,0.5083153827164699,0.4934020723921727,0.47526077321511756,0.5348639611559787,0.5192477034975811,0.4900722063094847
299,0.49396649785949515,0.4902362771797773,0.4908447856989741,0.4789218639506047,0.506466749418175,0.5047534801839011,0.488592888040102,0.5275475208325143,0.48085916839945125,0.5023801899304864,0.4863681206906468,0.5000237588908493,0.5185263204322159,0.5100741727223185,0.49068355268317465,0.47163154634710924,0.5011731840810962,0.4973566893579728,0.49754931979925127,0.48773777529581736,0.5144925638409207,0.5084035410532244,0.49197251490991895,0.5145856195169344,0.4927367226360258,0.5226544475117002,0.48336526200926716,0.47590456476728116,0.49653092331147997,0.5144015804245533,0.5040802169753552,0.4917242513570119,0.5166985763674043,0.4847933431832999,0.4894958406336479,0.4939404238158833,0.49667131453509816,0.49535650323345914,0.5073275900970053,0.479615825208892,0.492208171304702,0.5187511641062549,0.4926818814340109,0.5250585942534514,0.4728161351222081,0.44588000170086506,0.5173617195255997,0.48056424199932524,0.4691668843144739,0.5190124356589698,0.5091634808263259,0.4952171096175172,0.5213106542679965,0.5065145841571633,0.5167668777521686,0.48873927294391584,0.48318666900827406,0.4946107306490494,0.5121507787054839,0.516462990433848,0.5079831260270496,0.4931950551934001,0.47466944737620953,0.5335013530692663,0.5177304053781381,0.48928599356093694
300,0.49238533083215763,0.49006192199594145,0.49108592212968993,0.4784605224271804,0.5056518234962049,0.5046084718932381,0.4873356115849732,0.5265093086792602,0.48116004684214897,0.5033396971729589,0.4855364115312981,0.5005062541030185,0.5172270124708044,0.5100967239680236,0.4892521309399525,0.47191840967189963,0.5027266962100552,0.49633630810425255,0.49879388652754975,0.4871661223514378,0.514935139177007,0.5097473787569802,0.49094491394329576,0.5138644795151528,0.4927222713053498,0.5235529191790214,0.48373204233814343,0.4768636209032984,0.49620360345022096,0.5137612194627404,0.5051052053453986,0.49219300286494205,0.5171339720609656,0.4847151375231407,0.4879773649836399,0.49518998550117505,0.4975368809328171,0.49538350591673463,0.5078980615227872,0.4805072467707696,0.4923434365916026,0.5184414600918764,0.4930363125573827,0.5263167565032744,0.4726199213485925,0.44600766443002043,0.5183743721155692,0.4804959371475444,0.4704712086946036,0.5181685480902262,0.5082178126625194,0.4945722449605385,0.5214388392303229,0.5073328350823532,0.5155696528472753,0.4890878679641658,0.4827420447296356,0.4941682906778546,0.510524290964386,0.5174631930091333,0.507414077503621,0.4927266266846381,0.47616620406684784,0.5338567504922722,0.5160144041888193,0.4878457752371756
301,0.4930605445706704,0.4898240889836974,0.4913249844603329,0.4786574387584457,0.5059616612981594,0.5054943174841801,0.4869632681485414,0.5272030389485454,0.4811455747158014,0.5038075586492017,0.48450913336690427,0.5000063726022256,0.5184899717517759,0.5092121522074432,0.48777724697449604,0.4717250026487977,0.5041058710701027,0.4962677815932458,0.4974729105518818,0.4863411036410363,0.5156090656011322,0.5113081267614288,0.49067475628880874,0.5134524630356936,0.4941582673220345,0.5234487217104422,0.48282413745196423,0.47689407002512074,0.4953583402344969,0.5145965451406264,0.5064147327964463,0.4914666733058957,0.516430059200775,0.4845706376919476,0.4891942826339665,0.49462996262018694,0.49655757323067373,0.4969893441179967,0.5064873601704621,0.47944408850106496,0.49098543099391145,0.5192438002672352,0.49177120402302393,0.5250353564376872,0.47402702827693954,0.44755842636039456,0.5187483288108597,0.4791882439315981,0.4704966228944136,0.5174310027448402,0.5081242714396896,0.49622473140231715,0.5214890410011069,0.5067049235618298,0.5151935655868944,0.48775846239437715,0.4828518086812874,0.4942944457232248,0.5115129662906717,0.5159605568141072,0.5080728964795028,0.49229285347996143,0.47514438062939207,0.5346805979875187,0.5149639852712309,0.4890524876210962
302,0.4914972479766767,0.4899118906449762,0.49099975750223934,0.477097601892054,0.5044326713144663,0.5039525576148598,0.48791775309775504,0.5256187263550925,0.481932365924698,0.5037320239046733,0.4845216812784935,0.5012624098603943,0.5195247863706283,0.5081144829017198,0.4883501180015035,0.4713225716913195,0.5029856673237335,0.4957929272796035,0.49789517732348776,0.48754882699559193,0.5167904108870505,0.5096292424117247,0.4922632370663528,0.5133734321551325,0.49326349125324914,0.5236093060616062,0.4831112907593862,0.4777313517993168,0.49526200542623505,0.5161911625168208,0.5070100371527905,0.49024391525708505,0.5168112185529672,0.4853810314636416,0.49019904791097163,0.4962228002912298,0.4961012772439707,0.4986139838397133,0.5077105090924057,0.4793557747451905,0.492567579255818,0.5203087236600564,0.49146040179750267,0.5260614794030022,0.47430087610974875,0.4469340578729015,0.5181975749947777,0.47927995782868915,0.47012447208498337,0.5164269567947972,0.5064523205494423,0.49480665679694563,0.5204185049379594,0.5078871357706685,0.515022983763657,0.48941777538738757,0.4837104330839064,0.49499713966967546,0.5119306276894435,0.5161704468603855,0.5083706563458652,0.4922020733334748,0.4745991827560589,0.5356351718943105,0.5150985717439744,0.4884949506961672
303,0.4913953309145654,0.48877236143495023,0.49004079575072884,0.47774016635983246,0.5028996282768724,0.5038881035340363,0.4869722121637701,0.5244823310443782,0.48073705367100655,0.503876334418172,0.4848908911750593,0.5013211456879929,0.5181416650986667,0.5078579238920189,0.4887413504336506,0.4721189209888447,0.5024043946707585,0.4956446322248856,0.49738622229665913,0.4887508413940018,0.517017039954623,0.5094656691903522,0.49154265755991566,0.5126951706947221,0.4926838397041801,0.5223925987489891,0.4827562984179009,0.4763525576108667,0.4937120062463743,0.5159632350876578,0.5072484447996962,0.48968867664833376,0.5151904081684364,0.4855035777004687,0.4915104586152898,0.4968652882968748,0.49746244427735087,0.4980587574474178,0.5076979505255628,0.47864218987567075,0.4918638658359826,0.5216012430939971,0.49283564851877276,0.525141491645978,0.4758275467779726,0.4479265887824418,0.5193304578213948,0.47774705193817746,0.4704015129128772,0.5165256548317476,0.5072724361599031,0.49520234285620546,0.5219492866563241,0.5093653885177462,0.5157473995981783,0.48989281277231556,0.4840494889453358,0.494868315896915,0.5126219816924845,0.514769090765885,0.5067091328979152,0.4916160782814759,0.47586106081188256,0.5368168983149508,0.5149159967398,0.48942220179331614
304,0.4915911174855836,0.48993060705116204,0.49009859911811127,0.47924227250295337,0.5020751836484285,0.5033669921752452,0.48542933496314117,0.523772016892606,0.48101311352861503,0.5040980685395239,0.48602017615320653,0.5009495439524245,0.519628968821509,0.5079707974224315,0.48720798094983253,0.4716510201433456,0.501326788842741,0.4943980069495348,0.49720835561782606,0.488509778678708,0.5174463255433995,0.5103872016932555,0.4931159562617059,0.5125781259146849,0.49232696617756677,0.522123611288453,0.48188132308766435,0.47749756329104226,0.4944683699885645,0.5149644529080253,0.5083461395510289,0.4898737223580972,0.5160034937937853,0.48485150265469107,0.48990955039409245,0.49744877688156236,0.4973522916508266,0.4991703772736564,0.5073965110057985,0.4770754142185223,0.4902770175652032,0.5209706710121293,0.4944613561203244,0.5243374765237301,0.47531121370967316,0.4477348510188258,0.5176980792247022,0.4783629649329503,0.4694830637851517,0.5152386356810926,0.5059800821687034,0.49661732216629145,0.5210236589982958,0.510694162992598,0.5163279280441081,0.49006382990028574,0.4847924503830966,0.4954670978573649,0.5126791262041727,0.5162656418437488,0.5053215391772066,0.4932819932250131,0.4745915330694891,0.5375543388350189,0.5144998050990844,0.4903353804529893
305,0.4900759234863589,0.4883663513981652,0.48984785445698764,0.47914866547183615,0.5027482940992926,0.5026586899293436,0.48399174646205684,0.5241075900013945,0.479741684870262,0.5038598708102481,0.48669308889353424,0.49933140526692577,0.5192286562920285,0.5088620044090031,0.487666765053793,0.47165030394179047,0.5019241950559499,0.49444333746252,0.4972189706543709,0.4869866202017034,0.516493866635331,0.5113970465342489,0.49238210716825226,0.511684010220514,0.4930058722496563,0.5212540910564906,0.48342927972210203,0.47821742269818635,0.49498105740248177,0.5150894959131505,0.5080732466864074,0.49098349155824406,0.5165513723539102,0.48469486785731475,0.49038403415358606,0.4967532780047289,0.49620808557041274,0.49834768994461137,0.5061708818681683,0.47728043213289395,0.49193947547855976,0.5202820638722511,0.4945717598271339,0.5234780728911071,0.4746319390905238,0.44635943390522154,0.5187845877061602,0.47945298926686836,0.4694992172991302,0.5166720080965352,0.5061878021471173,0.4973115763312699,0.5210038795398951,0.511552196127832,0.5160475562314975,0.4907747601645541,0.48620286010039404,0.4965804107549084,0.5120592431739107,0.5154414488031192,0.505217948036622,0.49489568869606776,0.47611610076249217,0.5378334065263135,0.5149612433831227,0.49132643718981345
306,0.49172085999459514,0.487830705534264,0.49131809806933097,0.4801220667466893,0.5028852581791204,0.5027317602321262,0.4828664896342329,0.5242972530989854,0.4807241068179476,0.5025194906342585,0.485201059265913,0.49817556811034713,0.5201919090547357,0.5094210825442712,0.4873297173906592,0.4711138228534828,0.5018102788238876,0.49404444264116404,0.49648399447452646,0.4884023885028028,0.5172353064907524,0.5108368495977718,0.4925683113133094,0.513141694735847,0.49344096474935645,0.5220573645935067,0.48294632522494524,0.4774946491527787,0.494220235869941,0.5142066314054465,0.5067907657204959,0.48938088768490035,0.5159447456318574,0.4846353740956959,0.49164385370019614,0.4954208583595689,0.49655679023238025,0.4989956890299689,0.5045630132380219,0.4789602005414372,0.4904763887263242,0.5193286453594199,0.49344447148339315,0.5248737239009879,0.4751063802259786,0.4479982128280483,0.5182749044213939,0.4808683034775656,0.47001295365051105,0.5159981558681966,0.5046651197735809,0.49721262489148,0.5198056192092255,0.5123787610448516,0.5149660686873822,0.49154847970293425,0.48481417844025443,0.49601841497771704,0.5109209272545909,0.5145926449074382,0.5064944205969003,0.49588720899536254,0.47639042612396165,0.538611469806821,0.5134360047004488,0.4897609919766377
307,0.49096332598572995,0.4867167341182329,0.4898854278497272,0.48048705942548786,0.503742966387008,0.5013427737774541,0.48416700824585746,0.5226678971713021,0.480681506239952,0.5012692390764314,0.48617397414345404,0.4969838301547425,0.5193728982123608,0.5099030130379211,0.4862274596854721,0.4708310233638438,0.5027359729802734,0.4946299957982982,0.49547189291062277,0.4877568294862603,0.5173803841926091,0.5109785307162165,0.49388667522362095,0.5137813361876568,0.4948443670552253,0.522883259496809,0.48329471336384744,0.47686821823929737,0.4936356609009035,0.5139375295559233,0.5054985846913469,0.49027201021227,0.5165963138194144,0.4862831349138122,0.4920516872086774,0.49496693597150354,0.4961755102617148,0.49764691071173073,0.5057188033051454,0.4799273358545846,0.49179217315951734,0.5202406567202733,0.4940085028192861,0.523270677459934,0.4738856862506475,0.44684344643267004,0.5169945610266893,0.48050541981875017,0.4690725483588864,0.5154263955630188,0.5035609674647349,0.4962403536462507,0.5188993648797805,0.5118245532895568,0.5157753339861089,0.4909223554382699,0.48419954881977717,0.49690570445890025,0.5115286234341507,0.5132280885639926,0.5048568039581925,0.4972492367629354,0.4773768654729311,0.5376735358979589,0.5123017245918492,0.48929495078750807
308,0.49199238463212974,0.48789868230183675,0.4908750184411597,0.48123385222067094,0.5027813535797626,0.5002577810884038,0.4829484230680269,0.52223629468301,0.4821821080561417,0.502316406607214,0.4861645676730847,0.4973544689699803,0.5178246409065517,0.5083683496395873,0.4867070962011534,0.4716519377574955,0.5039439214901662,0.4947018868760478,0.4946535658335035,0.4887963010983259,0.5181366705564965,0.5118531986640685,0.4940545753624462,0.5128581110879702,0.49383197407453416,0.5241934709656596,0.48344167633249957,0.47852963488436423,0.4951620620344153,0.5154010561991207,0.506335702043141,0.4909219776190135,0.5171009343787276,0.48667169665677834,0.49314657704274717,0.49574091067708415,0.49545022736425726,0.49786917396651015,0.5044017071761575,0.47881771315432214,0.49083306873630844,0.5194918472814529,0.4951171953231365,0.5228023293641667,0.4738598725205606,0.4458220820988501,0.5175089572783728,0.48085456216707484,0.46780317494304025,0.5143179870526721,0.5050043685428236,0.4977359641057982,0.518497019825017,0.5117633921749801,0.5159279398268121,0.49253378440531353,0.4845831206485259,0.4985334080075709,0.5105965799079648,0.5141820471955132,0.5046129189288633,0.4983160221326055,0.47698621525320006,0.5370791784395087,0.5138271821017484,0.48781436571844683
309,0.49243231308552693,0.48720279709578906,0.48958655640505366,0.4810064111947421,0.5021632584245798,0.49879331637979984,0.48252714206130026,0.5217006141465566,0.48296917758758734,0.5012550862186144,0.48637326031014994,0.4961086253735729,0.5168854946246728,0.507896928438299,0.48792677851168464,0.4705564205098749,0.5053077161471582,0.4935612675351636,0.4932867612759442,0.49015640949359474,0.5180939628983339,0.5105190334049077,0.49369365595380604,0.5115954191799715,0.49265036723286043,0.5251340848452178,0.48492291073618093,0.48014905829211396,0.49628387371908916,0.5141043357391586,0.5060313230704448,0.4913106938311993,0.5161545150798108,0.48715147899561656,0.49405734713333554,0.49709793017631454,0.4956216201494543,0.4985318436488846,0.5029734339471019,0.47810762282563246,0.4916257588167112,0.5206907447701438,0.4943754146639335,0.5225868437361039,0.4751366664357894,0.4475901791116379,0.5184571211647607,0.47977932908953164,0.4666703351218025,0.5144906612749593,0.5063783529466822,0.4993143986361745,0.5177566314115857,0.5107012638126649,0.5163758328982075,0.4915467368036412,0.48542911144363515,0.49925622105075734,0.5108807077088824,0.5126975079594177,0.5048336563696745,0.49744966141201846,0.47620448187057307,0.5367651631027597,0.5137558360694905,0.4871849085180836
310,0.4925379895132176,0.4878599183178508,0.48947676544228663,0.48173009075764645,0.5007896171849379,0.49791493530919356,0.4818760641263231,0.5228779554786196,0.48215030928945757,0.500679798935575,0.48633197737980666,0.495757026447203,0.5157968229645188,0.5064038917396122,0.4879553570597318,0.46977355747630056,0.5055487262986034,0.49443592495579386,0.4933257606793551,0.4917194119312582,0.5167245106268138,0.5101037070524508,0.4938090385016707,0.5119794452738883,0.49112337923132426,0.5244083651977347,0.48471599700405077,0.4810412398562287,0.49679802756211194,0.5142802964395854,0.5048986714734719,0.4905665665781666,0.5168782612125353,0.4880986345637668,0.49297921359628916,0.4971263660968864,0.49570285960375937,0.49714839856596643,0.5031227421378882,0.47737124681393966,0.49098533432099867,0.5206903255084068,0.4937122722892949,0.5236858736791277,0.47596700138449216,0.4464839240450992,0.5180614044870733,0.480786258419359,0.4661966801753684,0.5146516031090952,0.5067091311328161,0.4987374860201535,0.5175448086602248,0.5099010976598228,0.5171284985494894,0.4900298714910942,0.4853489478965296,0.49775527592413465,0.5102212405606003,0.5141911508108037,0.504385071217117,0.49606275905409225,0.47696182122269215,0.5376980817828804,0.512259827183288,0.4871915182412313
311,0.4934066449465444,0.4876846164534973,0.4904014308738021,0.4807493816773135,0.5000140832110757,0.4978420663430672,0.4807582163743897,0.5219579155184314,0.4810587607891799,0.5004436883626203,0.4877346529496167,0.4966392492587424,0.5150662510860335,0.5052400578198698,0.48760978314238484,0.4701866413569684,0.5054412888903772,0.49421546753898454,0.4924420370724701,0.49085189802702395,0.5176503204462275,0.508583364576622,0.4940768431393093,0.5128146108599358,0.49136969538964376,0.5252754543995001,0.4840237829743279,0.4807355628890389,0.49524693279586296,0.5144781668934331,0.5056483768161842,0.4893543693006968,0.5156444923415263,0.48848055860447226,0.493948159773636,0.4958601840444292,0.49476544760676405,0.49675387623265177,0.5016396937571211,0.47726964513988346,0.4921388357172678,0.5196148130309617,0.4942398517815578,0.5250718164043481,0.47683864523021446,0.4456292993513892,0.5186820274899957,0.4803144254979937,0.4673562614688901,0.5149343432379222,0.5066884462814495,0.49889877832680113,0.5176448632457905,0.508427160749448,0.5159726566159121,0.4893294990736616,0.484035109208463,0.4970010093740182,0.5096003295777374,0.5125494708871793,0.5028929446373732,0.49529960896839526,0.4780261355183149,0.5386259130969564,0.5135290745030534,0.4869015420290257
312,0.49453883078433986,0.48714426297885666,0.49030510297989477,0.480661690414572,0.501153371640348,0.49870154621432405,0.48184504309111303,0.5230244609574015,0.47970569450303574,0.4996075501862317,0.4889109251678991,0.4963453769704476,0.5153727056793388,0.5044843410670078,0.4869632091232316,0.469342175528011,0.5038824124012643,0.49529003878700023,0.49137004970707154,0.4917499255508679,0.5168113816560101,0.5083041009657128,0.49543164781720717,0.5137302032975166,0.49182404618391684,0.5257200663820507,0.48511877599084474,0.4823608127203357,0.49408680458352994,0.5156104972065803,0.5051267524200523,0.4889607032595663,0.5149051435272406,0.4891609850705024,0.493890215138029,0.4972476952111042,0.49376715971562035,0.4978212005663168,0.5019460477565902,0.4776595483163142,0.4911161464727479,0.5200653937508252,0.4950476023680858,0.5243033568735016,0.4756581279706913,0.44522599102278904,0.5189132905961575,0.4797236036691501,0.4677900828321446,0.516377229832241,0.5080554767009708,0.49795984206856586,0.5169778971069819,0.5089774970217043,0.5158333846844255,0.4900390378158836,0.48519109712245734,0.4983334066369203,0.5085845075761617,0.5115947653099343,0.5018381453977329,0.4940602310436235,0.4768400072093192,0.5383227502124591,0.5131475699275507,0.48635494255335676
313,0.4961497222494015,0.4886341232363433,0.4891074330285665,0.48090271781278027,0.5006015143542342,0.4973975670689265,0.48192709513544446,0.523118441020911,0.47853159074668966,0.5011387004095333,0.48790085990126475,0.497698874411684,0.5141329009394257,0.5029992331436459,0.4868250353657627,0.4688443796394375,0.5024622416969455,0.4945092609673255,0.4916692892779305,0.4905030591599583,0.5174306102331585,0.5092322906310505,0.4950795237343523,0.5131458568032183,0.4913479340041806,0.5270781073810139,0.4838843158387954,0.48124622411057144,0.493113106082651,0.5141640447829886,0.5054632729384001,0.48997862053331653,0.5157290181512032,0.4878722111283501,0.4927790781249959,0.4987486701643044,0.4947797615165997,0.49906396510769824,0.501005962733871,0.47739511969226245,0.49085076340563905,0.5184514955722993,0.4947933417113509,0.5248729944741404,0.47581602220741415,0.444923446610573,0.5197066821677713,0.4791306579773536,0.4683882623843491,0.517417242316983,0.5089813610114863,0.497926476402529,0.5154459080289107,0.5080770453064618,0.5162477978770394,0.48962660338643305,0.4855640420587275,0.49720717861577624,0.5070926401349758,0.510541179486665,0.5013967314999979,0.4944786616273979,0.47786181415171075,0.5367383859314772,0.5133380454379426,0.48482120755785263
314,0.4958849962605835,0.48836907238714633,0.487763925666367,0.4822971182849991,0.49974344743976656,0.49689000948573303,0.48339263836134455,0.5231686080766557,0.4772958195613963,0.502472743429336,0.4877068726133242,0.4986871758961605,0.5151007961789565,0.5026961035482977,0.48632160633321414,0.4673639557206388,0.5017882855984298,0.4934673811752762,0.4921911375060958,0.4906429123754028,0.5163949135020324,0.5088923762714044,0.4953219631470727,0.5117895994871189,0.49062641903648035,0.5257132396891704,0.48448219870275583,0.4823096756251072,0.4945571914237127,0.5136576338394393,0.507026917724762,0.49109505875789183,0.514767599662707,0.4884717185142848,0.49301468007876526,0.49890375297218287,0.4942946912487004,0.499847051137217,0.5012986114550786,0.4780915541401317,0.49130102664036923,0.5171631135970508,0.4944067853458613,0.5261721907679557,0.47602243621295637,0.44518758677615006,0.5191893838320863,0.478590408669982,0.4690778504931703,0.5168645761918188,0.5080667415863452,0.49691997834564716,0.5154817266079906,0.5086917971777364,0.5175676619317262,0.4883588921264947,0.4848331639975872,0.49612293127803136,0.5073404749645294,0.5114736632961481,0.502228472590957,0.49376659221959035,0.4784681774900835,0.5360693934455396,0.5130249706171062,0.48569846618718054
315,0.49534211796174366,0.48789715509787507,0.4871312205359939,0.483420107800782,0.49980767539734144,0.49710928152508765,0.48330546452824674,0.5234093513814142,0.4758882024428731,0.5017451220922101,0.48931653140020503,0.49827106780887725,0.5166281652613337,0.5018754933361389,0.4868872599418372,0.4659818134793812,0.5006967083202742,0.4919679564900942,0.49188691693150527,0.4917534493014113,0.5160266592811866,0.5079463461743746,0.4958667900659876,0.5123405839139862,0.49219499148415324,0.5270425687081394,0.4851112938437753,0.481605918576527,0.4940373496027376,0.5129363219233626,0.5082420356881324,0.4905034290726569,0.5139137238746471,0.4883152774467731,0.49232469043657173,0.500231304174185,0.49525912248449255,0.5002663049780812,0.5028619142355626,0.4791822185764564,0.4898688895748901,0.5184125257556891,0.49355668735036917,0.5268581015562654,0.4752978414017888,0.4454000120512145,0.5195217974411988,0.47920537151914644,0.46910569098990745,0.5173263593986296,0.5095086775283966,0.49831900986358135,0.5152777493810412,0.5092609574776978,0.5171955854900974,0.4869317250882744,0.48514695798099244,0.49462551757013096,0.5064382589973272,0.5117315725350751,0.5011642530111865,0.4947603208602373,0.47703141052706444,0.5355852800759727,0.5139823234080954,0.48533202110798146
316,0.49611020209757356,0.48828985535334335,0.48839275479392796,0.4834720742169244,0.5002684384476352,0.49741436426959207,0.48462008379633953,0.5247983172698149,0.4755498394458782,0.5019837354858527,0.48882207152857027,0.49674958450098416,0.5176351021408686,0.5007879141000333,0.4866967203499334,0.46632229739802905,0.5003188789068899,0.4911730636188012,0.4929305737644674,0.49201938207685664,0.5165971300579095,0.5084566728786235,0.49690384619067574,0.5110421693215347,0.4917123173023344,0.5284823094038282,0.4865359268810883,0.4828684286236256,0.49490584841896357,0.5122258732754454,0.5086935058314298,0.48902293331333824,0.5151423076775233,0.48709917762189586,0.4934064465266235,0.501029208630632,0.4961637414271041,0.5010009030866688,0.5021849483331156,0.4785173639528011,0.4887745502305045,0.5174579866475338,0.49271006857744293,0.5256871107057193,0.47456435354970355,0.44691605474248386,0.5183442461553335,0.48070871904588813,0.4695877600088893,0.5171081027624461,0.510210133157691,0.4987196771072811,0.5148712425298211,0.508488362096459,0.5172550996564692,0.4880191960510969,0.48465539605573843,0.4932711144262033,0.5072140132430031,0.5114667047341023,0.50120577461923,0.4935797326790183,0.47795538533013404,0.5369215596833634,0.5130387708155726,0.4859453787336815
317,0.4949144381184098,0.4873598742190112,0.48961336986013543,0.4842459321173631,0.4996125180095595,0.49729482255266,0.4833055007296758,0.524174597400878,0.4754452835066649,0.5005780483059666,0.489727126184403,0.496440321568515,0.5167156292913757,0.5018356086783247,0.4874247750625264,0.4673609119068708,0.501313677758016,0.4912668084191378,0.4925618766195361,0.49189101670249896,0.5168718499523814,0.5089406210902128,0.4972278270124476,0.5103749807492413,0.49268390494499514,0.5270639643364103,0.48703596776606034,0.4831168359696845,0.4936228202387134,0.512429515334169,0.5098879211851035,0.4875359023350526,0.5135587285986957,0.48744331741709085,0.49355199671629907,0.5014384667875367,0.49467805148139005,0.5011660133764229,0.5019595915032812,0.4799387692128506,0.489083367292877,0.5173239580063246,0.491417544605941,0.5248671843782139,0.4744056275781905,0.4470989827589367,0.5174897029124149,0.4809031973937307,0.47033634878365826,0.5182042795534132,0.5104767474554567,0.49885723092809814,0.5154492326229296,0.507186289793696,0.5158543628428776,0.4891969835664433,0.48530957505387506,0.4931402068583918,0.507075228959596,0.511204626131472,0.5001018412565219,0.4927280147195336,0.4768095418325174,0.5362894571203561,0.5139397942733895,0.4872221681634333
318,0.496125460595591,0.4864603732201046,0.4910628085176347,0.48448578670631975,0.4996370046782967,0.49787944472835816,0.48321539041638534,0.5256304691025447,0.4763422182022817,0.5005282192903164,0.4885980972510716,0.4961630281270004,0.5170400810625712,0.5027752540583293,0.48606887042183056,0.4680807802775865,0.5002484694203814,0.4915972837027927,0.49188936910727143,0.49289698887191224,0.5180693627239026,0.5077101046865335,0.4966125435072527,0.5108358898012071,0.4935629916560774,0.5270823048278709,0.4882536518404997,0.48402743726143554,0.4934749265054844,0.512200499410714,0.5100074956645186,0.48877444017118493,0.5127001074722619,0.4887971304027889,0.49507414877173356,0.5007828733193653,0.49538659559143333,0.5000156760354276,0.5029971730882336,0.480659171676353,0.48850444904110796,0.5181389658785375,0.49248146640344365,0.5262429092537585,0.4732524213948464,0.4487884395939824,0.5186729293786254,0.4808201869583394,0.46971357264582453,0.5174740824688239,0.5100490229973905,0.4982573738509263,0.5149687833375267,0.5059576006693683,0.5143527349558712,0.490406415230771,0.48449833361440636,0.49296679872966553,0.5085307319707028,0.5116772368710933,0.5013574410522436,0.49172598228010456,0.4775119707745164,0.53734713408276,0.5125848055077309,0.48749217639265113
319,0.49644987402330987,0.48734624261563425,0.48970737035263906,0.4835248005087071,0.49853489727475175,0.4991339443022877,0.48244123370917147,0.5248887608024664,0.4754953030360294,0.49966154069332186,0.48758616482729245,0.4953833657555807,0.5176973268722341,0.5012787312446908,0.48704200027211364,0.46820474139655444,0.5013307163574913,0.4912899603219623,0.4915369883625932,0.4913671604170189,0.5175649871567634,0.5086263112301568,0.49616519813468396,0.5108683212282074,0.4934366568452641,0.5281683308020886,0.4878546380261685,0.4854470200626633,0.495040141431037,0.5112764333716582,0.5114209362741535,0.4882758611006537,0.5115853363447985,0.48849415392831635,0.4957840523902749,0.4993534850531064,0.49638760753807254,0.5011402532181005,0.5038827764305562,0.4803017830778085,0.4893796132617405,0.5180348548529184,0.4934178603069517,0.5250653431300278,0.47221717749797176,0.45025603480045495,0.5192399893408363,0.48229364622680326,0.4695310238837079,0.5175542935373171,0.5089663311067807,0.4969660972710806,0.5159212826836717,0.5072330576071619,0.51493311081303,0.48955002426118466,0.485408342936983,0.4931421262649594,0.5084748532713746,0.5116986187243844,0.4997966589809765,0.4903622503828038,0.47788048359793006,0.5360237144623324,0.5116718679142773,0.4870118061764127
320,0.49603455671923946,0.4878732177841524,0.49037221523147745,0.48304346734024356,0.49797813898731197,0.49919408777700963,0.4832738648156737,0.5235359503827616,0.4756706347132401,0.4997912556867957,0.48903528726860346,0.4955953939258316,0.5186145798163053,0.4998557106939609,0.4880307232125034,0.468753626818846,0.5024754967335903,0.4924073492829454,0.4919192390514774,0.48993283875712335,0.5162747959035839,0.5097722734122577,0.49697090691277135,0.5113682956833592,0.4926891503192615,0.526750854959435,0.4879919757652648,0.4847207775776078,0.49559055707726396,0.5126650295720379,0.5100974964525526,0.48795489953074195,0.511219562888279,0.4871441250903265,0.4960858172279486,0.49810230400735767,0.4963882299896256,0.5013230693934021,0.5044496447067128,0.479171655233474,0.4907113059495841,0.5174409957338579,0.49207856768720265,0.5251633939212187,0.4727167708098916,0.4501348240751929,0.5186412122107031,0.4824130542145796,0.47014707125548744,0.516162928477815,0.5081024393330346,0.49620258180104954,0.5162598975030221,0.5064095231339006,0.5150630944024834,0.49014962770546155,0.4862989381867216,0.49337698502991395,0.507716092788211,0.5102022333966294,0.5010322901124515,0.4904892322927251,0.4783151054942166,0.5360209533797808,0.510684942826716,0.4857825386068364
321,0.4961385416295752,0.4866247110185718,0.4906005554431407,0.48386849409503835,0.49847678491145914,0.49974048402102195,0.48452713712330064,0.5242116560609166,0.4768678654868151,0.5003166605465091,0.48772595888163234,0.49715943372865984,0.5170454344421037,0.5000096115128567,0.48697050889021193,0.47009238645825163,0.502603398741543,0.49332920516038803,0.4924991968646164,0.49089687272625676,0.5161912658411519,0.5105061472672242,0.49772764882048776,0.5113705571927675,0.49307361641641756,0.5259835682207646,0.4886832065916179,0.4850016730990704,0.49546299355533213,0.5118640373736786,0.5105220926239324,0.4867663486547285,0.5097688128366143,0.48718876805172634,0.49586974903559466,0.49891676048231726,0.4963606596883534,0.5008046164310834,0.5059753964363216,0.4804518264825773,0.49114432052957574,0.5179617383052186,0.49146414661721005,0.5240334016442373,0.4740665602226785,0.45080103389624937,0.517292879276697,0.4826337463073861,0.4705010857426109,0.5150097419595371,0.5085969652178512,0.4968594653916903,0.5165430383214482,0.5057147654584736,0.5157064379870048,0.4904411132338514,0.48685500930761716,0.493206692800509,0.508686738185924,0.5108263089501718,0.5004597780302271,0.49126031075010534,0.4772999051131223,0.5350676577451424,0.5100067404764358,0.4851603213066817
322,0.4953884791750309,0.48767654845778335,0.4910665699967075,0.4824793341003568,0.4984177540528166,0.5009116428548644,0.4836068986525561,0.5238711932450111,0.47816843940422904,0.5001160516897897,0.4871301561951412,0.4983333407417265,0.5158294116120977,0.5010508378279002,0.4871047100425714,0.46887054390063976,0.503068887287197,0.49463000046899164,0.49391089788586723,0.49108061876893766,0.5160321711101769,0.5109836166403506,0.49915925658549337,0.5105293609262629,0.49324753209833494,0.5266326530450985,0.48906615422013044,0.4863069442939612,0.49513674439292543,0.5128014531269992,0.5113914050726877,0.48577733902998277,0.5092525498202136,0.4867683457919444,0.4971989554933569,0.4983866188229736,0.4951771899811261,0.5001520051313503,0.5059841256477032,0.48187050505292534,0.49201166756745635,0.5166657884007297,0.4917399921943694,0.5227691444946433,0.473645445192274,0.45148235830340405,0.5183681252259115,0.48171798448142755,0.47131886948054313,0.5155311966369577,0.508994349414007,0.4964555891461316,0.5171877031527399,0.5063620157408479,0.5146979173141546,0.49107413731572064,0.48661549886023137,0.4920660059138177,0.5084221055784423,0.5102299001535712,0.5010037542612542,0.4909204679785307,0.47779692642204186,0.5341341945354928,0.5100436334551226,0.48644871195793876
323,0.4956323205307421,0.4872869595348361,0.4915609422689906,0.4830391455022724,0.4998533604578686,0.49942454460707686,0.4838027803628458,0.5242020890370399,0.47931424525753236,0.5010903836988626,0.48725663567968874,0.49682634329757025,0.5152454147590286,0.5021689464848359,0.4860559300202151,0.46984475853685626,0.5018663766670725,0.4956222847763537,0.4926266058574553,0.4924744270740805,0.5174049691213775,0.5104914129551463,0.4983108598180684,0.5100552251632015,0.4923188652699094,0.5275714902585725,0.48827196925202065,0.4858471327868002,0.4958280528003604,0.5140479712571444,0.5117020087565032,0.48567708307002755,0.5077310540189368,0.4867409568031347,0.4969807792729086,0.49906839564273925,0.49367609072970364,0.5003851863153336,0.5065694219749642,0.48303316228541493,0.49159137727564894,0.5164143092786184,0.4931730666615604,0.5239333021940018,0.4749779758158358,0.4510369561507655,0.5187871065017573,0.48299778920128844,0.4704664482653883,0.5163181180108866,0.5081687712504539,0.4967240181302269,0.515893881021643,0.5071604263440299,0.5160116927475413,0.4924138500295751,0.48676698661651946,0.4909252690274024,0.5076425355927403,0.5103641371410705,0.5019223033317333,0.49187186926624005,0.4789790630000325,0.5328664832014872,0.5102732790306553,0.4857407621173396
324,0.49473174581740814,0.4888248986100158,0.49147428140344257,0.4829524843866472,0.49849281089105607,0.4982084445195914,0.48437907394465335,0.5245409127848331,0.48068499452799557,0.5016993179109086,0.4863305034199227,0.4958499703739466,0.5145675195830909,0.5015492041885579,0.48758868125003946,0.47011542270414153,0.5018734831066332,0.4944043267319422,0.4932604448808275,0.49351542975258567,0.5167134914875414,0.5100624544685516,0.4972818208937437,0.5104837798616697,0.49241852984091106,0.5267546061582596,0.4869010940045443,0.487036429576179,0.49732098406448716,0.5133457917479094,0.5130571939669216,0.4865204220476349,0.5083992706768697,0.4876769709783327,0.49789557668611406,0.49782196988217114,0.49363448890826844,0.500376562477103,0.5050782365548633,0.4846085967414247,0.4901674161228734,0.5174671335048416,0.4928846900251078,0.522342932988241,0.47402099671592063,0.4507740894568941,0.5185053056638738,0.4840305248963608,0.4697566029008809,0.5149156775900198,0.5068059951177358,0.49678238755057014,0.5160212041544052,0.5086240563039182,0.5163051650547563,0.4929236134588139,0.4863262677463809,0.48951198891285136,0.5085864126528037,0.5088438780791565,0.5030824925875208,0.490875909849453,0.47759447006079747,0.5340492490458212,0.5087628276791377,0.48555759793351577
325,0.49404436109168265,0.49025744752232503,0.49102601928663314,0.48350292802832745,0.49928862125741325,0.498486030416283,0.4832960485182106,0.5254094795206575,0.4811864646855444,0.5023799795190474,0.4849894250284546,0.496164692357826,0.513158251722875,0.5028593104110877,0.4869643698503495,0.47139982645887724,0.5009500266662503,0.4944965157482141,0.4926409184070021,0.49431036424541924,0.5169845223366419,0.50928024574506,0.49661536918822424,0.511469740312682,0.49391284215502695,0.5265332767856306,0.4867074662743358,0.48646785500465833,0.49828728770776076,0.5141727541936468,0.5130801592226805,0.4874144705102708,0.5091416838769425,0.48727431208834804,0.49841964943711903,0.49651293898033355,0.49364088630380626,0.501820063100478,0.5055089807866128,0.4842580892000274,0.48901759355053837,0.5180065272620724,0.4932980927275706,0.5209582115170549,0.47373308983247897,0.4494451015081276,0.5174733402939522,0.48511408732261996,0.4696669742662306,0.5135817324932663,0.5072409796711445,0.49821888958372634,0.5172447233945285,0.507513285941562,0.5176322193543322,0.4931407109724649,0.48507525137500546,0.4896428093981684,0.5076187301832424,0.5093155680749433,0.5045699279703617,0.4895115735371799,0.4765479187575724,0.5352685477179293,0.5101067686970211,0.48684631028265796
326,0.49505090997927975,0.491587690015635,0.4922510727705337,0.4849482043714456,0.5002261019407481,0.49803603807893854,0.4836094159832582,0.5258172408540982,0.48094045765772014,0.5009263216175999,0.4850486363018756,0.49768262463278073,0.513155962193425,0.5031127506899631,0.4859182209566368,0.4728246926005573,0.5010478604884093,0.49468029626218757,0.4919901621519766,0.4938133192576912,0.517252308317415,0.5099924065565613,0.49740448855847,0.5122315486310015,0.49372883604945433,0.5259096737480519,0.4867028605809122,0.4875077383159716,0.4973904598153606,0.5140592073203065,0.5133224947812849,0.48774197562253185,0.508675701539742,0.4859148236083388,0.49928494148637736,0.4955132900910581,0.4951224497347848,0.5010143250646386,0.5060306938793653,0.4827743821229177,0.4882446480546993,0.5164485148265238,0.4940641482124945,0.5222248503708897,0.4751175346877991,0.44932849826098614,0.5179813031749584,0.4865329705354924,0.4684459846867989,0.5133822015687941,0.507055626296991,0.4973749641398939,0.5186598661353723,0.5085888454288305,0.5168621749501542,0.4936030150353755,0.48378382621355237,0.4906792583339697,0.5065171028431993,0.5082513027375294,0.5036677543777367,0.48903312981323194,0.4756683102855081,0.5346951630552271,0.5114548346382018,0.4855667650320413
327,0.4948801744289798,0.49079640469426705,0.49102316728670786,0.48624847177190184,0.5003388477635149,0.4975064462780951,0.4839368762203874,0.5251163972222614,0.4806449844103784,0.49942829878291595,0.48532085022899124,0.49656318195976257,0.5134395694326591,0.5038218165883094,0.48675229201745834,0.4730030388011963,0.501463416942424,0.4932085623786614,0.49102251427772015,0.49411895915475007,0.5179395499908885,0.510955111013177,0.49778000983231174,0.5135387397477197,0.4945898922630962,0.5272897019652765,0.48764364398195337,0.48691420706409877,0.4981556824319512,0.5155005833393654,0.5138775240088537,0.48681460739576926,0.5071371909127801,0.4849943079069461,0.4989755311486942,0.4957276623384091,0.49470125782593094,0.5004518653767117,0.5052836506887738,0.48418515793341427,0.48684387334523666,0.5157235631534343,0.4942418987854751,0.5222158029519568,0.47366944587424936,0.45060609366804905,0.5181637357170746,0.48657992341425477,0.46910625960672164,0.5137184055265737,0.5057765246412116,0.4969803600437243,0.5199405493885817,0.5087480087107749,0.51661346855692,0.49248954963723146,0.48343479648639265,0.48957571648973824,0.5078041381739082,0.5094605992298493,0.5049766606334444,0.488268280790956,0.475270708563487,0.5342186700315965,0.5118142098643724,0.48441750105554976
328,0.49526141457512307,0.49077142231598264,0.4909534897501764,0.4866513127808975,0.5005099610372926,0.4984828845922559,0.4854596901189809,0.5239737968949378,0.480877871501503,0.4979908552313698,0.48550390406777716,0.4980575717196111,0.5135423348076875,0.5026840024530029,0.4865635788054662,0.47245742501234944,0.5004155677764198,0.4920595716555063,0.4919275479980634,0.49365755309853426,0.5171881485347393,0.5113310666850245,0.49795948207921614,0.5130112750372553,0.49313547209759995,0.5268253077370059,0.4882288421903608,0.48623022750709693,0.4976755325054335,0.5166004591466223,0.5130155161770714,0.4883066903306739,0.5065516210305961,0.486454040826442,0.49840761122919996,0.4949272583854921,0.4933059203830309,0.5008608433574439,0.506061930998328,0.4856200129053551,0.4883843852909096,0.5167478791559954,0.49318617413132465,0.5225435178845093,0.4743229339417804,0.45054708862382603,0.5177166573464582,0.48553377662755826,0.47062923489601,0.513346027911886,0.5069825471227155,0.4976933327188824,0.520123813332592,0.5098757646942018,0.5170068431400071,0.4912691802115728,0.4820241685867391,0.4899770123179447,0.5065241130526521,0.5100928680679475,0.5037770791143455,0.4890700545596035,0.4741301425669988,0.5348460481021179,0.5108817247866854,0.48590427220794496
329,0.49508781538510493,0.49173322979037815,0.4904703106274804,0.486597521925567,0.4998899996148049,0.4998161630814267,0.48549693614400646,0.5229560940336395,0.48041049374925443,0.49724992710511956,0.4845742931531598,0.4988013412258265,0.5135385485044643,0.501837212344022,0.485549098826487,0.4717579732354236,0.5010499176984944,0.49257719817467854,0.4914348921709342,0.4929339435576134,0.5169476130838435,0.5122912643113695,0.4968961673607235,0.513898196860325,0.49284020034569537,0.5258941455992006,0.48836647490261986,0.4857739651683793,0.4965605910632869,0.5159603639206656,0.5141212138463663,0.4887736039191769,0.5069646199364675,0.48646596750858584,0.49793299122906076,0.4942154517558306,0.4918267472947849,0.4998127921546382,0.5052609424023323,0.48500293475482426,0.4878900973268514,0.5166208275454878,0.49242506709004896,0.5228913861444503,0.4739922087091981,0.45074281557132273,0.5187846002767368,0.4851880669380141,0.4704063014140451,0.5118474799736329,0.5065277122105281,0.49627578264272226,0.5193643589965029,0.5110643956223374,0.516810516250015,0.4927629962820784,0.482059543931145,0.4906343406758131,0.5069805417458476,0.510432242190092,0.5025410699450741,0.48781069997700954,0.47376653925864837,0.534465841780317,0.5094566722670532,0.4869802735601062
330,0.49525916812407866,0.49288937548506495,0.4903857524644654,0.48701159653664283,0.500180973144896,0.49844099508494477,0.48505199865872467,0.5217938423137841,0.48164093243332284,0.49595447605758564,0.48557148048964005,0.497951361542161,0.5146499969878758,0.5018632300859783,0.4851405863577253,0.471511495722952,0.5022984541503459,0.49340245211866796,0.49060441512020747,0.4920499182775163,0.5176306712593896,0.5123568977070255,0.49720689596692064,0.5129263082884872,0.4939875088191208,0.5257925309022949,0.48873238319713663,0.4849727607225188,0.49742757273431687,0.5146574978389491,0.5150030936569113,0.4902016850559526,0.5064178631408923,0.4854037280919846,0.4993777342568081,0.4948687592483287,0.49184172930660447,0.4993537349592092,0.5049811283313269,0.4865280194351874,0.48699384982247684,0.5155888017474785,0.49382782432224187,0.5217835479222778,0.4731365149966087,0.45162477725217504,0.5196442975783782,0.48445148711543706,0.4693346837403418,0.512793268053705,0.5068465824089377,0.4954851202606829,0.5184970365488352,0.5101017281638225,0.5172531397114075,0.49277303337068123,0.48251293509290005,0.49150611031789365,0.5079298088773182,0.509539068927605,0.5010297769993042,0.48736013998956784,0.47315981165001253,0.5350704962417895,0.5094553129155072,0.48784979853578336
331,0.49485811650021494,0.4923527443356755,0.49026183005404167,0.48571807122231647,0.5005904898547082,0.4994133085246754,0.4846264126470712,0.5224859801702776,0.4810491834390227,0.4966742807061143,0.4859175090349568,0.49731184937321393,0.5134140771182888,0.5008981130234635,0.48460088527057565,0.47073391566733414,0.5036015684234472,0.4927117949701974,0.4900665646628022,0.49231636433205384,0.5172629327389997,0.5130993612550876,0.49661656622368483,0.5143551809338656,0.4929593596709886,0.5267844994396749,0.489308575717263,0.4863383645289816,0.4983064897580904,0.5152383679545219,0.5142395924630297,0.4891936882580767,0.5062582993209527,0.48542857547852536,0.5008796895981268,0.4946772408362714,0.491939119714599,0.49868288656719423,0.5053298665988464,0.48737497630677334,0.4863846536875345,0.5166044424222217,0.49359791892073446,0.5219101707483024,0.4735874190210393,0.4519281313132978,0.5183436477765425,0.484196693320087,0.470270327810759,0.5116475020417628,0.5068151308428515,0.49518973149596707,0.5188882012101595,0.5101241408002847,0.5177417200175737,0.4919620368573089,0.48137703361941553,0.4911257592602517,0.509333561037446,0.5095802470704905,0.5017943366682337,0.4863818087861745,0.47347831299005494,0.5336929405982219,0.5086044338494887,0.4864732272343309
332,0.49366199037174285,0.49349689137732167,0.4902269956899823,0.4850864470615845,0.5005901549930085,0.4993830298834927,0.48550391648534613,0.5213583559094239,0.4825425607650274,0.49694401574141966,0.48527788050974835,0.49843519337644215,0.5146538468941323,0.5021077310236556,0.4851223920739192,0.4696087986799649,0.5026275209837305,0.4923615703191433,0.48908119314538084,0.492100545620422,0.5172982473765512,0.5120083153341168,0.4956293678803055,0.5151497895570675,0.4928895595215773,0.5264883008472829,0.4888999703553997,0.4872078678299835,0.49872059494947313,0.5156554824884488,0.515494411389081,0.4898063794236614,0.5074976933192484,0.4858078081649683,0.5021410072242085,0.49533962376548624,0.49251772836362334,0.4999032012946223,0.5061114360473535,0.48669385150462496,0.4852874837265918,0.5161808152839565,0.49380580717756556,0.521080785321389,0.4743124071399652,0.45078454315900984,0.5188859599020643,0.48479776409737824,0.46933661465670357,0.5123219418568229,0.5056301311372109,0.496071018953426,0.5201476895242781,0.5102090806510016,0.5180249052669618,0.4907513046788702,0.4820837318975925,0.4921289217890782,0.5085835937827705,0.5105076656876337,0.5023830541979072,0.48613604863507254,0.47452974865329745,0.5346987510487988,0.5086578801255203,0.48759196039014213
333,0.49485088531876764,0.493123901317204,0.48940362946089455,0.48403562133430794,0.5017968065217197,0.49846415117616166,0.485791477238,0.5213988955036795,0.4812461589219638,0.4961085804988452,0.48414941820625046,0.49886646749559327,0.5156056570575338,0.501593881593606,0.4851225416610056,0.4690782730421741,0.5023246356834683,0.49126277471319646,0.48985211762703246,0.49150956596515877,0.5174625961102147,0.5119173306149705,0.4948575698453773,0.5163836920769806,0.4933064061851571,0.5274105787306494,0.48939900934725045,0.4883552873464065,0.49816851646659716,0.5160376579987331,0.5153163548410507,0.48896515698091947,0.5084081055934674,0.48624654711749427,0.5020218959095986,0.4945662907049491,0.49187870991793753,0.5013234109696045,0.5055439908261579,0.48552969392007506,0.4845251434176571,0.5168966228591353,0.49482430770314556,0.5218404498629778,0.4757556493886678,0.45104239516550443,0.5201874452373219,0.4847452056381623,0.468978525408962,0.5129522261396214,0.504565416631195,0.4969323307822537,0.5203795013055899,0.5115612408698776,0.5168320424335242,0.49209680022052704,0.48195017282330577,0.4909554228969495,0.5084743907007498,0.5110968433333002,0.503350600993277,0.485400831952621,0.47501648258048434,0.5359124275475204,0.5088493760161878,0.48776461845389046
334,0.49343974214857,0.4930442619973292,0.4904356310386348,0.48367435574373135,0.5020221223507508,0.49903338732882424,0.4847273120806212,0.521445829082876,0.4823288654977912,0.49670199646580293,0.4827143608023061,0.5002034486043115,0.5147840809644305,0.502335397771717,0.4851872750195147,0.4703640093469202,0.5021854072744856,0.4921171451139958,0.4906384161470583,0.4929549917274574,0.5176115067571176,0.5110141115402673,0.49596520096005015,0.5169362248419171,0.49191904414083015,0.5269335142890075,0.49053022448735895,0.4890916512319375,0.49895834496630015,0.5145637418814358,0.5143467743444033,0.48778074804701577,0.5088253526900827,0.48777165847056286,0.5019179226004511,0.495627568953544,0.4918177288796536,0.5006282836642083,0.5041884282917443,0.48623909876767696,0.48420746976094653,0.5157977978580256,0.49582787540855555,0.5204234915375229,0.4768468434604556,0.45043396429916815,0.5210488236275739,0.4855158482396099,0.4692271372106277,0.5129144945764601,0.5054616044519826,0.4982066759898318,0.5206594527761111,0.5106224159292402,0.5171970702580234,0.4924193302845722,0.48210864068861514,0.4910958652306848,0.5079165389545441,0.5096782694352018,0.501951201357529,0.4848656046400205,0.4746288240672594,0.5345889320420574,0.509790361889516,0.48659036553967183
335,0.4920750450864791,0.49349796414685876,0.4902448532439729,0.48413841651297773,0.5008622373961368,0.49899054990822445,0.4857028652318867,0.5200979518813961,0.480891904311837,0.4954790374081687,0.48233932712378325,0.5001177012288883,0.513958911829721,0.5033776921915664,0.4843667401845857,0.4698319590842488,0.5029305562609364,0.49317591514873416,0.4916949961804268,0.49358485449576167,0.5176186440950741,0.512048005802811,0.49496615851376274,0.5154382866260885,0.49075760668751395,0.5278847549030735,0.49172361749239846,0.4881609272549979,0.4983958395695379,0.5157200372412569,0.5138880813621188,0.4888769229831932,0.5075145604196257,0.48648458317713056,0.5032926879134988,0.49693251088206514,0.4921076495789951,0.5019865490525302,0.5040728495199978,0.487226616024845,0.48560805829661463,0.516317645661893,0.497273188073005,0.5217435816126162,0.4777627219984013,0.4509808539897306,0.5221142262245605,0.4858935074576491,0.4679016991564447,0.511816693290692,0.5057136484367097,0.49914716698700007,0.5198570104568672,0.5098183008297255,0.5175624803262897,0.4936111416661859,0.4815843773324493,0.4904224880337253,0.5069028574603931,0.509682838192098,0.5017658857778358,0.48374913463713004,0.47500298545849956,0.5345049372604663,0.5111885600001568,0.4857525903602366
336,0.4931617534193502,0.49497154069981475,0.49021320661974227,0.4841010766045772,0.49980718476454683,0.49756865740211403,0.48597785877693656,0.5187191265631925,0.479881517973896,0.4940961359899609,0.48208379374368576,0.5002480302403436,0.5135228443613594,0.502427157669158,0.484790459259445,0.47014920359631873,0.5033228851968092,0.49463588567573824,0.4909293006068385,0.4940206428535524,0.5167650482416585,0.510535029772411,0.4962964441399271,0.5148411825760582,0.4913940461383452,0.5290956406357226,0.4921097913035708,0.4885346500503322,0.4988123127460741,0.51642102153308,0.5146603364338272,0.48869605065955957,0.5078576459292292,0.48724865508281595,0.503106611137573,0.49716608040061044,0.4912725727630745,0.5014036039198287,0.5041491542538341,0.4868654587851683,0.48567966111936345,0.5155504600426537,0.49764831715018687,0.5219573084445054,0.4780870181657977,0.4505696212647961,0.5222965771750869,0.48510093258423725,0.46730194743189496,0.5105047876107911,0.5060930180182298,0.49933603343303384,0.5193986441396825,0.5092275511662218,0.5169805083508293,0.49501064600313166,0.4822603387232893,0.48983851170604253,0.5061473249653913,0.508973130888711,0.5018738400080297,0.48441795019789924,0.4744771057650878,0.5330528587470342,0.5120246345078121,0.48620409634157996
337,0.4937893255586819,0.49507650006636145,0.49017142672164177,0.4855166809556553,0.49949962233687073,0.49656668554761413,0.48660697626158106,0.5177318964142037,0.4811165253612583,0.49462809377472544,0.48354029260683495,0.5005290714087944,0.5137615410670345,0.5027555828988826,0.486056113847325,0.47097048282544673,0.503996316214362,0.49404820082980433,0.49132439082137275,0.4936976280518263,0.5154529923711364,0.5094907152333455,0.4950891994097151,0.51400192160054,0.4920165867117006,0.5281559913932399,0.4933595397294867,0.48827473262098803,0.500146303513947,0.5159968436822703,0.5132742009907207,0.48862078655426444,0.5090171371820574,0.48694598633935876,0.5029401476899495,0.4985500752579472,0.4911018602508609,0.501246807650149,0.5039875458788001,0.48642952994208,0.48621526632930223,0.5168643396237619,0.49879000709953536,0.5209733258892546,0.47826512565105805,0.45000987540533205,0.5221432099975623,0.4856096958626173,0.466232815981804,0.5101914031663853,0.5051602730368674,0.500462385569592,0.5203092356520029,0.5086876589436327,0.518282773472715,0.4951260728854822,0.4836299615162261,0.49096903611942333,0.5072463399816366,0.507954739196638,0.50162888479349,0.4846350090519526,0.4750559059174288,0.5343876002879462,0.5117452615012249,0.48559818101137125
338,0.4924796698286131,0.49520433818360704,0.4910963646249013,0.4859480936036742,0.49934623644442855,0.4968039243346905,0.48530330575849956,0.5166214152745275,0.4818365356915492,0.4944989366479455,0.48421238560758273,0.5006365006606145,0.5146299970691888,0.5016405877893606,0.48527301740956474,0.4724178312495859,0.5048591748394856,0.49416080636974735,0.4912666535735048,0.49365484018813494,0.5145464115837284,0.5093469700989682,0.49491382328430983,0.5137074698996668,0.4917814058380407,0.5284342072160882,0.4929581755479657,0.48921765154973523,0.4992773222226081,0.5158353073877349,0.512348274200235,0.4884950511241361,0.5089069839201787,0.4871018189334444,0.5020512090690349,0.49979236565263135,0.4901400288649972,0.5001233421399779,0.5029634632083605,0.4857770152293636,0.4855470209959528,0.5169532596880283,0.499514101216387,0.5215166066648833,0.47860322826707646,0.4504058477069973,0.5216148415601332,0.4848479578745038,0.4662449790185628,0.5090624592201175,0.5061780816870883,0.5011123828682351,0.521606401706152,0.5074521437536232,0.5172533170718663,0.4960600101278976,0.48371033891478954,0.4912367376424288,0.5078165749270124,0.5069394711086612,0.5019775764229021,0.4837070603331655,0.47466171836460586,0.5330988396394636,0.5106840241814052,0.4868828501735186
339,0.49171645697803995,0.4958350170628697,0.49168268626335354,0.4856647278691115,0.50074967065359,0.49709432087119876,0.4840865928556521,0.5155457613842079,0.4823595894390106,0.49330087366607095,0.4836218151801721,0.49937455910724854,0.5146157879539479,0.5021916973441396,0.4863264959989988,0.4729871561000645,0.5045704050250674,0.49506006679512365,0.489819966882422,0.49282672180022274,0.514959517516092,0.5093068530633639,0.49555334823612296,0.5150171471700359,0.4930903230013543,0.5272851730004089,0.49159814799648405,0.4878722896203879,0.4993496678617743,0.5148119433943141,0.5136621411149332,0.48861480343306457,0.5085124601441531,0.4867662727541259,0.5019496408411689,0.49948979826788176,0.49057157251631184,0.5005689313349359,0.5016424072932019,0.4853323301289088,0.4851871256113794,0.516215861764274,0.49912227663434033,0.5202466731272217,0.47952598088088155,0.45193866439906905,0.5206802651386029,0.4840301671975164,0.46646462213382106,0.5083042287931672,0.5048744968516264,0.5001343118903829,0.5218273718548562,0.5077607099781032,0.5176309839670754,0.4959183102153205,0.485225538192429,0.49147369468311947,0.5092411568323556,0.5067316124841206,0.5011204613039274,0.48493197290261586,0.47568343445788325,0.5336394141944054,0.5117362457529389,0.48552227542133347
340,0.49213325965236054,0.49497457865443817,0.4909788023693308,0.4859989337528023,0.5008291482344401,0.4978216148336693,0.4827733976909013,0.5149281026947794,0.4815209782899508,0.49454140145100184,0.4829869196875746,0.5006762140255088,0.5146694316168986,0.5033833048846442,0.4874781190430943,0.47237015517289355,0.505815212984793,0.49367139991025377,0.48932988627236956,0.49198533284766777,0.5136210394908596,0.5092286603668382,0.49483144167509513,0.5145638608115308,0.4937300352423169,0.5259436965889625,0.4909523603686849,0.4893147208576525,0.5003832241372547,0.5134326226152458,0.5139543620329583,0.48855937855258624,0.5082039518531397,0.48812848751757554,0.5006302017553026,0.4985395175421058,0.4893661865449108,0.5018124560161682,0.500276599537047,0.4841956957007293,0.4863513329399677,0.5174619801871408,0.4981029267613256,0.5215402044243833,0.48003147755956027,0.45115094897645297,0.5210640144952895,0.48263030176715155,0.4657804426820897,0.5081802696106742,0.5062830439349127,0.5012831327507934,0.5206195751479207,0.5079898818411417,0.518936430415951,0.4973303638972287,0.4857860754552435,0.49096246283794126,0.5082598442363423,0.5060412209474523,0.4999544787540683,0.48354637965799685,0.47498387009805404,0.5334803174172681,0.5108300361447755,0.48520293328765757
341,0.4913630277583557,0.4943879605498446,0.49213281130655995,0.48487126954165943,0.5002165961094646,0.4978076945016555,0.4830401138235727,0.5135475120522985,0.4816057119401778,0.49459219257282167,0.4827671892335934,0.5012687561465302,0.5155285358605167,0.5042423601836873,0.487691341501415,0.473677174609669,0.50471355993044,0.4940485869078271,0.49000996060816787,0.4927322919411796,0.5136189276759154,0.5085035783152653,0.49595440743872027,0.514021792416205,0.49299916453909287,0.5256315854914438,0.49127021717028224,0.49040351879552485,0.4995907947047605,0.5135042094277281,0.5139419649704563,0.48899429862011823,0.5069820382185303,0.48834079787642043,0.4999371563538441,0.49973718832045977,0.48939680785903633,0.502162578622191,0.49912578818913383,0.4836462674248323,0.48622853571042735,0.5185108610317091,0.497548733942694,0.5204657699446268,0.481372636745442,0.4509259985892725,0.5197471807602834,0.4828434995701538,0.467079283393723,0.5086043210157168,0.5052766928329151,0.5027399516810851,0.5214049210198483,0.509276736778226,0.51912700317744,0.49823051661474194,0.4855567459484693,0.49048469262255673,0.5086449785649727,0.506483709255025,0.5008680580135215,0.4843277918769872,0.4737148904794,0.5332588254449051,0.5100413505528959,0.4853359146628842
342,0.49030393337886746,0.49355336641736275,0.4908931481089091,0.4852325686862517,0.49947998614705247,0.49781765472543116,0.4828037700516222,0.5137093489762578,0.4830362049072238,0.4957339273557153,0.4836893082312919,0.5004130792867676,0.5144869779706758,0.502923933583636,0.4873688356442139,0.4734449015566022,0.5039559207817977,0.49496251419094156,0.48949647082771447,0.4940573485270627,0.5125185311892971,0.5083723731455015,0.49526418431327107,0.512855603399426,0.49374376090665784,0.5266352584871719,0.49263547690915577,0.4914392486405541,0.5006842122576545,0.5120919941777861,0.5141115819215424,0.4901187553218322,0.5055004558441976,0.48809951264902485,0.4997022679332091,0.5003873090044533,0.4902004797425541,0.5024813367509392,0.4988190890943738,0.48384313159412545,0.4848623219076124,0.5185477431420569,0.4983592729975776,0.5191670737423062,0.4821296503185184,0.44984661040534657,0.5199740826942204,0.48313188371601823,0.46597862283875197,0.5093076668466828,0.50585724352173,0.50263594159662,0.522485416812241,0.5100122906487161,0.5199660317717282,0.4977942746284769,0.48560529094118965,0.48907569902208936,0.5093742630899581,0.505644682415526,0.5016040737047429,0.48575664133426566,0.4750170652140711,0.5340213684398355,0.5103308695290715,0.4839880657650226
343,0.48914755742038823,0.4930931324432762,0.4922060281503284,0.4859460229750632,0.4996104454452441,0.4979174571123577,0.4819359015255462,0.5125936127243105,0.4826492246956598,0.49548509915475847,0.48341453275650154,0.5006273843837705,0.5153754602332106,0.5019004456881894,0.4864626624061486,0.47217994103349836,0.5026385438574685,0.4963999582042368,0.48813384366313434,0.49328399616960955,0.5113638784035329,0.5069859787617645,0.49487125814392197,0.5115209509863455,0.4946794490439271,0.5265383990760661,0.49350406362927934,0.49068810728424095,0.5009610099480956,0.5114890684251099,0.5131968196865277,0.4904117125016472,0.5064174283147395,0.48942082991988234,0.5001537263183397,0.5007518331699333,0.49087369408386916,0.5026675170531633,0.49796305491366516,0.4839113947531149,0.4835354846748422,0.5180726667535381,0.4981997435696608,0.5184284081279765,0.4808195506802503,0.4505529154137056,0.521118356995563,0.4843148911038783,0.4668365057640366,0.5092922022687838,0.5048723611423221,0.5040287706364953,0.5221070318485352,0.5103112707251249,0.5207409340891764,0.4978456910726171,0.4857361283766441,0.48875789389110436,0.5107694713761525,0.5058950696335541,0.5028573438122783,0.486202855614978,0.4753318627309826,0.5345916471476903,0.5104630276715278,0.48505819098937675
344,0.48873818966927457,0.49279513960595034,0.49166206545355184,0.4872375502771029,0.5003324120184801,0.4972724643037286,0.4805896835852048,0.5139123697398726,0.4818619559179346,0.4962828834470981,0.4831764301435469,0.5001110515300802,0.5167591604317451,0.5033036982680081,0.486614379312487,0.473078462476193,0.5035627604878918,0.4973470521683155,0.4883748779080484,0.494229741198925,0.5109377914838723,0.5056991925170923,0.4942108389226278,0.5113539760005289,0.4942144682613703,0.5265729923479314,0.4944302247327709,0.490312073826231,0.5022446239119283,0.510528648282755,0.5120968464631431,0.4893932830790347,0.505100578387692,0.4890722462801687,0.49975765776590936,0.5012821110056372,0.4902117956798873,0.5015154935925505,0.49663929233105447,0.48486901926222625,0.4831879477328622,0.5168453456921577,0.4990716437874542,0.5172203510785562,0.482207955995627,0.4504197640108916,0.5216919713539877,0.4851265798965316,0.467143982883502,0.5101303786509701,0.505535937573444,0.5032335163653031,0.5212114431457996,0.5101855438960903,0.5217098791073723,0.4965933489047436,0.48554817328603217,0.48845471704345605,0.510343932940065,0.5069221531347988,0.5035912253913274,0.48767608903491055,0.47517361780658857,0.5339473350206136,0.510558533374671,0.4841489147326745
345,0.487376818568339,0.49249089236853405,0.49078878745280685,0.48789298602934955,0.5004857381623178,0.49831090965408953,0.4798213718551949,0.5127074800122422,0.48103059021277067,0.4964524982388964,0.4818489479851581,0.499868427197473,0.5154738522451404,0.504277366683128,0.4866020613514376,0.47360429734942433,0.5032795533800954,0.4987684783568312,0.489234475857474,0.49389205046940854,0.5108429937450183,0.5053427775001367,0.4928234109710079,0.5127566072135062,0.49478739409910993,0.5268386918605494,0.4931633577317152,0.49038649788618505,0.5018817992490393,0.5108686870959972,0.5108872623784884,0.48996341258616133,0.503773823024374,0.4901134214822512,0.4987615157941631,0.5021089636827747,0.48988878672927105,0.5015952242870821,0.4961754284006985,0.48512153877567776,0.4820158151543139,0.5164669813067768,0.5003283480485975,0.5161172039798188,0.48302659608968934,0.44960877004123795,0.5209244384155544,0.4845362356304648,0.46809973561211404,0.5101239854695532,0.5067584321865267,0.5046065813109967,0.5220568213038418,0.510919991870621,0.5209309859788126,0.49690059691214394,0.4863135476303717,0.48971725816836503,0.5095222821349843,0.5061125566279081,0.5022967085798709,0.4871089037729049,0.4743657428946391,0.5334369252235481,0.5098001832108313,0.48439600548783684
346,0.4876611040592488,0.4927886720600175,0.4900863125553158,0.4875849245366545,0.5009229773354129,0.4997409730862623,0.479693047684621,0.5114720139292995,0.48156017455921113,0.49686644502596033,0.48154325585825314,0.5008015747270982,0.5151512206787574,0.5055978742505031,0.48591570081309277,0.47237619783549173,0.504589466835732,0.5000915956038664,0.4897936069177122,0.4937718338471433,0.5110129220083285,0.5067123393898822,0.4925767692640893,0.5136064024311032,0.49504290558508574,0.5256774758262996,0.49302349647046323,0.4900637907192222,0.5017961179577286,0.5112519833820237,0.5096160172909955,0.49058163990487025,0.5031462212096199,0.4905424708081923,0.4998532654670782,0.5011169852015203,0.48969481648454577,0.5028626616417351,0.4949604044934683,0.4837605844807866,0.4821237543122579,0.516302193668346,0.5006958924993721,0.5169577366329516,0.48242722054278786,0.4507726840744976,0.5198874666627434,0.4841968787992043,0.4681510197247234,0.5088207443253214,0.5063874741321935,0.5045983067767422,0.5207842421196124,0.5102024739864944,0.5208238805974539,0.4976057467008381,0.4871926043726184,0.4895347085352342,0.5101132130735824,0.5066151999402474,0.5016892455466124,0.4880770133412208,0.4739492863946441,0.5330915399604947,0.5100696203991556,0.4854697876376433
347,0.4875558599106104,0.49379947493217574,0.4904427810306552,0.48701364797992663,0.5006526596476012,0.4993175602725438,0.4809956249713504,0.5102186308816363,0.48061772401865266,0.4961180758066066,0.48291336324698375,0.49944797151795406,0.5156864263010997,0.5061279376168926,0.4872464676757824,0.47182175854301106,0.5039912022832388,0.4990130675643378,0.49120080667559557,0.49295611097231695,0.5117638939281308,0.508089846064637,0.49157331238550184,0.5141460862776166,0.4942541335802599,0.5262638654299576,0.49209362758165054,0.4907594549678351,0.5024809809115773,0.5111983566391781,0.5105763863209857,0.49059535631357293,0.5036436831031553,0.4909398807247953,0.49855034284506833,0.5003810764942274,0.4898599548123896,0.5021518194551808,0.4961628275313823,0.48279412155764173,0.4817528333208059,0.5158161450602627,0.5018181702773434,0.5169348209803131,0.48365793028208387,0.451079690604452,0.5195594119612951,0.48376713955835576,0.46772242822090293,0.5080910694178999,0.5076293931433556,0.5035731459785775,0.5208960142669187,0.5093406818525169,0.520521626441369,0.49731499681965824,0.48580161097945057,0.4903524027064532,0.5108534341059975,0.5069003363163319,0.5030930170671343,0.48822069845695004,0.47368547510053943,0.5331449952258995,0.5092725216976948,0.48618994462420173
348,0.48889817228238597,0.49302526644480793,0.491160780959203,0.4867348668574406,0.49965674981355773,0.4999491617612021,0.48203777683244037,0.5111224240205222,0.48204310751265944,0.4974696320047945,0.48264635242074244,0.5006949968946416,0.5164988806967,0.5049705269391261,0.48595880407946507,0.47199190128290647,0.5046839723791535,0.4985335277500177,0.4915150194713065,0.4936679636621902,0.5118181514793618,0.5069750165384493,0.4911097571839708,0.5132753325728965,0.49428212938639293,0.5254297296311704,0.49246785586833824,0.49111873714787035,0.5029979040772198,0.5125271072949293,0.511812456593409,0.490885953236989,0.5022108744173399,0.4917567804660964,0.4986086745457835,0.499292930877781,0.488753807493296,0.503414482213442,0.4955995594024152,0.48190409938983586,0.4825632081770061,0.5162859681473357,0.5029102526796724,0.5173565239669592,0.4830971872771112,0.4524835017053723,0.5207768546947572,0.484196629626677,0.467782498292942,0.5067249922574267,0.5063828802807129,0.5037633122757502,0.5198406638647158,0.509835049431229,0.5208115616072094,0.49697987089254386,0.484907671615575,0.4900259554969761,0.510512356653516,0.5065651024207297,0.501689485099364,0.4895195192763661,0.4739533481959697,0.5334172555516522,0.5091926997098366,0.48552930684548395
349,0.488736821418218,0.4929098640746357,0.4903950266099166,0.4875762688352424,0.49950331951961346,0.49970775140895074,0.48338166352758777,0.5099294993026311,0.4829016518748169,0.4980584807667715,0.4839566757868118,0.4997856326865201,0.5162339478710635,0.5041790338821523,0.48698113246298974,0.4710416110943667,0.5035824846490461,0.49747396051205306,0.4914700698608598,0.49371943173645216,0.5123584088976306,0.5059120200257201,0.4898789299936841,0.5128765311851922,0.49562087896680557,0.5246518028601628,0.4925383293389127,0.4907011643592374,0.5027473014856093,0.5134797431838782,0.5119541355404386,0.4912566340794299,0.5022324871484135,0.4926399294205577,0.4995476404972287,0.5000587261381302,0.48779903243280137,0.5025786836717455,0.49551644799920375,0.4815824340608724,0.4830815596076162,0.5152695097891137,0.503996258855417,0.5185083615073426,0.48356865738430865,0.45366520636645014,0.5203768702204224,0.4856692707215443,0.468362083180252,0.5053420690115883,0.5063713295390032,0.5030384479443264,0.5186537981988149,0.5087991399208318,0.5214753740806034,0.4965995395609507,0.48615261412670246,0.4902264431067023,0.5105902663991653,0.5062294662095596,0.5021817815916777,0.48959823396704094,0.47424068729481667,0.5337128235008644,0.5077833402425527,0.48425077457685406
350,0.48887066220674097,0.49184482692816167,0.4897848903202101,0.48838803415063636,0.49824321935994076,0.5009981586679751,0.48392440476861737,0.5103998135716084,0.4826619406082323,0.49821764104891836,0.4831706668096426,0.49853177351338634,0.5166473495768118,0.50419755855054,0.4877135660912986,0.4705865399224641,0.5032250448858968,0.496430020902238,0.4919670843102477,0.4940835402578744,0.5113396231959616,0.5070842881495052,0.48905323914476007,0.5119574678796632,0.49437050888687184,0.523507701406859,0.49236042092178633,0.4897878776733215,0.5041079037083624,0.5144836592187203,0.510916290459481,0.4907167636239886,0.5027923580829402,0.492170781265913,0.49920718942122316,0.5012333619216583,0.4888790764947307,0.5013747939319746,0.49468474588725153,0.4813701774486983,0.48278737848919256,0.5166435884362283,0.5050074225154375,0.517031361960376,0.4829419949870812,0.4524835165111099,0.5204394812111346,0.4845562332800692,0.46749169582542316,0.5049850086253854,0.5069010983826371,0.5028155932418015,0.5182664379864421,0.5093172823132653,0.522194623584185,0.4962948782029284,0.4871219539563863,0.4913988904911169,0.5104715218380482,0.5074240684677845,0.5026003274425042,0.49060261482564693,0.47452305337464323,0.5345877216177709,0.5084483192755075,0.48368684580223276
351,0.4894387900208725,0.49103595783816834,0.48844921576558303,0.4883734805356812,0.4970018394785611,0.5013917342541765,0.4850893053198005,0.5097487203105784,0.4829932712068495,0.4970477559736707,0.48335566946752223,0.4992367012005129,0.5175290044661095,0.5042435965287904,0.48650737599273897,0.47095839215438146,0.502753173067244,0.4964483533575802,0.49220499522219585,0.494053436487648,0.5114976461339185,0.50598562378325,0.4892964397431059,0.5107736372659227,0.4957768718823513,0.5246379644397201,0.4932649342432331,0.49107847632154017,0.504697783749896,0.513496381397565,0.5116474531468466,0.49015720332454715,0.5039957601730214,0.492575141933518,0.49912206093690425,0.5005569546481088,0.49003943728065863,0.5013281265344899,0.49432125409256045,0.48282273908426304,0.48251487180657904,0.5165757437993668,0.5062453544859912,0.5161396217519033,0.4826717446311124,0.4521164210298873,0.5193680575871098,0.4852895407339112,0.46677056255489724,0.5038106437809832,0.506951296758514,0.5018399812953486,0.517386569354641,0.5096711812032108,0.5225868210976604,0.4961445450850867,0.48596937681657665,0.4924103859637559,0.511253602235833,0.5075401462006657,0.5029720223552594,0.49028679062621927,0.4736283149769465,0.5341676032110966,0.5096572938471431,0.48380813415313295
352,0.489156821606333,0.49190758712565774,0.4875361111988617,0.48888199193807097,0.4957637919855993,0.5007470537311132,0.4862803653988437,0.5103644035583061,0.48360300564142505,0.4972795306957644,0.4820004953910748,0.49871766442982624,0.5167719102795062,0.5033117462021927,0.485526055878794,0.4699027424091957,0.5023858025285797,0.495424845750674,0.49081762703462756,0.49518388490704174,0.5114182985001895,0.5058169431909597,0.488465099501667,0.5104138041293793,0.49490386908535533,0.5253896277087272,0.49243317230746614,0.490606458368462,0.5045041063945443,0.5146966719868705,0.5128833205337108,0.4903121729522972,0.5027026055069307,0.49145085009982464,0.49777226527371676,0.5005289007980686,0.4897245917389321,0.5017149160913235,0.4949169555887376,0.48172676706802753,0.4834864026906833,0.5162590027106161,0.5061809185771738,0.5148663417181965,0.48237832460155927,0.4534933183457928,0.5202011893075478,0.4857832384216174,0.46706524479551703,0.5028088459385196,0.5081852082028064,0.5007117740363217,0.5162725525320293,0.5090046407210296,0.5230741057207363,0.4969223701373938,0.4858388054141251,0.4928807031781616,0.5112363639189567,0.5080168078582321,0.5039783625212864,0.4914037702824787,0.47267979276177263,0.5352888869788965,0.5104901455998022,0.48257097805328397
353,0.48961287116573515,0.49065017372146413,0.4869550471671984,0.4875853661369224,0.4967394006485987,0.5000600412946072,0.4858948475976145,0.5098552296130875,0.48447541232296903,0.4959374974064673,0.48314091639071943,0.4993190220320722,0.5157916412188993,0.5038255031029897,0.48561025344387354,0.4712745273941344,0.5012982544013733,0.49573705270379903,0.4917996976462423,0.4957841554940235,0.5124304284101221,0.5062917227988274,0.48904537807008297,0.5112939033469756,0.49583814605813276,0.5244025711405791,0.4913242596311365,0.4902765391266806,0.5054544366672054,0.51550298948368,0.5140568564195472,0.49111536062864247,0.5014874629330507,0.4926993018074523,0.49781688861247625,0.5003560146148043,0.4896673067916829,0.5027290811544524,0.494038810313037,0.48131184795014104,0.4837757553772523,0.5153479548247306,0.5070067549463054,0.5160662431252,0.48138980305599666,0.4536010777933867,0.521114552244333,0.48534360348814265,0.467891656812238,0.5023994822194826,0.5079945749841702,0.5018441465220056,0.5160483882531844,0.5084876132723689,0.5240634568299094,0.4963137805972306,0.48555914956897983,0.492056095888261,0.5115002382550079,0.5084644271059453,0.5026480192787616,0.4919872192806545,0.4716474730117439,0.5344075669142558,0.5105833363202874,0.48184234440036106
354,0.4895741374906296,0.49041401967521164,0.48617448437513017,0.48696053565038167,0.4965322555299216,0.4987474093025179,0.48508082074442915,0.5097522163687155,0.4840166804487501,0.496808228432469,0.48372657032634014,0.4988805340834826,0.5155706195960059,0.5038506272464481,0.48637845049484524,0.4727542047422565,0.5006494236682765,0.49438124447962256,0.49156070895551446,0.4954416199232461,0.5119355990823377,0.5058722974023802,0.488046356320504,0.5102606382759816,0.4949279022987795,0.5237595479938469,0.4920345943726836,0.48959811602307257,0.5053138007829497,0.514351174061555,0.5141042649959493,0.490448537217805,0.5006919456478404,0.49245222389912674,0.49849613451130537,0.5004723069940705,0.4899271395216917,0.5039325927248108,0.4931584724605914,0.4808803646046029,0.48377212987819423,0.5158705793447215,0.5071822440378383,0.5159910626270726,0.4811005734818069,0.45387609020622205,0.520406366735325,0.4862358412385349,0.4670503579739057,0.5016785169604894,0.5080921588972043,0.502160723394095,0.5156730101725417,0.5076872047137171,0.5254000751844642,0.49630675257397744,0.4852276554453503,0.4915056986684512,0.5117204940342346,0.5086183130291786,0.5039485512160647,0.4916033472622337,0.47206165516608695,0.5345161707704619,0.5108586143332631,0.48053475715896116
355,0.48909487848686983,0.49170743121592647,0.4863713629103163,0.4873878630793753,0.49636644211802367,0.4975178838554934,0.48561275743626103,0.5101904089035901,0.4849231504836933,0.49819329522650224,0.4835789616893026,0.4977140475744718,0.5150616650891504,0.5038583091643364,0.4853745921015544,0.47262044353229815,0.5006108969972092,0.4943788097237012,0.4904263666745657,0.49598791878027065,0.5117323679977477,0.5048050820494104,0.4891067196681805,0.5097282726305844,0.4951889270140196,0.5225779188526911,0.4908821309347875,0.48853421318958784,0.5052277338782096,0.5130902657486871,0.5139738604169937,0.49109353932505717,0.5020681398030423,0.4923588424855818,0.4987861702723174,0.5000589801156277,0.4911816236656549,0.5049193890930675,0.4917867710417278,0.48143884794255554,0.4832114273261169,0.5161400325747127,0.5082064864788521,0.5158170530819526,0.48192180318263655,0.45515682393016593,0.5212781529007792,0.48556527100127,0.4662328428512703,0.5015644158568467,0.507900418735485,0.5018517843137574,0.5149469344106175,0.5065879086617636,0.5245013514310504,0.49586841729201675,0.485848124876553,0.49203972243253813,0.5107714774987513,0.5081990500650783,0.5051141227612908,0.49101479054353175,0.4719994456814531,0.5352115616992821,0.5108263097133564,0.47921930168066795
356,0.49011554786923156,0.4913622956622167,0.48646859075611437,0.488685310326156,0.4965588328074514,0.49816280408101,0.4845953291246431,0.5091441567284947,0.484146517837818,0.49809210436295104,0.48458171805176237,0.49899068758574444,0.5147682365390323,0.5043646310804308,0.48512306172088343,0.4721829628095662,0.5005808041827936,0.4943517083232515,0.4916596795195125,0.4947461683782826,0.5128945191510682,0.5052309426696181,0.4891746061031312,0.5100639365006631,0.4947782330620939,0.523002857671276,0.4899864885380732,0.48809753739883344,0.5042928652310461,0.5136258153831047,0.5145230480110115,0.492508364571265,0.5019731254892202,0.49230902345577016,0.498180294518036,0.49908727618027005,0.49122739542133464,0.5051665725532245,0.4929944958621795,0.4813759371392847,0.48272954052330036,0.5154451536018508,0.5091871583015362,0.5146665933378408,0.4813501876493101,0.4556454668390604,0.5220143653078366,0.4862733103478635,0.4656922462724122,0.5008022423911079,0.5086263508033785,0.5006674754771512,0.516071360209581,0.5077630938084925,0.5248236915036623,0.49671574761854453,0.48715544215241047,0.49126305451210495,0.5101412106840107,0.5074549279733703,0.5057893240880047,0.4914189857769836,0.47288010402606245,0.5337456596177045,0.5121905783583076,0.47985510118664443
357,0.4901697854630585,0.49158934079511524,0.4869547139566348,0.48849031049522595,0.4972484086888999,0.49722438009136743,0.48493351270775464,0.509440038265597,0.4853199281482936,0.49736056966228503,0.4841609334549178,0.49986343676727196,0.514596904415961,0.5032210878243301,0.48654024132788803,0.4734109043243399,0.5014549780375194,0.49359545377255726,0.49175874503629324,0.49508358264152913,0.5117578608844475,0.5047562914211982,0.488477353885603,0.5108187044708123,0.49412175472025266,0.5235714805350496,0.48944114332816313,0.48925319247646215,0.5050954717233274,0.5147804378722356,0.5150597201522482,0.491895447549413,0.5026403049523015,0.4917820767892251,0.4975068123504994,0.49870524899741564,0.49217054211640865,0.5039478848259239,0.4943792391404843,0.4808620944353359,0.4831915144050866,0.5158942880114912,0.5101177019694423,0.5134812628756176,0.4814686659143518,0.4547585061436052,0.5209237664396064,0.48571423602852853,0.46640056620464876,0.5012462374793862,0.5087831897458653,0.5004790239623164,0.5150020377871355,0.5071483892009232,0.5238107675581087,0.4956271885967243,0.4862429244449288,0.4902752063084194,0.51011501734619,0.5082718000058761,0.5046797965049922,0.49204388816675704,0.472795388793747,0.5345973503216017,0.5109561601042629,0.48065870903858143
358,0.49003880853837056,0.49299913983512367,0.48767328477337346,0.48849934586612376,0.49665521180002853,0.4967506731093251,0.48525113639568085,0.5083334457929115,0.4854162132215693,0.496484178623351,0.48511637529454926,0.49886716912856294,0.5132265173386339,0.5034921054781767,0.4869332938074498,0.473913133801563,0.5027488334989093,0.49389054717710407,0.4917065011838565,0.49575665789372897,0.5113760054853896,0.5052013310107232,0.48911669245959216,0.5117171218892775,0.4942748849561184,0.5238891545031221,0.48942237136084943,0.4885424594628921,0.5056850529654976,0.5149494550725231,0.5139047323990154,0.4930480857683747,0.5037501165268411,0.49071663572730867,0.4973634896617805,0.49805333779895206,0.4931132966070186,0.5045283016458182,0.494365069225019,0.4800410422084391,0.482067707907141,0.5169348357707247,0.5108604237304593,0.5133693340400753,0.48241044635907193,0.4544483058090615,0.5218228512357562,0.4849306566307732,0.4675472127714559,0.5012041175519326,0.5090947828751495,0.501375890033936,0.5145048301151427,0.5074747149173172,0.5244880207078075,0.49591551463452344,0.48580893097348443,0.48989829394315193,0.5091914452984558,0.5084536288748632,0.5057245134131482,0.4914974605614525,0.47258088452828917,0.5345943817952932,0.512265634257565,0.48008693506125155
359,0.48884919959270123,0.49339009558869096,0.48775831796592,0.48851762293514306,0.495331515865588,0.4975719794182164,0.4843366436271087,0.509402635809975,0.48475526909610644,0.49728715921690414,0.48528646909163625,0.4979409592083675,0.5120963643260076,0.5029219671189198,0.48811929813785315,0.4728601831624083,0.5039255699878558,0.494154320464526,0.4907798470106327,0.4961326005526966,0.510855813100902,0.5045951508346838,0.48972834601762905,0.5113016657409301,0.49343988577478765,0.5233430745453781,0.4902879373940123,0.4897143370795627,0.5048856830850924,0.5151800748081659,0.5140995583560208,0.4943934181638797,0.5034659208422319,0.49183292019742075,0.4983247494044682,0.4971774145168195,0.4920025712184211,0.503579249459546,0.49488090905319343,0.4805271518130071,0.48262032945771677,0.5179160562471217,0.5094862374361169,0.5121842536196148,0.4830490020080341,0.454041797865527,0.522599917210724,0.48393448784665205,0.46878223942532504,0.5025930285368813,0.5097221119112672,0.5026145462016536,0.5149653340985942,0.5064971455737232,0.5248836482410856,0.49577990357863677,0.4854694321184605,0.48907392066269595,0.5086069998114946,0.509704417874684,0.5046903008454571,0.491294892350944,0.47381229922869206,0.5332736639703903,0.5120061485338072,0.48054254115003286
360,0.48928792945900673,0.49236049238074,0.48838009399660565,0.48793659315071103,0.4940656464644162,0.4965551106063416,0.4840522851128945,0.5100396670015483,0.48480741059548127,0.4982490516086532,0.48556029984192695,0.4968770059069952,0.5129430500066362,0.503909495244334,0.48936517672361757,0.47335445933101766,0.5033043409727148,0.494282480794567,0.49062119343265514,0.4954716297011598,0.5113223315441394,0.5043480279441869,0.48987046654006994,0.5114075380849857,0.4935591938259698,0.5230300391813387,0.4898003754747232,0.48972051862201504,0.5041949729922703,0.5139959564835888,0.5145036825471999,0.49468129797806654,0.5039485227540653,0.49101787042510403,0.49768400241627847,0.49774071585320795,0.4932636451646123,0.5046450073606682,0.4944600504477758,0.4811434116711506,0.4813831717822315,0.5180461660575677,0.5090972664636463,0.5118479151501969,0.48445952637081763,0.45392806447041867,0.5236641215450242,0.48341738678263063,0.4694121572846893,0.503659239121473,0.5107171625658848,0.5021776298182096,0.5138327518020321,0.506898235915783,0.5237220061141942,0.49716160473272075,0.48504944339533945,0.49024058420362016,0.5079283218092875,0.5108892584148824,0.5036470717958953,0.49101224035585134,0.4741338406363576,0.5338030314426555,0.512729238963508,0.479701871692687
361,0.49053684256731545,0.49140396726027896,0.4881294844331317,0.48663607395591524,0.49342580149804055,0.49597284621159216,0.4854300486563762,0.5094757429177712,0.485836899256429,0.498138555736386,0.4850131226194341,0.4955532342917637,0.5119324970544911,0.5051064806395378,0.4883737439226457,0.4742049461720682,0.5034907226755475,0.4936171257033686,0.4919402532932462,0.4965427281203641,0.510029442748274,0.5042369267317176,0.4886397563820475,0.5120216998128018,0.4943857535403901,0.5240943354844062,0.4894154494910854,0.4889472366203051,0.5033608974732722,0.5146964106717454,0.5136220214148343,0.4951501898326815,0.5037620678884077,0.49128602502366375,0.4976550813781789,0.4973101319260548,0.493822138874168,0.5033471536843978,0.493306736712789,0.48100423481262,0.4820001274188809,0.5193560831461789,0.509666581285515,0.5117753968336852,0.4840769088682757,0.453665665557874,0.5245857971648005,0.4836087448341716,0.46831152522322356,0.5023320814347599,0.5112184494891239,0.501253685452605,0.5138129067080547,0.5066628306249642,0.5227781610308709,0.49843430846381687,0.48476159834937155,0.48991883272676706,0.5075853268409586,0.5111033658040827,0.5029635117711113,0.49067844554597734,0.47334721719052825,0.5335427062382411,0.5116285227731618,0.47956166822418317
362,0.4899739316686773,0.49179308923318665,0.48715780120596713,0.48666095569804957,0.49216339294412415,0.49520951894888116,0.4843942345086788,0.5088272781664902,0.4870723374888167,0.4976455760957102,0.48531936436421824,0.49641285127027646,0.5124338286222048,0.5041538835443817,0.487281913340463,0.4733645821018699,0.5046890080157591,0.49297015150851436,0.4922646320202153,0.4959488767964111,0.5110178492333505,0.502996469408844,0.48751481517272516,0.5109707851594774,0.4934503984417444,0.5248828469498226,0.48938161886091514,0.49033077294288274,0.5029778510187719,0.5156225376719231,0.5148967557967913,0.495171877805479,0.5038302477431574,0.4912576669035767,0.49872560215716394,0.49801228352968296,0.49440778480701164,0.5021517053759457,0.49464549966082094,0.4815051161918673,0.48197773682885814,0.5195720907226079,0.5089867182083616,0.5122643532025913,0.4853809371355829,0.45375693918506266,0.5255455212309162,0.4831557646149012,0.46868785902360455,0.5026981972519121,0.5115612651642709,0.5007648839120908,0.5136402967139492,0.5070757751773257,0.5230624571006107,0.4980209418267822,0.48590393410743066,0.4889832921694769,0.5066328226722052,0.5112371698686919,0.5042710686292982,0.48991840106665596,0.4740656912164697,0.5343439484973402,0.5110578567104513,0.48053143112056396
363,0.49128648236781,0.4918125178345997,0.4872414563558554,0.48642529312204574,0.4909271809509606,0.49572422284589146,0.4837769764387383,0.5083996158166783,0.48710617525707806,0.4989893737361245,0.4848978581043158,0.4974492851207215,0.513156791341243,0.5038451155523559,0.48643235008323654,0.47313668935481645,0.5033401873042938,0.4943201474980472,0.49126468749605273,0.4954845987310243,0.5119433431822293,0.5030313593514562,0.4867334294413135,0.5106955888095147,0.4933230659662697,0.5255254460792002,0.48966944567973764,0.4903062637871795,0.5019363348483185,0.5168939173577998,0.5158643153422862,0.49529131095758777,0.5046679661745117,0.49002401648433835,0.4985486097026224,0.49666257390117985,0.49451362315024006,0.5033397420355061,0.4939425815204269,0.48170479545574063,0.48204292619675093,0.5191378431696406,0.509929473886992,0.5114729043494193,0.48627838812284924,0.4545277510415847,0.5262682445671126,0.48346974188557956,0.46996142350204495,0.502363798685181,0.5105126624494716,0.5010102973796222,0.5123925506661524,0.5079748093087542,0.5234177711141368,0.4990188449578407,0.4865962580301223,0.48994083919805037,0.5071908017550067,0.5108189509093365,0.5037238973134764,0.4896415906536377,0.4754826260511883,0.5335527498531245,0.509821849406785,0.47944562787068357
364,0.48996571314802895,0.49237969021806743,0.4869572096661795,0.4869761072249764,0.48984725169747784,0.49573532846902235,0.4827017934759562,0.5073329081895006,0.4858316457365677,0.4977327761387901,0.4839692007705861,0.49623197103926353,0.5136403788779127,0.5029203850682394,0.48728676811739957,0.4737836544508646,0.5032233430548267,0.4932334831386864,0.49118012791650106,0.49528016679114273,0.5105394550410821,0.5029758652619576,0.48588818613820045,0.5108721974569086,0.49198538723880136,0.5246203278042462,0.488948484328974,0.4906192439914308,0.5013111550699262,0.5177108328718015,0.5145859017294137,0.49663431117496665,0.5049860953331473,0.4907016187413126,0.49885847637982567,0.49546492359716965,0.49550485704309716,0.50407283981765,0.49361636203607545,0.48044476043919393,0.48098978985550167,0.5189002189919921,0.5095850771244733,0.5107336609863109,0.48707576580372136,0.4537953679075959,0.5262840800488973,0.48411290094399584,0.47123001250716623,0.5024820266201514,0.5093100235585988,0.501879832609806,0.5111972920978741,0.508057591004275,0.5243677140138631,0.4976759497125712,0.48655178667879295,0.4886373744055189,0.5076660781577198,0.5102702139620588,0.5050600291477947,0.4904168923507351,0.47532783536834433,0.5331010260445823,0.5093608407704597,0.48074333693381927
365,0.49026404027571757,0.491213451157515,0.48585842973168836,0.4865317937637744,0.4903227236101987,0.4947776631945386,0.48352582166166386,0.5074036760882034,0.4860299210883271,0.4990180283499443,0.4852948574056528,0.49651469580607227,0.5141305828938415,0.5035748980675282,0.4873194011201667,0.47510877129012197,0.5020558032097798,0.4930180322554345,0.4908705445771201,0.4957287215076658,0.5105841382413727,0.5028643483607986,0.48593175576657294,0.5106304131341458,0.4912421626779716,0.523732173433398,0.4899788803252269,0.48932445313169803,0.5003366050729752,0.516775519808292,0.5151887295552059,0.4975118114320059,0.5048952264471209,0.4907796268138985,0.49817061228625714,0.49568634357500085,0.4946469558578348,0.5052656524497817,0.4930637836758595,0.4800644886143461,0.48235002696213725,0.5182687064580985,0.5102282472785806,0.5113789223211092,0.48779862015471703,0.45302981044167684,0.525870950913767,0.4834245325458882,0.47244103019433203,0.5038374191061432,0.5087559484898563,0.5018369716557981,0.5121042363134973,0.5080351517219964,0.5235011674178086,0.4986707691297427,0.4864196627454724,0.48872277032987954,0.5077346397538827,0.5115865044336576,0.5058267147442019,0.4907709937959233,0.476146718759264,0.5343436324359953,0.5093312600604457,0.48041545459031726
366,0.48981943830772395,0.49235926636758565,0.4848688889418665,0.4878245095108386,0.489136119328265,0.4960066118402182,0.48363822916242466,0.508177212316956,0.4849146703225248,0.4984378075658786,0.4864368513468871,0.495516843566529,0.5150657416562635,0.5041451331843243,0.4872481275606325,0.47383453927792984,0.5012356964086386,0.49397675230170784,0.4895373427488452,0.49504390851464275,0.5096595126238137,0.5019392292192483,0.4866913015597066,0.5094385637975107,0.491792024005222,0.5223229893863399,0.4903144433838146,0.4904442088985225,0.5011367869022834,0.5174825045596075,0.5157237231611285,0.4976378665896752,0.5060433712936669,0.491979547763992,0.49868687898525943,0.4964389668886529,0.4948217132175081,0.5061580363368796,0.4922888074712686,0.4813270934681022,0.48217252896798996,0.5175225396279812,0.5106722853244893,0.512317263978596,0.48697065780966725,0.4543460099448302,0.5251029542193669,0.4838026246088603,0.47149503808269017,0.5026544973528835,0.5082231340643051,0.5011360996077211,0.5107299308878589,0.5082836123770452,0.5246846081361216,0.49742743238942605,0.4851233507900344,0.487406047728876,0.5071305478518593,0.5120902412528192,0.5064746502955785,0.49022611657893894,0.4769492571819439,0.5348878168052841,0.5079775755547616,0.48086316692696485
367,0.49025769151410553,0.4925818578131962,0.48564769092210847,0.48887017365632035,0.4884824800675345,0.4952832750129295,0.48307831806466195,0.5093318074925808,0.4859812586853034,0.4987964816534722,0.48644578481760353,0.4947382607009251,0.5139203349213844,0.5054404423405132,0.4868386897295013,0.47427842259510544,0.5001627819218912,0.4938626390478969,0.49081836822954966,0.4951139912501377,0.508678990660886,0.5029129460461721,0.48547852798264424,0.5099403213451784,0.4905135935401638,0.5209466793008312,0.48931122576436126,0.4896936529225965,0.5017365980074986,0.516308759450049,0.5149707514192549,0.49851565230279926,0.5058871567861174,0.49207480025489486,0.4976096892941343,0.49702307940396667,0.4960643201969463,0.5074377231292155,0.4922140040539387,0.48081005766193796,0.48310799086766953,0.5185473940918709,0.509958271345165,0.5126561119476785,0.48703269554535344,0.45454790359357733,0.5258704951443333,0.483652049499885,0.4710229742674969,0.5034873196946498,0.5069701092819561,0.4999979608187611,0.5107176163693532,0.5085867873133892,0.5257787916296603,0.49694130161755834,0.4857544700859457,0.4871838532930749,0.5060948654985485,0.5113802848950902,0.5055136873115954,0.48902444285265007,0.4777555655368793,0.5335636306662306,0.5073538588461569,0.4816947318071226
368,0.4889901670610656,0.4916365673165782,0.4853846997769185,0.4878418154382006,0.488453582401217,0.4942702954577945,0.4832837346664878,0.5096471558123329,0.48660984551801967,0.4996831207479029,0.4855286235499168,0.4936275550495629,0.5149598069715561,0.5044265440616752,0.48710296013000265,0.47566146196943354,0.500369166446321,0.49438855196352194,0.49116802307532675,0.49557456257370264,0.5076273216415274,0.5016644413901765,0.4867306051415355,0.5086117614792642,0.49047716059883795,0.5199032641678276,0.4901833306927578,0.48946876850280463,0.5007288975959627,0.5162424157521699,0.5145907317547492,0.49838346391253396,0.5052213529382428,0.49276749877962084,0.49710308600757913,0.49712606399015374,0.49576191906134626,0.5061150204398573,0.49193632625084643,0.48197795577857716,0.48290040195223993,0.5182959600474193,0.5085919886401369,0.5131862082052501,0.48596760157407404,0.45408715846477576,0.5256504882893264,0.48344536453303055,0.4722580400249103,0.5042148830820022,0.5074687242102258,0.5004326811099944,0.5108726925132993,0.5079812097559149,0.5266380002886281,0.49697969601597747,0.48496069874247855,0.4874352343373176,0.5055107449481547,0.5101034045705578,0.5066243857344065,0.489581807698904,0.4772464761535799,0.5332413671110331,0.5083304015748213,0.4824827043282218
369,0.48796391769415104,0.49159644241382583,0.4857313754772211,0.4877039328906083,0.4875092197288607,0.4936003184509577,0.48328432133537275,0.5089608030647145,0.48562385286171633,0.5006404977479746,0.4861330255537884,0.4940555791054235,0.513715527002122,0.5048264211380834,0.4862881335714523,0.47605141192856787,0.4998691518826373,0.4943209538289223,0.492025747134515,0.49471836743121256,0.5077666102870885,0.5010117383897561,0.4863833800527743,0.5085705496599451,0.48936260221509803,0.5201436667969713,0.49117435200506854,0.4883731995504558,0.5015684589729346,0.5154772926750573,0.5132864475685964,0.49904929129028713,0.5048108197436006,0.4929764622322503,0.4962203660925186,0.49760095283844785,0.4963235923074759,0.5056873460804449,0.4924778367454325,0.48273489151495463,0.4827153343910807,0.5191051184767647,0.5090413826561901,0.5138963999986333,0.4857529060009115,0.4550429139792238,0.5251584426767658,0.4830909569947698,0.4719044995660012,0.5040563165902038,0.507496176571097,0.5006646342382376,0.5098766685367473,0.5069104985239291,0.5263964303003384,0.4980474279816582,0.48592891792317133,0.48762327318138493,0.5051459953343254,0.5099632526541441,0.5057119634431574,0.4882571050805975,0.47776817974366503,0.5324471597030039,0.5081178987397129,0.4814131807859713
370,0.48672512250672273,0.4909807079073267,0.48584675485780243,0.4888395436987926,0.4866345037508859,0.49227665587051245,0.48330116812429436,0.5076837816962779,0.48533153846105115,0.49990313190780233,0.48664595661257637,0.4942847982171343,0.512847561645065,0.5053367987941755,0.485558006134482,0.4756759849054158,0.500300994222734,0.4950299284472473,0.49280718050354827,0.49347206128970633,0.5076632544595447,0.49971865318046677,0.48711223991478936,0.5087571210044697,0.49001339266666355,0.5194952010472356,0.49032663227755197,0.4889259777576197,0.5003435588860512,0.5152064024487832,0.5119187807913648,0.498152275119877,0.504721668119268,0.49184404089013106,0.49543371462036656,0.49648684658406644,0.49660382941442993,0.5066060620907394,0.4920179515596587,0.48194454914148316,0.48334614162881784,0.5188722132342526,0.508310399313683,0.5151311269133599,0.4853906372762423,0.4538174479369747,0.5263439474281395,0.48184867851952023,0.47253854754559554,0.5027030840449999,0.5063433327779846,0.5016965074267545,0.5094233124502451,0.5063722704513449,0.5260239600303714,0.4987445329945557,0.4856238543133664,0.48684568262272354,0.5049264201591573,0.5088520551259614,0.5055293659569484,0.48696660058609703,0.47745041452200426,0.5328492465789498,0.5086751601704844,0.48092745784882956
371,0.48793699713497896,0.4900684877388649,0.48585551812369193,0.4896584747035931,0.48705553729040935,0.49297933563539853,0.4832531966710096,0.5076286245550711,0.48589687532111286,0.4995829842338717,0.48767375689729847,0.49490858148634376,0.5141300329919394,0.5064174100712753,0.48684149895637974,0.47572750009302706,0.50036316953104,0.4938011298115784,0.4927900900403555,0.4928068652525788,0.508822537555086,0.49855882055730133,0.4867667092808621,0.5083320651562225,0.4900416631373208,0.5186749472197133,0.4904126696821908,0.4898879778848862,0.5000713881737482,0.5143914006678084,0.510639466145783,0.4978466742163405,0.505299360256803,0.49315888753458637,0.4964308522687628,0.49678958928157213,0.4974114602484753,0.5058086764486243,0.49238218480382406,0.48235585902644335,0.48386062943217517,0.518663612484841,0.5077477343152876,0.5157831174338157,0.48484861471365165,0.4542023509065095,0.5268107517947236,0.4827164920244138,0.47382498995604044,0.5026414320214039,0.507087237686895,0.5006917252769814,0.5088967042026884,0.5059930021409519,0.5264595438068094,0.49982981283289796,0.4856339768887913,0.48666529159940913,0.5036256265237036,0.5101190492887839,0.5058713578705419,0.4872619364910999,0.47618084384364995,0.5328007799239618,0.5096239665828599,0.48076049055639397
372,0.48755356932197585,0.4910524886568478,0.48679835721672743,0.490818988234912,0.48613139024215635,0.4920202880290576,0.4832986054377421,0.5063674673939355,0.4853456864821057,0.499563169218822,0.4875487374063338,0.4938329419114707,0.5128817393223015,0.5076706081337901,0.4876661206186419,0.47624581237323294,0.5012112403694438,0.49496022048694255,0.4917951207587706,0.49148805898321535,0.5091355439142056,0.49915304847514197,0.4859724030121189,0.508274672570914,0.48911749873188626,0.5177929589709401,0.49007083005243496,0.48962684056338807,0.4987997385731039,0.5149078637345061,0.511767312802796,0.4978403884285157,0.5054935344808043,0.49366335892807595,0.4972337839706301,0.4961084566640151,0.49717482700882865,0.5051532947952206,0.491730736903608,0.48285966185692974,0.4845188416709231,0.5181375864007686,0.5089101626231337,0.5149299897107483,0.48536141256825643,0.4536380146758732,0.5262726247576263,0.4822162373430613,0.474452518714952,0.5031262791157318,0.5076248943714198,0.5012591777115993,0.5087985260682658,0.5047681817220189,0.526670379509945,0.5005838579466033,0.4851587092258184,0.48563069850209484,0.5031591067038135,0.5111551162209637,0.5050799158132855,0.4863928268493627,0.4770650540871289,0.533254032591198,0.5106977079466328,0.48122237672161045
373,0.48861157738699634,0.4901826583894956,0.4872921202426757,0.4897250704437395,0.487133087215545,0.49277026937302165,0.48428632338179683,0.505193702877029,0.486264481291805,0.500138478316614,0.4870678512072092,0.49419593391229755,0.513988133333568,0.507560790136851,0.48751322730224816,0.4769417022054446,0.5017500345037974,0.49604840188912064,0.49178847180893787,0.49083461535168993,0.5079790607230281,0.4996211625773081,0.4853754175831685,0.508723019054595,0.4895841260521424,0.5167412604187337,0.49000170368358964,0.4887172682840804,0.4978406217520526,0.5137902609548707,0.5121138261481437,0.4972800676005842,0.5060767941314849,0.4926448933707452,0.49682460011623164,0.49677309427025285,0.49733327088956236,0.5045786065331863,0.4918027146699905,0.48362335857499167,0.4856044816408084,0.5186008775556548,0.5092874530589795,0.5150144019535009,0.48465498767470666,0.4537354781279668,0.5256595027802897,0.48295377532494377,0.4758400748283235,0.5041133425962893,0.5081409444621823,0.5013695103558599,0.5090822322811716,0.5050454643018277,0.5266323533397623,0.5018419141026174,0.48557312332126934,0.4853434086941039,0.5021371864698921,0.5124576068755952,0.5039435548155214,0.4855044267958472,0.4778577109075458,0.53348903266289,0.5104551720176795,0.4825066702049258
374,0.48789796340506275,0.49057101569614414,0.48661827464080404,0.4910479240114543,0.4877326815558059,0.49150030788332033,0.48308448534925075,0.5054744251549561,0.4861920536858608,0.4988945192282021,0.48817058600502633,0.4949042382435899,0.5131445550513101,0.5082045796636349,0.48723293704485776,0.4777949143519126,0.5008159424695605,0.4954999313748325,0.49276488878283303,0.4896477075988757,0.5085920751882169,0.49936302292790974,0.48576656523684614,0.5093412443727172,0.48983876492223016,0.5164244020624792,0.48874389319197126,0.48800471331159156,0.4986326566099768,0.5150245217842899,0.5126982221392834,0.49818026694608114,0.5058383502118275,0.49266742439196964,0.49753445518126627,0.4980353482188048,0.49665696614715465,0.5052905568305254,0.49115727653374275,0.4833110396921286,0.48549065136529895,0.5196548719184084,0.5083660139082776,0.513884407054855,0.4843312503002151,0.45319527660361253,0.5250044430314138,0.4830327957185174,0.4745941525674575,0.5036087376776682,0.5086251710230707,0.5014572222232917,0.5083701004870231,0.5063392187698081,0.5260110923910686,0.5021681903186149,0.48609299289525054,0.48446413448997266,0.5030918704181127,0.5118430797914417,0.5043864939809922,0.4864117336714686,0.4779263892422038,0.5321488599842986,0.5113544659634028,0.48286944394891185
375,0.48777345466543653,0.48931434395293333,0.48585995827543205,0.4917036273689109,0.4874634443160722,0.4907110285380773,0.48290180959690854,0.5050422174562604,0.4852089885533981,0.4990479617588235,0.48948337167069167,0.496065923342824,0.5121799054799925,0.5088586293007346,0.4871810912141735,0.4772472667650973,0.4996952695828171,0.4965176061685006,0.49193306314739427,0.48842493626018274,0.5094329366134136,0.49945994800492516,0.48628941096363376,0.5080920293108965,0.4902295192160188,0.5162639480831493,0.4892540215956255,0.4883145330700735,0.49846042739339064,0.5158646975962264,0.5122739734328797,0.49802276028493636,0.506688009797358,0.4915067771885115,0.49660776366173076,0.49683714043487226,0.49724000093290427,0.5048186102947608,0.4913629408281046,0.48343200526757935,0.48653254993014466,0.5192019768575328,0.5084730772708482,0.5134990786198592,0.4841813822286712,0.45299850539027564,0.5252771263232666,0.4826160176846056,0.47554767801473397,0.5023113773246798,0.5082487264874668,0.5021313587802337,0.5089407574748662,0.5069237330098265,0.5269298034654516,0.5009395177523276,0.48613847346070255,0.4835639505291352,0.5024821415327764,0.5122789551411291,0.505028973707662,0.4853295578403179,0.4782879522523967,0.5328553138919483,0.5124952573820053,0.48228970511434066
376,0.4871793071696352,0.4906319151832073,0.48722618045903837,0.4924879577814788,0.48827956275382856,0.48993754580355,0.48225183730418136,0.5042862143590532,0.48445529878407706,0.49989441505713467,0.48974365515298995,0.49595615028808626,0.5128251986767676,0.5088642762781839,0.4878118540452884,0.47832716334785025,0.500045411258627,0.4976274505477217,0.4923889147117901,0.4891220310660872,0.5101460633253228,0.49818439854829255,0.48533530181874124,0.5082995864370321,0.4892879851443609,0.5157327073677315,0.489472014829608,0.48885983587074616,0.499584024565008,0.5150617058052214,0.5121807007139705,0.4969201577434286,0.5072607136733746,0.49257057967982104,0.4979339888027752,0.49762534540383246,0.4978215301944224,0.50448591045844,0.49007081554880555,0.4824204967645567,0.4854979754138466,0.5179437792339868,0.5074412901929691,0.5125654605982759,0.4848009794244528,0.45209425493913147,0.5250571432664024,0.4815158391417212,0.4765393747527851,0.50361815395498,0.5072112742435383,0.5031413101251211,0.5094192741134616,0.5056802473439608,0.5274820552864807,0.5008593135002664,0.48603106054445433,0.48245175201862484,0.5022177777530455,0.5130211755285249,0.5062162800393624,0.485468335609575,0.4795765610524861,0.5337318450507518,0.5122583357976834,0.48216374489484337
377,0.485987099047269,0.4913174320450849,0.4885808383272109,0.49356402768612195,0.48772916220150914,0.49015585629743147,0.48269609017813325,0.5045642584516661,0.48387404917104987,0.4996818304231629,0.48904815847752164,0.49724570468207485,0.5125327323622892,0.5080672580373169,0.4876956065191164,0.4784026045608943,0.5004386756548419,0.4970195935953208,0.49337652598176085,0.48959017849822617,0.5088823876574183,0.4979557985026121,0.48610933085180913,0.5073084349468014,0.4904080279604391,0.5148930105835224,0.48868484021002834,0.48990240650762085,0.4994838289233573,0.5156551838802008,0.5122027177106911,0.4966065087172294,0.5062279846953358,0.49267342912384376,0.4983818207254818,0.49726458383550237,0.4982471973965582,0.5056615698415853,0.4888292989868648,0.483702604931345,0.48484599214013696,0.5172273647160692,0.5072138814377151,0.5117767061352606,0.48591148100426645,0.45206883802361375,0.5241576651167336,0.48060859433712305,0.4777629965603313,0.5026824024340529,0.5078725790369869,0.5037590328744167,0.5084742821062936,0.505695305379682,0.5272386023969868,0.5010097628514413,0.4858388462986839,0.4830564768702952,0.5032716028894836,0.5133717668234435,0.5057489675906405,0.4857914200648646,0.4800443630983746,0.5330708575610202,0.5114676228269335,0.48114499750087897
378,0.48578393829703026,0.49250681969168675,0.48972441403513034,0.49466687627078443,0.48692736713430923,0.49027962013575194,0.48163485864322325,0.5035439050671868,0.48275654524423833,0.5002735287683695,0.4887294266999541,0.49612162534468596,0.512212392166052,0.5081808305624258,0.48734935481312247,0.47723644383822306,0.4997138602171287,0.49717957452413136,0.4922762761860256,0.49035414774394703,0.509831829478643,0.4975930357944849,0.48650337785748815,0.5073216074607342,0.4893542058484983,0.5145445790260819,0.48972475721875586,0.49041887141141727,0.5002537985339237,0.5161319172657063,0.5132138062547809,0.4962771875118175,0.5054679720596396,0.4926377408439404,0.4975835436831351,0.49804276276844817,0.4979077832796992,0.5055504710052949,0.48854172024740167,0.48326067804,0.48487446555802377,0.517358417940193,0.506735325973372,0.5117101863133656,0.4872556434517028,0.4524225755062587,0.525338465481142,0.4816347770118509,0.4773498442262941,0.5016268375839494,0.5083846982911122,0.5035403355996566,0.5074747203319453,0.5060180902328902,0.5279251386839833,0.50014601134516,0.48468322416794646,0.48180087422067425,0.5045212259068501,0.5120567655712187,0.50509411119768,0.4848185672559942,0.48060471893333656,0.5321653045422031,0.5118280708251015,0.4815642325290897
379,0.48552320808004673,0.493279595216279,0.4909990410845889,0.4939929043795004,0.4865234350594187,0.48997954067270705,0.48172548237475976,0.5023490659827263,0.48384961988261665,0.5001685138811622,0.4890848653129567,0.49639494582671206,0.510889474157231,0.5082864643140794,0.48789232941390026,0.47753263699928455,0.498874546191209,0.4983137480067233,0.4930302391959911,0.49098167768138085,0.5085787700698936,0.49729711129187476,0.4871929948087425,0.5065212997075252,0.4889374583138853,0.5140898754435729,0.4895897296831224,0.49039576503560034,0.5011102779063581,0.516370247965248,0.5140239973229151,0.4958545494805978,0.5066803337140865,0.4914800848068993,0.49850152736106984,0.49903312856692766,0.49781829768436264,0.5060269873565354,0.48901898861999454,0.48259133033712787,0.4853873589075152,0.5163070842266153,0.5075884103989484,0.5127275922193215,0.4870250705444506,0.4537255970774079,0.5246272474028305,0.4809840196149286,0.47840066033549367,0.502730896153533,0.5086480695044246,0.5022808471739618,0.5068909743810913,0.504844468445586,0.527131929075615,0.5006349543744114,0.485745179371977,0.4810297206061154,0.5033586336312467,0.5116523760962542,0.5053246587707413,0.48591662770327,0.4815540531569407,0.5323712665293996,0.5104808719471887,0.48074389783068333
380,0.48607197397604085,0.49298735287812173,0.48994964959356,0.4940852974037183,0.48689957545516754,0.4891750345816217,0.48203210138001185,0.5014776596258143,0.48411732641204364,0.500861742130634,0.4897298282181342,0.4960875457131352,0.5121395955819762,0.5086913138056074,0.4888401423082855,0.47786622132805534,0.4981671080386846,0.49776290178565796,0.49395410028995174,0.492298448164483,0.507799188856006,0.496909766051682,0.4859941123106085,0.5062626831797595,0.4878459841847244,0.5129117937180345,0.49065394398775686,0.49038558675667954,0.5008488374518465,0.5158740672925135,0.513641511556094,0.4957927109064379,0.507088515454316,0.49120117533915036,0.4997682107099224,0.49774906829470145,0.4965865287844171,0.5063610687873863,0.4884255791634654,0.48372340511042033,0.48577946017811363,0.5162820255044429,0.5064992236585539,0.5124111372764482,0.48611709407165926,0.4528255894336609,0.5237713217048765,0.48039397040927934,0.479279755778396,0.5033321483277979,0.5076776624345911,0.501668561989352,0.5070511470632195,0.5038752040299579,0.527630547464919,0.5017112381148399,0.48691536888184767,0.4798437633041124,0.5032751715768248,0.5114643572414938,0.5056372132257558,0.486975557118918,0.4805124882637537,0.5334474018855361,0.5115388027374472,0.48129280147208325
381,0.4859531452681632,0.494007123923529,0.49011937035503034,0.4945990826942116,0.4881366749655352,0.49017379077197126,0.4814959187231656,0.5023244674357953,0.482959401665345,0.5015677003440562,0.49042945620414674,0.4964197014495884,0.5126015737053371,0.50796386835539,0.48834837963323996,0.47699039699014006,0.4980047931232703,0.49681768961907197,0.49321036024849,0.49130276874048545,0.508287359208359,0.4961657740222241,0.4861298645737067,0.5050152772295222,0.48824003091406504,0.5118518440825045,0.4905263904078571,0.4902350556995226,0.5014727793735841,0.5166343989083283,0.5129331755616542,0.4948063231263064,0.5059196897280652,0.4901996702453737,0.4986229959289516,0.49761093251836586,0.4961775477956594,0.5068405709693753,0.4877106503597059,0.4848393579509033,0.4853370740428654,0.5174015404494634,0.5075268187877305,0.5123305758919938,0.4866126293441048,0.45194566104911965,0.5235091894093665,0.47977665319565177,0.4790800181168251,0.5031496328290269,0.5064107435561215,0.5014596748026339,0.5059054468144496,0.5050744964603278,0.5279819155514882,0.5009792494693992,0.4868523399339524,0.48043641115489416,0.504179529323141,0.5113431310616507,0.5068720064432358,0.4867765507968102,0.4809146318883897,0.5330343463128138,0.5107305678994895,0.48129628972881866
382,0.48499494726956693,0.494064916531961,0.49037037077838297,0.49569233514291927,0.4870144948841347,0.48918579986019706,0.48096966871316577,0.5023995479348194,0.48385415312686836,0.5011330863942204,0.4906653888782338,0.49677965892847253,0.5138719522179517,0.5070218049187226,0.48742431848777196,0.4781181222969455,0.4988377916024439,0.4966771617010754,0.49272845473800636,0.49174392684966395,0.5076352847252367,0.49731810944063093,0.4860174221558662,0.50480760632555,0.48735860488202176,0.5123623595700331,0.4916318470645695,0.49041007821447236,0.5007979725664002,0.5169081022324842,0.5137712385813233,0.4949910871433876,0.505917067984291,0.49096133675499226,0.49762586101152245,0.49703073147922794,0.4973658055202778,0.5069528748516928,0.4874130377723853,0.4847202462598827,0.485065573475927,0.5184813566398428,0.5071464318347783,0.5130347451982239,0.485617335662808,0.4515616134434166,0.5228134153694824,0.4802250937098305,0.4797197353054237,0.5043113053830612,0.5071691545411193,0.5003463745093663,0.506603786933304,0.5039115346175437,0.5286620321059351,0.5007912559068929,0.4874064831680396,0.4792177324080215,0.5038446185421799,0.5100207855612484,0.5078105868432218,0.4865547299099717,0.4820891906774812,0.5320245987381509,0.5108805829278377,0.48126886574834243
383,0.48580827607527716,0.4938824483429748,0.4911474564416295,0.4964035172807273,0.48580266653817145,0.4882648666785487,0.4820568408561965,0.5032317530610324,0.48430238845490237,0.5010338634065024,0.49114004289868923,0.4966064626858932,0.5144493975858937,0.5061779289522409,0.4868663566867124,0.47903150128593436,0.49763685090414206,0.49724130082001805,0.49209030630956535,0.4918326056198131,0.5085283028234856,0.49711859547585024,0.4851052597062449,0.5046860537773276,0.4861038471798257,0.5135830767131462,0.4913226629934442,0.4906719180900388,0.5012172951719973,0.5172371199244324,0.5144484627917003,0.4952100815217499,0.5055344495180714,0.491785679352866,0.49643121602896334,0.49770859967750997,0.4970093371092813,0.5059725480144567,0.48620112907731655,0.48542590008774916,0.48437683663295894,0.5176616853802923,0.5070665393931117,0.5125130732392856,0.486144434069515,0.4514171895799777,0.5223280665506819,0.47911891729898404,0.48107276683544137,0.5033550875184862,0.5078509489367026,0.4997467198567513,0.5067406583502095,0.5042818400537957,0.5277004341594175,0.5011481901192063,0.48840491343703535,0.47837056175161297,0.5036227217382399,0.5091844996211632,0.507536355450849,0.4863019573421464,0.4808467072163483,0.530701108313476,0.5117417883617431,0.4807162450476051
384,0.4865511788683952,0.49481180423666826,0.4919105726413475,0.4966644319367075,0.48461628293242925,0.487244712460778,0.48273025274669085,0.5023627754579728,0.4853464413633246,0.5008157913902332,0.4904265977218644,0.49615716735267834,0.515173641238767,0.5050839174809373,0.48654497674083236,0.4796863878562156,0.49804361569965105,0.49678040473607865,0.4922715433943501,0.49076125957006983,0.5093843848420709,0.495951144380135,0.4841002478147303,0.5037648363291428,0.48555302020008656,0.5143487741570417,0.4924441675670446,0.48974926630114873,0.5017751237192124,0.51705922566136,0.5149893089744708,0.494584044397761,0.5062858956631695,0.4915348165284261,0.4974076079431051,0.4966713041143555,0.49656944207225456,0.5065401435113009,0.4867773225103596,0.48507272267122764,0.4853794379166176,0.5167531562346044,0.5059323096102769,0.5132197699820845,0.4852851495276016,0.4514557104755863,0.5214483899871633,0.48042474813759434,0.4821634489954722,0.5028561995273265,0.5075708519975042,0.499991707644951,0.5057185344014122,0.5035970438105474,0.5269788168661608,0.502090650537861,0.4884258787252281,0.4791576132309619,0.5045279350551716,0.5101900848743826,0.50795240349347,0.4870889218300412,0.4810371685310437,0.5301624878316402,0.5117962215734747,0.4817335427164316
385,0.48708913810149407,0.4942761534978792,0.49076613726779544,0.49681010608289833,0.48362367374887383,0.4885718744711698,0.484030625197842,0.5032751816980539,0.4861285533267749,0.501470018831707,0.48929070066797564,0.49664961587032935,0.5144328390567392,0.5056473369539972,0.4853006367237118,0.4787560451649572,0.497717549314189,0.49615118324699015,0.4915270914296772,0.4915326119971646,0.5094833549510016,0.4954384056073224,0.4846954328854755,0.5030747434577241,0.48437398429770906,0.5144081837499485,0.49260529855708957,0.4885650856139025,0.5020903764208677,0.5174853856364252,0.5139339409769614,0.49520510963058795,0.5070905579928481,0.4913998958936196,0.49624821582060274,0.49575587618914246,0.4964517143510391,0.5054902884613839,0.48572227334090756,0.4860374100086967,0.48590684478607893,0.5175467379795471,0.5051588692785502,0.5133359476772651,0.48498179797310403,0.45137652451771193,0.5217513727250442,0.48163312168436645,0.48293930591440665,0.5038025622210142,0.5066872265591186,0.5006112931677182,0.5051541495680366,0.5036984562364479,0.5264397754185725,0.5026447746769684,0.48843462499995755,0.4790986087701953,0.5044376548113594,0.5092453370771052,0.5089882331440838,0.48645844300246566,0.4806478389480176,0.5291640118369877,0.5105242428267672,0.48198176336657816
386,0.486866324584309,0.49385062104055044,0.48999991999949105,0.49787257633956356,0.48467203273880977,0.4881507882929315,0.4839998003215839,0.5023368067658212,0.48586130157104057,0.5017231439542119,0.4886083980978397,0.49711786372809663,0.5131882516125627,0.5062750315184271,0.4852121852283499,0.47914136280683084,0.4973162005157062,0.49580815174851567,0.49071074720056984,0.4923375018972626,0.5087006790354393,0.49430601843822347,0.48573442488279983,0.5041580040381419,0.4842904798464545,0.5137547114337867,0.49232940380967866,0.4883413640183186,0.5015959188868785,0.5186021282603954,0.5141040271615643,0.4948420436989839,0.5062605819138106,0.492058838808517,0.49512624918334636,0.4967599212614446,0.4969463990548559,0.5049138215699712,0.4867077695269307,0.4873464968486793,0.4854605143880109,0.516994444518972,0.5038550977605231,0.5130155757955653,0.485876727685901,0.4511615694648147,0.5222038876405998,0.48163571274723554,0.4824699236907636,0.503068747543731,0.5065567610662903,0.4994942908200486,0.5052995640839785,0.5042078203960525,0.5256158934696014,0.5024995224088519,0.4884839141460754,0.47789115587481196,0.5031998102213479,0.5096665332847035,0.5087671986870784,0.48715167377658924,0.47997858151578404,0.5296429685489494,0.509250904012834,0.4819165470253776
387,0.48796337510477583,0.49300410510096143,0.48961674404310995,0.49874298619058316,0.48565888219071623,0.48748666467725754,0.48353994019270996,0.5028562591445974,0.4852948342321274,0.5017423445210389,0.48871626545795954,0.49688390202761384,0.5132749606270158,0.507153457116655,0.48500904870647954,0.47878475336362164,0.49637563261935685,0.4960355217704069,0.4916332108116299,0.49279867991727266,0.5081629053882536,0.49497405847268333,0.4858059315047721,0.5046259836509065,0.4848884406186963,0.5134507971708764,0.49105922592851353,0.4884927948976535,0.5004417457563272,0.5194199123924088,0.5139986140974478,0.4938015338218688,0.5050288678740014,0.492455990661683,0.4940954912194209,0.496544742715203,0.49597950598012724,0.505806299003677,0.4866491753460657,0.4865510608621117,0.4842405042369613,0.5179403367782264,0.5044056417515477,0.5125143606685016,0.4864651848516033,0.45067755674976495,0.5230212270071318,0.48133403549354853,0.48240098902849854,0.5022089249929285,0.5062559256170783,0.4982253182515296,0.505276601711029,0.5037337973046617,0.5257373073341133,0.5030343760715367,0.48862195977650186,0.47908748338634527,0.5031937642588582,0.5102838250382842,0.509275267513298,0.4861756263689825,0.4800339718622019,0.5285299016899171,0.5082832180052589,0.48138109097988335
388,0.48799476623521965,0.4923553606128868,0.49059878517817607,0.49796525605827835,0.48693823810299647,0.48682087628393333,0.48474966368448097,0.5028366777390554,0.4852694728698186,0.5029142331457871,0.4883667536152468,0.4957214497345663,0.5135589114985412,0.5072809330136064,0.48401969496927616,0.4775813255375102,0.4974366017856338,0.4960197369433069,0.49105260077540314,0.4919840004372454,0.5072131208251383,0.495774240233429,0.48632569978887813,0.5039773370414347,0.4838815209891387,0.5131508152466366,0.4912219741749232,0.4885861674914558,0.5013271443878936,0.5192137361845638,0.5144129996338151,0.49440605620216155,0.5054583386753025,0.49214377161632,0.4943874580249613,0.497135308648193,0.4953334375491114,0.5045637236104392,0.48586377612669956,0.48724341148583344,0.4838657309159125,0.5167506899426917,0.5033104820010197,0.512663249584929,0.48760691646998705,0.45172523713898544,0.5222598904991244,0.482593363766904,0.4812801305334643,0.5022223831247942,0.505530124721534,0.497932585443365,0.5060866594756339,0.5033644307665537,0.525684758116102,0.5026386820532709,0.4887637349197262,0.4798479553645909,0.5019584368488729,0.5096841018431076,0.5085660811017989,0.48727433572361106,0.47991559458803906,0.5295604249549264,0.5085598008216983,0.48197053730630274
389,0.48777011801120873,0.49137493430057727,0.491620695692332,0.49726635064212715,0.4865589667079412,0.4871442122240979,0.48477079326869266,0.5033117446062699,0.48573305907142184,0.5016377986078963,0.4887687754515878,0.49692990917509267,0.5147428729754698,0.5064040596136323,0.4843274548728959,0.4786116786258868,0.4979435971495101,0.4957699450025232,0.4917022183299489,0.4926177889666985,0.5060290110506529,0.4955900302917203,0.48644625925169344,0.5029894626850117,0.484946752591219,0.5131159967293422,0.49158300968613955,0.4890045316280532,0.5016898741141015,0.5179215104213561,0.5137296901706857,0.4951860489189112,0.5054239423829007,0.4924569979360466,0.4935233339215867,0.4964391222060913,0.49501307186094,0.5049550163266926,0.4858202444444179,0.4878491967990575,0.48318645396651283,0.5170444485357322,0.503222435687563,0.5115333859218683,0.4877968231639981,0.4525726541337528,0.5230726390635223,0.48232404462726514,0.48163624570912666,0.5010260918722463,0.5050454408818664,0.4990875055968131,0.5055128513373932,0.5026330803282977,0.5248564634484878,0.5022967205645996,0.48989079537798236,0.47910124749482147,0.5024891890638374,0.5093051910859607,0.5093350128006978,0.4883714095757976,0.4795508712611108,0.5289383234749807,0.5087150949456956,0.48318952776031915
390,0.48808642494970417,0.49207591642349546,0.4920307364133841,0.49694466466198683,0.48752266545891326,0.4873755475175403,0.4840027442038118,0.5037078331467895,0.4848755376053249,0.5024009492666229,0.4894766937085835,0.49626373530275186,0.5134603721914353,0.5074339131918886,0.48342503085874183,0.4796756398820856,0.49757992335955725,0.49695527601139045,0.49174458257389,0.49136673557891103,0.5052447684157291,0.4950490396049713,0.4870180708928134,0.5023724876623067,0.4862500576523929,0.5132164648027608,0.4910444881018711,0.48820256587308103,0.501419181067863,0.5182770982793766,0.5146642522568465,0.49414133286252143,0.5063664033471406,0.4934409669641587,0.49274047737362386,0.4951712889356297,0.4946286174074863,0.5042335931581613,0.485971413298386,0.48877487620435506,0.4842088038990803,0.5173008233878105,0.5038094506112027,0.5104821683339074,0.4873808056235402,0.45378754349806905,0.5236124012050845,0.4815162223164671,0.48043917275060344,0.5017011352514198,0.5058443912048751,0.49868907951941127,0.5064415252352329,0.5014332860280151,0.523594056815743,0.5024328057793399,0.4899970746574158,0.4798344240935586,0.5019573412066857,0.5093278318641896,0.5102602209076584,0.48902033773664133,0.4784622961116631,0.5286023497206604,0.5074185364282023,0.48195226035724836
391,0.4884494676990126,0.49105538285743094,0.49078065940757815,0.4965669210697706,0.4879075729891148,0.48621209300389157,0.4849010170614582,0.5036571264476287,0.4850876178573397,0.5019127509822993,0.4885088942478388,0.49683999281563757,0.5122868589994612,0.5076477720123178,0.4834259028512447,0.47913928749622225,0.49676240726515536,0.4979542511321534,0.49071235785368966,0.49224096297154485,0.5059216602993315,0.4954441697523472,0.4858699180343049,0.501489484270347,0.4874451546874937,0.5124136098393078,0.49133214300183564,0.4882770632434544,0.500481340538335,0.5178067870402135,0.513676450415596,0.49368892417863924,0.507263089602109,0.4929471152066413,0.49291424201004524,0.49504022656007046,0.4945344536742867,0.5053840518625182,0.48712522872551856,0.48809222894361987,0.4837189405220407,0.5180680653884895,0.50268942223732,0.5106337407349114,0.4883203033332271,0.45316015663647674,0.5245917109278961,0.4806028357528611,0.4794366348750395,0.5027918264240414,0.5065881416350139,0.4983171629277371,0.5056343556879995,0.5014965728129626,0.5241725848822562,0.5012131630803962,0.4899015569735336,0.48033506239955076,0.5007813893076156,0.510426216212893,0.5111814267756459,0.4898334116205841,0.47765153745221256,0.5293835353041435,0.5070041899517276,0.48260881591522675
392,0.4876623046777841,0.49210230021351775,0.4912989167523443,0.49763003562526387,0.48775003989438237,0.48689066350358956,0.4844764554292555,0.5024129875353102,0.4844244102432347,0.5029356108087671,0.48942029335535264,0.49732600499234125,0.5117191898094238,0.5081533262134739,0.48221190850989065,0.4795714180755084,0.49790142566123624,0.49683757204712076,0.49118662904446797,0.49227046594550333,0.5068439029875262,0.49463826162687385,0.4856242426956381,0.5022097980146257,0.48719842193121426,0.5132605375831891,0.4914953514933937,0.48954724269122524,0.5007783621658354,0.5173934220343555,0.5143311398097226,0.49266819574040255,0.5071233826765488,0.49336354999568666,0.4940752577717082,0.4949967480580563,0.49381600366166767,0.5059866542783974,0.48601069715134315,0.4892643704811695,0.484732095044734,0.5174175314899433,0.5032529747129162,0.5109020380866895,0.4882959650155773,0.45261721884568157,0.5249073352080071,0.48096280238637357,0.47841522457733104,0.5037950732714189,0.5059952290682428,0.49822312321674306,0.5049540303895205,0.5004375540727803,0.5251331854852834,0.501192532091958,0.49098963126025685,0.47998285967998533,0.5018284133356355,0.5115205335215297,0.5106637319693639,0.48880706413775504,0.4767763117360555,0.5282156229704126,0.5079349129152638,0.48218165036532923
393,0.4873036458037319,0.49282192410931386,0.49040882934317803,0.49884647085826594,0.48826936692186307,0.48570893159443784,0.48508491578809326,0.5028206285543028,0.4851180368290475,0.5019169507899549,0.48931373895182395,0.49650252789832694,0.5109998408801504,0.5069843250094248,0.4818421046302472,0.4788872549273371,0.4989707086614393,0.49588189514755354,0.4902734964057897,0.49287784284792047,0.506225752290775,0.4952804527611673,0.4862948132418052,0.5017183787987007,0.48708180221148417,0.5140019114292682,0.491663698685894,0.49081029332586185,0.4998758657828085,0.5163358105222533,0.5150902168734733,0.4916300444353557,0.5076893942968851,0.49373643696269187,0.49495501356683885,0.4938832191061399,0.4944041518851733,0.505779247599415,0.4867311847086672,0.48918380361033525,0.48443239420099365,0.5181016105428056,0.5027076418717245,0.5099208063721181,0.48820303119065134,0.45226099571774475,0.5236057202242915,0.48148137615042796,0.47820076213480345,0.504875536710675,0.5068494387656148,0.4973119091716189,0.5057413358205372,0.5012541058218071,0.5252818254630991,0.501826685419102,0.49115288018368924,0.48103634421269664,0.5026218675635027,0.512741903472566,0.5098759370455024,0.4892710788911478,0.47682282755712224,0.5282629362945568,0.5077862905596822,0.48173723417565234
394,0.4874172118833221,0.49183346973754866,0.49165222676093834,0.49830376707563695,0.48773281688510406,0.48495573480536236,0.4860578332701363,0.5040652250155143,0.48511735699283254,0.5020775437082667,0.48889745631730996,0.49546414201326766,0.5116914137076125,0.5066931755913391,0.4826945966521943,0.4800524043434942,0.49959614201707286,0.49688611045540865,0.48936606860390636,0.49241580352816594,0.5057218588325054,0.49465839552701596,0.4855065604881131,0.5018149996621929,0.4859557234834398,0.5145096648455321,0.49058226044823844,0.4904801443473835,0.5001380631131643,0.5155117849665983,0.5157658549086647,0.49289346912712323,0.506737810458036,0.4947524450729479,0.4951588594462433,0.4951212544347205,0.4955260719176729,0.5057418603982576,0.48641318149890495,0.4888230909752521,0.48556429235815657,0.517631677633131,0.5033992497034259,0.5108873747045289,0.48698601475945447,0.45136676037341794,0.523568347473639,0.4822423798641857,0.47927459371734354,0.5036515706319417,0.5056864275784998,0.4977246827227478,0.5059879594711696,0.500192579831671,0.5260168285905031,0.5013586629016591,0.4917006083888743,0.48154616221297913,0.5036174055483144,0.5137041145916574,0.5090259072851376,0.4883346008715371,0.4760297765419295,0.5281302339781822,0.5071432368429988,0.4809617716684334
395,0.488206595796058,0.4926605365916575,0.4908839355995793,0.49929690885299716,0.48813636871778426,0.48577989083014766,0.4867103719587698,0.5052345466224464,0.48389114346094037,0.5010937078360166,0.48980469698512014,0.49475587110218333,0.5115173228209307,0.5073975365846453,0.48295011064467186,0.47982520587477995,0.49856752144087924,0.49718914824567134,0.48828888439419554,0.49168699087811485,0.5061743114871395,0.4941760259113437,0.4859557035869629,0.5006329195961821,0.4850783010106325,0.5135711179440501,0.49173587707382,0.490796039312484,0.5012372050679372,0.5165099834999852,0.515133792447396,0.4935627195246491,0.5059337448392038,0.4948382594474058,0.4948487060124001,0.49534685322565586,0.4951909252347945,0.5053807911463744,0.48550517330966503,0.4898030996968276,0.4856316209311751,0.5177703356365637,0.5029666420870387,0.5105074003780766,0.4858110168899296,0.45088224771913726,0.5236981645457522,0.48201689571079803,0.47951320546185255,0.5024993939351896,0.505379314264302,0.4988375430169989,0.506221152497218,0.4991377654472605,0.525685112030487,0.5007352932165153,0.49144479937539476,0.48272877449244117,0.504758613317182,0.5141962249716172,0.5099129801689248,0.4894312808566694,0.4765384307680114,0.5283826409273349,0.5077949246041326,0.4820120513124115
396,0.48719079191459413,0.4931538949350435,0.49196049313340584,0.49972266270821347,0.48740570363588265,0.48684336410054246,0.4877067846789502,0.504555123529415,0.4834801889433852,0.5012477446065056,0.4905098197055482,0.49550447658663066,0.5120827334510617,0.507369790777326,0.4837691860325645,0.48035715435644194,0.4982399663634285,0.49673388654117345,0.48714092124666597,0.4926265724550373,0.5050984209026572,0.49492775091698216,0.48569108568002706,0.5004467495073947,0.48413747468587015,0.5139882608968528,0.4922808442913363,0.49003728363493476,0.5014647016731045,0.517690825291693,0.5150767221515965,0.4930196987782264,0.5047045451719866,0.49481294617506816,0.4952737284277226,0.4955747340557544,0.49545994572807267,0.5046807985911086,0.4867116056750987,0.4898752616405655,0.486035096841471,0.517517816710749,0.5031652339879099,0.509569180584466,0.4865032414485875,0.4502577996566006,0.5236721628947189,0.48213732419912125,0.480751325656858,0.5014692398312499,0.5055175760781905,0.500026436463416,0.5057353796706519,0.49847233799023744,0.5261303567517449,0.5018381828664855,0.492445794903615,0.48253326722610473,0.5044023914734748,0.5140527132183407,0.5108586509668721,0.48988035613352204,0.47546105136767547,0.5291771251991334,0.5065133593769019,0.4832236927227313
397,0.4873660716865696,0.4920522386212319,0.49283116521308223,0.5007129897850074,0.48660176037582925,0.4877424382852103,0.48764394194287447,0.5042771758033008,0.4835452331205192,0.5019476325477575,0.4906209693831051,0.4960214297245208,0.5108767317917404,0.5075891582517005,0.48455114692110224,0.48113275542999967,0.49829499308183084,0.49751497971754727,0.4878054819983802,0.4916607905574552,0.5052883777672739,0.4939724520901483,0.4861812766328334,0.5008419448290935,0.48371448776386977,0.5138157769933531,0.49138592748020304,0.4892866562790813,0.5019026623293835,0.5164524266559464,0.5155716661662052,0.49252632562521836,0.5058776561782166,0.4958773865115422,0.49595637570956863,0.496001016028593,0.49620440780833536,0.5045046792050986,0.4875902370676742,0.4900263640664734,0.4857114308401096,0.5177426465408608,0.5034419609581989,0.5105780773921196,0.4859516623465703,0.44913323932719423,0.5243393249829148,0.4813227987279405,0.4815306038430479,0.500958058807228,0.5054386669193275,0.498998603201995,0.5058473889839566,0.4982481500737778,0.526927497438153,0.5017337284713129,0.49128419179270905,0.4820739739073912,0.5048738375118694,0.5144079551452301,0.511831118169953,0.4907584336907031,0.4767238916037598,0.5278575010979273,0.5060223522468659,0.4833042045383849
398,0.48623694823788144,0.4920135588347341,0.49303009165739464,0.501453134749417,0.4865197406997232,0.48836267550835394,0.4864912364018528,0.5050550282853512,0.48432115058422104,0.5024945063259372,0.4916686424625297,0.4950450044962862,0.510164175123038,0.5070339146697591,0.4846125253302225,0.480612460735046,0.4982879765229959,0.49810929415328653,0.48773700050281005,0.4925806275908821,0.5050840808404228,0.49386387291448086,0.48658883599154606,0.5016075956902122,0.4831490123153819,0.5130253517858119,0.49038866951694093,0.4888341386412833,0.5025474817717198,0.5168027000693979,0.5167588273108484,0.4928536850987672,0.5065291038833843,0.49663510277709805,0.4959683593185245,0.4967886239039163,0.4968779842726636,0.5045755158071267,0.48766760195562386,0.4910406133788383,0.4860492608122416,0.5177671776330702,0.502445834202621,0.5096346489894542,0.4850895770549853,0.44894233269641326,0.5231302088812653,0.4823103523535266,0.4816093825607055,0.5013769094580205,0.5055839901852398,0.4996945701232007,0.5056553797821279,0.49736542256664257,0.5273548042485452,0.5024887416552435,0.49184006486670456,0.4831625354664771,0.5052976619124088,0.5144412705602621,0.5128222772100801,0.4902490538754861,0.4764574280929583,0.5279623729827596,0.5047724449142856,0.48238557316366454
399,0.4867927712192342,0.49314781801339364,0.49181762116722244,0.5024409641611736,0.4857187655597232,0.4876454228305231,0.4873207607416424,0.5061991935168928,0.48404709930917633,0.5019256166329462,0.4925344365140689,0.496198090845974,0.5106078596675248,0.5065486402301755,0.48532335088518097,0.48174677943180105,0.4992290389573583,0.4971720165740255,0.48705821468804467,0.49146627030646634,0.5051401576345232,0.49270457211919816,0.4862663540389692,0.501373269641574,0.4823091414688237,0.5140441665424363,0.49105624649179136,0.48876862462022785,0.502026156252031,0.5174308280718246,0.5165350271497579,0.49379345819617626,0.5071247932486586,0.4954736278590003,0.4962498101816352,0.49655998326765666,0.49748158125344755,0.5043256343609219,0.488818314681613,0.4917759216971298,0.4866946710705418,0.5183616678237408,0.5027387606181943,0.508743746137414,0.4854324503960641,0.44939271138759795,0.5236619014906178,0.48245843840769687,0.48105291461969024,0.5025976270663282,0.5044030944546489,0.4987562698127358,0.5046920315225532,0.4972833487658763,0.5261642044145051,0.5034893196841844,0.49264648035952435,0.4833906185585212,0.5051116160717872,0.515099779139058,0.5124790883696934,0.4914017851142436,0.47636916342265434,0.5289891732274417,0.5037293885046897,0.4821941166688367
400,0.48760067610014846,0.49191532147259165,0.49226626778193233,0.5028932114399933,0.48580005118421027,0.48838441776986974,0.4865903597493941,0.5060261315576917,0.483504232951576,0.5022641171527549,0.49363871448401947,0.4968355092455157,0.5115229068060715,0.5073085941812823,0.48478229804653206,0.48070317593803324,0.49987997086393726,0.49700056157575134,0.48792454663619966,0.49173221632078373,0.5046076856349386,0.49200146271478984,0.487512497274182,0.5004324722497216,0.4829834185568066,0.514458487832708,0.49165151352161807,0.4892878794607545,0.501098339089416,0.5185020428499254,0.5168224303128164,0.4946542771191686,0.5071456909659813,0.49453788325575304,0.4964090225674125,0.495679204412505,0.49643208889577706,0.5037117653455335,0.4891081515483494,0.492745006924956,0.4872241615978119,0.5176568242258176,0.5017024237352155,0.5079742820222843,0.48477967218979684,0.45046088180838234,0.524471999046423,0.48211266874233544,0.48011991042876884,0.5027409710944347,0.5048639831082472,0.4987083240235404,0.5035684632816961,0.49755351073987447,0.526441176550578,0.5043736802204772,0.4915078825259752,0.4843839081267686,0.5041872575648499,0.5153096137880895,0.5134240715945834,0.4910348202747709,0.47698432398034624,0.5277332406141458,0.5039941914699905,0.4830201249903264
401,0.48805933552954,0.49141581326874867,0.49241478238562975,0.5025205041306652,0.4861084641148463,0.4890571808178906,0.4859124042033304,0.5066704358880586,0.48332476866533414,0.5030119332563127,0.49393307759868393,0.4979196255035989,0.5125579195692505,0.5067726677296379,0.4840022847312891,0.4798375350059339,0.5010607597846979,0.4976503572789242,0.4870382072675264,0.492500046987863,0.5058297913062291,0.49309501622849866,0.48804254792256835,0.5016422736531028,0.48351824420137623,0.5155361442124629,0.49168448613581445,0.48877159565602785,0.5011293890676635,0.5193419002152311,0.5176003535324856,0.4948424387603003,0.5077407238755464,0.4953590365414021,0.49741440507278156,0.49693002404651593,0.49592796105766035,0.5037977811499567,0.488089731983003,0.49381729733604296,0.4871769869620954,0.518184103797243,0.5013000450472541,0.508321110681451,0.4855142533224171,0.45024942866032247,0.5242242360726121,0.4826429939429304,0.4793929090702144,0.5038640359456737,0.5055229873173442,0.49932147047377334,0.5034795241134203,0.49824082730753716,0.5263990823823557,0.5042018505897504,0.4927508468590139,0.4849385715260175,0.5047591478307847,0.5148017974726967,0.5138100345752392,0.4917192453357902,0.4780569327004,0.5287429180533371,0.5028903406602693,0.48276455336178364
402,0.4875106387819931,0.49066014805940866,0.49170282084662115,0.5013790341994682,0.4862472625420495,0.4895941726213795,0.4865781736594828,0.5061585012772138,0.4831210968516636,0.50318357772693,0.49499789106566916,0.49762425246139624,0.5124294794065112,0.505633381402081,0.48327847144573544,0.48102264493842417,0.5015827530656489,0.4979274043872759,0.48764894506089995,0.4934021154250026,0.5062677091344735,0.49370621271470727,0.4882634726579588,0.5027803204035219,0.48295477633148365,0.5147295904583498,0.4917107738964071,0.4880216492061952,0.5010015444705531,0.5180719784406881,0.51671903689486,0.4937671047301581,0.5085750259684902,0.4942520912860398,0.4985903761510296,0.49670549809684683,0.4964202804951759,0.5043004732167837,0.4886534337764824,0.4931897496704797,0.4879463052056417,0.5191394689272475,0.5014499629180256,0.5079394272564384,0.48541318212670836,0.4495154227629237,0.5238594284614162,0.48366909289214216,0.48041796090320554,0.5028478599114241,0.5046944238829522,0.4995897082711341,0.5032496563413765,0.4982833915584638,0.5261505370407882,0.5049629554563718,0.49155058880232183,0.4854196094072786,0.5035413580408282,0.5152978205046193,0.5131500426617795,0.4914733528666132,0.4786034760740128,0.5285531193519767,0.5016736529760667,0.48162877825692174
403,0.48692405181775583,0.4909422571892571,0.4913157483368437,0.5012673850348981,0.48608016296619255,0.48992778058633657,0.4868347380561588,0.5056133517709424,0.48335327354034735,0.5035571538190454,0.4941306486426689,0.49749912493530607,0.5116949966997242,0.5044172592703652,0.4824469622800707,0.48010338690117843,0.5020136137725811,0.4974843098750975,0.488678201084859,0.4939163676918506,0.5060026382345229,0.49344597704321325,0.48827669320076034,0.5025949918758857,0.48344379460596476,0.5150517848212732,0.49269439982022406,0.4883980792842021,0.5018963626862153,0.518399861959262,0.5176301062985617,0.49305125102986114,0.5083004172126688,0.4936673465056506,0.4990477311289495,0.4964317103887091,0.4963097770420737,0.5041114481283798,0.48920116139706143,0.49431267986570737,0.48706600225734914,0.5199147797066975,0.5020647831058724,0.5080384999773983,0.4843499256292347,0.4490880824560125,0.5227251478171442,0.4824876478029126,0.4797730071141014,0.5025016293970124,0.5052076609364846,0.5004946930587619,0.5031629202726325,0.49711839095097987,0.5270865572278335,0.5050346327495752,0.49161831484841184,0.4859648709025368,0.5036148250590939,0.5148976497573173,0.5133273265566837,0.49183610109495585,0.4787009700239353,0.528612653319775,0.500894928877359,0.48046137451723797
404,0.4870576125935607,0.49169793203094225,0.4907328888967337,0.5022074403449138,0.4864179964997769,0.49065867189168005,0.4861546692687594,0.5044992797900673,0.4825193364685582,0.5033750382119855,0.4942222393631063,0.49772688301315,0.5111182666602208,0.5049010224616186,0.48232316433435934,0.479067397768983,0.5015885985819705,0.4973412179528049,0.4888016605640643,0.4930628633197102,0.5057642779528676,0.4932973160884391,0.48779312014851034,0.5034363545125325,0.48253454565223336,0.5159760157202267,0.491839545124115,0.4879271282697388,0.5026861308848992,0.5193832467065245,0.5166162310075738,0.49301743877060034,0.5071514605539025,0.4931624786705455,0.499060603168384,0.4958119893175051,0.4970543389124604,0.5046983303941219,0.48821491242912934,0.49320459644184256,0.4868944284058896,0.519920784312322,0.5021615320227628,0.5074027811717531,0.4850774018108313,0.44832311553088766,0.5219278530693031,0.4822679263993338,0.47952353956861843,0.5031373925503182,0.5050949531351817,0.5012536232242232,0.5032310081390501,0.49816149507281965,0.5270730155659512,0.5054684406879,0.49254865297854544,0.4869292282242406,0.5034508199163165,0.515598984550149,0.5131817080375782,0.4925428908640641,0.47788088026440323,0.5289174988542191,0.5009605206406716,0.47977652563181133
405,0.486023443035471,0.492705391952258,0.48978902469976854,0.5016935278833221,0.4855881759471534,0.4898086218952956,0.4861065943640034,0.5040753023183807,0.4824654552731538,0.5041461819498635,0.49397972265529466,0.4981822361797609,0.5100665360489931,0.5053195360636955,0.4822876774459292,0.480140962512974,0.5013376554677031,0.4975479757999765,0.4892377033736487,0.4934958896042198,0.5059625460112197,0.49364716610417064,0.4877098944084958,0.5026364648964297,0.48304714458136055,0.5161266535097755,0.49282799148450623,0.4889524017249051,0.5030022635500083,0.5189180216139369,0.5157698754679801,0.4928467277853384,0.5082603850959595,0.4929702203797085,0.49820745737360295,0.4969811491381524,0.49711833756490226,0.5043388094883119,0.4883856547691625,0.49260485098712786,0.4879998334426632,0.5186992906888266,0.5021909295878711,0.506488611074864,0.4845533890529031,0.44766922426898903,0.5216725745575764,0.4811016231690874,0.47852924905392635,0.5021260977527173,0.5052448989409218,0.500849034273694,0.5039175228315398,0.49777346096048875,0.5268082194201429,0.5044893586948223,0.493308029145084,0.486909266768299,0.5033975785321528,0.514854718733913,0.5136391110047345,0.49326563569389836,0.4790953533622884,0.5282899606762823,0.5019897988823308,0.47910774427808295
406,0.48586836764723834,0.4917623588531023,0.4896098712702587,0.5026378534205955,0.4863807739236613,0.48925262782593365,0.48532096052612655,0.5034403440153125,0.48145272427824687,0.5048146199800445,0.4936278766948156,0.49831190051814916,0.5092889166562051,0.5059231335144107,0.4813287612715513,0.4795728162743931,0.5021086154962496,0.49705071245061944,0.4889875622032888,0.4925633257748527,0.5069940156849142,0.4944310553258091,0.4875048077183097,0.5037470700423633,0.4820400345450709,0.5152470405705555,0.492678191538716,0.4883622968229423,0.5037241214244008,0.5179301166109755,0.5145199187520767,0.4923051858884068,0.5087590080941887,0.49381605456489375,0.49824764669878935,0.4979528964050901,0.49754363972359306,0.5046834108344603,0.48821137113032764,0.49314762845831,0.4875740667455807,0.5182280348093375,0.5028264114108139,0.5055430717481044,0.48499075751141224,0.4466470628910052,0.5217162039939857,0.4807952179348863,0.4797744841526904,0.5014216339421004,0.505642099303943,0.5012439993324062,0.5049352448101709,0.4974889998684665,0.5256477987107336,0.5034440880969094,0.49229133558810595,0.48577352502747295,0.5029178901195955,0.5149459371332714,0.5136273429813403,0.4937305836931742,0.47932975168309966,0.5285875166872308,0.5019719242670068,0.4801751930367123
407,0.4853472682298559,0.49252476315379456,0.48915915778166397,0.5032668714417042,0.48568323397773855,0.48813465761771396,0.48459399289137733,0.5027883989290195,0.48257700864581754,0.5040270524778041,0.4931612540793316,0.49761936552332164,0.5099862828626051,0.5049326415051012,0.4817957822731712,0.47871223532960727,0.5020455314471886,0.49764345211321104,0.49015514796190396,0.4918439297094645,0.5064641053432496,0.4937209674620761,0.487377985957853,0.5037394426172261,0.4813211540453702,0.5155146539131531,0.49316942826779164,0.4891235754570744,0.5030530292542347,0.517364601670861,0.5151492043998123,0.49307254012479906,0.5094473201909667,0.4937780225150999,0.4985999120112789,0.49904072191183085,0.4965016849056504,0.5037710768241646,0.4893586569544889,0.49202878805380157,0.48655126349556543,0.5170678119471289,0.5028269434686764,0.5063849187498228,0.4846284492033209,0.4465797446116564,0.5227514050421502,0.48125197685963256,0.47881046029648683,0.5005873134495813,0.5060437594372468,0.5021480563912498,0.5047752052605854,0.49825077555332764,0.5258213581016102,0.503207397932888,0.49325307615434255,0.48548430289579264,0.5018645939774126,0.5141224425670673,0.5142504534808408,0.49283656530418596,0.47937200684266507,0.529709389261995,0.5009221641740341,0.4803584932352889
408,0.48443691772537034,0.4925887725668376,0.4897018487332351,0.5035947116232695,0.48631330654939575,0.4885391822123867,0.4844945749549408,0.5020129351068016,0.48353812027119963,0.5039115395478294,0.4940368801938246,0.4987402047522618,0.5089924931818864,0.5043086814943558,0.4829622394411486,0.47876843042074196,0.5020347934018372,0.49869469817167356,0.4904197002052698,0.49136410875719283,0.5076096759448094,0.49349836192285434,0.4873720843939438,0.5036673071501848,0.48254596649120984,0.5155878451844417,0.4934559310944412,0.4879303625043705,0.5032755794661241,0.5176319763495736,0.5144651294272627,0.49339678718752067,0.5102763110075431,0.4927172657172338,0.49881195287700786,0.49893722940596963,0.49626801007526805,0.5034829313172434,0.4884434096502175,0.4917102808342701,0.4866613784694285,0.5178862734132283,0.502976841436601,0.5075315809481263,0.4854493240144992,0.44557980572372674,0.5226962605243434,0.48193293115661007,0.4796031499519407,0.5001524860241039,0.5065584954247923,0.5016422692852923,0.5049452438433957,0.4986286169941115,0.5265196677185024,0.503750828547948,0.4933012913815938,0.486714199342852,0.500778150362886,0.5151232628598441,0.5133961720681439,0.49197895123204255,0.4782006775253119,0.5287923841443541,0.5001690197506544,0.48139178568622526
409,0.4845598769911388,0.4914294433469774,0.49060412950477444,0.5031401337063985,0.4857402501085696,0.4879820657492078,0.4835371166624614,0.502712566952354,0.48277112306147724,0.5043058697815287,0.49423860648349566,0.4992534490759495,0.5088779216380639,0.5051747920610086,0.4824255870288015,0.4796376050817578,0.502298411382519,0.4976985407521764,0.4904288686849469,0.4922665684330399,0.507427248796383,0.4941224112998874,0.4868134108933646,0.5036042656399838,0.4815310018416338,0.5157141514880719,0.49368395882146343,0.4877453648616815,0.5035640228864955,0.5185903297252922,0.5147148006437453,0.49363854573050087,0.5102685129731337,0.49183884436951525,0.500008201059131,0.499347935453669,0.4959795792582809,0.5034394930934821,0.48830476489310026,0.4909799836779338,0.4863995504848087,0.5185561888027115,0.5022912832814427,0.5083380629489119,0.48516471056605504,0.44537964661745927,0.5216302753521714,0.48136344455953367,0.4796125833805749,0.4999506500927381,0.5056120853540418,0.5009664368445688,0.505333666897474,0.49787664923031055,0.5255680829703478,0.5034508437838046,0.49270568462431563,0.4871400610840316,0.5008423931734305,0.5162885963339029,0.5133812368969362,0.4916911931526872,0.47881097158835356,0.5282857298677115,0.5001409154389542,0.48189409821967943
410,0.4842525251967465,0.4912130610692205,0.48963550216014584,0.5019140437170154,0.48567696266816607,0.48792939449533,0.4840053144031047,0.5026381878298799,0.4820225923733205,0.5045764982064677,0.49411598818313485,0.500014500800391,0.5094353296111163,0.5055713358437475,0.4813613820773253,0.4790672377539991,0.5017256645740228,0.4967566297965574,0.4904839147375853,0.49109052107259954,0.5068676534885332,0.4952647503125983,0.4857598264909904,0.5045008128132162,0.4819150137959116,0.5161474636934333,0.49362024413965705,0.4878080873461889,0.5026052565981498,0.5178639607632766,0.5141683440603794,0.4944489612503387,0.5103380454932663,0.49266755432751314,0.5001786083549188,0.4986276897641178,0.49553574752139307,0.504007773946817,0.48849402930030006,0.49009067194611183,0.48534924411423574,0.5191779103014783,0.5023135841025003,0.5078326297832614,0.48514545874191717,0.4452420076439421,0.5210084846454549,0.4810371894025478,0.4784558961764031,0.5005523580963651,0.5061506685469552,0.5001518697859453,0.5046886291260246,0.49749428460320727,0.5249877033461485,0.5045403181747289,0.4937270079867255,0.4872663459863601,0.5009635238348354,0.5161521629070632,0.5138282645839464,0.4908011369451286,0.47813502335020114,0.5272253398628358,0.5008796783866126,0.4815004562983274
411,0.4844386645742305,0.49019639109729024,0.4887787347871234,0.5008133941502815,0.484811688174079,0.48721459007438916,0.4848227783118387,0.5031819527794441,0.4832175013077227,0.5037132361935474,0.49414279006607015,0.5003958653901301,0.5098237969521517,0.5051573368474461,0.48089561554115173,0.47811232515811625,0.502883131987132,0.4960360345804,0.4901533232917497,0.49160481777807336,0.5076105754017483,0.4953060180414771,0.4845834244631578,0.5054407253037217,0.4807791824625385,0.516659117928855,0.4937241684996831,0.4874925347508281,0.5033282661593149,0.5167908542658719,0.5138497766134341,0.49472953346915066,0.5105915256225183,0.49350869855677376,0.5000465924656314,0.49745738853518845,0.4950516894123266,0.5033931758359937,0.4877685752746775,0.4890580833503926,0.4861411276758835,0.5188730464670411,0.5019087812610236,0.5077611962506582,0.48439161909026685,0.44530481082828316,0.5217368591383473,0.482008706225187,0.4793232066208504,0.5012989658092099,0.5059820592631243,0.5001634190610074,0.5047167715599089,0.49690130728133525,0.5258772363070194,0.5046767782221382,0.49284484013386626,0.48641249774353873,0.5011205959885333,0.5171263115916771,0.5128424052507097,0.4901164631325411,0.47734322222279796,0.5283227605463573,0.5003453372048342,0.48138559887200305
412,0.48493816030273695,0.49111922833591787,0.48866041830674983,0.5001885751987089,0.48524793341197353,0.48833882836305953,0.4860681629269927,0.5034558567544543,0.4831227949109268,0.5036751872731018,0.49514112939824656,0.5012711381491918,0.5095157651119256,0.5051465900874096,0.4798430349460881,0.4773854810351954,0.5032446043498496,0.4963833184241657,0.4903857925898505,0.4911568787518877,0.5083225697874681,0.49567869426856964,0.4840386467673877,0.5042871401872957,0.4813453206540662,0.5155196427991156,0.4925606109884414,0.4867747588910276,0.5037654456347095,0.517080339123441,0.5146780081282186,0.49368753592997655,0.5106926445659,0.49280668172093123,0.5004304678820755,0.49804169014573435,0.49497010750129505,0.5036818630173169,0.48780490047033903,0.4893785151037552,0.4854362876072034,0.5188026687043115,0.5025649784895557,0.5085669618653139,0.48469920740334715,0.44650970100190174,0.5209921156072345,0.4823122883003396,0.47918452059738026,0.5013260759458021,0.5066061474881715,0.5011798294097526,0.5051023493803878,0.4959544107138902,0.5253106900823471,0.505705317855698,0.4930879673411646,0.48537260550718775,0.5007076520588681,0.5180814403715808,0.5128204068629714,0.48903690667761196,0.4764769709500904,0.5280779057826498,0.5012317278683536,0.4823453566324182
413,0.4856081208197859,0.4908720130084616,0.48828087969583284,0.500215553189474,0.4862034236322861,0.4873838917041379,0.48548337286013515,0.5032478147472069,0.4829519644909874,0.5026831429641695,0.4945853807714722,0.5000911067493771,0.509346269718547,0.5045896138117247,0.47936417138601767,0.47810706453049995,0.5042189241481753,0.4965560151431462,0.4912006709409258,0.4922877026237781,0.5086521552595415,0.49543947031444463,0.48515323289530654,0.5032416264007525,0.4802723162383527,0.5147218518186168,0.4932479121702532,0.4878881809012808,0.5031901975123919,0.5158531028243365,0.5146546618106537,0.4945379845551498,0.5117794863960737,0.4922217984586634,0.49993616479827696,0.49781473296902135,0.4961114983701333,0.5047766534243024,0.4876174216965624,0.48878420934245376,0.4852887359913589,0.5193908464748644,0.5035792768666768,0.5086216262245088,0.48466485874896376,0.4472944172248425,0.5221424884395568,0.48278615429483235,0.47828513596250577,0.5013397396689383,0.5072950248589501,0.501170716390377,0.5057035032704998,0.49580596767421564,0.5247424203037195,0.5061734372379503,0.49245876772945335,0.48619032241166427,0.5011107558838611,0.5170169854447466,0.5130314867301582,0.4878639441721131,0.47703426146573175,0.5274904489864215,0.5018397069897418,0.4816998249681107
414,0.4866129619192465,0.4898881994991073,0.48877500798523804,0.4996093623253704,0.48735683394542506,0.4884909560110052,0.48588882659018917,0.504034171939179,0.4833725074096876,0.5034292973052643,0.4947308925868068,0.5008854425436596,0.5087947955830032,0.5051988479872488,0.4786427741670058,0.4792347328248978,0.5035485673011191,0.4957969789680394,0.49074796073140964,0.4919792316951923,0.5087252478773375,0.4958818821616955,0.48584371139114396,0.5030520649836332,0.4813188823581135,0.5135868758421356,0.49207397538957015,0.48780231722444295,0.5038909547410351,0.5166567684828406,0.5154391129332627,0.4933927874077751,0.5115516618887747,0.4930889716342258,0.49917553483446925,0.4973775490592209,0.49610734698653036,0.5040599605330603,0.4879515033587233,0.4896526859842168,0.4846452257761491,0.5188126596925839,0.5042855504851591,0.5074780591219127,0.48485396685285503,0.44655575741575343,0.5211816117401957,0.4838832620597745,0.4781115284636601,0.5010437933567229,0.5066000330515754,0.5020145033740249,0.5054256769045337,0.4952314739544172,0.524532324036708,0.5067337011568419,0.49288311568574206,0.48529176750112185,0.5008223827567074,0.5159448770747328,0.5120294518721857,0.4869121879929171,0.4773007500590568,0.5283651035180462,0.5016708635290159,0.48231768846852907
415,0.48758801772041943,0.4907359819107632,0.489056159362832,0.5004002969770436,0.48825125385924667,0.4880642685435602,0.4853071585545104,0.5047517504478283,0.4845807966513209,0.5025502977022511,0.4939067020803922,0.5007791676294712,0.5089597264987217,0.5041431083836732,0.4787515606895378,0.479971346105126,0.5024007168889271,0.49461143534285956,0.4915633472023197,0.49219320701472635,0.5084938621780192,0.4949388818241387,0.4861413126306303,0.5039807274014946,0.4802862882632292,0.5134988681644647,0.49241854612277247,0.48843031022892275,0.5048035319561176,0.5164726034688891,0.5149563736399461,0.49244936015704344,0.5108569083293201,0.4929190165856749,0.4994901211367981,0.4963267981650445,0.4949356650014497,0.5033394399978155,0.48851918378005493,0.48860910822799414,0.48554748561477545,0.5177293143641448,0.5036100469677938,0.5071316638162761,0.4847134573390654,0.4472360869254706,0.5215234066678506,0.48486699024522933,0.4780715483573069,0.49991675516520695,0.5076477285781615,0.5030966162696743,0.5049445185967264,0.49450017759728315,0.5248792431388163,0.5058995411085286,0.49402537855678713,0.4859875367733683,0.5008587321054242,0.5158651500321949,0.5108578572635184,0.4865137133760697,0.476940155668764,0.5281767374818551,0.5010346983632099,0.48258032955155583
416,0.4869903229266982,0.49090868707291757,0.4895038361835817,0.5002300941558938,0.4879742574627032,0.48847587199458636,0.4853736766003434,0.5043071909894273,0.4842403291753613,0.5025397164152221,0.494416424255725,0.5000323690358793,0.5098955197162067,0.5031654844441079,0.4790876163531088,0.47931103524814667,0.5023781064956607,0.4946895867757586,0.4926056548396731,0.49218209632026483,0.5094772131339996,0.4942911916844387,0.48586359076161983,0.5039390205644566,0.48093969103663026,0.5142776407397146,0.49356071430209464,0.4892967597227992,0.5050072849020789,0.5169466868066595,0.5150206910255016,0.4923740374287561,0.5113681729374189,0.4931366167636906,0.4993457020229253,0.4954650746582301,0.495108576138822,0.5032442427230438,0.4878722894647901,0.4891963953918517,0.48527467996724066,0.5171128797705066,0.5036645851481681,0.5061486856884456,0.48412647934573305,0.4482158514920643,0.5220899645968975,0.48445053726587456,0.4777243128115598,0.500969633537384,0.5079551107363639,0.503268610103854,0.5044929563899397,0.4944757059578742,0.5256540800745166,0.5052620446735692,0.49318644127336,0.48595037385811746,0.5015971991597038,0.515859802624845,0.5101629978384249,0.48579926174751215,0.4767412431462067,0.5270023533892183,0.5004579491745168,0.48359612642233785
417,0.4861805742749838,0.49189169025480695,0.4901139188876066,0.5007190174418772,0.48904364475282075,0.48737882589065673,0.48504905305101276,0.5036238539164852,0.48506985328781715,0.5020850846483262,0.49541275561593434,0.5010639033675554,0.5108978177922054,0.502237286837824,0.4793845207759437,0.4793250391649548,0.5022740892376547,0.4946588167980712,0.4931692752603907,0.4932950325346203,0.5104144511770089,0.49370721901586284,0.48596591729827937,0.5048226305464542,0.4819288662745653,0.5138586229404132,0.4930782743193645,0.4887418338001407,0.50501809442691,0.5158049746391549,0.5152498511219482,0.4913256813051155,0.5124683030665164,0.49421658263832624,0.5002490672103319,0.4960921415448497,0.495234680624901,0.5025320607575704,0.487123796693999,0.4887245186840807,0.4861385905274361,0.5160483350901874,0.5038683042767346,0.5073315276512732,0.48434860616883985,0.4483063259919891,0.5214201638997804,0.48354951845002975,0.4786294357115879,0.5001480343112918,0.5090073688417167,0.5040358749093424,0.503696742670402,0.4953341136848274,0.5251365333791869,0.5047192151303291,0.4932897509347939,0.48585976265713815,0.5004034399822732,0.5151572046172109,0.5108235963041288,0.4866449089006783,0.4760644059620072,0.5275246595827009,0.501145875736806,0.48336463279080266
418,0.48616415454308065,0.49244922232116106,0.49122086887270583,0.500523838237198,0.4892149073223655,0.48785065493223256,0.48486510887764395,0.5031985346308918,0.48498056084993885,0.5022847296789703,0.4964168296033227,0.5011761513141856,0.511916141303733,0.5028550578326841,0.4804042247641647,0.47976046494410096,0.5019784043791505,0.49572285531690435,0.49409868680492464,0.4934123850541564,0.5094283874678255,0.49364836126587486,0.48644073982092917,0.5056111821184487,0.4829609331730372,0.5145176648958834,0.49212619639254157,0.48804210593664216,0.5038545661125814,0.5167171260446851,0.5155066678115175,0.4921273849507597,0.5128379156794803,0.49461642863623045,0.5009349973438936,0.49514772957759245,0.49596872215232446,0.5034669058870497,0.4868356642046723,0.48935634862896,0.4851502967836223,0.5166903540548141,0.503018644636994,0.5069843131648631,0.48352031410029445,0.4493603653423271,0.5209001721943023,0.48366141373275906,0.47891473402469276,0.5010326130989147,0.5093950150775202,0.5046912088404691,0.5035637005088807,0.4955665186270964,0.5261936371817679,0.5037031515362649,0.49241833424682147,0.48608690698173285,0.49955772608930965,0.5149137894521573,0.5098465714153021,0.48750655691315464,0.47613663623948455,0.5274308950602729,0.5002333724639673,0.4825742714366837
419,0.48676001909606575,0.4913311769185775,0.49125396736261584,0.500505276443432,0.48867318455756165,0.487765162028492,0.48588886161124195,0.5035342322795768,0.4862056445821552,0.5032878083174055,0.49644367340973683,0.5004277148896117,0.5119215765955597,0.503616498497203,0.48092403142166573,0.4788550976862513,0.5008760474158561,0.4966795157213455,0.49297759234170113,0.4935931994477505,0.5099679910554803,0.4933357276571307,0.48699127146062193,0.506698517009034,0.4834348188507957,0.5135603168289218,0.49314298497122694,0.4879185258492097,0.5034579324589866,0.5155436417956422,0.5163958543738122,0.49309806889735,0.5123894217828122,0.4948759133355116,0.5014225783774554,0.49409121090537156,0.4955967010337712,0.5035362484817663,0.48776750282623,0.4887424413584255,0.484043626372286,0.5155695035852231,0.5039103489200335,0.5066270582458318,0.4828458472524098,0.44944292351243725,0.5219276793476818,0.48380967738528075,0.47906280338989765,0.5011996783529103,0.5086698864486832,0.5039370691020769,0.5039460569048115,0.49638609783602955,0.5253360961024325,0.5027526588093639,0.4928091260878189,0.48696932774860585,0.5006214427933842,0.5149379594193261,0.5090017784882979,0.48810870081335417,0.4762904442491162,0.5278008958099641,0.4995795868800069,0.48353402853594907
420,0.4876599229592032,0.4907897739396705,0.49129110445158997,0.5013427818586135,0.48936982000124335,0.48669785843555935,0.4869104180303459,0.5033374681660528,0.4860589757772711,0.5036827741308676,0.4959581302252564,0.5006063753639288,0.5114092391529845,0.5029191919120847,0.48001304426959296,0.47883915426356016,0.5015452214849961,0.49603959412720516,0.49194687158627726,0.49271342227677944,0.5095977113786799,0.4942172515741996,0.4860008068050417,0.5064127029720042,0.4828587213216994,0.5132156439093105,0.49404976256965794,0.4889522923300521,0.5039389118468256,0.515587008686833,0.5175383926119967,0.4920868342397671,0.5133371001806852,0.49532866992443764,0.5012692865717008,0.4947157681042198,0.49544422690425005,0.5029562950818158,0.48675979392739943,0.4878473889771353,0.48325617157592526,0.5166572006055005,0.5050141154452275,0.5073149502615039,0.4836519830988736,0.44845759439524524,0.5214117569240468,0.4840861602406508,0.4796292696407501,0.5013312578569158,0.5088485169750698,0.5033929916752857,0.5039174968121616,0.496841737138268,0.5252070061820857,0.5022533771046781,0.4934656186100126,0.4862024286145503,0.500497206799203,0.5150128687128267,0.5089859634430403,0.4873804731467817,0.4753911947109824,0.5277540898626918,0.5007556612309073,0.4828934097955865
421,0.48650596629976123,0.48992960099697147,0.49136757229297834,0.5002186231376824,0.4902925614920614,0.487385728387019,0.48794116620697503,0.5034057434486396,0.4854712114038438,0.5043543814695445,0.4951994713381607,0.5008802639181059,0.5122982717757002,0.5017809648227811,0.4811181384887234,0.47938231228538186,0.5017876530300847,0.49612354695913524,0.49133631264828587,0.4920152943285995,0.5107244192466344,0.49537180924050983,0.485475501130009,0.5069935744507721,0.48191966642395506,0.5125030383870397,0.4933469699883652,0.48877707603096693,0.5047303032657516,0.5165024949759415,0.5166116898747722,0.4924037506517183,0.5126516669000026,0.4949954570369063,0.502435712294768,0.4951931640773154,0.49605473724230853,0.502304984128014,0.48662576731014623,0.48865229007036176,0.482617303472461,0.5163553480815493,0.5056421693020517,0.5072113723458228,0.48317633043044095,0.4489782415475571,0.5208734046292643,0.4830169163522389,0.4806140488898915,0.5002452298475053,0.5092885600460647,0.5034910938537472,0.5031322291232496,0.49674530698951697,0.5252914479160041,0.5013152744018425,0.49260962570852634,0.48604011814429554,0.4993337358737658,0.5145928771327102,0.5079501748969727,0.4870546141659073,0.4757269889981559,0.5276435768109714,0.5012725604729074,0.48230285250617944
422,0.48535487405302774,0.48936750408837215,0.49236564570351027,0.5003369974403763,0.48923412580851616,0.4869115619431932,0.48797668021301865,0.503379752983982,0.4856590682216734,0.5038894709968255,0.4959614120905797,0.5011275272550471,0.5126176452050469,0.5023000678211441,0.4822015212553185,0.4804944193035844,0.5007424498449027,0.4956054143404376,0.491351463272109,0.4927468895362154,0.5098072206570284,0.49519109126667926,0.484740872592428,0.5058648093209882,0.4829956772022182,0.5118555808616818,0.4926973034422505,0.48913868081503614,0.5046438633106205,0.51597966302246,0.5170084107239901,0.4926638591080592,0.5121312685302842,0.4944073590979671,0.5017501152019876,0.49632449690361485,0.496323764979056,0.5015875566794307,0.48754705094038403,0.4885379470873766,0.4826911942066218,0.5168133578814446,0.5048944158265902,0.5076296638142909,0.4841416879610304,0.44991610056409415,0.5209619098732938,0.48244710272176083,0.47994664411066756,0.5011961218321259,0.5092190016141187,0.5036373018425455,0.5039594684914941,0.4963656522779179,0.5258518746916996,0.5007391006794512,0.4914442275442332,0.4854169435932626,0.49870782172558586,0.5133804690684576,0.5078713507007309,0.4860512898551125,0.47586949192492667,0.5287533245333883,0.5013666191011293,0.4818189221750805
423,0.4853942214227887,0.48849511364001214,0.49216046027406446,0.5000420263510971,0.4899866669600528,0.4878086344716053,0.48803027535656135,0.5036900487697827,0.4858287477137455,0.5046449093594823,0.49599854687671185,0.5019732283948971,0.513305307089963,0.5032103229934843,0.48283673618545003,0.480605301044644,0.501638570826276,0.4950475460176105,0.4903811939352992,0.4937189914223869,0.5103258778534343,0.4941411800840146,0.48484633098266516,0.5060457913516088,0.48311562485455345,0.5126635648716795,0.49164290984928866,0.48832159109368095,0.5047783410627027,0.51488598968562,0.5181470169619595,0.49255138552694433,0.5127592088688421,0.4935419371362554,0.5010490812442877,0.4967387601769646,0.4974039337393831,0.5026580121314268,0.4885194074064443,0.4889095149243897,0.4831341502110319,0.5174239289966842,0.5054471469286631,0.5067613549011187,0.4843847980812468,0.45116036281210903,0.5213997792206057,0.48193103273028576,0.47934983652563745,0.5013219594631348,0.5080625223257389,0.5026324567942876,0.5037935407785216,0.49587501489856195,0.5247424065453716,0.501414882803396,0.49066228466470035,0.4843568146831612,0.49895724765542204,0.512335571937591,0.5083963931422458,0.48631409247692603,0.4749967267662654,0.5283581695237624,0.5023128260384807,0.4823092758617265
424,0.48426924967512097,0.48757943392523473,0.49158171735430295,0.4994886021753937,0.4890485109543449,0.48823588364621884,0.4890271240192641,0.5044191317235045,0.48616863884019895,0.5050959869395408,0.4970072613917538,0.5030763966543953,0.5141399234173167,0.5035316318196154,0.48190295886975043,0.4801702445947671,0.501731306651186,0.4961406106548801,0.49136896712548583,0.49328091433239024,0.5096495247543724,0.49409043778453593,0.48576322287489077,0.5071464196108401,0.4841576501111455,0.5118438969569631,0.4921839054565909,0.48819536499514893,0.5053038550235797,0.5150487435412793,0.5190993231310478,0.49187044175412126,0.5121569220394373,0.49321850236244247,0.501891994548628,0.495843817510619,0.4970523937397435,0.5025550668173726,0.48896086582956994,0.4890975782965486,0.483487749644483,0.5166689962583669,0.5055035174117495,0.5056912437015595,0.4847972497141148,0.4513472985998049,0.5208766839694373,0.48178182009211273,0.47955256449041567,0.5011461947401811,0.508425781386582,0.5036914153765366,0.5042780213915702,0.496886125797747,0.5257308934992861,0.5025167662882444,0.49174758994431844,0.484520735362087,0.4988162354159462,0.512686219702698,0.5094789473326725,0.48526774336909034,0.47396686534924914,0.5282832117002257,0.5027018381058735,0.48285268200586745
425,0.48343672420575245,0.48866765733719336,0.49050969866726607,0.5004829980504292,0.48894478338058767,0.4885371207924651,0.4889869951491174,0.505167480237451,0.48620395175130265,0.5049985460395889,0.4977497922374799,0.50375956056675,0.514405000363153,0.5034139095838404,0.4830035585177008,0.4799959155277446,0.5025086860498509,0.4959039368966249,0.49203922209892004,0.4928300365944237,0.510057490766677,0.4929318475325471,0.4853993585790888,0.505958841692206,0.48336323582579876,0.5114080943038917,0.49242330813894764,0.4882853566318459,0.5063411911319569,0.5138664743533179,0.5183780181420556,0.49083612487806144,0.5116150161476519,0.49268238605715414,0.5029889393136349,0.4953209651964351,0.4968226658064959,0.5033980984308489,0.48876138959881604,0.48970655314059225,0.48465486042722805,0.5168117961362049,0.5059480189736154,0.5062876401107592,0.48513508475715345,0.4516696351303908,0.5216037192504258,0.48108575802874076,0.4797379484058593,0.5011671575241741,0.5079288028151986,0.5045022936408472,0.5044875835554031,0.49664629498334567,0.5261221486786777,0.5029878175942392,0.491363173647195,0.48371907519816354,0.49908966488189166,0.5121949877972707,0.5088156076394539,0.48413287787739767,0.4743786720635849,0.5283733808651576,0.5026770571421998,0.48405743726642325
426,0.48459648398106575,0.48982607125653527,0.49037346565021267,0.5007418653144826,0.4892437931436975,0.4886471140608379,0.4897989013991197,0.5050518795109176,0.48652284500200804,0.5059842579745124,0.4984409829236574,0.5032701610647349,0.5151970186323463,0.5032837063820393,0.48277414722736867,0.4790367687325818,0.502795373512182,0.49548258448464405,0.493051425737599,0.4924263523413395,0.510430016621747,0.49292622949890036,0.4849369401906746,0.5059497558258904,0.4841670901589842,0.5116940585489231,0.49195334233407645,0.4874685366874642,0.5069668363253892,0.5147623875938672,0.5191871738088579,0.4912171473155142,0.5117132308153294,0.4928054299430883,0.5027535231820541,0.49558416105936237,0.4976923076862072,0.5035100877658459,0.48848966041178843,0.48999117797285496,0.4843132171775926,0.5175498296239343,0.5064590667317733,0.5074224679086663,0.4863176743765584,0.4509941300720487,0.5212987404989741,0.48153513405136916,0.4799247745628241,0.5017781040304453,0.5090501016670851,0.5040509112209837,0.5053613616192918,0.4973117798845507,0.525882913247579,0.5041055344318359,0.4924382101811863,0.48451262391223887,0.49864277652143796,0.512909411703979,0.5093979544453456,0.4849583254716921,0.475209695896004,0.5274149687096578,0.5021571048070377,0.4845822643236737
427,0.48569359552700897,0.4909662490910434,0.49050066823875105,0.4998730646641863,0.4885808870922632,0.4880065514324663,0.49098464482496423,0.5052584888769116,0.4867547350646771,0.5065863582722966,0.49902351157608255,0.5042583272991135,0.5161398813128619,0.5038733480580121,0.48353699583991155,0.4786134237126242,0.5025421339751105,0.4955020168577761,0.4929689814750421,0.4935609686255123,0.5113126484175546,0.49291948155227044,0.4859931091518136,0.5067791620158058,0.484389458845931,0.5106849968795937,0.4930626404257728,0.4884328744744675,0.5062835758758056,0.5136513633451846,0.5202083535805427,0.4914660506167284,0.5110631525300506,0.49288942415081066,0.502641995100218,0.4960542190406409,0.4979992630249014,0.5029535227312176,0.4882702949868614,0.49062708987333525,0.4846244630634968,0.518070556623381,0.5075385503534685,0.507454060878862,0.48570058426131035,0.45205498801810234,0.521122013019157,0.4825461027207983,0.47906107109235996,0.5017710772853862,0.5099875656753434,0.5030690569848002,0.5044680085459755,0.4976880341944269,0.52470747655421,0.5033773651638982,0.4922840591906522,0.4851660471011115,0.49776159388827446,0.5123559524159947,0.5101188513145053,0.4848977772833527,0.4755833537184699,0.5271285998370591,0.5018968531372671,0.48431148384230877
428,0.4852185786871766,0.49033474362127644,0.4908464761721383,0.5006920927694003,0.4896412965435994,0.48858615198089733,0.4910234782116504,0.5051987224426906,0.4868270131088815,0.5071513311644101,0.49930540811214863,0.5044865105054117,0.5167065066844797,0.5046216961801248,0.48347903661565345,0.4780058763485346,0.5026273615247366,0.4964662460057518,0.4929748002072457,0.49454255837292127,0.5111487021469412,0.49347766093062195,0.48501467054018654,0.5059373932422161,0.4843125297463542,0.5101532902603172,0.49355480854641043,0.489565790684983,0.5057106724037697,0.5133551942571636,0.5207695587664256,0.49247923876004424,0.5098756309861037,0.49204336861577863,0.5020351444631166,0.4964544646978215,0.4989675104872276,0.5023992472483793,0.4894583498650752,0.491408660101814,0.4838925294332117,0.5177915220260745,0.5080105587855805,0.5070133424873456,0.48481939113459216,0.4521321829989884,0.5213642842971717,0.4826118776950995,0.4802683569193779,0.5019944637145289,0.5097293323026262,0.5034956272062364,0.503660235570205,0.4981066689787233,0.5239069775797698,0.5042074727458947,0.4920544826648727,0.48475372311540327,0.49847688021794345,0.5131873556316257,0.5106471080504191,0.48472194080874814,0.4752006255811341,0.5277882962562274,0.5030177191013087,0.48382425634932935
429,0.4861435749816451,0.4892333105730474,0.49108153523518716,0.5012546378288156,0.4904559829440466,0.48823871319792406,0.49001408212355835,0.5054507580443693,0.4867674701170403,0.5068641869464914,0.49913175134382254,0.5039517969194225,0.5167070332145537,0.5047060193763387,0.4839152831328359,0.477994605436096,0.5020143032404513,0.4971613364337712,0.4931215809027133,0.4950974484300588,0.5119534738597177,0.4946022897230263,0.4859535304850181,0.5066214791880642,0.48549208083749407,0.5096927067219867,0.49297245649732063,0.48952050669807856,0.5062374322388995,0.5124725496553385,0.5196362445118682,0.49146745827306204,0.5107718918072718,0.4915590162997175,0.5031082138427597,0.4970883086190153,0.4994542102751512,0.5023975358752549,0.4897981599996532,0.49068113565109206,0.48347302227762323,0.51835117524054,0.5070874433045561,0.506517505957862,0.4849973864562223,0.45282633685213697,0.5204723195745482,0.4837169503519275,0.4807930471629468,0.5020250543913709,0.5094123049449173,0.5035201933271007,0.5047690878372301,0.498243248726228,0.5238902422429448,0.505269930105454,0.49282959884424465,0.4842034050449082,0.4980228769146603,0.513879143006114,0.5104544551105517,0.483882552525095,0.475652701193371,0.5266381854409223,0.5023682933958252,0.4845363131107445
430,0.48638178934940046,0.4886447713335788,0.49042834360605914,0.5002734807475165,0.49081087287257075,0.4888901178865431,0.48931418497590073,0.5052238967670576,0.48679812585219157,0.5072034471720377,0.4992783922857041,0.503820284445048,0.5158110233083582,0.5058388323111906,0.48374159536063377,0.4771803872555785,0.5014907769661275,0.497199175598473,0.49322128294159406,0.4952752353816058,0.5119067858035777,0.4957478983040662,0.48620844239720795,0.5070802401049768,0.48500171341607784,0.5093210759208103,0.4932239117180662,0.4889194517016307,0.5065683058994267,0.5135369607088158,0.5206439180661029,0.4909198763687586,0.509665766239135,0.4906788379670088,0.5042463566810402,0.49639174033256395,0.5004183556620727,0.5032742037748421,0.48940673817494934,0.49153585130667343,0.4839486771025337,0.5189816507777318,0.5061487931340269,0.5064345063601753,0.4841682336852926,0.45268423940441993,0.5193388987223421,0.48439286862052655,0.48134287392949165,0.5012415237422373,0.5105067714282937,0.5031962958648128,0.5055026527860159,0.49795247543479093,0.5248942544315573,0.5058035716825141,0.49247734160724255,0.48419424448085263,0.497100126029542,0.5134446993873227,0.5101072786119087,0.48393193433526854,0.47638967788356407,0.526662535836358,0.5024323470371035,0.4838214251354496
431,0.48654063610632464,0.4897643501827791,0.4915760137334251,0.4997162866942211,0.4900314584853936,0.48903001541944946,0.48821853722333935,0.5054053450243817,0.487686716653239,0.506170172504305,0.49953199586411745,0.5040592441498633,0.5166855128749571,0.5047533533873232,0.48263672072769104,0.47710991306310013,0.5022547940431445,0.4969102265537312,0.4925694360449905,0.49472324248594474,0.5121954004362006,0.4968836243138056,0.48515899559995407,0.508199806473249,0.4846693471082109,0.5096685655968919,0.49248087465821566,0.48906654039623915,0.5070534501892088,0.5133909144314734,0.5209684625357951,0.49096104734715384,0.5085142504598135,0.4901967948608902,0.5035957401047352,0.49568131834745427,0.4995971044135068,0.5035781761746535,0.4885982131962603,0.49267323096926136,0.48429674499876024,0.5191429438994333,0.5063089838991214,0.5068459698410881,0.48439860365783377,0.45322086266695905,0.5202432406633899,0.4846101714003124,0.48147118336410455,0.5023608508867367,0.509760345688867,0.5035287656707312,0.5044033549492748,0.49743567643456976,0.5252492971509639,0.5055732254464252,0.4923119910995622,0.48334565184900863,0.49698691906566106,0.5137473272955417,0.5103596065175503,0.48336286699702374,0.47738157559860633,0.5258016211417839,0.5015504102854568,0.4831089533073005
432,0.48688805102421984,0.48965660900790886,0.4913809541374112,0.5007672484284185,0.4907188223743308,0.488809982112749,0.48809481695707935,0.5058455854795816,0.48745879637690775,0.5055653286290108,0.4991398448819377,0.5045805262090197,0.5157446354195229,0.5051007560028693,0.48185837448300456,0.47781720402692796,0.5016453090258698,0.4973870298535762,0.4931831466282322,0.49374881259924047,0.5128266860380282,0.4962374741719486,0.48487375332064353,0.507551085796049,0.4841497381466175,0.5089780029717119,0.4919343360132884,0.4882730452954413,0.5059711861416597,0.5126847219106367,0.5215146955500342,0.49119793029983816,0.5092412762827192,0.490895621554872,0.5038070811459733,0.4967468840269671,0.5003938018751531,0.503831722473922,0.48868797217278703,0.49244523156742476,0.4833096980265084,0.5200643042419589,0.5067389207454488,0.5060759265651442,0.4835845660921687,0.4532826109901361,0.519688322143506,0.48379563071478204,0.4816742102401605,0.502808910394727,0.5091090387974039,0.5034073682779456,0.5045023497230589,0.49826649264871675,0.5241936925371549,0.5046079515519535,0.4912635520130552,0.48353063781152417,0.49597098585324023,0.5145572100471824,0.5108501691521505,0.48386389929805584,0.4784423548253861,0.5261836275246989,0.500403612549626,0.48385206903143857
433,0.48734366672493334,0.490195152592572,0.4919161205594967,0.5003332516617398,0.4907561798473631,0.48961553065544244,0.4880986870891455,0.5069016811914898,0.48781938028872274,0.5047194728433598,0.5000014970222576,0.5049805674752207,0.516421651163283,0.5049378967355796,0.4821159405452303,0.4771166956379243,0.5005519430263702,0.49678295818970347,0.4934767913009115,0.49360599634694985,0.5126450972552453,0.4965112703371209,0.4855500167889131,0.5071096306948173,0.48505479101546206,0.5078313096221762,0.4921722567485486,0.48763245405782313,0.5062563544856932,0.513743428189698,0.521057249468633,0.491213556378466,0.508504523938939,0.49105317646082575,0.5037693984124916,0.4978559130956375,0.499879979792936,0.5042425985411109,0.4898682939493251,0.4928185772363364,0.4836649208829593,0.5199559189847882,0.5076931504501992,0.5052899130077377,0.4825683138294124,0.4529089614801828,0.519932141135835,0.48492154429656714,0.4809625060682845,0.5020173459875876,0.5080077796602791,0.5023989980370245,0.5038564621097278,0.498515660281007,0.5229989978797388,0.5036865864968444,0.49132186479182577,0.4828711786912178,0.49624673199111236,0.5148345100155353,0.5104537552955257,0.48328720591781876,0.4795186825496868,0.5255165051120344,0.499660043068165,0.48452644627598773
434,0.48848126162132227,0.4899976403624587,0.4921617104333422,0.4992154608795617,0.4905356344458809,0.48956796404173225,0.487265879421939,0.5062704856755563,0.4868272431270308,0.5057316269682147,0.5008743242589885,0.5041352482742347,0.5172081517073849,0.5048741043537014,0.4828203494800693,0.4780388126377515,0.5014340261554465,0.4958990163647468,0.49454755699046915,0.49338686696896283,0.5125951732534488,0.49564140433399145,0.4856323047052953,0.5067186284568467,0.48539324239133363,0.5076056785338118,0.4913517742711773,0.48795899435120443,0.5071824901912456,0.512700588381247,0.5208903547529976,0.4915540253304895,0.507633235122874,0.4910033368765454,0.503111459168524,0.4987498792826988,0.4995706122627069,0.5045585364253967,0.48958517225925896,0.4931250934394467,0.48389607070444646,0.5192366435210296,0.5067841024535006,0.505124836913158,0.4831016082537252,0.4525995857147441,0.5202120055417899,0.4851254891196607,0.48087022581332145,0.5016214769826001,0.507266527912452,0.5013357775110068,0.5038141745568959,0.4974066710041915,0.5238342318775949,0.5029348797422886,0.49096897278683554,0.48182790368767353,0.495541771975036,0.5137546799852399,0.510193981211112,0.48389082211348033,0.4793304425640866,0.5264421442833489,0.4992002172455397,0.4850520889048664
435,0.4877657687067438,0.4903038176294881,0.4915000582391306,0.49874224247609966,0.4899762210179961,0.48873500185525937,0.48810818833031333,0.5057039946321518,0.48775311660036724,0.5062946378699497,0.5001750674152796,0.5039689331251292,0.5161431208375415,0.5041171476775895,0.48392983899290426,0.4773396376598848,0.5006619899126151,0.49590397523648416,0.49482212666157477,0.4929623917850822,0.5127503965630845,0.4966408318980436,0.4847565163186613,0.5066602761094539,0.4859012216985005,0.5075564370036799,0.4903214036588595,0.4888654368829162,0.5060403056535606,0.5130779220681224,0.5205970701981719,0.49086025256043514,0.5080289720802452,0.4917883423670085,0.5034413736706936,0.49800354119266843,0.4997821296528146,0.5047880451989701,0.49075290415388195,0.49358249887667405,0.4834323735996878,0.518520978208516,0.5067163564469139,0.5059216644331253,0.48323804966619255,0.45287931635830425,0.5209022425798668,0.4855606352890723,0.4799451566750766,0.5007007197280938,0.5078290445135885,0.50237874468992,0.5041922609958417,0.4973431310132286,0.5240364871617746,0.5024290691398,0.4904591670056845,0.4829090214753309,0.4960704300005001,0.5128752684089558,0.5097864954832405,0.4833436365378982,0.47947280826435046,0.5270059611203286,0.49872345232612836,0.48449870529095385
436,0.48862816267663606,0.4906413808367141,0.49247041007837855,0.4998399081737362,0.49013748141001706,0.4886362532140564,0.4876302857683929,0.5053186276654031,0.48836955256651293,0.5069575893125838,0.5012721049236221,0.5046674464647186,0.5164348561732423,0.503160947671553,0.48314288365437036,0.47776736657478397,0.49991484508879513,0.4959478660141169,0.4938413305489501,0.4922363134042495,0.5129532430910123,0.4973286253171574,0.48508563387615333,0.507640181781475,0.4848034500270567,0.5078220674174971,0.4909687899697794,0.4893912887797853,0.504962483132947,0.5122449503639951,0.5199555268177535,0.4912667307191237,0.5070099401984662,0.491017807596582,0.5024278037651656,0.4988254877045785,0.49976327499038736,0.5058888207291954,0.4918904717867085,0.4943506032260035,0.4831952209222397,0.519088724475659,0.5077057656627952,0.505601038524877,0.48396398440103783,0.45227158379740423,0.5219513288680341,0.4861949642367116,0.4796235161500072,0.5000514466590177,0.5079879924701131,0.5026016492671185,0.50305450056406,0.49764566226172113,0.5236053552416928,0.5016634091422769,0.48952368974926874,0.48339481984899746,0.49498384301097703,0.5131205663205748,0.5105302440087177,0.48378432673536803,0.4790907776259408,0.5268596244829028,0.49846762995412086,0.48503324066372194
437,0.48940977884651465,0.4897757575431267,0.4932845123194224,0.49927777306590626,0.49106027292463117,0.4892379138292117,0.4882216528544387,0.5060532458757131,0.4887114478149911,0.5060119327501162,0.5007424758130291,0.5051155769743361,0.5163541441871667,0.5039917289568756,0.4840215450841302,0.4787257057270343,0.4998293716500954,0.495971581756212,0.49278525388995303,0.49217892860798584,0.5128496674150174,0.49714993417594766,0.485107991972191,0.5072098958685965,0.48466364860571526,0.5070611709326849,0.49092782786014744,0.4896039712210146,0.5038095739376363,0.5112020243327038,0.5205623476263476,0.49108257399093974,0.5078724392775547,0.4902283948419112,0.5032926998862787,0.49933682144635844,0.4999405085943646,0.5062102662842433,0.4921788195375649,0.49362393494989276,0.4836290063451894,0.5199419206343319,0.5075491722782247,0.5058116460790311,0.48342284584924655,0.4528978639739284,0.5227954894334546,0.4872694063187023,0.48017191106720536,0.5000388841330168,0.5068454326485687,0.5016766424532991,0.5027458923442762,0.49708897764697363,0.5233572415709556,0.5024519712686789,0.48958100795950754,0.48384538864518933,0.49434836374056856,0.5120962352537126,0.5103120989029987,0.48306700083460313,0.4796228561279354,0.5274433471771405,0.49742041997738534,0.48614368761607374
438,0.49036356282005167,0.4907298767970035,0.49230032377209915,0.4994822495429755,0.49185461699096733,0.4900036325321171,0.4881452147700994,0.50582231906008,0.4890105954767226,0.5053544278978646,0.49998565925397154,0.5060749667486275,0.516852615885456,0.5033932478155934,0.4834068324550158,0.47868791919491677,0.49962337444082444,0.4954059293676789,0.49221878259850904,0.4919878055160904,0.5118678090793108,0.496068051990702,0.4856615523809508,0.5077700680199784,0.48489277161987,0.5077198158926796,0.4916199402377571,0.48994082747215245,0.5034697406106168,0.5116760528992986,0.5195351899523775,0.49211582294033746,0.5073365341546283,0.4905276525225098,0.5036729864784693,0.4998462690383982,0.4991505148400833,0.5061704434519139,0.49263172832396823,0.4935623427011275,0.4826904609839305,0.5203228368475783,0.5083323243680478,0.506922747522128,0.48269770583607513,0.45406424243266824,0.5236290208646767,0.4880175431601927,0.4807100386903245,0.4989546055360408,0.5076803607296809,0.5016849676325718,0.503677151918513,0.4980274769571994,0.523512481049261,0.5022527562820152,0.48959410731862907,0.483053814736652,0.4944770807684738,0.5132047107582343,0.5095987152065584,0.48405473415020284,0.47925574110060726,0.5281419617336456,0.4972332080354871,0.4870737893429969
439,0.49097074246385036,0.49185418576492224,0.49300726797021055,0.4989283451001494,0.49298327095343963,0.48961855461719644,0.4871106570603131,0.5062544356910073,0.4895742984169002,0.5048957117523825,0.5009306959755708,0.505442587732263,0.5177096632575987,0.5035733731009141,0.4831635532243322,0.479151386177185,0.4991894208125751,0.4964343817565372,0.4928501014757579,0.4919073779103628,0.5114244188061667,0.4972005237896777,0.484771029522583,0.5075184156601347,0.4845167742656632,0.507790224052403,0.49238171888602567,0.49020312324891535,0.503680606183172,0.5111384149422785,0.5195141314606899,0.49153854445560663,0.5082031672327817,0.49161422956158884,0.503433432193477,0.49927953767759503,0.4992089064745704,0.5053330989587393,0.4915297127218537,0.49318092940443203,0.4829850910552345,0.5203701936222033,0.5081095869435045,0.507358295702409,0.48175023989919974,0.4552222318127613,0.52328861394998,0.4891552772469178,0.4803940497636424,0.4999303579602874,0.5071456574211107,0.5027672230497743,0.5047069355807366,0.49808915212903987,0.5244723244891822,0.5029724472099477,0.4902677787330776,0.48210712745573303,0.49395238889886667,0.5124017003849367,0.5104450642530399,0.48416328028723876,0.47893791836871347,0.5291278545478301,0.49739462360851316,0.48637649781991976
440,0.4909653181483134,0.4928530866260268,0.4919670198192492,0.4992815314589098,0.49233794852496776,0.4900241343184332,0.4878011262651513,0.5057684645444498,0.48877304816068595,0.5057783895217353,0.5002857579788742,0.5043265563844451,0.5180030558754087,0.5037064580932964,0.4825379468401673,0.4801337140511606,0.4996493165994119,0.4975210610395061,0.4936221663948283,0.49133969506206443,0.5104255611195224,0.4972492208127402,0.4841384672671645,0.507769203150351,0.48512623654432896,0.5088477823605779,0.4914291129874792,0.4905509155704625,0.5043823248966087,0.5110498643982293,0.5194887571590836,0.49244314340352946,0.5084948084101714,0.49089135725928174,0.5037626883350377,0.4981896611564192,0.498582743114634,0.5053198674509615,0.491655274901445,0.4941003783954049,0.48386330418914003,0.5199240994347992,0.5077429810469529,0.5068453046289906,0.4828183906461588,0.45498774105717205,0.522367375069552,0.48827112205082346,0.47964596168749385,0.5003577296166087,0.5065054998476977,0.5035487331888416,0.5053229390234106,0.49868925538992187,0.5254274818471448,0.5028708651995574,0.4906265075916556,0.48260748838904083,0.49443602932793873,0.5122183550007253,0.5100887203105485,0.4845677872835009,0.47907157572727016,0.5301070363749527,0.49808934247310005,0.4855915868007275
441,0.4909679179578444,0.49262819057705176,0.4925752775206727,0.4986274417039756,0.49150609394427835,0.4907599538467831,0.48838468984394573,0.5060865508435525,0.4884374220710554,0.5053206399507388,0.5007708947573948,0.5037179642759122,0.516931342816393,0.504345882176383,0.48154248700759505,0.4805564399371715,0.4999317256892053,0.4971408353150553,0.49272007339843227,0.4912683378917779,0.5112101367875238,0.49756312965308286,0.485114810357032,0.5078675421544725,0.4842516384760317,0.5084658640323879,0.4916041137350992,0.4902369641680245,0.5054633178538321,0.5115038479001112,0.5188601368813759,0.49152838173350594,0.5074686985826035,0.4916622949342981,0.5029871243733989,0.4986270882818123,0.4977844005046662,0.5055498518352702,0.490685973028694,0.49340306636377196,0.4838190610218131,0.5191772780866702,0.5074089467958635,0.5059010025733487,0.4822252318365048,0.45449753202162696,0.5231682366508404,0.489077260869711,0.4796281894898168,0.5002576017092134,0.505780536053345,0.5040848905207823,0.5042999297210851,0.49919707420409426,0.5262688009406077,0.5019617763654405,0.4915872287334162,0.48234751325448016,0.4946363206610911,0.5127525329551081,0.5109821768152699,0.4847858984628252,0.4800857431527504,0.5301361444355427,0.49719115422238763,0.4862117844402179
442,0.49126875618053556,0.49306732795441066,0.49199712102337395,0.4980422870269131,0.4906929744741557,0.4915160185904238,0.4882680061338971,0.5061168933710689,0.4882155299781854,0.5053106390036842,0.5005551507868611,0.5029947735844513,0.5160026159414896,0.5053368035525971,0.4824704708966314,0.48170573112191606,0.5002274248594796,0.49743846487672694,0.49296508319723314,0.49221843319118647,0.5118640913189851,0.4985058845119803,0.4845120043571588,0.5079194652633036,0.484330968868018,0.5077582948800108,0.49273320421254263,0.4909725942632283,0.5050585295283833,0.5108585732340347,0.5182776416093786,0.49161483695819674,0.5070223037323928,0.4923470450404754,0.5036136680723318,0.49864494352890953,0.4974549528022243,0.5064791531310838,0.49086152288064344,0.49256066432318396,0.4833575351116385,0.519843007220426,0.5070982150332773,0.5069982977455113,0.48186404945958544,0.4555599674810213,0.5229739340708809,0.4895221113534139,0.4800800569056722,0.500948250525605,0.5061134525311904,0.5038117041747942,0.5033531295440757,0.49849293461500715,0.5258182613317305,0.5025094138534656,0.4923160766175056,0.48183069016518526,0.49362189636552545,0.5125503072604766,0.5117926789605954,0.48447697811822515,0.4802128215793071,0.5291947597378739,0.4963636286771285,0.4868337073749323
443,0.49064636470301354,0.4941304972632561,0.49290997688045524,0.4982599716955958,0.49050631768590686,0.49163039404829556,0.48901439425395415,0.5054275680257724,0.48795780478235024,0.504981290615649,0.5014914478065645,0.5027317267930587,0.516590557285568,0.5050041867332844,0.4819332652289587,0.4818790624758328,0.4993409199475381,0.49763312824231914,0.49283900423314125,0.49202235495950886,0.511818518342712,0.49755876612265565,0.48561103863556754,0.5069693671376867,0.48541723071998444,0.5087169052102859,0.4930795299239749,0.49056065809675303,0.5049763860474126,0.5115233569499275,0.5179864539990632,0.4918610302687015,0.5078613074905001,0.4927473064664096,0.5043178816658143,0.4979950521313699,0.49681417484433954,0.506085657894646,0.49076548616560994,0.4927004794978881,0.48407654006512363,0.5188806658855297,0.5063433107596615,0.50590807179098,0.48292522587144243,0.4554010535612841,0.5231975680596025,0.48970198753641,0.4808983444021303,0.5018167831561575,0.5058840794566548,0.5031611276782632,0.5023163354103852,0.49830176796522047,0.5248418345493331,0.5020045755011923,0.492095414570532,0.4810116630652672,0.4932758980040737,0.5115018846258153,0.5114698166317937,0.4837952095924507,0.47955714592162785,0.5301289684361177,0.49594645804400317,0.48679996324802793
444,0.4898277008381693,0.4944158529882473,0.49291022908181825,0.49850502679478925,0.49085920536304856,0.4908206583233502,0.4884233125983491,0.5055588248820966,0.48733721482000725,0.504623667237303,0.5018728010564323,0.5030630780861867,0.516256169865487,0.5047059168639078,0.48127831292466927,0.4816600666434994,0.4992957767968168,0.49692483262598075,0.4924066077863894,0.49106567358850145,0.5112271769061527,0.4982902203926145,0.4863992299506869,0.5061701047231782,0.4856427031649054,0.5088247635778331,0.49285281318304097,0.4905812726974416,0.5054618229562969,0.5112870185031041,0.5172938904322252,0.4908838571458655,0.5083979574347605,0.49293390515162494,0.505234754345614,0.49878468158595035,0.4965220855719448,0.5070465287090489,0.489802871589532,0.4922056635384553,0.48415503471383037,0.5193002275684401,0.5070255449863541,0.5053448088168967,0.48335494131456275,0.45497990778281333,0.522848900468583,0.48887843889380217,0.48165383757939273,0.5012535186146158,0.5057634839531668,0.5031608699935456,0.5020031965063662,0.4981196765339603,0.5246036791917995,0.5017315855208507,0.49270778930539527,0.4816676842457989,0.49410753888725845,0.5116691305538621,0.5121968463603718,0.48472733691535724,0.47875117086272717,0.5296290947581025,0.4955079782044928,0.48634003921204594
445,0.49042930414623026,0.49472301306179106,0.49288781519664976,0.49749643306385927,0.49184063078438367,0.4897228142009586,0.48801197075472036,0.5052172484947349,0.4869306422467785,0.5047210389204615,0.5019951602461976,0.5041233463101679,0.5159008042123854,0.5041074500976199,0.4818742829477023,0.4814183372869599,0.4995253912338511,0.4976674568126933,0.49321499961220305,0.4900630219901952,0.511797584776903,0.498859566424072,0.48546034723852793,0.5054201152073556,0.4863861674942539,0.5083277164879876,0.49219317997213125,0.4905940035438461,0.5058805383879946,0.5103932708620789,0.5182412512399487,0.4901890329084323,0.5083011911301812,0.4940257649965061,0.5055731668053681,0.4978249745632427,0.4971213042366227,0.5065300360644677,0.4887251852327399,0.4911447915353393,0.48369719299567726,0.5185650488528866,0.5067982452654406,0.5049388388945085,0.48297680878711097,0.4541228961203887,0.5229677733341539,0.4889795179140159,0.48098428612940214,0.5007673760944927,0.5052515095789026,0.5033885114824832,0.5016074328712121,0.49876675735082254,0.5240202437401403,0.5019351221229889,0.49348647523643774,0.4822114074239819,0.49342267797288647,0.5122886954447491,0.5119629814386155,0.4846972931430674,0.4790889848045679,0.5292926332441305,0.49456201824363255,0.4863115318077109
446,0.49011807271758184,0.4942729745239175,0.4922378637229151,0.4981195607264734,0.49279108799828936,0.490588430918402,0.4871551535361456,0.5050880838749595,0.48603899138704554,0.5042899383640171,0.501456363709987,0.5033314616542114,0.5165914182721046,0.503011603518263,0.4814498310069962,0.4814783185075059,0.5003170300195624,0.4971052026330125,0.49214742395256894,0.48943388532017423,0.5118570923766722,0.4981714134999576,0.48446042462751754,0.5059761920943241,0.48530326050429456,0.5089905763417708,0.4917384671659088,0.49148433883393555,0.5055416203823162,0.5106883178577697,0.5176386774623235,0.49020306380950607,0.5088644917083877,0.49488541695743066,0.5045729265560519,0.49732125579292186,0.4971913325363732,0.5059670331762735,0.48982158788867414,0.49133319402859,0.483162860925148,0.5180576292441919,0.5058176682886627,0.50454121086825,0.4823226118802326,0.4531053493738978,0.5229898305814307,0.4886293089261341,0.48158043579953885,0.5004501039333571,0.505334289735409,0.5030809594042803,0.502684077916195,0.4983664924232572,0.5249442187890311,0.5015148898043175,0.4938293315256067,0.48199837322651984,0.4926966524419576,0.5133764369612309,0.512773288152861,0.4842143837263739,0.47951976102433497,0.5291702902847597,0.4938620500086561,0.4867139652413577
447,0.4911043383036568,0.49319067009662143,0.4931362169129885,0.49849546960141755,0.4920038721067952,0.4906400429902335,0.4874715432102477,0.5046748974391898,0.4870625698647063,0.5053470791101669,0.5023001214877906,0.5039878802139772,0.5169918049979049,0.5028955556484607,0.4813857476725823,0.48133447235657134,0.5009650252062195,0.4972917716059316,0.49241511768381696,0.48963033678663326,0.5121938222825597,0.4975179843702904,0.48414278621796347,0.5055720803416758,0.48492954041922454,0.5090299306233997,0.4927942636076078,0.4915148805441778,0.5065595664885556,0.511400671765095,0.5177961341490093,0.4911092065895373,0.5087026417159943,0.49464393485461816,0.5041852673915732,0.4962671169992936,0.49728514649079564,0.5067020549652523,0.48986513994775177,0.4912566379202842,0.4831997100960488,0.5178313317459093,0.5060905036750528,0.5037589492098412,0.4815282066493263,0.453627614119213,0.521984921483402,0.48957693922235346,0.4806884244004954,0.5008426652918333,0.505135901004188,0.5039747434836318,0.5032763969818059,0.49921797412778846,0.5252452918442275,0.5008303524963613,0.49418316294556636,0.4825079398398722,0.4927231926563603,0.5130187995937637,0.5122169347426604,0.4835063520066534,0.48014614370804276,0.5293364504424308,0.4949324788540656,0.48647205114852543
448,0.49172560321305364,0.4926414403561653,0.4923988740608262,0.499580180180327,0.491524004280894,0.49078744081260733,0.48730965099064905,0.503676082298219,0.48688725278420153,0.504433954018966,0.5026714095983467,0.5044613912496739,0.5166560019347337,0.5038415783612267,0.4813695517598922,0.4817963795305552,0.5011876049758344,0.49629140482888495,0.4922990293399256,0.48877388399210403,0.5114144391678382,0.4977938103590666,0.4836491176305736,0.5058315575027429,0.48446027867701574,0.509516445011926,0.493112464538285,0.4913676864877858,0.5065658554819618,0.5116063054941152,0.5187419606660263,0.49072913760391046,0.5080778430575116,0.4945892958090684,0.5046547105376206,0.49693119323991103,0.49783197045555755,0.5057025380152317,0.4906334130124711,0.49153383883451224,0.48376180694124454,0.5186190648073942,0.5060809899624932,0.5027427979647402,0.48164166111321016,0.4530375097003825,0.5216213384313412,0.49057589596428136,0.481813819278032,0.5001816217967591,0.5059027039842816,0.504854911969628,0.5025150322838832,0.49840704518455536,0.5260709754229516,0.49989619556414866,0.49458954137960126,0.48175349769309933,0.49340452020111536,0.5118951557559621,0.512693881944621,0.4835380600869416,0.48105398247429104,0.5286552043130203,0.4943262464244258,0.4860930038351569
449,0.4919729053485969,0.49274538405659424,0.4916681082584475,0.4998939946816211,0.49073076806805815,0.4911239713383735,0.48648414705254645,0.5042455713679658,0.4864479155330347,0.5054306408201636,0.5024433347283711,0.504814520858109,0.517022179050613,0.5029221736900866,0.48113795024723993,0.48207041741095624,0.5017426763787813,0.4966838903254528,0.49130626214711165,0.4882463756577194,0.5114560634548574,0.4976969545417296,0.4842981412561344,0.5065727525898992,0.48415223116376427,0.5088055915255166,0.4924309769013767,0.4905791261730706,0.5071521777647332,0.5118776250040387,0.5177224501699957,0.48969736112396706,0.5090581145683302,0.4947928264908268,0.5039833866920672,0.4969740499411557,0.4984352207126671,0.5050836384336838,0.48998761348764414,0.4923211187407943,0.4837977785272396,0.5192835962365262,0.506084326965045,0.5034317700706399,0.48265588017632777,0.4528467262785781,0.5223598456621941,0.49151210032063414,0.4814551797133057,0.5007779604072979,0.5061210867757133,0.50458255746175,0.5014382753679765,0.4987149399312665,0.5269242641859597,0.5002252741138452,0.4943684881564669,0.48101924182915695,0.4942138923949341,0.5118461970020884,0.5123706446957532,0.48303905307037714,0.4801427094982345,0.527618575768761,0.4946858071941353,0.4863173280022925
450,0.492778613015476,0.4922488707310381,0.4906128029381687,0.4998549192052805,0.49021319489724474,0.4900407870043873,0.48679879830621076,0.5042948148245525,0.4863488307548491,0.505159520753934,0.5017495665374708,0.5042022084194958,0.5165847265356351,0.5021427055183443,0.48013725883689934,0.48251919888168676,0.5014582503387708,0.49560880959578757,0.4909845469197232,0.4887192442411612,0.5123377485228233,0.49824995712614845,0.48516822694468087,0.5069391264309083,0.4840791321173151,0.5087915926126698,0.4928645187181107,0.4910582007976173,0.5065561221868619,0.5121444542335607,0.517058417148654,0.49059948551995053,0.5087256673547957,0.49541548859752577,0.5048499636014916,0.4975046386658859,0.49935790434248856,0.50464584946137,0.4905968269308528,0.4926074827943967,0.48348716194249747,0.5190086023996094,0.506237580761741,0.5036935157435509,0.48187432981173833,0.45222652818312564,0.5228038309341692,0.4918462600437285,0.4820636677166289,0.5005143504336452,0.5065695859887358,0.504209132353225,0.5024048896392934,0.49891988469305176,0.5267972289293331,0.5003442186511655,0.4954013941319791,0.4818125092705381,0.49402532915437186,0.5107547325058817,0.5112846553092691,0.4831703247234944,0.47936858546292277,0.5266580304929193,0.49465167666062104,0.4856658189224066
451,0.4928144919363163,0.4928508919454886,0.4900335525285015,0.49905548411311595,0.4898900208060589,0.48971899229993404,0.4857903430898159,0.5038874754079763,0.486723913028472,0.505324024752389,0.5025520809936305,0.504681950745532,0.515819904321607,0.5029366837948185,0.4810003950425418,0.4816181937955761,0.5015312902586286,0.4964759159220267,0.4911432806667357,0.48923342152192933,0.5128144745012662,0.49898317865481456,0.48452288455249376,0.5078820045187437,0.4848188922743204,0.5080958538655658,0.49251746695173493,0.4917829080534514,0.5063847704608377,0.5111115025769938,0.517048585233844,0.48972211311453406,0.5089468424815602,0.4961428076940267,0.5050287796214933,0.4976487079590617,0.4983456334555762,0.5048956385921157,0.49159159736176267,0.4935001417140654,0.4836912757085902,0.5197878412709014,0.5056633775538316,0.5025917384976936,0.4814329222850884,0.451297372956863,0.5226589224457006,0.4920309504343877,0.4829749798783511,0.5013343253836162,0.5059245366137155,0.5046704344035543,0.5015553260919796,0.4994035601982079,0.5256430392848225,0.5008620499969271,0.4956602650515328,0.48222729572120887,0.49374422317969996,0.5107491031109824,0.510876907807502,0.48359746333466064,0.47879041244028847,0.5273093053754037,0.49359116840332,0.48525323392092323
452,0.4922317211844558,0.49325504940340326,0.4892995362565989,0.49839654906917913,0.49100194368611133,0.4887420079758974,0.4863206425779698,0.5036689779760656,0.4868048317304289,0.506050415509168,0.5015681760394002,0.5047271102679002,0.5151756657653115,0.5033239275067235,0.48109148031214855,0.48175713682446225,0.5024456805416117,0.4967304554614706,0.4916481846198867,0.48833660248568284,0.5133238724731207,0.4979306488395796,0.4841177009159769,0.5083467770497909,0.48458325922288736,0.5073708812754903,0.4921395946352274,0.49074090591155645,0.5069927395363204,0.5104451473682396,0.5169604509693664,0.4903014586335875,0.5089753168519799,0.4956336380345781,0.5048740861167336,0.498353420485692,0.49868019745328435,0.5052333839370379,0.49064428758951606,0.4942599214750796,0.48334127527586124,0.5192830519671471,0.5048391901205099,0.5022261013329089,0.48243412531509006,0.4513348934595956,0.5219285417144561,0.49282797979601395,0.4823466148220155,0.5006830061652434,0.5057127840326116,0.5052882536564787,0.5021116571562693,0.49925787595009363,0.5261244758221014,0.5003659444728538,0.49525391157049403,0.48290831540108603,0.4929440212271088,0.5101742431929241,0.5103539751856109,0.48268814673687976,0.47816574851250065,0.5273301063484317,0.4945748671702974,0.48589371118735836
453,0.4921844649108126,0.4934994024952082,0.4886343147459657,0.49826463319465086,0.49103396795728094,0.4887937108881033,0.4858037188884922,0.5036299022993599,0.48791720353389584,0.5068857887087681,0.5012271798227959,0.5041076318669057,0.5144041341368909,0.5043247746375524,0.4821397954104745,0.48181080204592097,0.5019346557498633,0.49777563398134095,0.4921428881434815,0.48943522261251415,0.5139767928070983,0.4987122689485398,0.48505324819325324,0.5078942508368536,0.48502403018336493,0.5082107759038798,0.4921135765659466,0.49153324376165236,0.5067866583861524,0.510576878241634,0.5172148226374275,0.49104853032478496,0.5084095256923324,0.49663697327407147,0.5045025601721015,0.4979140986036401,0.49880843887749776,0.5061526959144569,0.49173363770079886,0.49478638741967174,0.48240351161359163,0.5201171481945176,0.5040975076907035,0.5018455829632513,0.4819364046857893,0.4520488267244527,0.5219384745551121,0.49291583935543093,0.4829554464172225,0.5001858165029974,0.5052934161336765,0.5061841468486,0.5012986737663411,0.4994937528565418,0.5271643287398685,0.49951764289005735,0.49564778775202756,0.4834110216374473,0.4924607166484669,0.5101359234387368,0.5111557772309118,0.48231763121085713,0.4787262913600394,0.5264079648232809,0.49520252785877283,0.4849822927322269
454,0.49276130013845915,0.49261550684555205,0.487645603743636,0.49780969044267637,0.4912553578041436,0.48970568855231333,0.48577479388955497,0.5025532763129203,0.4871214783238105,0.5063547171774857,0.5015878849061499,0.5042862355104991,0.5136452706036875,0.5041951742398818,0.4817553693141818,0.4826551925481803,0.5027508823952564,0.4977224759492944,0.49297449874730254,0.48964332333515437,0.5129401209388444,0.49849692199940204,0.48616344247016,0.5088983999931006,0.4842150233939526,0.5090934546678003,0.4911033623338595,0.4913797113066323,0.5073659215926524,0.5108360746360989,0.5167481037363884,0.49067300953528625,0.5090626934330095,0.4967944042252587,0.5053955833752729,0.4973005741657201,0.4980146704938866,0.5062429877633415,0.4917668542457834,0.4954314160801633,0.4820950655107769,0.519998464635598,0.5050744449660926,0.5024422496075179,0.48198121774375874,0.4515648428193393,0.5225941885341224,0.4922684491642247,0.4820105755157447,0.500231612482943,0.5049085316391686,0.5052037866912246,0.5004923359734803,0.499426026705145,0.5280942276240184,0.4999644964708645,0.49578296283292395,0.484051308055292,0.49250197056772943,0.5110922886085422,0.5114872276114676,0.4827565258347768,0.47917279642376065,0.5255435231738613,0.49535635464591277,0.48520412306354554
455,0.49384779608815377,0.4923470693446993,0.48870171417369074,0.49698315103909024,0.4920919472768512,0.4907730770350057,0.484940509667002,0.5016234757655761,0.48736723812336674,0.5057918694316723,0.5018368004990148,0.5039508986942501,0.5143874064114127,0.5041124160953641,0.4821072977149763,0.4819009575345332,0.5035406526058446,0.49721656857172614,0.49398691693391755,0.4890032878048628,0.5128048305791821,0.49902416993160914,0.48696343731326774,0.5092120969363257,0.4838602135338371,0.5095349042997438,0.49160622929608266,0.49234252664036326,0.5077067298923041,0.5115897679947146,0.5164072359974089,0.4896551884075849,0.5097733625924381,0.4963965980886057,0.5049405316717349,0.49768258258091763,0.4971638363749991,0.5055005284773394,0.4922220345102449,0.4951876298115862,0.481162870171194,0.5193268786251192,0.5051050092766328,0.5013742147022211,0.4826240471870052,0.45183174252163477,0.5218549210410655,0.4922939594372557,0.48256387836815623,0.5002700952285246,0.5056733847935625,0.5042018659837003,0.5011230932856187,0.5002330881657134,0.5281030803226502,0.4996855788994496,0.4956742970964327,0.48394431191309756,0.4918276094965215,0.5113049866493694,0.5110739948466281,0.48260720395447065,0.4789019876277675,0.5256251293638029,0.4946572434298913,0.48546837582300095
456,0.49309139436313054,0.4921597728287469,0.4896356248576119,0.496363553134173,0.49160686128908354,0.49058632998623064,0.48466164171194204,0.501181402416938,0.4876472456788863,0.5055725277254682,0.501328304959095,0.5033612973559882,0.5149098249828818,0.5041700034399914,0.48307439095902066,0.48268228864594004,0.5042529523506916,0.496428631665583,0.49368859379388985,0.48921558669006315,0.5125959422948929,0.49874104190425106,0.4862448672679132,0.509398498884492,0.48477793534720487,0.5098427097211145,0.49085491722462254,0.49164350348470015,0.5075874308642052,0.5110257531238102,0.5161914721914501,0.48969538468793267,0.5093713814902816,0.4953541792797499,0.505090370376678,0.49813639656948405,0.49670912219036123,0.5049843001618529,0.4932632134560625,0.49508318452983463,0.4813576614462864,0.5187300386892151,0.5060935580340844,0.5003160124071331,0.48346687001331495,0.45290991034430284,0.5222176055148063,0.49297182680432255,0.48210518079784376,0.5003283652219161,0.5059648553495135,0.5049619550989815,0.5005637570691003,0.500363642502574,0.5272941070592789,0.4992605735228551,0.4952875385109078,0.484039728658388,0.4926046162847963,0.5102239247948258,0.5117661195026768,0.4829860757368098,0.47842705516936823,0.5259026054167539,0.4936950487692414,0.48597694994358087
457,0.49274254369187587,0.4930586919229611,0.48897525170707823,0.49552682382617996,0.4922842554504512,0.4901916392631257,0.48512574635581845,0.5013104064056074,0.4878921736998849,0.5062699406805435,0.5020261933169758,0.5024985353328263,0.5139747653873548,0.5037330659604142,0.4829584437885093,0.4828647761327506,0.5048509159848615,0.49622395110068385,0.49333137645897684,0.48827986531812,0.5133084832072937,0.49913806396360116,0.48563860685265303,0.5088169722322599,0.483954508120365,0.5096560776393098,0.49104617586025606,0.4908421888378063,0.508593274456467,0.5107886297620357,0.5163496323090647,0.48955864773935653,0.5099164493048345,0.49579103437220745,0.5056395683640195,0.4978481433838903,0.49631235089366504,0.5052655048155509,0.49341453833072,0.4954466776748448,0.4823585783212888,0.5179935570938295,0.5067373961435591,0.5007551590907208,0.48384077386950275,0.45238812048591087,0.5232470463382456,0.4934340687220434,0.48194788145707446,0.4994493463735095,0.5065682867409547,0.5049442287038463,0.5008547025456882,0.501338759140046,0.5265135440004063,0.4984277265857898,0.4945016010263942,0.48504088193785394,0.4919989055731155,0.5105675141460835,0.5126794797227869,0.4836136408583119,0.47870992870324647,0.5265420056356759,0.49427593886005533,0.48535084270335593
458,0.49195472516286803,0.4922564145427231,0.4889948041204456,0.49497437054330684,0.49252543157155587,0.4912165658901177,0.48619293510554507,0.5005279920248991,0.4876636324226201,0.5059895322225522,0.502646150636551,0.5028712793141201,0.5145303303694436,0.5041630008526565,0.4829987930011229,0.48227391826222726,0.5048188419943154,0.4962209356497705,0.49287440051958226,0.4888411633342892,0.5135187684907111,0.5001756832104457,0.4855852886811037,0.5088742634235531,0.483996244993576,0.5098509651057364,0.49215609362470236,0.4904872234291819,0.508383702723386,0.5104909160572462,0.516865963024277,0.4899313882042765,0.5107287607476078,0.4959960114692813,0.5048052534450779,0.4987807812359348,0.49713048358782475,0.5049197424928805,0.49376922226753095,0.4964566451221505,0.48200996832047327,0.5189029764961435,0.5073206264114509,0.5003014440904018,0.4841935823858522,0.45275073375349084,0.5235551032476937,0.49269139102760945,0.4823811249826552,0.500363375858119,0.5061446063422014,0.5055540459690157,0.5012838223740957,0.5021308774348047,0.527217322754974,0.49752306311220645,0.4949954751311133,0.48583118041946066,0.4915105786535443,0.5113359070097374,0.5132546440469989,0.4829691236727496,0.4781574469426012,0.5254809531439832,0.4942564827538743,0.4859494022914334
459,0.4920153848706769,0.4932776138129508,0.48866822145849764,0.4958186025227986,0.49167608792982076,0.49067012335818144,0.4857884135095411,0.4996286377806561,0.48861714189808064,0.5051250279940419,0.5018231631645297,0.5021584840301822,0.514086519119323,0.5042499151700949,0.4832836101117739,0.4829365922879893,0.5041117352909177,0.49640203765889085,0.49380286600140677,0.48936840919951013,0.5124691843073175,0.5003387596077569,0.48481253263558327,0.507768033478429,0.4839598023728432,0.5105278037453556,0.4919148983625423,0.4898304567942883,0.5080298060610687,0.5104194781853414,0.5173726233160848,0.4891898511227571,0.5102780634347092,0.4958219812186487,0.50567095875155,0.4979733040550264,0.4979610577477449,0.5039584440391626,0.4941103132067155,0.49711401088495155,0.48173161782246027,0.5179679302107012,0.5073075750097806,0.5009154489347546,0.484871050119073,0.4531319233403402,0.523146067889198,0.49311011533885096,0.48144014167302923,0.5000214202136943,0.5050959188406419,0.5051713420207952,0.50135060981009,0.5028671149967068,0.5263626320936229,0.4981135948316389,0.49530490843296904,0.4864078499684486,0.4919157536591358,0.5116444986512011,0.5142195723309101,0.48365333098750385,0.478803357707964,0.5257624785791066,0.4952045412343724,0.48643415308150884
460,0.4924647138308579,0.4923892184786511,0.48846540176419123,0.49667323567897365,0.49217212670821847,0.4916546857352514,0.48505276022936916,0.4986619827337741,0.48853580789993756,0.5043345264018664,0.5011151375449983,0.5026991385591375,0.513426456801671,0.5048446111344621,0.4826875512336352,0.48296972105299013,0.5036826520759663,0.4959117390755232,0.4939919051638185,0.48887884241790913,0.5124884735523815,0.5011293538692903,0.4848147612749327,0.5087380102374797,0.4843187253384675,0.5098776172622439,0.4912609817563543,0.49051388440496213,0.5082129416540078,0.5113077770961567,0.5173208222357276,0.4895122265545617,0.5102544038240466,0.4959009165443785,0.5046780272483128,0.49777152890438886,0.49784454073866197,0.5029913584437468,0.49317761106326435,0.49691879248840815,0.481746806952288,0.5187285442999453,0.507309036241631,0.500726649394171,0.4855745725351508,0.4522748762047892,0.5229887081686652,0.49225453357912297,0.4818801911603879,0.5001233351914116,0.5048152030972832,0.5061296527463381,0.5019646116661955,0.5031417310623553,0.526460794495566,0.4981299179350206,0.4951435268374588,0.48598761858262707,0.49085946980235645,0.5111633573228876,0.5134940965606465,0.4833693461691017,0.4779161988789494,0.5253646308372472,0.49508660446447245,0.4862985226667233
461,0.4931477409534007,0.4934007633067005,0.4878380469896218,0.49730351768375813,0.4926330717759281,0.4923450964385955,0.485324832906922,0.49969225220927793,0.48851623823500023,0.5037072946647452,0.5021493688684227,0.5016646543854625,0.5137453825332801,0.5047979230590631,0.48310121034167613,0.4832811319574245,0.5045545307844082,0.49542335207852295,0.49348084404540754,0.48963104943291785,0.5123392538720413,0.5007347140891423,0.48461477789188423,0.5081653705855451,0.4848103824956261,0.5094093259921768,0.4905335549034449,0.49156676575259944,0.509238606520175,0.5113112268331048,0.517164452850136,0.48952306311364724,0.5110592932901808,0.4968844379951495,0.5035880779824629,0.4971363351384799,0.49786997609658423,0.5033186218711961,0.4932460592227703,0.4964296424105683,0.4815206468957299,0.5176819424986355,0.5075377023468475,0.5013336048438563,0.4848488314394151,0.4513016117557833,0.5221544415543496,0.4926302055948107,0.48238107013090065,0.5006878544670935,0.5057489847872942,0.5056302465063839,0.5023615099280575,0.5023459917608362,0.5274622083872833,0.4974445760341023,0.49416599318891946,0.4868284647054792,0.49041269871894894,0.5112890883608789,0.5136399257542223,0.48262122812067954,0.47751323814055957,0.524268823268449,0.4955114340675119,0.4866421824184432
462,0.4929570486022457,0.49301771187647125,0.48817555992469147,0.49769935606144333,0.49362099641895474,0.4926178407115857,0.48617052267766914,0.49892932664623574,0.48924325355582726,0.5037339972924971,0.5025155664087176,0.5008243709283261,0.5129395189996437,0.5040791599394808,0.4822001919120034,0.4829065185517134,0.504330752808558,0.4953365892891299,0.4943995927946708,0.4904268200088764,0.5130396674381322,0.5008870881535005,0.4846783432289677,0.5089307858582666,0.4841550374199389,0.5092709467907709,0.4906360655128283,0.4917781476866606,0.509089850540766,0.5105080302638226,0.5171383476787487,0.4896126988773474,0.5115862492435012,0.4963774410466038,0.5032543773606701,0.4961978544305481,0.49758228967342505,0.5038481758236584,0.4936117202374264,0.4973722784551639,0.48223859828196475,0.5186561640360925,0.5079409526836595,0.5015019045976578,0.484451336059203,0.451467315900026,0.5222123108926844,0.49231240765041334,0.4833879881985983,0.5003028700782551,0.5047428594264404,0.5063976591224822,0.5027992642337581,0.5025593087520748,0.5273731896647896,0.49699709249580887,0.4934132169086901,0.48793668078781743,0.48944316061407767,0.5114964919149467,0.5129223967184692,0.48251402339802624,0.47670550158874087,0.5235159006834847,0.4944829041870788,0.48759811133036035
463,0.49192557676740123,0.49214983031859816,0.48912617304838035,0.49792213272812497,0.4928544594377402,0.49245113852276984,0.4861567673672905,0.4992650554958178,0.4897404677441269,0.5035417809119067,0.5021032524103558,0.5010814905006121,0.5124774871889488,0.5035877593151207,0.48231267042795956,0.4824898322511238,0.5038365916654338,0.4964080091490824,0.49512174066860476,0.4911262212946903,0.5137094040983031,0.5013313503085276,0.48400209625010476,0.5079513139853147,0.48377255128677465,0.5083225555225575,0.49005579018036804,0.49227122131436757,0.5085132877811114,0.5105715263724083,0.5172704211758822,0.48944540414328325,0.5120434644560838,0.49704144021948254,0.5035069218691243,0.49570668312213795,0.49779579328497076,0.504134229931489,0.4945352882968208,0.49747596281193657,0.482254239996356,0.5196038971968231,0.5082943262582595,0.5012262758186562,0.4851549156893989,0.4510734246267819,0.5230419350243263,0.49131159762829635,0.4838203390706779,0.49983154947851843,0.5056626990771617,0.5064360384892294,0.5038335610175346,0.5017786788474847,0.5276111935360598,0.49791700121510013,0.4923790458824458,0.48846391942674683,0.48973619197372764,0.5103992387639438,0.5138826576344626,0.48195402960719497,0.4767105804024319,0.5231462220078746,0.4935891374059983,0.48687272222863026
464,0.4908712637121163,0.49134037555644716,0.4899643048181575,0.4974078145946276,0.4938293970917268,0.4929623413905385,0.48616938657873915,0.4983390536161379,0.4907223705396562,0.5038717004973357,0.5018780162632336,0.5020578037947946,0.5129977558113621,0.5041638629244861,0.4828483963918862,0.48232287469829715,0.503751865491795,0.4956885211706537,0.4960231649105014,0.4910024066745882,0.5131699410408802,0.5004145753609169,0.4846233721357739,0.5080403012483461,0.4827463475012903,0.5079900374773662,0.48972277918044793,0.49131678339807,0.5078817717757718,0.5110104870102788,0.5177757816163941,0.4891676229541105,0.5111911174454522,0.4978547344587233,0.5043812517291911,0.4956961035418265,0.4978602116459606,0.5050032065081603,0.49562040412409697,0.497609609902194,0.48327151892243697,0.5189258192801753,0.5089376190454016,0.5004572832756649,0.4845518345007948,0.45078959988925893,0.5220303477212348,0.4916725497404267,0.4847593637146835,0.4987594299824954,0.5049110349179078,0.5057914955583808,0.5044120325804585,0.5012134944399989,0.5265663761240068,0.49838101145528396,0.4917221568528226,0.4893667776109848,0.4889748293561412,0.5095427856899529,0.513759771068644,0.48128629900958464,0.4757603003197684,0.5232526689346211,0.4945963589554957,0.4867072631878902
465,0.4916457070988704,0.49098341702081344,0.4904601785490142,0.49817644490698104,0.49351243817951523,0.49333099303534084,0.4853370689987221,0.4993934168343386,0.4913363769536974,0.5030857655100168,0.5025780897773285,0.5024988208425024,0.5132219875924862,0.5033684863948025,0.482319078360458,0.48293083482441024,0.5034569820601945,0.496101946998841,0.4952995825139423,0.4904589241110622,0.5127289994906592,0.4995603094141296,0.48505393684699116,0.5089997975249188,0.48201809661047984,0.5069861743495557,0.4888829442309925,0.4905590864069865,0.5083749473921662,0.510035396020376,0.5172100819565729,0.4886881239865936,0.5111851998269387,0.49831863821093764,0.5036518177846174,0.49498447519201516,0.4989285327155632,0.5041582675427569,0.4948489154535801,0.49752007535097514,0.4837775434906771,0.5197553093307424,0.5081596450110795,0.5011235436689697,0.4836412222342027,0.45091758111437213,0.5215063612785109,0.4925906857191557,0.4856748103918331,0.4991772237539755,0.5044660702074789,0.505171800473114,0.5045525289774572,0.5019967039845157,0.527020269224544,0.4978406308647615,0.4916172398922393,0.48965778842641644,0.48824734836029504,0.5098753058331158,0.5132882369648909,0.48125437293251333,0.4759430344038999,0.5225958249065683,0.49452017945642046,0.48748536637756656
466,0.4922693045872362,0.49184104260786504,0.4906196936594375,0.49731357348794586,0.4930978618717217,0.49358092180308294,0.4856424078523024,0.49961891872584585,0.49065226655045224,0.5032062800440483,0.5022263389472555,0.5028186271858179,0.5123918641405241,0.5040287850270073,0.48192228177684115,0.48198199016841703,0.50259524840775,0.49641360060892936,0.4952328431130505,0.4902336428059107,0.5130692115803217,0.49916341463597064,0.4859014395649122,0.507948438613357,0.48230350794266774,0.5071957554502872,0.4884188622316511,0.49009498753438635,0.5093995791662068,0.5102246228391207,0.5172939520671367,0.4876545979393817,0.5104980913364817,0.49902290883441053,0.5035370913073048,0.49524157046413814,0.49881168483529403,0.5031279856019076,0.495216735240348,0.49843261773921227,0.4839032842092582,0.5192537623334392,0.5071865641826234,0.5013539046705379,0.4842823495555256,0.4505050043302717,0.5215542527102297,0.49329476179015325,0.4851399009707174,0.4988189275819391,0.5053857819305957,0.5060748267935751,0.5038832770477896,0.5027419216796454,0.5261566239163684,0.49795369137908985,0.4925582988498212,0.4902209267634202,0.48767705276430506,0.5090766713955336,0.5125809307938153,0.4819948056605322,0.4759535073284693,0.5221640442455694,0.4935791465627456,0.4880277051982556
467,0.4930459392445149,0.4917584437379191,0.48987259687714335,0.4978671273962945,0.4937032101952998,0.4931968435738384,0.48637582071535657,0.4998864448488398,0.49144609200535805,0.5032446189848647,0.5013235914457745,0.5033275311138908,0.5127362805225755,0.5033964549720175,0.4810896623802657,0.48215784009003404,0.502605214966023,0.49667787498378313,0.495774467127064,0.49116506027735674,0.5121612499345711,0.4985828273778236,0.4863384446733433,0.507996411079511,0.48194992622403826,0.5079875432087388,0.4892022432208166,0.4892710374194979,0.5085183336130246,0.5100056420248802,0.5173943471670135,0.4866987059482336,0.5112192436808711,0.4980749957130754,0.5041322604436737,0.49461743555566867,0.49855437615797626,0.5033245279831382,0.49518080189965685,0.4974426594580806,0.482980847224255,0.5188588942903467,0.5068587567817465,0.5023480443282592,0.48528131227929894,0.44995884785624846,0.5204403565893193,0.49380679232067415,0.48610502997261623,0.49782271877444734,0.5061432947217493,0.5062033171040806,0.5033033333573853,0.5019792998396817,0.5266791976124087,0.49879641620479953,0.4936005036295556,0.4899793282750076,0.48844414184965224,0.5082870653639298,0.5117474103376434,0.4830547023420288,0.4754631589760618,0.5227898436387489,0.494621394350296,0.4887170761804169
468,0.49327133020967834,0.4917837668533024,0.49061039642132975,0.4973253973267365,0.49344426172641215,0.49269392426238423,0.48551738533680144,0.4988595701238542,0.4913359416440712,0.5029220181425836,0.5017370066698916,0.5029144197760226,0.5137105470629374,0.5026659504635861,0.4802123605150516,0.4821126655439602,0.502388770813356,0.49581097767937704,0.494797910784781,0.49014883208825855,0.5116707520922782,0.49818429320478874,0.48710299453778055,0.5082039231289222,0.4811674311659069,0.5077138113135112,0.4886040191513764,0.4903509030689162,0.5075556543516103,0.5107130996580491,0.5170502780454959,0.4864362422915184,0.5122288854608198,0.49806979703741666,0.5044408881285287,0.4947490768094892,0.4977804029754776,0.5038706202279458,0.494524959210271,0.49802942326475985,0.48266593347533876,0.5189778390539604,0.5060097686235641,0.5026913518132927,0.48437088104071363,0.45052058475781626,0.5213267732005654,0.4944776434913727,0.48583006502958426,0.4973433788119264,0.5051320729825666,0.5051828857888725,0.5032296167193697,0.5022253653308704,0.5268831595969514,0.49954361156421806,0.4928157286992693,0.4894581677245455,0.4881943677386377,0.5093034390905568,0.512044855731644,0.48410835776380823,0.474888902587986,0.5229856281611054,0.4947354369068233,0.48943374084050173
469,0.49398373357740466,0.49131726179090873,0.4912984596807433,0.4979193258929601,0.49319528327727097,0.4922364803546342,0.4852479529867866,0.49804465702722567,0.49218526910913757,0.503240804402065,0.5018612902273732,0.5018848833182079,0.514079712346063,0.5021971213526915,0.479454857235685,0.48316003019162806,0.5033181677152155,0.49677161006189774,0.49457630665550756,0.4902579890727914,0.5112943401292896,0.49879911158338125,0.48625878684394575,0.5089416343363746,0.48136875014410124,0.507769990245667,0.48790537811029894,0.4909807211032685,0.5070385772507812,0.5117550933307009,0.5179604012886658,0.4865359775912097,0.5121792347890468,0.49768728132955115,0.5036637631442697,0.4940580142028292,0.4974434277041195,0.503732405614983,0.4937762469571454,0.49758165146690175,0.4832310116495833,0.5189475834631582,0.5061130189416687,0.5026861430713088,0.48394024803549235,0.4514469696156894,0.5206610255992014,0.49476049534480915,0.48485345194153195,0.4967978359954887,0.5057917513099535,0.504825574726278,0.5022449116577627,0.5021387906616546,0.5278028290015592,0.5003950957346578,0.49201325612460495,0.48961454046265396,0.4889427620100949,0.5103451818765526,0.5126246984219958,0.4842470661439451,0.47518081421660247,0.5230769766944526,0.49572838339355746,0.48876888052691353
470,0.49483979012453544,0.49218986693656336,0.4920354136867331,0.49891762568140857,0.4928090377971289,0.4918473944199608,0.48426923135945177,0.4979464877742269,0.49131603091552273,0.5035512970208802,0.5016177345066428,0.5010484305878442,0.5136603252039487,0.5025137506294106,0.48045843547027717,0.48251616594651503,0.5041508314604618,0.4976504609112877,0.49352992611665136,0.4906634470024635,0.5103509819665533,0.49775167477668525,0.48660497067955893,0.5096233009899834,0.4819914949270643,0.5086903894135426,0.48882095424379246,0.4904447416123281,0.5064095495836372,0.5114599694927201,0.5176987608299545,0.486996446369167,0.5124086115350442,0.4982939682781851,0.5031756274115649,0.49350642383316184,0.4964297328314376,0.5028215816761854,0.493916386153907,0.49704465654168783,0.48393585883918183,0.5178891213532761,0.5052831928737578,0.5031329695845915,0.48495344194136625,0.45077542304380386,0.5203336701874541,0.4946892461153084,0.4857574584697502,0.49643592592914965,0.5060643540808597,0.504611613014056,0.5014262948118463,0.5011246690319433,0.5280976303383482,0.49988632193439264,0.4915228324189184,0.488675858086394,0.48971011996665553,0.5103718302876167,0.5131096223668538,0.484326956545374,0.47611876676607345,0.5236894484267797,0.4966886273940108,0.48956779838102604
471,0.49451534346577736,0.4920154078438398,0.49132253467585685,0.4984177817192551,0.49282379860830666,0.49103362551868013,0.4844397075874381,0.49764455708933464,0.4922026194641801,0.5038586809000597,0.5025404971026725,0.5013321443490671,0.5130922467294611,0.5024059630014378,0.4811955105107103,0.4818478645906978,0.5044735877833932,0.49777756995227623,0.4926345688593324,0.49087203745908853,0.5110186829415384,0.49688701102842847,0.48647593339041667,0.5095174491607282,0.48124939063877437,0.5094710870629068,0.4894109691320979,0.4902109219361806,0.5057883924465264,0.5119648147392619,0.5172818627379223,0.486017047494699,0.5133835956984606,0.49752643769062227,0.503548867893993,0.49455723241748567,0.4960409902686343,0.503584582234824,0.49472178632545155,0.4980714242737438,0.483226559389675,0.51873808868511,0.5053168938793569,0.5036700154107836,0.4852088690243487,0.45162077382225485,0.5204698627430483,0.4948642258302388,0.48503854968471727,0.4960922157173787,0.5053012509690884,0.505096697184719,0.5021227470730041,0.5009016314464387,0.5278852501764723,0.49890733264332654,0.49137183167284487,0.48937790408501397,0.4895387154943788,0.5101585910444666,0.513345205326135,0.4847088008674726,0.47578807499343045,0.5232943720057601,0.4968582758875435,0.49006406254948953
472,0.49421547904119045,0.4926926563158874,0.49237817171957204,0.4987113868336557,0.4918829594851843,0.49177758644580816,0.48384828200138535,0.4973339181045823,0.49283785741865754,0.504740094609664,0.5028456346287535,0.5017311917383157,0.5123370688319351,0.5020280395828727,0.480782647691118,0.48148182605648676,0.5044384083062341,0.4982103055462665,0.4929161496575642,0.49166139204984705,0.5108439964724566,0.49757259035710594,0.48618819700853205,0.5105482245274462,0.48082962894508796,0.5095429198087916,0.4888033810878613,0.49000382108749824,0.5062509096460774,0.5127804753410363,0.5179793484991595,0.4868690594748311,0.5124182837746846,0.4969977273447625,0.502502120795358,0.49493881830646624,0.49704299523535544,0.5026551542267645,0.4949568494473481,0.49734439378573875,0.48248497362936665,0.5178323151842358,0.5060076360661786,0.5041715767402845,0.4845892197253012,0.45079925100437507,0.5207096374658756,0.49467020621973845,0.48457640129846336,0.4971029384661562,0.5048610148342229,0.5052397441397934,0.5029466523689912,0.49990086834807723,0.527828013270398,0.49913835103610366,0.49171982654722873,0.48877690266959134,0.4899283757750983,0.5096434140812246,0.5140580467869614,0.4854396393749339,0.47497535197782337,0.523701365882541,0.4968062948328961,0.48974402050688803
473,0.4943792934971022,0.49305983892327376,0.4916123648843916,0.4990257744660776,0.492451428600447,0.4918223243394641,0.48371255164159,0.49777568858722265,0.4931847403122697,0.5048633744098122,0.5021581324214203,0.5007783040024869,0.5126734018473335,0.5022309993816702,0.47988068305944565,0.48166905113247943,0.5047459199646342,0.4987835391365501,0.4927433369481121,0.4923861998884575,0.511086945620145,0.49821482605300654,0.48645205751811615,0.5104578369795367,0.480714985891103,0.5093095329886997,0.48946399946939484,0.48980065430002717,0.5059302995401275,0.5126139429750083,0.5183362198096217,0.48616811110013336,0.5118288743829331,0.49723226758881267,0.5023218066994211,0.4940331481179806,0.49808533793862003,0.5024533909584653,0.49477404318090007,0.4966587406817346,0.482141073871629,0.5186776788725065,0.5053674316448946,0.5043855676741686,0.4855953638652439,0.4514759060174767,0.5210031866366872,0.4943216089563387,0.48437510086976415,0.4966174583720609,0.5051687775870982,0.506133014919414,0.5033551227000915,0.5004061541567797,0.5280623334227088,0.4994653877812986,0.4927781814847824,0.4880192503576061,0.4889456316484003,0.5096802545744296,0.5144852316694897,0.48442407023150796,0.4758294856651705,0.5236242293172367,0.49602550632472703,0.48871668705109506
474,0.4946626966619314,0.49397166235716033,0.49176518113473733,0.49880826537623696,0.4920508833475318,0.49283257244018636,0.48303268211360856,0.4970490731796866,0.49335378133656693,0.5043028639869784,0.5027365710541267,0.49999226681376047,0.5117103537242087,0.5015417906184547,0.479262162065703,0.4807851688353015,0.5053105427579421,0.4997336606563518,0.49267599105620535,0.49162834220251594,0.5102460531056551,0.4988570379741927,0.48707526278801594,0.5100792529736151,0.4804393380680517,0.510127258494644,0.4893340517257276,0.48915592368634736,0.5062829424492505,0.5115951630265098,0.518044556681988,0.4861368163598933,0.5120634696814874,0.49704397056756366,0.5025406661339158,0.4941156408417828,0.4982036062738667,0.503302472587671,0.4951607509464858,0.49605128068654236,0.4818189419657496,0.5192588498146364,0.5058329362796828,0.5042455640000113,0.4851978472995996,0.4515884321727071,0.5215693283756296,0.49523527576131837,0.4844418071802707,0.496049319865708,0.506177753459283,0.5067392269418228,0.5042775716469274,0.49994903075169395,0.5285490584675511,0.4994191630324559,0.49297333322515935,0.48795312773739524,0.4899931265222079,0.5091195385836833,0.5154353450202172,0.48418278062360465,0.47649433469661245,0.5244934039676838,0.4969354215979478,0.48910304708776847
475,0.4944153883986926,0.49472469557330007,0.491809094490482,0.4989711557122803,0.49292804191113165,0.49361509968357936,0.4826023205064083,0.4977978309084377,0.4942337712243909,0.5035670780190484,0.5017925971409246,0.4993804784092576,0.5109944151225131,0.501238943236528,0.47898248314008074,0.48141901011453403,0.504707219617819,0.49953162965682885,0.4928703475150611,0.49261860951338166,0.5106270459157669,0.4979623031302373,0.4861916155660318,0.510200371857926,0.48078243650712943,0.5096433474359265,0.48914841113673646,0.4896055905915314,0.5069305079821022,0.5105935174286367,0.5183220503528313,0.48576134999126214,0.5126520090752855,0.4964648481329857,0.5027691677689274,0.49509334046695536,0.49922636798038406,0.5023797644862517,0.4949486882567627,0.4963125677397643,0.4823209852455662,0.5191401850317812,0.5053657455436711,0.5049703587497021,0.48461993483743737,0.4523671097515683,0.521972048955506,0.49422696761639967,0.48394468028248844,0.49607912541568083,0.5063444220271032,0.5065324433671321,0.5048917449771674,0.4993293957939708,0.5274598400363413,0.4983710335638192,0.4939583843083007,0.48880657582767206,0.4905221935108857,0.5095132678104439,0.5160060777386476,0.4844114497693743,0.4756775113644214,0.5239663646974226,0.4960859037494386,0.4899977866376595
476,0.4940208704263822,0.4947473273769962,0.49172327131217114,0.49887708647440676,0.49209591905072614,0.49339529503613777,0.48362995403169895,0.49715536418095874,0.49470170480818776,0.5044359653946986,0.5023271424386502,0.4995500458682461,0.5111573013011036,0.5002902408140898,0.4795309954532757,0.4815956221577747,0.5052524166060438,0.4991530022014557,0.4932609206469051,0.49204297439281125,0.5104283348563559,0.4976534342230338,0.4869974630049784,0.5093617764397717,0.480826109919864,0.5091893435634447,0.4900356699065062,0.4892609348458294,0.5058833770243855,0.5104577699439458,0.5178737053684925,0.48544114764902724,0.512440663940588,0.4963146283083697,0.5024356310645259,0.49496638007771043,0.49996749880703584,0.5017197724506457,0.49530109565620895,0.495636763148428,0.4823201243365122,0.5180666026136472,0.5050510210981741,0.5039650990403246,0.4837280726944649,0.45160722457640096,0.5210955470883513,0.49435489015687595,0.48394809674340317,0.4952745632227887,0.505384153892283,0.5062167840288904,0.505554085958471,0.49925464322096036,0.5263818021224864,0.49742592653398704,0.4948843700539834,0.4891573607112209,0.49133300151319287,0.510403606897847,0.5159852205805725,0.4849138780590827,0.4759014328499428,0.5233543811215575,0.4969851706588057,0.4896007261282472
477,0.49505813173335766,0.49565574736553447,0.4927712160881008,0.498878459901943,0.49151447590146874,0.49370373249852617,0.4845368704528661,0.4968286697361728,0.4955872268143269,0.5050405183358853,0.501549104392874,0.4998635654563984,0.5116176313372954,0.5012164758284952,0.478872897346775,0.4821551726081337,0.5052753835153625,0.4991572751714825,0.4940389964494882,0.49167948065105593,0.5104235175313359,0.49838738416805656,0.48706318771107626,0.5096766194255483,0.4817383448036567,0.5092535459310278,0.4905319282028366,0.4897181800386422,0.505972581724212,0.5106252083035853,0.517928361808645,0.4853065077099718,0.5129953970504714,0.4955269103503909,0.5016919208600843,0.49588195645590455,0.5000901749216777,0.5007205084527899,0.4961180989911564,0.49615877363000227,0.4818096174978435,0.5179283385196951,0.5057922060409364,0.5034799305702765,0.4846427693153168,0.4513932404877017,0.5204550816958413,0.49450250798453294,0.4846780779446549,0.49565985729156903,0.5053350938185909,0.5051573826138774,0.5050722510231164,0.49859186072630046,0.5256907882110582,0.4980795462004637,0.49385360266732786,0.48948838788411264,0.4918985951494525,0.5099614749448838,0.5158586339814724,0.4855114310372245,0.47507095912478015,0.5230545771838988,0.49670564052174504,0.48892907089892246
478,0.49529115088412834,0.4966950023179391,0.4925653762271858,0.49825022059349033,0.4925338811128224,0.49320422000851116,0.48470748655011014,0.4958294201718171,0.4959766945047575,0.5041792789622301,0.501057473019651,0.49891598422078176,0.5108815830544647,0.5012879753874777,0.4794217023152063,0.482085510551214,0.5057076556142304,0.4998564973674378,0.49326456494869064,0.49108276619060437,0.5099044850842628,0.4977054221279595,0.48609104468533987,0.5097395209190096,0.4809781254399437,0.5088628543695546,0.490182416781615,0.4898098637361869,0.5061446243925455,0.5112472055651255,0.5179319658187014,0.4848380004063562,0.5135375396372631,0.49621337917601044,0.5016805262792131,0.495910200113342,0.5009293984435695,0.4998679767208734,0.49632566337004047,0.49610963229635036,0.4822271343237791,0.5181555861202193,0.5047909081632816,0.5037630284536436,0.483649576897479,0.4521357969240914,0.5205155450573109,0.4935110500612623,0.4853423335990142,0.49501297271854244,0.5060577148054477,0.5061173394071012,0.5055157646989626,0.498487736169168,0.5265218283320299,0.4991179922110982,0.49413287901267866,0.48887680593013283,0.4924725703552493,0.5091265397451157,0.5151508559967997,0.48587764032341957,0.47450486127455466,0.5232377837337978,0.4975405026480933,0.48862652444879917
479,0.495352114446792,0.49678773908611046,0.4919001774486861,0.4981523486727769,0.4924451941628257,0.4940296687919537,0.4849279284704047,0.4964524794440017,0.4963635765187118,0.5034315749633502,0.5012629650337902,0.4993031764789336,0.5110980223271364,0.5014835776297657,0.4787888550479576,0.48181264382040334,0.5053747443910237,0.5001708453746013,0.4929682271034789,0.49092122590599546,0.5103188702369129,0.4966837890238586,0.4869096551726236,0.5106381228753418,0.48086449027488354,0.509678430317118,0.49031953217994034,0.4900938516858098,0.5063115676836686,0.5106668917106684,0.5175166385617842,0.48442923031444385,0.5129742415358295,0.4967419565260206,0.5026248136518906,0.496304002326771,0.5012001142243856,0.49906086662968335,0.49653503604099475,0.4960269761523308,0.48175922881762745,0.517643942128714,0.5038447342713137,0.5029922638604359,0.4846133357419475,0.45301675219099385,0.5194406786404431,0.49363098724139665,0.48521211472184855,0.4957246253955582,0.5068526727672207,0.5061793927444794,0.5048638750218063,0.49928744384333024,0.525677475017337,0.4995184875111571,0.4932952651445112,0.48925070070003235,0.4928239162820363,0.5085897844834547,0.515405781610583,0.4869460239877564,0.4747694004529504,0.5233042286828481,0.49719565956976874,0.48805430409393125
480,0.4947483083735907,0.4973184905768503,0.49162711469136994,0.49754858274067326,0.49349205494596166,0.4950617485009132,0.48407037171326356,0.49606867287376755,0.49669100487631623,0.5034488230837871,0.5006996205177459,0.49998434334265524,0.5115492607196054,0.5011035026615708,0.4781784473629499,0.48113721288247874,0.506315024918752,0.49968143723205644,0.49208624113505833,0.49040793858654624,0.5096040192593665,0.4966427818318522,0.4871738857085426,0.5098351435689001,0.48035973121939346,0.5096413397630062,0.4906460894082985,0.49017846432878026,0.5073268471117437,0.5101627352728355,0.5166274469815346,0.4835788960694375,0.5138581178412864,0.49677950417405853,0.5028394699462698,0.4958136535779959,0.5018209435055958,0.49925641305579394,0.4970965570694361,0.49687727498986095,0.48266696912422863,0.5179546312322619,0.5043739482877063,0.5035777077551368,0.4843652296197804,0.4523088390315308,0.5201464038916167,0.4939291230510658,0.48522588778125747,0.496182269836131,0.5073168265508136,0.5058894332002999,0.5049001309730287,0.4995568960903198,0.5256734067249357,0.4989952759829467,0.493194561613837,0.4886407981495335,0.4924286371421463,0.5076109387841465,0.5143645909534936,0.48710060895869123,0.47514548010046964,0.5233675568792109,0.4976806100719751,0.48751934239114525
481,0.4944304037322054,0.498312594298963,0.49244551787210866,0.49660401848715874,0.49440491105300116,0.49555225585478424,0.4833877350128849,0.4953675140055798,0.4958473657150087,0.5044056116619614,0.5009383481319929,0.49917386026721744,0.51221412410077,0.5019363678554264,0.4792572667268051,0.48104902159298374,0.5067211596467179,0.4989685467286067,0.49142701141439243,0.48971867467479385,0.510319027078944,0.4972813561461561,0.4874660693612985,0.5104509862287503,0.48117237486206654,0.510627781997739,0.48978789470299783,0.4907821704998043,0.5070368728324408,0.5093904540902565,0.5169638149329394,0.4843671400888221,0.5136473902989993,0.4962807250169709,0.5031438270140831,0.4957742313616687,0.5008397132679137,0.4996320314394671,0.496958404617098,0.4965709371461432,0.483176588372314,0.5174806879223016,0.5047023810136707,0.5033299513836643,0.48495377083189367,0.45328496770558346,0.5201286863261596,0.49339860059655655,0.4853007587194791,0.49567556525420847,0.507360825981897,0.5049699321870538,0.5050071041920919,0.5003437968076228,0.5252086206698304,0.49901462471986424,0.4936703688292556,0.4885381396415526,0.4932802613187309,0.5085816685871681,0.5139235191560241,0.48745061153065383,0.4761440530425252,0.5242085291504487,0.49794171703344897,0.4872787311731378
482,0.49361325695510383,0.4978716090936094,0.4919320709576698,0.4970870683154133,0.49396737148415426,0.4964768414094282,0.4838945564355234,0.4945516574323331,0.49606339368986696,0.5042201026715396,0.5012254172224448,0.49927213729206205,0.5118667038728902,0.5023718985747799,0.47941819970199634,0.4818036489846087,0.5074920782462475,0.49840596204929366,0.4924638195137513,0.48940665027440067,0.5107035625208595,0.49649464222005124,0.4866461979568469,0.5106595168160248,0.48122044200352937,0.5111964277664718,0.48888179030721646,0.4910071438262704,0.5076596404525648,0.5095560876881158,0.5174882582158677,0.4838555695747326,0.5144617795359694,0.49597684599393344,0.502671515967953,0.4964331515429187,0.4999632242833131,0.5005572494948933,0.4978252772685288,0.4972278970288256,0.48309171171497195,0.5169519896506297,0.5037751264941389,0.5033679999977204,0.4848002661366397,0.45382032499257213,0.5207999252296833,0.49341447768944674,0.485586229974852,0.4966391096425384,0.5082068053342648,0.5051770630090417,0.5051783225105222,0.4998803364017542,0.5252986939132696,0.4983284210193015,0.49311702296974297,0.48784965316616113,0.49243034074983955,0.507953026685235,0.5136262867497646,0.48728252527554755,0.4772151168240148,0.5232750767848016,0.4982488761542033,0.486612252351177
483,0.49346728672965795,0.4978201098530098,0.49181668922555977,0.49670148211853965,0.49330570293126264,0.4964648961521749,0.48389218488348246,0.49462594636143636,0.4954839293303144,0.5047065313058194,0.5017302911773841,0.500308256021605,0.5122634249866865,0.5022951167046438,0.4784590875486161,0.4823465024869486,0.5084786674240741,0.49868499121822185,0.491457507760105,0.48960419403597377,0.5113244703273678,0.49743242135763405,0.48714810233844863,0.5102464116825938,0.4822706932791041,0.5102780245771347,0.4884090940614328,0.4912435575254507,0.5068609672541435,0.5090474207514846,0.5176709461981222,0.4837271942724101,0.5135598028686322,0.4951431857655486,0.5023095152740013,0.497166239402539,0.5002651024480338,0.5005324334964825,0.49815476293129285,0.4978408902724359,0.4836999858285358,0.5171612351084952,0.5032884470184552,0.5026284170103317,0.48496950002959766,0.45430000801801856,0.5210566130190618,0.49316734714346755,0.48526168021240856,0.4972514112867721,0.5073257083460931,0.5057532127206507,0.504265739279708,0.500467016960039,0.5242689425687341,0.49810928040737074,0.49284019453917094,0.48729194724992003,0.4932626273151021,0.5085277687638612,0.5131031849181154,0.48641967116308765,0.47627209050326613,0.5238698378380258,0.49783401399382643,0.4858480349436025
484,0.4936745597008069,0.49845182505388186,0.49286557709645323,0.4964123969768721,0.4942817156311605,0.49555444807988125,0.48355217719342175,0.49437056979780497,0.496088687671094,0.5048822421254405,0.5019233745519097,0.5013300859917925,0.5124356335821226,0.5028403743607518,0.4786732518418688,0.48136979542445907,0.5091364554601734,0.49920462616093314,0.4907064030228141,0.4898667239999733,0.5111244794304151,0.4972453554078979,0.4870408569224029,0.5095394517859012,0.48127655347394116,0.5102810000178585,0.4884448660124087,0.49129790912597093,0.5066217193547597,0.509059684543638,0.5170772161533886,0.4841380546408702,0.5142919518279421,0.49556019371414606,0.5026510041562131,0.4967302124187092,0.4998729769536288,0.5013510636312077,0.4985246290283285,0.4984512900838147,0.48271915734863785,0.5161625956983766,0.5033950121578264,0.5023330071737541,0.48583120134144536,0.45354098239406077,0.5211847908852589,0.49291816816216727,0.4844345286491136,0.49727848653095896,0.507453512673086,0.5051288227635918,0.50514407934189,0.4995031992002373,0.5251045409553113,0.49829831884723486,0.49250973043823476,0.48797676055873357,0.49232529542182757,0.5086276074841742,0.5136144397104644,0.4871973040194165,0.4765513495596986,0.5234585826309455,0.4975386105194561,0.4868990704516876
485,0.49359807833900476,0.4991647495427317,0.4933991497274323,0.49691574995288673,0.4933209910997722,0.4965935687252413,0.48306877664834724,0.4953435130792431,0.49668512721580876,0.5040409295856142,0.5014961135827817,0.500574290078476,0.5123060958142325,0.5019137273814612,0.47877683155739226,0.48054210030883143,0.5087918336984433,0.49919564228144975,0.4917008824731643,0.4894241054216533,0.5117753087400704,0.49644584040281364,0.48737680356734275,0.5101756167474962,0.4820732151040552,0.5100985361264339,0.4889623301290017,0.4915212600827526,0.5068253401205436,0.5085599619622911,0.5163471219583359,0.4846336194963876,0.5136965346261946,0.49463248394292536,0.5017374414373174,0.4968696940858998,0.4993014163309283,0.5003394505582537,0.4989201201316818,0.49833548078071577,0.48269272831573407,0.5167892249767071,0.5042313541401793,0.501987746870919,0.4867240867943193,0.4545114432990028,0.5206457743848716,0.4932970713055133,0.48392284762493365,0.49642572016420017,0.507977303768171,0.5055184665332065,0.5047810117164646,0.4993553893646624,0.5246789834830108,0.497685458022406,0.49265209168508256,0.48871173186419414,0.49156208244034066,0.5085118372835042,0.5131601330853571,0.4864945848640224,0.47687871022642037,0.5232226112476753,0.49783061180432314,0.4868322200152883
486,0.4937116879516904,0.4992966001412868,0.492941445028181,0.4964458350552851,0.4935493510878006,0.49747720835583775,0.4823382276263202,0.49437165546259026,0.4959482759435489,0.5045108145978848,0.500816365244777,0.5004010172287147,0.5132481258616163,0.5019428362447409,0.4790261037208655,0.4810978684688545,0.5082177058522248,0.49857091122871877,0.4922567863201655,0.48896675060750516,0.5113711286453638,0.49562924661914143,0.48676216014520396,0.5105611559601226,0.4821945519417169,0.5101178633003334,0.48861790640250785,0.490766401829029,0.5060203515601746,0.5081496981918439,0.5157270716187169,0.48543260110073894,0.5128035373119729,0.495088621650687,0.501234648707079,0.4962059975143015,0.4991572395747988,0.5006238355214312,0.4983617259814273,0.49870204195332407,0.48184631758818575,0.5176975876793344,0.504234198426226,0.5010909920147302,0.4857904676216084,0.45398208122662703,0.5202385161100116,0.4930900841823821,0.4833108531873613,0.49656641422001724,0.5074076612280476,0.5050155133634432,0.505370055457701,0.49841140243722615,0.5246311456221625,0.49819568184556096,0.49343480157591735,0.4891562236398928,0.4923853074253371,0.5080326761840976,0.5126557733014249,0.4873473441417469,0.47769144128832974,0.5237754921547476,0.4969651539517466,0.48617753131984637
487,0.49379277229604096,0.499851584576623,0.492117481289072,0.49582941114808,0.4939279859302493,0.49693813020017324,0.4818581726233677,0.49342677905109955,0.49645583851564296,0.5039556486625483,0.5009520710548525,0.5008207049339705,0.5127558987255666,0.5016814085866442,0.4787078635182206,0.48101974272624437,0.5073044751115692,0.49940725663733443,0.49141150629039365,0.48857316496386677,0.5110532477251924,0.4954972532005549,0.48670235504775333,0.5097396528297925,0.4824108362567117,0.5107564224626546,0.4890290753669198,0.49109172003824214,0.5066163827655683,0.5074507071842442,0.5159330160435951,0.486242766030238,0.5126355919740727,0.495988228472093,0.5006330569209484,0.495367780238721,0.49887515640855473,0.4997381681146167,0.4984163696560469,0.4994267359642025,0.4812990610202066,0.5182044925206265,0.5041175517137956,0.5017561374792875,0.4859325885367011,0.45399499190276665,0.521190446733024,0.4935433717120469,0.48380257602212573,0.49655927398381017,0.5065256795347803,0.5057426421663727,0.5061264668604648,0.4989980135169472,0.5245651930415413,0.4990770579216541,0.4941830798706171,0.4895516609559687,0.49141443887308367,0.5085792144365274,0.5126095183668251,0.4869441975673045,0.4781621333745083,0.5232210474971496,0.49607969354511366,0.48521769454629016
488,0.4944038372919178,0.500428313272586,0.4929824988722906,0.4957321198632382,0.493717357548045,0.4964382937129635,0.48251143327119145,0.49445062114795096,0.49617629049826717,0.5033320248147959,0.5016608272934618,0.5003901951911441,0.5134734022037946,0.5011608472429936,0.4783383062755036,0.4818175082028473,0.5076443004703729,0.4993582324381313,0.490519257395694,0.4886259026737853,0.5101100172268892,0.4950337598597358,0.48587408889981465,0.5100248564258469,0.48197928903813947,0.510057181390982,0.48894645921422647,0.491184360144456,0.5070234249363236,0.5078370483048691,0.5150193139180478,0.4853544398015899,0.511975443656265,0.49665026197857753,0.5000591527945479,0.4960963668617278,0.4989804472836322,0.500577318811592,0.4988415411420729,0.49917217409568826,0.48184183354141874,0.517833555120261,0.5045511634300845,0.5020861762622439,0.48596658384444535,0.45319022938595227,0.5202574117033197,0.4942932530116969,0.48389676226362094,0.4963415842635136,0.5066262531340656,0.5058434974438352,0.5065469904947627,0.4990889454533919,0.5240410954659552,0.49826552398851615,0.4944167638745514,0.4898102652722587,0.49155549753307975,0.5089915316121371,0.5128617819359222,0.48670873317766283,0.47743082488971017,0.523085608525117,0.49540890812877414,0.4853527948780052
489,0.4946622161503711,0.500972665516124,0.492133824925719,0.4955173240424206,0.4929703332349415,0.4970530678411811,0.4816779127660302,0.49524455608528123,0.4956251172978603,0.5041807778244395,0.5017028886677504,0.499448334562413,0.5131569306139498,0.501906848416625,0.477770232347226,0.4825482230832766,0.5076925927540652,0.49944492873070834,0.4910580305825133,0.4880296530920847,0.5110885686872856,0.49557028100879447,0.4863584480567895,0.5102723625365115,0.48176838267647276,0.5097102129751231,0.489774722063332,0.4910553779305583,0.5064621941059616,0.5083533713749269,0.5143695494769319,0.4853770550777244,0.512127874091294,0.49597220769281464,0.500472445140734,0.49512669212406113,0.499292133845824,0.5012350727307638,0.4985425034566019,0.49861280617701065,0.4822264184604753,0.5187461959118581,0.5055221966603455,0.5013498259383621,0.48501393856566455,0.45392032005931116,0.5198531688390943,0.49332864040073016,0.48303466102601056,0.49726982988270824,0.5065486998417748,0.5066260599013017,0.5060676976992265,0.49956341205250315,0.5237723727802954,0.4988102480704912,0.4948289086856824,0.48987460047095593,0.49186367757576493,0.5093585152046939,0.512068014722675,0.48709959182002804,0.4778983561538385,0.5223297143137039,0.4962060663779679,0.48615053632132854
490,0.495603657421722,0.5003147106506408,0.49226316164359574,0.4951576603816527,0.4935011840326861,0.4970894848752686,0.48075949633406434,0.49433564372813676,0.49624300629123813,0.5049890752351245,0.5008630719616922,0.4998833345924802,0.5122563036100982,0.5018569016693265,0.4770665658630274,0.483087630701442,0.5075193423863502,0.49980202098142057,0.49121014674346325,0.48753884891386207,0.5114584895832988,0.49490665043586923,0.48693516523657127,0.5105841168168787,0.48091681817381476,0.5098506783847864,0.4904041063558201,0.490125413558658,0.5062074718876959,0.5074520227497635,0.5139930641176441,0.4850242208763118,0.5114431683770188,0.4966641928383142,0.5004484230296125,0.4943837683941829,0.5001668135282777,0.5005369802517309,0.4986217244977737,0.49938696511230024,0.4822877907116663,0.5189011114339553,0.5055425048551656,0.500421924975893,0.4852616620011184,0.4543092504465862,0.5188861758766359,0.4939920934140551,0.48216314926290615,0.4975340557360358,0.5074731872734931,0.5067385829379273,0.5065210167876555,0.49974163727556825,0.523066342491415,0.4978432591778219,0.4953416082229337,0.48938847479885894,0.4914797165358014,0.509643947343488,0.5113896160873173,0.48740570125345367,0.4781874616752991,0.5224165941645591,0.4960246645552045,0.48588263116200214
491,0.49611817679710896,0.4996727338261588,0.4926889246410935,0.49598369252637287,0.49362519901378915,0.49660680130557416,0.4799018020770592,0.49427692345375435,0.49674031820035025,0.5043302385301595,0.5017812274634553,0.5006647083249359,0.5126928031248605,0.5013691815082063,0.4778236535616072,0.4821742114233313,0.5068108571191489,0.4988173334371159,0.49153853140353343,0.4884073395499553,0.5120247602644872,0.4949119120655959,0.4859710430438079,0.511149334682782,0.48027240788248277,0.5105715645749744,0.48975720324811023,0.49066922890189274,0.506982335811605,0.5067867887685162,0.5140778316215945,0.4850787218178631,0.5111267454071817,0.49641092262993813,0.5010094693125053,0.49484989944471636,0.4993133752750131,0.5012405555457435,0.499050931461845,0.49935924970319584,0.48321967783197284,0.5192761429063012,0.5055186646824718,0.49958921513143184,0.485599826422326,0.45530457117538237,0.5178868541601134,0.49350209778953136,0.4823756217466937,0.4980210038561592,0.5082883520817303,0.5071292049235612,0.506751354206263,0.49937586072212325,0.5223807823514274,0.49749383029916133,0.49591106480796415,0.4901107538237382,0.4913595208034836,0.50876304339122,0.5110665273618161,0.4875246522398724,0.4790954320017523,0.5218139813900199,0.4961442061960605,0.485461795302354
492,0.4971378355202856,0.49887808874008027,0.49262427969543515,0.49670652235708673,0.4937497371886859,0.49585367275879605,0.48042915281523857,0.4952500981955889,0.49626423724816265,0.5038822357398912,0.5027096631209843,0.5002661566168641,0.5123900513677712,0.5008500356601817,0.4782589976113112,0.4828436325692445,0.5062162835740629,0.49911321364214045,0.49195271219413567,0.4877015985129286,0.5113680435814971,0.4956753420026179,0.48577649252802846,0.5104100192292375,0.48105562064026475,0.5106114350999094,0.48989927798252636,0.49025089172160624,0.5062778339602788,0.5076036517554573,0.5149593368583281,0.4851833101324337,0.5102404279920346,0.49589167666994205,0.5015070342589156,0.49488864555058265,0.4995266915370607,0.5021740117475157,0.4996954674230285,0.49892934863501975,0.48267599888930246,0.519158553239834,0.5051728356759245,0.499944721289251,0.4862247815784211,0.45465275124468835,0.51871556730782,0.4933208416573834,0.48327602786407026,0.49739911478748944,0.5076667447276538,0.5070626120654036,0.5076394187761599,0.4990124722985012,0.522324042386507,0.4979808969158912,0.49580342130615357,0.4900461921880218,0.4917499408150358,0.5091401646106698,0.5109484212278075,0.4867438172653029,0.478852082895487,0.5224506574120023,0.4960673785080398,0.48645989799872236
493,0.49662387566114885,0.498159941905825,0.49186706685936316,0.49617960519574533,0.4933587293011435,0.4964787690503591,0.48110970525060076,0.4943548138116277,0.4967131107605507,0.5038800270538681,0.5020816236050831,0.49933525891395125,0.5122041799808674,0.5005260830777143,0.47795983785528084,0.4821592350216455,0.5069164798046297,0.49910437117984213,0.4923353210835096,0.4873195718232247,0.5113816736979263,0.49470747398794035,0.4848365356933911,0.5110451636407788,0.48056367260734295,0.5114719255479693,0.4891841474612394,0.49057954403376985,0.5053370751673443,0.5072919385766899,0.5140516134569945,0.4842660989246099,0.5098811361782907,0.4966547717245278,0.5004979262886075,0.49473809185788553,0.49947316158208527,0.5012156497563035,0.4993874864028172,0.4983099432308953,0.4828843997205271,0.5198372850212073,0.5052971316224246,0.5003816107586283,0.48544815294239835,0.4544857621417552,0.5196043364072874,0.493001290555922,0.48382039260757054,0.4977251534783921,0.5069398429017886,0.5068164765778949,0.5075228399965278,0.4988308427233256,0.5223063489039221,0.49721708669643444,0.49628051252586164,0.49050687385704217,0.49076248771449066,0.508721918543345,0.5108442451456471,0.4866535462547903,0.4799022512570361,0.5222263999448462,0.49569432099602145,0.48666045307722455
494,0.4961375569927852,0.4990279333118011,0.49088401438758195,0.49567432922275667,0.49351352405020193,0.49703887399140956,0.4806508239693547,0.4952287320484285,0.4959593646204714,0.5039423246356941,0.5013524954561129,0.5003226363464438,0.511280572947805,0.49956700412159366,0.4789882156421341,0.48208429222705723,0.5062010836467666,0.49924987028206586,0.49198827557057656,0.48693646293091036,0.5111248514301029,0.49408087099370357,0.48459760497616267,0.5109786137878354,0.48091897376056175,0.5112419847913321,0.48839640743226914,0.4907508013360826,0.5057804910366628,0.5069252370973276,0.5142373205376422,0.4835560781156793,0.5096712047504139,0.4975307867118103,0.5013601348300054,0.4945072170012469,0.5002433299729985,0.502069357926875,0.49899960063886933,0.4982312425038036,0.4825244218097131,0.520299247347667,0.5044326828271425,0.49980401262563223,0.4853975638808558,0.45408211679006083,0.5195290513699327,0.4934546159135244,0.48470019740700937,0.4970560019027934,0.5071843864973299,0.5071933737326304,0.5077018684477353,0.4978765208443913,0.5213860802853035,0.49743310977203165,0.49582766378782916,0.49127500063730334,0.491554610115298,0.5086554007938167,0.5098588467790837,0.4864266263713011,0.48043745250134084,0.5230881459411096,0.49546954729146503,0.486488837853536
495,0.4966515825345672,0.49917340206976163,0.4910045012285004,0.4954642487695857,0.4934469282754334,0.4966538173930899,0.480442101406313,0.494656593168919,0.49601561970244845,0.5036324838005347,0.5012908160566697,0.5006158091944757,0.5111956297410478,0.4990869349297883,0.48002126334803236,0.48204203847584665,0.5054270484299372,0.4988931379656333,0.49137220896393086,0.48761658854569695,0.5120402146534113,0.49485570834386106,0.4853855341314301,0.5118423588071865,0.48015703268911863,0.5120723807336925,0.488802216572086,0.4913898618271706,0.5058823038156989,0.5059510766681505,0.514568396593469,0.4837815304807353,0.5103894117271194,0.49729357143321073,0.5018266219663816,0.49468443736871426,0.4996917301851032,0.5030393507357321,0.4993237940598317,0.49813947190036156,0.4826747568016916,0.5211201073103445,0.5048482086147413,0.49928640752028897,0.4859605217789149,0.4542877209089964,0.5187236068754846,0.4935639941491839,0.4841845581492156,0.49644281538252,0.5070310324972329,0.5062603002502372,0.5075406620215783,0.4975760375952299,0.521834677871426,0.4972532019135954,0.4967513833696387,0.4904692315091497,0.4907894831617797,0.5077882887648023,0.5106861955057057,0.4873682258411685,0.4810565518043387,0.523332692972915,0.4963705962374685,0.4874904591938843
496,0.4975579235318489,0.4998811141190476,0.49147375897232515,0.49584058714327933,0.49250993038991847,0.49625256801911827,0.4797632363285856,0.49399691083339853,0.496944897611235,0.504239881876285,0.5020253806063737,0.5000282257089358,0.5121459308736922,0.49948959064084114,0.48099934494414376,0.48160705079090405,0.5058545005136268,0.4987634809679475,0.49087442979648077,0.4869779518374247,0.5111355276647627,0.49461842592985705,0.4858514576598765,0.5127840724862209,0.4802748974394676,0.5112708999933141,0.4882563743954497,0.4919959229607454,0.5059675157305566,0.5051278118542699,0.5155202378861461,0.4833457419033975,0.5104426319209635,0.49804482752857704,0.5012106531650042,0.4956293358456134,0.500018919478366,0.5028027702642932,0.4991523364954889,0.4976968792252108,0.482010186868057,0.5218386562338574,0.5039290649783992,0.4998191962337544,0.4851039823268878,0.4535181787047588,0.5190502699009145,0.49456865611139267,0.4843339421606255,0.49545817398159236,0.5075995922187571,0.5057347614238918,0.5073926817248788,0.4983766939004095,0.5222402020207457,0.49723685460773276,0.49755711421197024,0.4908698731192554,0.49123305049610594,0.5078645245806436,0.5104229524039268,0.48648921339289614,0.4814948799335478,0.5225078835317912,0.49593530667994823,0.48747407735950693
497,0.497377339127986,0.49890607915139906,0.4912651750369792,0.4956464834279934,0.49163106632227915,0.4963439297780256,0.47937223923138167,0.4934608737558616,0.4974270581722237,0.5049600990252162,0.5017331164096602,0.5005661553800209,0.5124894749587651,0.4995612464854429,0.4815125890483107,0.4812489333363532,0.5062932409330083,0.4990700779694188,0.49141062215067144,0.4872969934445904,0.5115774169898872,0.4952262043652409,0.4860877059246,0.5118408865988755,0.48042763512953063,0.5109669354304183,0.4873004095709773,0.49228179170888803,0.5051723650018675,0.5056148660938333,0.5153028528810494,0.48277305518654395,0.5101353401319028,0.4989657034194983,0.5016968946347607,0.4959466161066109,0.5003197890157142,0.5033426660725294,0.4996867830451817,0.4967266937398627,0.4811190302383975,0.5220003888987124,0.5046141551601876,0.5005364694450225,0.48532300159201447,0.45280205339597307,0.5188592871616904,0.49434858470560555,0.48375151131668137,0.4959445915477628,0.5067440666327095,0.5056528107854831,0.5079596307604437,0.49892417168725384,0.5219801957384642,0.4970395150967877,0.498041108189759,0.4899649926339991,0.4918954540192239,0.5079626419713177,0.5111727748692464,0.4870644640252629,0.48103521167893365,0.5216917491339411,0.4960288117761967,0.488121705254603
498,0.4970752543947871,0.4979547787993227,0.4919325270949883,0.49514069366593894,0.49066049319451144,0.4963590423635355,0.4792191946353313,0.493685676692398,0.4982140433818359,0.5053589532457204,0.5008399884523986,0.5015028993646865,0.5119549611324712,0.500197701925697,0.48182374771405045,0.48208393458213283,0.5056014228571399,0.4990739076958867,0.4904998322231671,0.48732516862943426,0.5120916634165236,0.4958475524130078,0.48641562335716515,0.5117943890079285,0.48049029301679896,0.5117180435821258,0.4871325510480701,0.49166049165652387,0.5042086429234396,0.5048597119173202,0.514500348692568,0.48266840369056235,0.5099018879532486,0.4981716003478445,0.5009367547923519,0.4955402746033162,0.49998394260076484,0.5040900830104178,0.4988535764039149,0.4968304243881988,0.4821244960040578,0.5214432412272679,0.5047261634355623,0.5001616356320042,0.48593898119126683,0.4526254531810348,0.5184231452844938,0.49384944198914993,0.4833636099466277,0.4958141874913811,0.507273058851727,0.5049413675126294,0.5085059868138195,0.49813483457655583,0.5216624797270523,0.49795428038304324,0.4989376741214317,0.48970487338763563,0.49206142131565256,0.5084240348408542,0.5107929004918644,0.4868827608346579,0.4813624163248475,0.5219477588920569,0.49583357887144264,0.488130110410817
499,0.4970944217610011,0.49826756182051696,0.4917357646533843,0.4944786996651559,0.49032377477862604,0.4967724058193202,0.4792918069502177,0.49413367007861375,0.49726951427863403,0.5051923209843802,0.5014615681037626,0.5021490516642749,0.512734631818661,0.500019900473196,0.48114318559267016,0.4817512809678668,0.5052951963292835,0.49959860886484525,0.49070595144730056,0.48723526811895634,0.5125239097015908,0.4968255525656315,0.48701926178985366,0.5111286275162058,0.48080196947464715,0.5109397791335016,0.4876458529925326,0.49226205405023477,0.504690691324855,0.5051777665529628,0.5149367005774786,0.4830338856118224,0.5096145424179953,0.4976418834619511,0.501839293175329,0.4949142457907863,0.49984437427215733,0.5031939713300203,0.49956878902703594,0.496052062690364,0.48164490967691415,0.5206136937584038,0.5054121613764698,0.5001417211084063,0.48531142674005573,0.45299532906603174,0.5180158737075357,0.49415239618764717,0.4830579347916136,0.49599339171331913,0.5081524250571415,0.5046277435728841,0.5084032015079925,0.49715880824996067,0.5209326055082801,0.4973426886918565,0.4980958527528741,0.4905326756243038,0.4920130506835833,0.5081776987871698,0.510191352752129,0.48651708965846263,0.48057445473560995,0.5223814668470068,0.4956958336046627,0.4889388482938713
500,0.49764326107263296,0.4980170682328728,0.49241315389735124,0.4938089660521561,0.4910678458886845,0.4970167061173328,0.4786909625459072,0.49504609910754327,0.49660587634535824,0.5054609507961446,0.5016492631547491,0.5020076114245513,0.5131471518894908,0.4990315524324297,0.48167704474949063,0.48163760108749104,0.5053950658630791,0.4993889335186394,0.49166152908799954,0.4877358817360214,0.5131706472320396,0.4974760734379041,0.48778460271653423,0.5121053821778753,0.4801755692494818,0.5101305759244721,0.48837848154017544,0.492547928983979,0.5056229555635219,0.5048850602571817,0.5147133454850448,0.48384033480396194,0.50915803561976,0.4969468961286087,0.5019466816540203,0.4947405189809587,0.4990063489434818,0.5025981670751011,0.4996865193949824,0.4964972453397894,0.4808292706404281,0.5213711783151215,0.5053134219318229,0.500930822030681,0.4846902434267545,0.4534774507339122,0.5176188646340607,0.49401146587368716,0.48217891303274674,0.4967954947619565,0.5076461834282818,0.5046536237948231,0.5074480238048399,0.4970475131469732,0.5208155012987232,0.49753527562246963,0.49801987786760715,0.49123348527283217,0.49197372837772424,0.5085895488470579,0.5109424057370003,0.4869528658802444,0.48065270056604864,0.5213687717698235,0.4950486416859086,0.48863276286144186
