p0,p1,p2,p3,p4,p5,p6,p7,p8,p9,p10,p11,p12,p13,p14,p15,p16,p17,p18,p19,p20,p21,p22,p23,p24,p25,p26,p27,p28,p29,p30,p31,p32,p33,p34,p35,p36,p37,p38,p39,p40,p41,p42,p43,p44,p45,p46,p47,p48,p49,p50,p51,p52,p53,p54,p55,p56,p57,p58,p59,t
0.0,0.0,0.0,0.0,0.0,0.0,0.0,0.0,0.0,0.0,0.0,0.0,0.0,0.0,0.0,0.0,0.0,0.0,0.0,0.0,0.0,0.0,0.0,0.0,0.0,0.0,0.0,0.0,0.0,0.0,0.0,0.0,0.0,0.0,0.0,0.0,0.0,0.0,0.0,0.0,0.0,0.0,0.0,0.0,0.0,0.0,0.0,0.0,0.0,0.0,0.0,0.0,0.0,0.0,0.0,0.0,0.0,0.0,0.0,0.0,0.0
-0.0016237055589403647,0.025506285203351096,-0.0617423763916753,-0.03707546634084277,-0.022843537624127906,-0.021868874152331637,0.003435827673017509,-0.0072777844696551896,0.019124253363266806,0.036264530231847086,0.021476452681212777,0.03578277991790567,-0.08789067383700416,-0.01980814293527948,0.07244147750616418,-0.08468993255825386,0.021719031654236894,-0.07242456198261277,-0.030955743776707286,0.02985894789426222,-0.01542792149943609,-0.009801068014864472,-0.036989186099173316,-0.03067203169384458,0.010627774769084202,-0.032942724796720745,-0.03673581353845829,-0.003496588775421657,0.05350666133307053,-0.0654897187757011,-0.06795800949659654,0.025029498373149994,0.027377429969591114,0.009134485718672303,-0.050990997477914586,0.07369674926569417,0.0479503369746693,0.016204844735861614,-0.05880180180251132,0.027034947050335843,-0.008851649536934557,-0.020489959014506485,-0.08113563783219026,0.011248340040366143,-0.029637690247888097,-0.058118191007203494,-0.04703711034540202,-0.06380655782459785,0.03936574996210302,0.10737091744072359,0.07242499923835902,-0.004588262951837156,0.08312271339200825,-0.05072780464158609,-0.016647998881171824,0.030793835091493953,-0.007439998283729195,0.06021225116188157,-0.06761795864245086,0.035738931507327244,0.002
0.017859174489124927,-0.0675839720001061,-0.05027948214535202,0.056636833365727904,-0.009932046353441642,0.03943224894451379,-0.05417581280015032,0.01837963718097872,-0.008840021645473869,-0.042335119710742955,-0.09625809719514865,-0.016169112510082587,-0.06602390875601247,-0.07913936779767414,0.10053560840255198,-0.0737170727600273,0.03944566889086001,-0.11073382429477692,-0.06011938775477909,0.05866516610109043,-0.14628916272149467,0.03955377698190509,-0.021611097508395682,-0.04011977154164787,-0.006539806925026037,-0.02637646102279857,-0.07096941038956564,0.023938674573188132,0.09195457486069987,-0.06968592366783352,-0.08671111948434852,0.03192178877915483,0.11748499214081037,0.08992097562785001,-0.0013259713745238308,0.06296186984531689,0.07323843712820266,0.045764358120453166,-0.06508071032476856,-0.006814208972245425,0.0020624669402695486,0.041728571848283325,-0.09673708273854376,-0.01593016103939535,-0.015629888352014502,-0.060834757216294354,-0.0026089957184279935,-0.11467165071410218,0.08822659922587997,0.07548902469359062,0.10845744086620226,-0.04592158590646614,0.12247682558919182,-0.06772961229324535,-0.04886445670977081,-0.045509789380522775,-0.038602798407045176,0.06617947651536531,-0.008175625292371418,0.0381251729970672,0.004
0.05277670802287651,-0.12817821045419805,-0.09658979523412542,0.0902766343415404,0.07683889284732424,0.06371617024335635,-0.054939108206101414,0.05076835690698571,-0.010150222324921845,-0.08133867496142172,-0.0950737882424303,-0.07283308686866294,-0.0475768740943689,-0.07461297121327376,0.04767430539777825,-0.10022588303967342,0.1022594697336813,-0.14352092465447802,0.047716510541526584,0.051052061425149044,-0.23723006912224953,0.025076263396758256,-0.017447051667580357,-0.07438627519660328,-0.07238208193078943,-0.023637484552802294,-0.0644218419782128,0.017243104481518886,0.14715703015493878,-0.11408565482966229,-0.054101532581591026,-0.006205330069360415,0.10553378579803196,0.14032836888403447,-0.07026838408907002,0.019056915674767486,0.05746606653603426,0.05367762296896823,-0.06734488179098992,-0.033587040890645764,-0.06630707532318361,0.08081615128431352,-0.091312151294183,-0.026667751645936457,-0.09109276313712436,-0.09344513366664081,-0.05177815213236379,-0.08352154300532993,0.1409788190113384,0.11324723225737066,0.050762421101445965,-0.14373075894081228,0.11860694446908261,-0.0652281965368287,-0.018472186357429123,0.0195805658477098,-0.008327674179358566,0.01289104690966051,-0.10689106235964393,-0.006224755223703395,0.006
0.08220552322970874,-0.19608790090105274,-0.09650398497856344,0.09277678601410723,0.07761349917687209,0.030033670656070495,0.04252361293842126,0.042284358652619744,-0.010824608363562216,-0.06733699591231357,-0.10618743881521005,-0.09102406703396942,-0.03323478482835332,-0.07527002905265946,0.027937976077649803,-0.04197695612132011,0.15262477892652,-0.21538792228571801,0.035382197439153,0.11548840938804522,-0.28077037737424504,0.027894338898723364,0.02618527618208081,-0.06693860916274058,-0.09323419945309783,0.017749860900371058,0.021139977968919754,-0.016456333619907126,0.11985902685861283,-0.11970697465557488,-0.09141285133327673,0.02740655671814656,0.22864503243943451,0.15603042114756108,-0.08315780556933879,0.05095583620765227,0.06119986973804508,0.05900327617278788,-0.07305008076379614,-0.011063286513097539,-0.09375409865465609,0.045620564477331364,-0.10163016206348394,-0.07499158721529914,-0.14875515054147656,-0.13474276692103135,-0.07760706553348595,-0.044256014788659113,0.20327891945545556,0.11579596583664895,0.06772219817831371,-0.16309841179008083,0.13516096142307552,-0.12215138191077579,-0.02770672505777018,0.008890538261610159,-0.07542844399598499,0.021047966060884528,-0.13040452702633654,0.029897466615507788,0.008
0.07120783144125738,-0.1717931912134343,-0.11519284318033898,0.14816747585755374,0.23861396959622705,-0.03334113054469085,0.026554980581011235,0.03144023517245935,0.006484466393119772,-0.1365816438074216,-0.09193991205524203,-0.01937664472539541,-0.05208153890931491,-0.09619892065756915,0.08416297688510098,-0.1013352874932025,0.1622889534673607,-0.19295564866421502,0.032939269104009405,0.11182835817147989,-0.24863743364615004,0.05812879455368357,0.04371143916048591,-0.09178142884759734,-0.07127901265316,0.060708501154260366,0.03525392607119731,0.04744349006121208,0.15602198946161389,-0.14619783464278233,-0.059060855667512534,0.10016774442856619,0.28264680157162114,0.16792892399883408,0.0126227458592785,0.11586283799683333,-0.027712564715050035,-0.03347574887709077,-0.10835199286621142,0.020414430460840346,-0.09879646088333276,0.059249471591609176,-0.05492278809354588,-0.09525114307234525,-0.16992077792491972,-0.1421323036672029,-0.08656602234748453,-0.09708749305734721,0.218498160357116,0.13345720862360427,0.0448674684639625,-0.20677885809990032,0.10460659240505547,-0.15593928195367535,0.023895009294988077,0.016613491267591332,-0.07415904274776425,0.02037143808404044,-0.15871263518243198,0.021032159599108095,0.01
0.07410245404876366,-0.20503714060113157,-0.13520941597990468,0.24081981603837022,0.24106354566140503,-0.013500501271906846,0.06653752019819056,0.09531507204943934,-0.06010758976899123,-0.14349176300958238,-0.050394152420009476,-0.01693054477236411,-0.0016107754174326042,-0.10388131363008025,0.1813278452892249,-0.11308392275697218,0.19967251198070782,-0.19446793060178458,-0.04945265886102189,0.08483890622656377,-0.2178831826449898,0.007226275168038927,-0.08129164170094848,-0.09664358633851768,-0.17167866057695907,0.04331420937579919,-0.009982269483620555,-0.04348424076506588,0.12033943914518067,-0.11803310073066087,-0.03450438271022973,0.13859803785565533,0.2505821816243823,0.14934635409634808,0.08442289019773816,0.07640704975121915,-0.0837454207194893,-0.0009042302922928555,-0.13318551830260644,0.013649032528245945,-0.1673129608598995,-0.009487506982868182,-0.028581245861835844,-0.05169024756600387,-0.21769351162385772,-0.029925927540336808,-0.13559297788249464,-0.10198422281153142,0.15919295550222748,0.20813278609721006,-0.020252278276413044,-0.2704537049176892,0.0980814632091988,-0.13561314987537762,-0.053649757221286364,0.033959862762407186,-0.12018107122992962,0.026923016837374553,-0.17343168870388592,0.04578294206268853,0.012
0.10951508578154323,-0.18659068391549127,-0.21462803378167938,0.2765709281785383,0.32156977239843054,0.00010633283262427573,0.002316117439987983,0.12033693062640524,-0.07122171650001033,-0.19241083070866424,0.0865605305295549,0.030960577896196537,0.05389953877761503,-0.0611136250177865,0.16210772895360934,-0.08134953916344813,0.19133346957323458,-0.10596858459368236,-0.11027331270607887,0.11347940176461711,-0.17740587811031236,0.03515763182095054,-0.17167781580317493,-0.1336217817816107,-0.2314592982953184,0.06711490793546637,-0.009143842078709925,-0.10188817081319546,0.16796918143315503,-0.17060905851118585,-0.0765350743809581,0.06395882484260221,0.2920497233260637,0.22172440255961612,0.1274730159670456,0.1486682706894805,-0.16291883261726967,-0.036523878146656794,-0.12741759927949375,0.040399862828239,-0.17195265878852783,-0.1516769447801339,-0.009419842284351616,-0.07190991053865253,-0.2117315727470991,-0.004841456625854345,-0.1483869585351917,-0.1404760296909779,0.1389622626708429,0.07201893317174807,0.0030388704746925135,-0.22938408719131093,-0.019906989527959926,-0.14326700312445537,-0.10653012786925867,-0.01816444245166146,-0.03047919766184977,0.056827845270745546,-0.18284717749062407,0.02509404382258561,0.014
0.08364369381146416,-0.22485659346896353,-0.21911080743815875,0.29194972427431287,0.35192638266122,0.03819167423523352,-0.0010517579628573693,0.1465888870009681,-0.114504914608696,-0.19973115043821857,0.04970193312250429,0.009531836985874516,0.041657880692892967,-0.15886192025277396,0.12505962190412745,-0.09556263717259943,0.19951456060895126,-0.05241105867677001,-0.09625965080519176,0.09034132735919004,-0.25553510895205384,0.07345008191762226,-0.11634063472340447,-0.07245545920557571,-0.20149364497950328,0.011265573748450261,-0.025082747481745424,-0.08362428077447187,0.13550927547966896,-0.1306968871378693,-0.05899806078043181,0.027182840188700846,0.22413938694007415,0.21675300741462153,0.09280848032940436,0.14704239665155264,-0.2010855234527026,0.034732915327903555,-0.13054639944345345,-0.04188287635351652,-0.1730125140353107,-0.1101105654670759,0.045517077982224055,-0.05033583150668473,-0.21175415346645848,-0.03345180956445186,-0.13487131527081106,-0.15543121033472762,0.1735816070952648,0.13046937908085773,0.017913749799164574,-0.17177718403813622,0.02935803296553465,-0.09773168474385519,-0.1020484145854488,-0.0370097236411188,-0.05577557657086982,0.05451659691164108,-0.2322767452898683,0.007470235455264734,0.016
0.05713890107707521,-0.21811303547083424,-0.16194992882536735,0.32080855453647167,0.3550572733186587,-0.031139349865433125,0.0748845043006507,0.09572725977972787,-0.04178842464261813,-0.24820582088771437,0.09459666634258346,-0.057837345031330874,-0.011473885159272716,-0.11198626210051489,0.14327333834566683,-0.132935635660265,0.22506433587352395,-0.0683890837786499,-0.05668469132104453,0.06835616073730437,-0.2648541971172397,0.2020352558941101,-0.11077318779362086,-0.03189046936939775,-0.23095829899759715,-0.09872449019244312,-0.04375220306194792,-0.11447916652364479,0.12492775490876656,-0.06576889251353203,-0.048372358864781445,-0.027549792447325742,0.19028376467457853,0.24083279324217335,0.02975352112966577,0.15725089116526958,-0.23235395929137337,0.016730947827736747,-0.13731471737229153,-0.037662923664991625,-0.191036906277923,-0.14141073765385137,0.0678132239374894,-0.06641361918422639,-0.21782767250318655,-0.08950924525165849,-0.14699625670793678,-0.20007720765550563,0.1394463993743843,0.11381092512854253,0.021399003717976844,-0.12844033101189817,0.010925438405907227,-0.11852208182972832,-0.013962501131104976,-0.06508193699381283,-0.08804422048814944,-0.014681204911944218,-0.29519873207581804,0.009349479165309607,0.018000000000000002
0.08348937759766775,-0.2378688814388369,-0.23946662099462915,0.3469356080066407,0.41165404240053177,-0.0020081119160851903,0.07801511726143039,0.11735893796226492,-0.13508557866068077,-0.27799152307302316,0.1413255630439864,-0.09099780270127358,0.05982631991480509,-0.09106171819181623,0.19735577290597014,-0.20128125680793157,0.20723969627831923,-0.12068207653579277,-0.017885451438250176,0.013656750728515063,-0.18832422687335287,0.23554299306396617,-0.04971736169393631,-0.06563102138971175,-0.19693215875922165,-0.14767052805732173,-0.10271978472664914,-0.1240941421849388,0.12881773675107872,-0.15253402963435173,-0.01570420587107757,-0.06320055363615956,0.2006007765361745,0.2107707720194184,-0.019923899639538792,0.1287733362421466,-0.2411798280732556,0.00021171753207777783,-0.1645737106221143,-0.0402693600835977,-0.1783460273189879,-0.09928689544822068,0.13190171970712034,-0.06038074386049024,-0.16640873648536963,-0.0754605105601245,-0.1586559783430502,-0.20138598301081673,0.15484621310282196,0.14165440018092787,0.014064472147286011,-0.059896249605701446,0.034607851692525934,-0.12746648903699134,0.10268326074977918,-0.006427531240949094,-0.021043905390079512,-0.0031218159206782576,-0.26654100216198207,0.034900470067058986,0.02
0.15549046139978795,-0.29863289639486357,-0.254545769936053,0.3608961946957852,0.4131166016137369,-0.05803059065040082,0.05018700039988444,0.1226390976112091,-0.0830588973731849,-0.274382223811627,0.1791240133274744,-0.05168382582438682,0.08839174719158523,-0.06516326627322452,0.1637413602004827,-0.22952751637175753,0.3021084109311142,-0.11380430711487545,-0.1051143619990278,-0.008635864157884143,-0.17080847313197345,0.21089421927794105,-0.04619269138533883,-0.06915477304525842,-0.18366996588452675,-0.14472652675322767,-0.13554816882866638,-0.11130206171414324,0.06691887437084901,-0.17873465311108352,-0.1066709077334689,-0.029377288448194212,0.1956438274837095,0.2357899293341609,0.029174967764763034,0.05692268278807279,-0.2511543858745441,0.004754153297708826,-0.13756435218980168,-0.09728960325445628,-0.15845708771919853,-0.1555387423781625,0.17023833596304494,-0.042022237136872836,-0.10847638828805008,-0.11204207353188929,-0.15028511306855502,-0.2150246846487145,0.19995721689660373,0.14523825661640452,0.013177497996802876,-0.056383135610058595,0.0018733767321549716,-0.16290023487818803,0.08646671054220849,0.015808403206811452,-0.016918454295348488,0.07922654430103634,-0.29453358068722313,-0.029923391193451873,0.022
0.01657084312138185,-0.26501636601592854,-0.2221598766543779,0.30814644559225546,0.4701040454842038,-0.11030778909725816,0.0613234398595067,0.1630714466023001,-0.11989144945830763,-0.3166741558399059,0.16847752296908491,0.0027098853362935438,0.13363817763594757,-0.054780111568409715,0.18087828935508185,-0.22856966286540234,0.2817049475208338,-0.19797344264364897,-0.14830380037656093,-0.029881416496982012,-0.22711732305209872,0.21188919472594653,-0.06342187731300163,-0.06304039091982742,-0.21883602196641708,-0.22410387362019607,-0.2330264332868033,-0.0160753999424553,0.15683729456468765,-0.1094787240340549,-0.10334029688764551,-0.0001807306158165302,0.19115913419800934,0.2811216066518053,0.024471209467207614,0.030625278661854546,-0.2837504447871583,-0.016515130186064677,-0.08308931605661554,-0.098123719409641,-0.18593199402593646,-0.18898004084517775,0.18100727354692656,-0.06317566176382147,-0.041918485573077036,-0.08431793860267807,-0.13396819343013122,-0.2486027904799515,0.17582875012300184,0.09218647435605655,-0.01804929504173494,0.006525244118553063,-0.029528780149152646,-0.21743610270248018,0.1495575439533202,-0.0990293467412292,0.017980088230280883,0.15864006666948555,-0.2822816204420615,-0.06473077126676433,0.024
0.01237611298986403,-0.2522772244679482,-0.16833907186181807,0.31928931760291346,0.4952877696500191,-0.09671684452225444,-0.005961092634240266,0.1360276551636412,-0.059765614969884466,-0.31961578313976946,0.20434143300114607,-0.06446935215001924,0.06890631576145703,-0.029498784863870475,0.166756103743711,-0.28017469847012677,0.27656512761912344,-0.10353951584974752,-0.11358852092255717,-0.023589302291276225,-0.23666316905146487,0.23006371237456366,-0.06786423107561054,-0.09830510218127586,-0.20875582322008993,-0.21174736587658527,-0.3084387552624208,0.010637603631492656,0.17444318255890984,-0.1664812641982275,-0.1516304094417992,0.04476544478078069,0.18005842337079286,0.250747951354427,-0.04520780560021846,-0.020223565570376068,-0.3266818043835519,-0.03310652718267374,-0.11321816234853821,-0.14267414135794743,-0.2156741464180127,-0.1728512065030376,0.20604847151876038,-0.08496925570181102,-7.696481265177108e-05,-0.08083870729324755,-0.18190045028954344,-0.27390144606897127,0.20435325086469353,0.05300339806932234,-0.03935791899763098,-0.023678704673257733,-0.035086722393311,-0.22396552385501872,0.10853846546286228,-0.04120309438320286,-0.03353508372347461,0.17015652278249047,-0.25448375636692844,-0.07892549596502568,0.026000000000000002
-0.022396294945590072,-0.23881402293403173,-0.14207831074383948,0.360736540254191,0.49617063561801783,-0.08682637534144708,-0.030350329617777345,0.16043944125609697,-0.13505269004076512,-0.25996128537071644,0.19830236812401697,-0.1326893338122831,0.019132199665823482,-0.08469852545990195,0.2032374365781468,-0.2738636643996144,0.26592600415976236,-0.11487833078837108,-0.09236824159815588,0.0021167977651071826,-0.237568926063911,0.2698160098998369,-0.07674787842356388,-0.08993699226881317,-0.2429405091867118,-0.2329013158860434,-0.3320993318841636,-0.0613795610568586,0.1750787581931786,-0.27312676292237453,-0.1608495775907394,0.04458750601217868,0.1262920857319693,0.16378385520954802,-0.02293653384851236,-0.025136964059796832,-0.24811947125722283,-0.05099240416424556,-0.09416901962936626,-0.09126833256607078,-0.19100333387415644,-0.16588352324684782,0.20085619685741674,-0.15898983899240693,-0.0048685832497071665,-0.11389860742000976,-0.15846886080557981,-0.22956128335151255,0.2194881130392664,0.0687399575747409,-0.08383982579516763,-0.062205546672198464,-0.029721927768239665,-0.23717371684368976,0.09800732519349843,-0.03807575305729167,-0.030649932189859105,0.19392432303916848,-0.2650540216524069,-0.04428768623034468,0.028
-0.01241275821525924,-0.21955280829481108,-0.15678743014698301,0.32291447729499084,0.4714828990332758,-0.15916456430911324,0.020873277679957843,0.12683997812250727,-0.12613760749787148,-0.2924788327291268,0.14425558029908528,-0.14142875472985297,0.05681012127242442,-0.019399111923812037,0.22661518098040823,-0.30317508109517566,0.29579528413025036,-0.1560131686878501,-0.047667503219224513,-0.040275826722867614,-0.3017010786033492,0.295492116914824,-0.0874474399995474,-0.1460211843924694,-0.2891269215219941,-0.23492516272366404,-0.27356564786367565,-0.0470841363092956,0.1936925136055991,-0.289459176302038,-0.15479100684088606,0.02866699886024134,0.09077010338693473,0.15109017227003083,0.024758068486005626,-0.06076701301117338,-0.17445177337629147,0.003706223463285571,-0.13705924212154563,-0.09435782018927442,-0.13535400934948447,-0.16386352536193646,0.21165525698809778,-0.2306014967335554,-0.05195391811632513,-0.07154959004558192,-0.12131615277563867,-0.32504307662413057,0.22426535144404963,0.08185771399122692,-0.15356122839180708,0.026467524232885065,-0.021590835020357566,-0.29056821147118006,0.12365745307163781,-0.0815677755309308,-0.027816573737487634,0.21158019679226472,-0.21903023198492633,-0.009449978723570389,0.03
-0.030647319220998427,-0.24285965455563455,-0.14516885984679403,0.28768155012422353,0.4332047823000826,-0.13768485022433508,0.012396917904038476,0.15584073129319542,-0.19894918502395134,-0.32544781926664196,0.13590546893184274,-0.18589086644571476,0.01915930548942201,-0.0367900233854041,0.22035761826168906,-0.30882496536693577,0.35389193460411805,-0.09916106382121562,0.06153722139825703,0.008701284104816881,-0.29841079952211425,0.2824665923349765,-0.12609046667718574,-0.25075681017869755,-0.2569521225100226,-0.2249425057180029,-0.30267161552378014,-0.07203992934813673,0.230014016725752,-0.2944440778646831,-0.10269316584457472,0.021945908740120194,0.01502591013025098,0.20303812893081807,0.023455585149801544,-0.018413107070355136,-0.10454878417668903,0.030494173277044446,-0.09756657297401719,-0.01363636225648271,-0.17516901549330677,-0.16459246788722384,0.23479467365616324,-0.260146158393454,-0.07322884943557512,-0.06907672690741039,-0.1821041110309882,-0.35485939555073326,0.22227169946368386,0.16919373143990876,-0.19101920834598787,0.08243176127049054,-0.050923998451437816,-0.25891354208751793,0.10167775711510471,-0.04439144186436654,-0.10048102003481785,0.256867707508035,-0.2501271693650255,-0.023444540275535213,0.032
-0.03777678561557415,-0.23827444688993762,-0.18524349219541997,0.33176086988363473,0.4079855439931142,-0.11548853952621711,-0.015132564192679665,0.17511947924529908,-0.16033706780250043,-0.3535201282554009,0.15071692356999244,-0.16065711258965812,0.07566211303081584,-0.07160673537390592,0.19436761736818378,-0.3169530252291901,0.39417913210187616,-0.15091902674430122,0.06583448950830859,-0.004003989446311152,-0.2873184761200325,0.23436699538887368,-0.10920186147419689,-0.2617648984999477,-0.26584285806844193,-0.2592508763960848,-0.30187403123582546,-0.1178145557952254,0.23963656973076738,-0.28934336800779153,-0.07746403897931217,-0.0020602040678988215,-0.016305345465210834,0.1727278226636901,0.0006099668382535187,-0.032161259878139566,-0.06841034555223942,0.0283384823799653,-0.11835040890089671,-0.07955782683257323,-0.16462461249246418,-0.1582631634007338,0.21217748124373542,-0.23758188083265827,-0.002115225038853308,-0.15832313271999265,-0.17658104046363587,-0.3010834357536614,0.2395098948569376,0.2349343546063481,-0.12454792494971685,0.05854204679175842,-0.03942474660088398,-0.3077684688390753,0.099852360956059,-0.028292927912241795,-0.11044260307600405,0.30153907791858686,-0.24695923195223546,-0.02577641928717059,0.034
-0.021626923672309145,-0.27088604478496153,-0.21453233757435683,0.2684922248566199,0.3921087441171882,-0.09698190122674094,0.00492338294617501,0.11999113795975999,-0.14092154338912533,-0.3489389581691473,0.18242984853779537,-0.1761003063595097,0.09009237310349245,-0.06017784904012859,0.20077818051376772,-0.3657376112122453,0.4181561286251234,-0.15303316514594176,0.025883719899016118,0.024471158618162778,-0.19006775762456085,0.19505589036262566,-0.14862706656423538,-0.27637676421917656,-0.21718225847895906,-0.3282958375003849,-0.30012874360607983,-0.0801226132315698,0.28208600423160407,-0.3331234094881753,-0.03744483489472017,-0.023191914664683747,0.013135156338648538,0.18167239187620796,-0.10394235531202542,-0.05460015902414665,-0.0015892165319844054,0.039430140538430594,-0.15018090942457857,-0.11951206998578646,-0.16754983827054337,-0.2800690771525867,0.14577194950541036,-0.22497486695969243,0.004504158156692691,-0.1077684825247062,-0.21020750236110838,-0.31127959113500375,0.2628094575752421,0.2296640577040254,-0.10966081426580769,0.04575213787873699,-0.0007599594181019326,-0.25519113967123985,0.07062955748156352,0.010751507359347098,-0.09520653690116396,0.31395875579702565,-0.18657218467885017,-0.018212843326506488,0.036000000000000004
-0.014118902712881165,-0.24727158052822187,-0.19404296094299467,0.24325550047656425,0.3909413206543726,-0.060357357671431834,0.026088181181342127,0.12209666497975667,-0.1466552871587922,-0.3243181334602569,0.2546821877651596,-0.09407402213729148,0.0980454971641037,-0.06049298766669496,0.21841128647976316,-0.3885315909059329,0.4210720339200261,-0.20189765606807447,0.034980185741882726,0.031660129959788924,-0.21609319776441363,0.2968598821541477,-0.10524088579330243,-0.2996682274311897,-0.2571953708545093,-0.3530380623942197,-0.2792986671444565,-0.11971043100512924,0.2785482635088955,-0.28753469646166696,-0.02393143185433806,-0.04665507693170926,0.022008758534154765,0.11336484597643497,-0.12386560472042385,-0.08705990896451746,-0.04136362916714995,0.051112668344850336,-0.1504353454743712,-0.1903919357400342,-0.1431360121709979,-0.23180493238897898,0.19193978249172064,-0.2542792568400049,0.12638329284384925,-0.08924568446838502,-0.15001807851887272,-0.353091801026587,0.27877531618442974,0.2957235411402997,-0.20287452751184873,0.0925596643689261,0.02199104957558967,-0.224031367015749,0.13107052190876542,0.00810331745921818,-0.16122890072017584,0.3202501264108946,-0.15899303170153806,-0.0021469993802460674,0.038
0.015831854580783455,-0.31125017086661066,-0.20118869726775543,0.22788279431375694,0.4110340332226925,-0.14596260296494154,0.10044324875027671,0.05199649880393098,-0.17665450879854974,-0.3271477846126273,0.2027603429271394,-0.12430222928490683,0.05150918134107192,-0.13347525042301994,0.22676368032499727,-0.35901340965404516,0.46158883856131117,-0.19103526918737707,0.06352117010606646,0.047181305631362865,-0.2382097918856526,0.29734312405904406,-0.10328899412774376,-0.2864084813770226,-0.3713468033341685,-0.3332230332845708,-0.25122725268338014,-0.0987903402360807,0.33218199147620403,-0.2998214547442136,-0.027580684614363443,-0.08498085625949142,-0.006904012673083271,0.042791701379892993,-0.1127732319921452,-0.10577726561196098,0.05538652350908357,0.10475248933799639,-0.1204197873755831,-0.13666608182222612,-0.1295745874658259,-0.20728421613416345,0.2064240411172187,-0.27943286043206106,0.21468615449787853,-0.12358763366058043,-0.1289938730749821,-0.37458358836735023,0.30080314820486415,0.29397099739477195,-0.145880211152176,0.05322271113566313,0.046781933809741855,-0.22792613414201635,0.07349152230261535,0.030572999344720627,-0.23288540849545192,0.30912637165000717,-0.17873855456774942,-0.02175385352248723,0.04
-0.006443138626490777,-0.22886735732256133,-0.2267622524486823,0.27563990344961525,0.4437378468634289,-0.1854688325024712,0.05127661660302577,0.062332058664994375,-0.2504352491026529,-0.29640083719071114,0.10569659934622974,-0.20963193590401402,0.04054848630775868,-0.18850196329828592,0.22939906536693372,-0.34477287431219183,0.44592583298267957,-0.23270001453994654,0.1026158996542737,0.040218634018392124,-0.13632102094754683,0.31110328744313337,-0.1743073641595944,-0.2271633308903986,-0.33773612637893835,-0.3128058028613622,-0.2487870951737965,-0.07572865121338304,0.32431447003999614,-0.31072890443501733,-0.0164505563892116,-0.11130254020004024,0.042412460639091876,0.0912723400019479,-0.0806297258806171,-0.14874850159466427,0.057826962096162435,0.10628953097746345,-0.14828346304526346,-0.14708184656743112,-0.12820058458161904,-0.2684019064673622,0.21393747481973027,-0.28767342579711763,0.16463740292070694,-0.19665542922034218,-0.14753462852056567,-0.4018900560270298,0.3041999276418042,0.28716415504742315,-0.1968109069215412,0.0862368893550427,0.11365831874361032,-0.2994033228384798,0.15868504848682535,0.11297924359064697,-0.2422069141909193,0.37193299951562475,-0.13453627468701912,-0.026798383051458312,0.042
-0.04877673752022129,-0.20583401731716022,-0.17950668577997916,0.341648684401047,0.3636585163264818,-0.1778055735492052,-0.029774863393453622,0.11380547232050062,-0.22809281403077955,-0.30211584217297616,0.08240817489261525,-0.239077991431957,0.039695136840175095,-0.12538982111977337,0.22402699502797252,-0.3566523891490441,0.49954899920023754,-0.19404865619605172,0.0881575770209912,0.002194454630782383,-0.18961368815975052,0.32200387170219524,-0.09174903389048739,-0.32764306542221805,-0.3103643968230134,-0.37053456905786525,-0.2867726403856965,-0.00940440502073088,0.38294484567668835,-0.29141087165911067,-0.06173887748573878,-0.12386428367959676,0.013700959495688628,0.044559475838467144,-0.05756923609741384,-0.12015322499068054,0.0688373667183643,0.1071799190304478,-0.1111315691657391,-0.14155698672630385,-0.1840197296947778,-0.27527905813321624,0.16994447893567183,-0.2798940952508815,0.13604984807375564,-0.24216438220430253,-0.187420461145353,-0.37366918177314795,0.37677999544521934,0.28102510667454295,-0.22621259806244962,0.0979063795554036,0.05821661223698976,-0.3435467694890602,0.14381935220732284,0.141058833690406,-0.34858960616455587,0.37382113092906566,-0.11081187704612383,-0.05915116056270265,0.044
-0.12552967712806173,-0.19126585928648504,-0.1784986064025869,0.3602389981428384,0.3292518229353114,-0.1004173577924067,0.06274166681550616,0.06710503131378306,-0.24268310348201672,-0.2668851617685236,0.082460445927884,-0.2868913773487846,0.10596360691667686,-0.16393074210633996,0.30418257056962633,-0.40386208105978366,0.5057672699598107,-0.20892546610648,0.054279097709238396,-0.0913064501970887,-0.20359232691867277,0.3551090050348791,-0.11417264401323865,-0.33299511513065033,-0.27490963939346164,-0.28432739058502093,-0.2714817387575868,-0.03162120313240885,0.3581616026425442,-0.3222003765638908,-0.0749949852603037,-0.06911455990009346,0.028995458119435984,0.023440930390835144,-0.0431587835453923,-0.08580736414350916,0.11807804342020914,0.18022014163229044,-0.09290137677614153,-0.12038551629809774,-0.18300369356723664,-0.31348588760804996,0.1842735512053549,-0.31276154487657803,0.15353522370359463,-0.25631970065926873,-0.25281447159135717,-0.33237131837249245,0.4599864860524774,0.27837552143951627,-0.12929572367289185,0.08917248565603365,0.1593794201170474,-0.35725109347564205,0.19193727092094498,0.13305749018835122,-0.3865026098333843,0.4129882440804712,-0.08518143002265588,-0.005945747763124551,0.046
-0.131389310990901,-0.23392535942030857,-0.1716630080123302,0.2593726500151907,0.3418240151074064,-0.16709661064722037,0.10282510166366139,0.02497310748531051,-0.21124208042386425,-0.2653481810128433,0.07868733453864131,-0.28980601398498734,0.1904340181344808,-0.22031744105372705,0.28471906086712895,-0.41681044126372613,0.5502963121040173,-0.25338043289466705,0.023783566735800565,-0.040787176391113227,-0.25009198467390387,0.29703860648778757,-0.1460742805636696,-0.3847288137163072,-0.2608110541866995,-0.3173408144538114,-0.3248603539406935,-0.03373255041834324,0.3953891149836676,-0.30215126026564554,-0.1041635726537702,-0.09647542386388774,0.02982713331291346,-0.03734754214630101,-0.050954825670524256,-0.10331038167653432,0.21812477303096028,0.20606982154012973,-0.14742104455656058,-0.09600259980147714,-0.21069951632125225,-0.28749371485763997,0.19110156902949757,-0.32665632893295676,0.20638466525735732,-0.31845389670661106,-0.18659304162745508,-0.2724957495593137,0.5152447046216495,0.30992382717642214,-0.18357800973147564,0.1353553783241805,0.18535295512983552,-0.4124975992343189,0.29571360140400105,0.03442428653907756,-0.3152217667119667,0.4573427982402773,-0.0390030750928693,-0.03468501088764751,0.048
-0.1427176136246906,-0.1575853836528584,-0.11522625201711287,0.23813506809318907,0.42469068775327007,-0.18061661110076074,0.16771284164977446,0.032503334497983684,-0.1571455670624751,-0.22583827395245076,0.03644677758013739,-0.2662189090398439,0.2339845260913606,-0.16129858437101516,0.28583161137394214,-0.45745256551630675,0.6292030344265259,-0.1545112802530465,0.004063439274111364,-0.03992413093209599,-0.23476474328939853,0.306712996157177,-0.12145146663656323,-0.40978206401474204,-0.2862217666124259,-0.39237322035296696,-0.2888363683131367,-0.03445211899021568,0.41855392365575983,-0.32868032825569365,-0.09829510164277157,-0.08498153503283505,0.0755367997443567,-0.06539330681748065,-0.00501041499919113,-0.06508239705670718,0.20446804324261647,0.16868376284754977,-0.1532271985771559,-0.05719528069948292,-0.1407752744522027,-0.24714546041873428,0.2159814897031879,-0.3633629765065549,0.20183764548129407,-0.3454026887088729,-0.11797008793755089,-0.22819580103488482,0.5575845143829126,0.22237318369171225,-0.20297011165058643,0.03984504237241311,0.12274542790064825,-0.3965533792681869,0.21635926584396342,-0.03694705683650244,-0.3149673127450053,0.39967642029054407,-0.0422751505652889,0.033251212323842,0.05
-0.15937750044666435,-0.1313153653366927,-0.022504344311685437,0.21813244847922025,0.338632346321201,-0.18569610253214267,0.17443362867878284,-0.05330569952459321,-0.21132798636900707,-0.1845447332778175,-0.02116544425599809,-0.2635337372359648,0.18775700266660414,-0.1426773348809215,0.23160241153909772,-0.43208574404227895,0.5837267817385456,-0.16033480686390303,0.006120601118491335,0.07637438300555316,-0.33954719626735247,0.304934381097744,-0.12545369528986164,-0.3607633401312238,-0.30706948578223825,-0.4548487024560916,-0.2567596411761722,-0.05169286909466812,0.39768847317353095,-0.40526876118478256,-0.15903413733020516,-0.042479330282597996,0.010854509474112609,-0.05415299748913992,0.048060457848285915,-0.0805494986420443,0.21619372355550331,0.16001064911545976,-0.1179465655419753,-0.005669055384631486,-0.1631728467977927,-0.2797096659564316,0.10502950164225042,-0.34290629806341283,0.2280884259080935,-0.40311162271058804,-0.09610057063478913,-0.17847946060660744,0.5337460883446337,0.24836703349123737,-0.19430701904831818,-0.06953573247848982,0.17794403745110263,-0.35751893059399253,0.30440084909415566,-0.11917333156610076,-0.29810634464303754,0.4145147389823462,-0.08581985061859937,0.06987179669023222,0.052000000000000005
-0.14359290489557489,-0.08984625235093976,-0.03237841886643698,0.24841267678797166,0.33140992441285705,-0.1428822630801622,0.19038547449180612,-0.08872394883509369,-0.21756141928290093,-0.11356283532952505,0.020230722670898142,-0.21682431854342732,0.2412253524803167,-0.15853567840894411,0.30191325787696965,-0.4298672940274132,0.5080577836489315,-0.14971341849463504,0.005200495420614771,0.1501316171749974,-0.4250434712268092,0.18883351703184081,-0.08286841099786368,-0.3638576733747727,-0.25880816138860147,-0.4090764301971858,-0.25395413554316465,-0.0036418888314597928,0.38787752276642934,-0.32120571737329273,-0.14753939510888156,-0.04721161362829612,0.04982953446427183,-0.08826082341705366,0.04257981800408134,-0.09969262134757459,0.3248575235127781,0.19862709664645453,-0.09510910561065401,0.00650505423115369,-0.22221206422501916,-0.33109370763045365,0.0858508013945267,-0.2977344622011411,0.3278819176503221,-0.35391128194289,-0.12960975717971868,-0.15869143131359784,0.5113992236667035,0.25545130238040265,-0.1382009425447861,-0.04805207797387894,0.21983849923694365,-0.3357505038275742,0.2319158069850341,-0.0666202169811089,-0.36340146844061905,0.4587049346491392,-0.07143042670456383,0.1260586254884692,0.054
-0.18497277738449588,-0.061878694410493665,0.02545082261671247,0.2653802346547767,0.30281808073020033,-0.1230186132615384,0.13611440298038113,-0.1023329207279288,-0.17144502476078324,-0.04235707004253675,0.06837698877771978,-0.23122548030830817,0.30197893223230104,-0.13979966592328463,0.35569485916382426,-0.379401346069003,0.5144997229147632,-0.12238268530103774,0.018272849577112196,0.06972926257679225,-0.38405756019259507,0.14925576836957918,-0.01814469442253512,-0.3470714879922295,-0.27147353916571043,-0.40409420142452823,-0.26160185344869913,0.007547585629506245,0.41030376653026857,-0.38077503846582844,-0.20405376440115003,-0.11711254193597408,0.12331504423673828,-0.12271112435569974,0.08693586606840656,-0.07574204246029556,0.34493322469663096,0.19493338440346777,-0.16069433033132569,-0.017652990442510556,-0.2972821076563355,-0.3679688236595179,0.12214648690166963,-0.3081323332016216,0.3381920297882598,-0.2861861274547733,-0.09567760564864194,-0.20963559930371517,0.5189165717486011,0.2861005130432545,-0.19291298772236756,-0.06593709679171672,0.14279252976942347,-0.37322133330908064,0.1748761811822621,-0.11658631013611473,-0.3683400227299324,0.48043495436042977,-0.1353934023108257,0.13785576802375477,0.056
-0.20415493137121724,-0.030437036092169877,-0.10202324328514648,0.2748578843505671,0.2891155486253127,-0.12559664097848713,0.08250099355363794,-0.055107990869447024,-0.20179758484309962,-0.03918664090076525,0.1684261441778684,-0.2285120950410397,0.24199443994524894,-0.1285253581302548,0.4009565253650703,-0.4157057002365537,0.5647308670260343,-0.11038884487119731,-0.004248428490916618,0.08203781306146946,-0.3933570163748745,0.1817728198886792,-0.024096386448228008,-0.40985868289731414,-0.26337449215753783,-0.4986074181113929,-0.2670401945872114,0.05463555979454425,0.41420097874297096,-0.3715425753678449,-0.22214858424135314,-0.1387768080043416,0.11020513446350577,-0.13318176347002492,0.02346179487547745,-0.1290850938706555,0.29228187167807496,0.13260366818064728,-0.17624518990684301,-0.05666020094322298,-0.32909814239002766,-0.322900715625269,0.15978940543409959,-0.30062431371218173,0.3123942809799804,-0.28994591010353654,-0.14696939226254377,-0.1784045313887234,0.47509280308565444,0.2834500078019477,-0.16165773147525572,0.03800094534794472,0.154618081800746,-0.3945163096389598,0.11601863729056322,-0.11491154989096722,-0.3782531439076701,0.5300173830085863,-0.1679100339879862,0.11005935553641519,0.058
-0.16253536967717547,0.03017252508549817,-0.11169118609382742,0.2991718565436919,0.28624842387764876,-0.1750620458327269,0.08633808597852548,-0.05474350673605171,-0.16615792191857218,-0.039723748846072944,0.10381936395115836,-0.25818699547754,0.2846082752448595,-0.00936507909759006,0.4681327530484098,-0.36669961001127316,0.5378875710788859,-0.035009141761340276,-0.039416087290750225,0.03895432207354903,-0.32811445150411817,0.19251903115120167,-0.017493710597943676,-0.38896413545375247,-0.2788666863862605,-0.5075762994248282,-0.3031543044135298,0.02902297866889061,0.36362226681505405,-0.3402285479224643,-0.14455333186040398,-0.13340488295011996,0.06577128898230289,-0.11923275246591211,0.07938607736970452,-0.07698634537730178,0.2595182314673016,0.15545937156016085,-0.15619039409302699,-0.05533272156782645,-0.3892469924717659,-0.321968851916356,0.1614846483211879,-0.265674670718937,0.32839061303061684,-0.33063882108904474,-0.20896879460270254,-0.16398245494445016,0.5124965345836348,0.21954563257531093,-0.1797275230570392,-0.018893438852765843,0.21173002540249314,-0.4099172499001901,0.15158306395513652,-0.17921745553493376,-0.3028660086309388,0.507670377292139,-0.16177854125868557,0.18015784164178217,0.06
-0.20623578511800522,0.029256429509893454,-0.07467311898037621,0.3433520763651648,0.28158137258888355,-0.19460225580521553,0.07066290264783501,-0.019654183971441648,-0.2244508026657019,-0.024848244689824734,0.1430047962636966,-0.2821035757525535,0.27961873262630654,0.05753885521978855,0.534307968536184,-0.35083442097194617,0.5325120374334307,0.015819559658997798,-0.028912216385406517,0.009559229680958955,-0.23563773843362507,0.16385314222328504,-0.04741902958774115,-0.3952128122799387,-0.2705264373839869,-0.49956997286895766,-0.23982927159453973,-0.0024787164783477665,0.3736860717924976,-0.34048034865460586,-0.13224513442362792,-0.2076474559254039,0.10018467904389677,-0.08674595377003957,0.13733536735297663,-0.10711990049977854,0.17477541256404655,0.1676631421273211,-0.12893736191870822,-0.17002210920514524,-0.3275597493169634,-0.30167696916119763,0.18566656064376252,-0.2570805295651587,0.33575209171306936,-0.28351709165867883,-0.20324315281839517,-0.1740155420337876,0.5160237371687584,0.23042873039888284,-0.17331086218629885,-0.024598445254916182,0.2122024355772959,-0.40458950062567434,0.1323719561028045,-0.19906196592381187,-0.3193534434645637,0.5635169344529113,-0.16046153431682075,0.18739479362822972,0.062
-0.2298486460069512,0.04801810202339167,-0.07833088751754053,0.42737040344185906,0.27469960152605305,-0.15789914235509578,0.015719143226328815,0.0054018600954621986,-0.14767622518305976,-0.052413914559678476,0.14662378425246145,-0.29681996008311734,0.32726142114585843,0.07423737263043445,0.579156608842857,-0.3112258560418912,0.5586624165964282,0.029724252997976923,-0.03350721155722932,0.12851600910944966,-0.27020044369184687,0.19127277315984456,0.05279971114902614,-0.3235574302257564,-0.24600963986176316,-0.5262899672049604,-0.25529455046942157,-0.011748622096408598,0.484603392923463,-0.2994780250669336,-0.16512298888363366,-0.20184820081096544,0.11806175504012262,-0.060506788232279105,0.18585607335103468,-0.11334192537643087,0.2926016067234979,0.17670028410034572,-0.14208320846534805,-0.20521601357220523,-0.31337225573616484,-0.25964062358090445,0.17826768658276396,-0.2543781924302659,0.3467010803774901,-0.3592101842941647,-0.16190008131201383,-0.15521025975078556,0.4416529045213935,0.23620467353845692,-0.12271280468562559,-0.018080649608315368,0.20994580872921784,-0.44964114105722364,0.07265237923160431,-0.21546819969085057,-0.34962358347350947,0.6058985191748422,-0.17254551132391124,0.17558590985483685,0.064
-0.17725926783323132,0.044616717875960075,-0.1298327582461524,0.3992877434362561,0.27389251709352624,-0.12269438202602109,0.006919632084367203,-0.060826175782828715,-0.12890564657203415,-0.06558533139760556,0.0982605564878477,-0.18047895789941926,0.36357344556471743,0.07711947896532924,0.5910553530597241,-0.30760647652045287,0.6538982019140075,0.019601315219652818,-0.009991878347320522,0.08380738057893963,-0.26000502794988856,0.25253219502626695,0.11090698060801925,-0.31716195219903437,-0.3025118398160515,-0.5873234825087589,-0.3280810233010918,-0.057794030543864665,0.47548714845955364,-0.2870117707598816,-0.21376261671287144,-0.24898472063270036,0.22684767501056569,-0.027865164402095743,0.1818763824643293,-0.01688358718347449,0.2344077699687128,0.1944409613158672,-0.1157742759386758,-0.19538771284825218,-0.3216037392491916,-0.2586260054872006,0.1689288250627659,-0.2807892962046365,0.3677192223419872,-0.3185784003136784,-0.09890441924295239,-0.20213761316760265,0.39406524285388767,0.3000029947144243,-0.05416265756110736,-0.09067809978274183,0.21746111290945444,-0.4692405475295225,0.12409430445182201,-0.16858674258788867,-0.37165829925208127,0.5636659436959139,-0.1960037851132334,0.1878089315143799,0.066
-0.09286080103873075,0.04911125697494836,-0.10844811563580702,0.38202876957355125,0.24209610580003366,-0.1376165845642927,7.679540231251246e-06,-0.08726944384868668,-0.08247343737258478,-0.07675142083900457,0.11971310834446289,-0.15784331755451736,0.480252736010255,0.12764650703662114,0.5367879541431392,-0.37652413555762276,0.6239695406795214,0.1306566943390597,0.00012015195900251172,0.05593500897373313,-0.3049730189083075,0.3150531244197737,0.11854381462461835,-0.21890392141884246,-0.27899973983124804,-0.5742897239285404,-0.4052875484398692,-0.10491374568262549,0.47186818683122805,-0.24442780967296102,-0.27447498309384455,-0.30958448501950053,0.25466165168949756,-0.058755608024137845,0.2122874644949958,0.006237657949475072,0.25481658252046724,0.20063963298668794,-0.09690343593569718,-0.1695862410133681,-0.3385141359072287,-0.18521805247083556,0.21732194937415003,-0.18778018802261975,0.3541537936728524,-0.25213916799220304,-0.1475670719814205,-0.20945700488816396,0.3528700907675689,0.2097269655810512,-0.04691137825278657,-0.09149096423694564,0.239364293340686,-0.4344530748767725,0.10696093656717107,-0.2442620217282021,-0.3468195194933604,0.5772157430607752,-0.229018501011567,0.23178071941837827,0.068
-0.18823820331227992,0.09343460106310916,-0.08798567863455158,0.3012781640895621,0.2051688077353626,-0.21375010332229627,-0.012815891663466774,-0.09108430161600577,-0.060334941578487115,0.005719474933591928,0.12417482175541174,-0.20530379230820003,0.4848490480037078,0.14648679418653965,0.4889202602182283,-0.39134383677713414,0.5614687679736967,0.07284854286085518,-0.03765925693933411,0.05569684777728915,-0.27571628720198027,0.23863720252826848,0.11776288424266908,-0.2660766823219732,-0.2992265775037919,-0.5979965177363117,-0.4042921425256449,-0.14755659005395147,0.4677788446139978,-0.22823965721439404,-0.2249718446121927,-0.26356738386817996,0.2778973687116656,-0.09184663850001407,0.21745994501640423,0.08602687331351144,0.2271517337087769,0.22713882527185014,-0.11027524155199092,-0.1508928742866229,-0.3424393247657607,-0.14890455150426787,0.2018924356595734,-0.20398380270700883,0.3893737811487361,-0.20407715857246214,-0.19847270405806924,-0.21964561293325124,0.3214508980784601,0.3053451161268126,-0.08474206770643154,-0.12960188546413426,0.2677708100920034,-0.4026206039786649,0.11731554290573751,-0.2454640967587315,-0.28944723349116325,0.5926867320377092,-0.2772847904934498,0.1787105851518755,0.07
-0.24504594555820233,0.15976254933900075,-0.14022631927574372,0.2817878451193829,0.1916498783147634,-0.2225109514779184,0.04223197570580388,-0.11464606017872568,-0.05829437973811787,0.0007462240143863421,0.11972737790375487,-0.1738678225457887,0.47935260077588854,0.10537090884808722,0.5302881602087899,-0.40753406501132666,0.5863341430323534,0.08391043404236712,-0.04899928261857205,0.03906729519257687,-0.2916652735492152,0.27960963746295536,0.0803959328649026,-0.32644799953007503,-0.2663600975658529,-0.6064534116449639,-0.3796454798003921,-0.11994557192425978,0.46701897612241977,-0.23175862983733078,-0.25863837441288706,-0.31669567911426516,0.230667744975336,-0.1198778127284895,0.05295841300421,0.08441281071962932,0.1816156076680753,0.3078823322686383,-0.04862015565378967,-0.15944223970431337,-0.35291188142569796,-0.19556628708304824,0.17140180526252574,-0.20004496375326009,0.41615164234195656,-0.19243098847777035,-0.19551036166349514,-0.12457621173378268,0.36881088587888466,0.23028076728707553,-0.07201984531106452,-0.12878111230861183,0.26362800137249043,-0.31073567206726616,0.09656254073919136,-0.3085755077119019,-0.2436638463686892,0.654386532239549,-0.27411193390446625,0.1864367160088981,0.07200000000000001
-0.24654773375022415,0.19752431649558505,-0.08717145585326361,0.30347675676498476,0.1056863989994206,-0.2282268082803353,0.051091859389086246,-0.0994835243460526,0.02398613386735126,0.036320329341087434,0.17046146537290796,-0.17951265790179924,0.4424754596392538,0.15869612643503866,0.5550871662439214,-0.44927956008266956,0.5988427625046567,0.09686632425254771,-0.13404906024576488,-0.05366183260040225,-0.24207310357444786,0.313314430016569,0.10401766098021328,-0.30234793318222225,-0.32411605086493067,-0.6103497927962358,-0.49767422016231444,-0.0986941210748335,0.48414774269358624,-0.3063734246230875,-0.2719719697422325,-0.3149498963133777,0.20121387873336072,-0.13939943758127132,0.07652783523570897,0.05837783627278931,0.2679171095046133,0.24183765127752727,-0.06506984428507763,-0.14397637044836994,-0.32491278453482786,-0.16403224528617766,0.14528269919249126,-0.19128570453966504,0.370431248147283,-0.22812599542868614,-0.26283496611071566,-0.09561657877418517,0.32419216400273654,0.2090836753083387,-0.09757561449717365,-0.1211480010814506,0.2534199380151018,-0.27360469805332155,0.12334837307858688,-0.3081862370377513,-0.23773012273200597,0.6175441816688542,-0.36376633514423157,0.2694507665117958,0.074
-0.2441012522307816,0.25947985554118524,-0.07262636455868775,0.3732231784137984,0.13372585800581202,-0.2760685063878961,0.1328161380808953,-0.07499659997141706,0.056033387875132804,0.04971382683102063,0.11597536249769395,-0.17163702286023005,0.45941681223220426,0.12802400432220232,0.6476571987011323,-0.4733567803196701,0.6178189682883165,0.03224656471197415,-0.07603324511166071,-0.010132373721138913,-0.16902320751554134,0.3439865917736423,0.11177082126714481,-0.29515124523498165,-0.39524986625914243,-0.6107698386640104,-0.5477911499673623,-0.06992217433935441,0.4957576776058392,-0.2541242174132489,-0.2832542508484273,-0.4198577585269901,0.14566544523754696,-0.16774056606385596,0.060033093983040575,-0.0004864295077964889,0.27699145522123453,0.29381209714234463,0.01567411713995248,-0.10799696504370324,-0.23864988716225471,-0.18243821165494223,0.13669760694270375,-0.2252126612717647,0.3213622095037302,-0.26641261059907817,-0.3208388326660035,-0.07188969276710312,0.3401474000110119,0.2506598958979111,-0.09917039540751371,-0.11132930290087156,0.2609745436786235,-0.2730766456447135,0.11002884349953461,-0.2239675658036934,-0.2212383180469282,0.5152871518026138,-0.42735281237460504,0.24872688910755056,0.076
-0.2504497192657994,0.2816458826873809,-0.020135473030157718,0.4323835922334038,0.17675454602785878,-0.35031204041998476,0.15432952899901944,-0.08605202956177588,0.11928406940271105,0.0857531561840665,0.09888139398112225,-0.21504878461010207,0.5086901784917592,0.1703550040044684,0.6748970486964843,-0.43905962341082716,0.6282188805030094,0.09302430016371038,-0.11098228355069759,-0.044623719127909085,-0.18963252767504596,0.3755062755133424,0.13819759060485456,-0.2630719197225381,-0.35779568817306906,-0.5839171948380374,-0.5522999679653984,-0.029006792472648417,0.46571347876578917,-0.23788550425106453,-0.282663969053817,-0.4260945893253412,0.09780722843767921,-0.20044627079933847,0.037822891042684104,0.009712872558514067,0.311076704776368,0.3289671773777107,0.04203370009807758,-0.09940159590693066,-0.2113894102805099,-0.2435044981337916,0.0873684055628472,-0.2260148205950725,0.4064958984466238,-0.22976429880700833,-0.27335891090072634,-0.16304395998513366,0.33907623889946953,0.19853647686481188,-0.06797172252854733,-0.04010226776828729,0.2798860402576886,-0.2815639889080432,0.17344147942870436,-0.3050825378400756,-0.1473978194405543,0.47187758838939675,-0.41831501232181706,0.18914976427329147,0.078
-0.25391333130906,0.23946237755387223,-0.07522554321525113,0.45507229887616113,0.17014445016916957,-0.37783180860257176,0.12712875616207156,-0.09027039874745464,0.14798982128264235,0.05508369594818334,0.015293120282411365,-0.24581479469622247,0.5394193036034999,0.2067417212454645,0.7454537920873975,-0.364971117519509,0.6800354791370601,0.07329617022599097,-0.17975091768334908,-0.05583976789646362,-0.16621651189449238,0.3759305823792361,0.18770006504498676,-0.2767636720402609,-0.4039674020482767,-0.5972102773654169,-0.5084921721088561,-0.03340023197345202,0.45640242733546443,-0.26514813843536594,-0.270201030353372,-0.45022221249191335,0.10189313448497084,-0.15397280946199932,0.050167730857866966,-0.025525955415002105,0.2822950905923391,0.3090314826153514,0.06001870738218226,-0.12282255144807698,-0.27488663542298714,-0.09699125649549734,0.03980536875384368,-0.2712152006922974,0.4532762716775622,-0.21379260554654167,-0.244886040624826,-0.15372864557431415,0.3018239527499423,0.16502576982618739,-0.061101810772204376,-0.09685858013414081,0.25868806627055463,-0.3940690743254557,0.1616632836954026,-0.2650755136817464,-0.17998298507542457,0.5381367474456147,-0.42915497418050597,0.16650069649982457,0.08
-0.3624990678622219,0.05961774616026519,-0.0370434283776231,0.42486630599181857,0.19392252848982225,-0.3480173675329165,0.08245096325895944,-0.0788997558707563,0.12843021980287436,0.05117596968087968,0.04664372920342752,-0.2785886088821996,0.5494477989389306,0.17646384657236533,0.7154283337315419,-0.3954732758789568,0.7166543485104431,0.08417111464524425,-0.1784710754290853,-0.06739345725506643,-0.12654455812765053,0.4654677055643375,0.16208299600862403,-0.2769782311827695,-0.45327228588648916,-0.5468930759806165,-0.5022335714723836,0.02336549113579113,0.4791223273000615,-0.25824963732951195,-0.28737660040839813,-0.39638308778176135,0.04591377458457798,-0.12117020692044773,0.03973418584062695,-0.0029924011114240805,0.291825327843857,0.26152886450742063,0.03038555271779315,-0.06294020389186909,-0.3424068537309971,-0.1326163684056864,0.10128942122659437,-0.22456563318419323,0.49489793404578647,-0.18442013324813572,-0.250645630717568,-0.1649720416188428,0.33979967760918783,0.11305554353694924,-0.08211521371636578,-0.09598368724216721,0.22239899242963354,-0.3952723015728361,0.13252879969995895,-0.3181431638780795,-0.1248058393850453,0.5274029965289367,-0.4092849321148278,0.15921454418986603,0.082
-0.38841588760298645,0.04434393437275241,-0.023102042844980963,0.45532317655692967,0.19356122256119435,-0.3346562065291848,0.06505066510041341,-0.11493642683212243,0.18510350327276823,0.04899511667921289,0.10820001137196045,-0.3336233395807731,0.5257363460414564,0.2663221160211348,0.7466329094999948,-0.3551177785097831,0.682642150879747,0.04356520734344343,-0.07243095129232113,-0.015760917384429876,-0.15373986328149755,0.41589181220993415,0.11304149763022328,-0.27274690465911483,-0.4445437797705565,-0.5428184198268995,-0.5643141524753215,-0.027712009082281726,0.4205585871922218,-0.2816862032462996,-0.18655105400027763,-0.29575822171957744,0.08688287721890323,-0.09907258353494133,0.0627761103439243,-0.07185420160902348,0.35271709808628215,0.2395339174005128,-0.006265910353194227,-0.1050269267727173,-0.34844785030493974,-0.16767728780855123,0.13650098732911864,-0.18021959298329537,0.5730326229738987,-0.02786485950518766,-0.2698213588351852,-0.13989079264576423,0.28682404062530975,0.17211271223855093,-0.09576244801142647,-0.05529977956986851,0.18728206664523547,-0.3860228463307884,0.17197387110533885,-0.26605778776823874,-0.11204592081336032,0.5061301078156533,-0.429225292507035,0.13843716285854568,0.084
-0.46843519769485287,-0.001846636615039976,-0.004734903741560371,0.4476407492373711,0.11574012867776255,-0.37527902904376725,0.10922537401454735,-0.09485894292933453,0.14718069989672866,0.049593062189834995,0.11763492840437924,-0.3268779837476894,0.5948412704235346,0.30136647166249186,0.7117538086914548,-0.38201322486578704,0.6600715441235232,-0.00047197219062651563,-0.09591109443148368,0.006634263676780539,-0.11886696846222965,0.4822996091195061,0.14741961752136787,-0.21083333254580086,-0.33160650580251366,-0.6084008904546011,-0.5192976512884084,0.021664882977553833,0.4371029411387051,-0.26767976561074575,-0.09066821684703244,-0.29105633512649653,0.08248339532737779,-0.11234345283454375,0.05754693525391319,-0.11685671626181678,0.3646348922721471,0.21624885469363075,-0.022764139680214953,-0.13003055923945867,-0.3795481365871313,-0.10038038369330363,0.08502084303562014,-0.15999116601757624,0.6055769925328536,0.017129830999128418,-0.21043008000633093,-0.14741456910004447,0.3175131426693193,0.18983835888121295,-0.002492566428093035,-0.10183879849129975,0.12607113514908969,-0.4023637178761636,0.12520824904581185,-0.2475557149886523,-0.044622599691164944,0.4972737286890605,-0.4944729651381558,0.15185736138239844,0.08600000000000001
-0.5094721575036312,-0.08580862634455859,0.06246267231249279,0.34264232975153924,0.1075109934090496,-0.3524384146881262,0.15771618633547443,-0.09252720981226437,0.13539825818322151,0.06774996785762276,0.031574012387874204,-0.33560684119712914,0.6096421735004827,0.28948145928099206,0.6868757467318604,-0.34990420480284906,0.657094373680723,0.05541498027495097,-0.08291107193224949,0.11645946764652065,-0.09196445922237581,0.4805273368000813,0.1119453133174958,-0.13054213881334387,-0.28429018915418486,-0.624792465994083,-0.5100905843249244,0.024114259625282304,0.4585612580576328,-0.2272351393259511,-0.03323461707148607,-0.2801762622164054,0.05142176882929886,-0.10450169780959132,0.04331837165948431,-0.0670972200810328,0.4036142888090522,0.22923886745662178,-0.03606782697433228,-0.14236615633184052,-0.368167198108389,-0.04666116059139711,0.12073187368647154,-0.05966030802504378,0.5922968519344652,-0.018733675185302966,-0.18548133462596725,-0.17955432524974083,0.2715596802483188,0.10450574436843096,-0.07943505113687684,-0.1542633032280356,0.15804669317589468,-0.4210543391926514,0.12920768699863083,-0.25105377121757577,-0.01504240942428894,0.46498925706382155,-0.4647157166708986,0.18794522262597638,0.088
-0.47616450421694156,-0.047180005398873466,0.05912884576695777,0.2978957173884494,0.09832060464563491,-0.33052423087551885,0.2228757983215257,-0.07837651257203446,0.10132115917903921,0.11153248575163899,-0.009180217310691303,-0.2934942236524655,0.6264504519378044,0.3311510530508109,0.7632731197374085,-0.3314186450829152,0.6809494536134446,0.029798435562411893,-0.02403912329332588,0.1694744495147517,-0.048937821555650574,0.48458284790801476,0.09278823139712199,-0.05767044175321319,-0.31135249841407125,-0.6137071234799432,-0.4318700733199289,-0.029830104498682536,0.4593793584338906,-0.15182256138853822,-0.016803487194988285,-0.24800704425273126,0.0741549392038903,-0.1446794056566881,0.12134516629379921,-0.08139151940309475,0.4053400709847911,0.18847307510547467,0.004531572818740989,-0.16563206505309716,-0.45546140485467995,-0.10737420868244368,0.10834073048999726,-0.036744273442222836,0.6047721506138892,-0.06014277257768886,-0.22324417845934175,-0.15245845873703145,0.2619644221912394,0.02229637325526322,-0.06757680346083564,-0.15092970651825782,0.07944616382728584,-0.4837094396520496,0.14202501269264786,-0.2386412256909174,-0.0807600758361569,0.4496011397696344,-0.5469721761061344,0.1915693198606604,0.09
-0.49525204272260326,-0.023984106514421843,0.10819881183142074,0.2890911992269793,0.07482411132521967,-0.41459722135121113,0.16330364563050853,-0.0604384755041311,0.13273147960386317,0.07563590919455956,0.006987256017913935,-0.3404451066232121,0.6720320546488853,0.3825116206804468,0.7936293683113856,-0.3173655799771404,0.6171752060299236,0.02475772291450792,-0.07595077404026046,0.18234300405821977,-0.1285519893502829,0.46884498211210884,0.05659858107945972,-0.14787226163525438,-0.3616580507173202,-0.5958391670458788,-0.4458800498471097,-0.014941067625245929,0.5135933397669057,-0.16360161971689804,-0.11664940886197661,-0.2761821296275661,0.05381413013083858,-0.1377113099096666,0.10846441763278807,-0.08933584015675791,0.39575163001894603,0.16658791178418647,0.009454287510468114,-0.11276247715310178,-0.4726986311524515,-0.11898422142959823,0.15768735819169083,-0.047115813753756036,0.6291782785052367,-0.13015516885251197,-0.19453476679796228,-0.13673121229011745,0.31921891936463503,0.04904799260564043,-0.070974215678777,-0.15220804789578213,0.07713792508106432,-0.5165687784544866,0.14363399427721008,-0.23005516846975654,-0.11068499143657698,0.3936525847037839,-0.5087206334899919,0.16060154375442065,0.092
-0.48648527285004783,-0.043652605513906054,0.0785841875723105,0.21059906889999416,0.073326307580465,-0.44570932224640575,0.1487755772527814,-0.08286571849670757,0.19329229942251888,0.060252229198669814,0.055755267882878615,-0.34624696458819076,0.6663040178455666,0.402154015163176,0.7739430842129839,-0.30521690000507684,0.5941687480055664,0.0005066394056254288,-0.03590796639094413,0.18046482935010494,-0.11250197424196665,0.47845549001813364,0.042094713652103544,-0.21499346169553263,-0.3289764087839586,-0.6007973789658417,-0.5462400270987663,-0.03585588437197478,0.4611058426352834,-0.1866237409631642,-0.11480122524524876,-0.2618861883033516,0.08374206899719872,-0.08663407407602655,0.06770547146458608,-0.07250382294273229,0.38343392525763986,0.15799312589521902,-0.028728348593536363,-0.08844639516490012,-0.4693844238559334,-0.0693579655776481,0.17787951283316308,-0.044046386252848395,0.5842315140020312,-0.19331887082387583,-0.16662503823296418,-0.14850665265613178,0.29379959780886056,0.05649705349117042,-0.06006843794399841,-0.08226701151873879,0.1495843645643345,-0.4959213477574862,0.12773247845268199,-0.20170540112005478,-0.13021950727956377,0.4374367909674157,-0.5008180246331917,0.16480286269268438,0.094
-0.5151540262406734,-0.15732832312833395,0.13289338977409024,0.13549709614057157,0.10491212635929753,-0.5491404893944354,0.1946251153481436,-0.08148157193643533,0.24815691398724407,0.05487608923503165,0.04074374655574621,-0.3726602190711431,0.7003818673113791,0.40066323337767723,0.7517943878056382,-0.334089992355492,0.62225449387368,-0.035027052800962716,0.03099626351427457,0.1976640122445734,-0.05384385216166228,0.4700968158065426,0.13587332599908655,-0.25311907981106013,-0.32023723330973936,-0.6199878806811431,-0.5168077854324586,0.0014739578565263686,0.4477830161169313,-0.11242249435962,-0.1481309074563579,-0.30202525930550417,0.1498951306315859,-0.07866287389669321,0.10081322720809152,-0.15207027867218978,0.35571646371292304,0.14004545790706882,-0.024007576221977456,-0.15451647997744933,-0.5474930785754345,-0.014104178243483222,0.2337033780108358,-0.0058894386450090985,0.5588373454478611,-0.16593137920830575,-0.181535367428911,-0.11162415149462043,0.3015016669685308,0.053683725797143776,0.005102610670264199,-0.14463587360797275,0.17141706090910086,-0.5058589179607567,0.1549652823110077,-0.26646391623797305,-0.1565799087989017,0.4827037973798573,-0.4917043358560398,0.05582658171910945,0.096
-0.4717602358305842,-0.191463903289809,0.11615997131034955,0.15132886255326736,0.1513399582080256,-0.5639260379142816,0.12429661735859565,-0.04869422234984556,0.2156069835184411,0.06587388527397171,0.006012798985706572,-0.389210762536618,0.6850212692153923,0.4393821285447733,0.8062452934653235,-0.39506490187841425,0.6476827916540522,-0.07901796541812472,0.02735811824539361,0.2442112997406586,-0.08634158199551392,0.4970728009351307,0.1974754929209352,-0.2324367075283981,-0.2383556182833977,-0.6223826658917494,-0.5357265157603677,-0.03573758577431531,0.4269839460178358,-0.03887026524035937,-0.18748842670935195,-0.1787285281259969,0.2114048204592463,0.007340726498902758,0.12569385414712003,-0.18582725737009062,0.3961765734538067,0.17629292145078168,-0.020626543335384554,-0.21720479667287318,-0.500021804473724,-0.0692320218678125,0.12379611099061708,0.028211295210117907,0.5477651019427923,-0.19472550604625777,-0.15242052479500434,-0.0695546045958381,0.3408864217117372,0.04784778703360281,0.004737221072024138,-0.23775445589942465,0.23408957245388567,-0.4417363454584401,0.12486452621812345,-0.27378546210153054,-0.11628791612195409,0.4380245492917252,-0.48356864684160283,0.1250530438626397,0.098
-0.5836457543395301,-0.2690265260773236,0.13600489958644996,0.13649484285329572,0.12995623727291825,-0.5483834257085305,0.12293967186405762,-0.05473375108648162,0.11442506189213496,0.10173264755600284,-0.0743413237929236,-0.3973487165594438,0.7107225852676192,0.44850607182041724,0.8724603018967707,-0.4439012682281425,0.7093686308772168,-0.06643101640703994,0.06431072065545396,0.2816239073858358,-0.11506626961912815,0.6147180993472156,0.23652083544499075,-0.2536820424771088,-0.13842951856363417,-0.5925821641253014,-0.5009793083904391,-0.02011496578890904,0.4657695734786421,-0.014720475594250635,-0.17290123648278377,-0.1658324835343425,0.22201238690947006,0.04293452699990883,0.21087880356657807,-0.1920437813978441,0.35184916668034577,0.22382352885849138,-0.13234789064938535,-0.15545553823354338,-0.5311963535402985,-0.07867220595041424,0.17111457721900616,0.05525383953755309,0.5572620234743495,-0.17937424492988352,-0.15150270211894204,-0.04099607809741605,0.42899805029008686,0.03843126299445788,-0.12469055492094906,-0.20574169471876746,0.25376308403362186,-0.49862626445243774,0.08993865782637095,-0.3385969015573014,-0.1288333122740074,0.5119147008984889,-0.4796331953718659,0.11068600593689454,0.1
-0.5591767984042627,-0.22357258206322056,0.12174573254440697,0.11647490744962846,0.18012559592848407,-0.48097285038394266,0.15204593753956186,-0.014986076675415794,0.10058231120935386,0.11760966566827777,-0.038106097380649975,-0.4021070127361773,0.6558883869010836,0.39550808871590626,0.8911014370551128,-0.48051538484328,0.621011864442822,-0.07988302633889757,0.04807242739722506,0.26929772018077813,-0.12286364046970172,0.6460307430717378,0.20409813977051958,-0.2387446339923587,-0.12943511021542312,-0.5845712177026565,-0.5378436683020287,0.03335619966258955,0.5388799602439002,-0.011268878587680645,-0.17859826548327432,-0.14303848620606988,0.2517992379258088,-0.002545025386675198,0.24694235414048488,-0.1407231379850305,0.3256591937632992,0.1685414437954549,-0.154472860612551,-0.1519766640031417,-0.5059462672922944,-0.037829828619113284,0.2026069339606422,0.11485429353805973,0.5623736357726299,-0.27356456466402385,-0.12192960410126656,-0.13184002271489692,0.4964986560346668,0.05229752753588701,-0.1717131785664571,-0.20892927872113995,0.25244975901661226,-0.5119833359182254,0.13296867419116082,-0.3272783340340652,-0.10142212744932905,0.5153342486688908,-0.47430970556309926,0.03813474503402291,0.10200000000000001
-0.5869686904923481,-0.23469119496493093,0.1267091761897824,0.04034038054905538,0.18070490369276163,-0.5001331157530926,0.10689400020087567,0.021539691877431932,0.017212580084884688,0.09175159284132454,0.024910290194829418,-0.4381578117425978,0.6885735588949268,0.4719217854552452,0.896716200553548,-0.46777868186119764,0.5954890789273767,-0.0682742808278362,0.05799577132917458,0.32349778288688824,-0.12607520169169564,0.67251272505993,0.1919758961398158,-0.21718024353967405,-0.11742205591641441,-0.6398432933513312,-0.5735535552679686,0.06233155049364036,0.5844048746541818,-0.025761057301301918,-0.15573013597444788,-0.18815197654437105,0.27062308295762727,-0.03273079408287487,0.2687918422006568,-0.17750196033016558,0.292082352993895,0.1388378745869988,-0.1834966743834602,-0.15042311078413856,-0.4379462267842148,-0.05031159144737431,0.2617935059407888,0.09500818401324002,0.5549948533092446,-0.31271438712791744,-0.14432150932850743,-0.11266012674094422,0.5316901708832534,0.11370438521689154,-0.1405740197797939,-0.31725940845546496,0.1910053256664305,-0.5365212379450959,0.13699077915117747,-0.44741059121786964,-0.05897767050671251,0.5899994432113683,-0.39934717126012925,-0.004657447871433483,0.10400000000000001
-0.6071108066444139,-0.18232324687824725,0.13106253189885134,0.15355394877639914,0.1539538392844852,-0.4829756956908192,0.14750584402485561,0.05655460315901655,0.07268741467044884,0.07336949664968101,0.09811278791433839,-0.41693015976877384,0.6153627328244262,0.460723313815212,0.8422254672971531,-0.3927120056352612,0.6400876561715914,-0.10729900963491237,0.026777398173112806,0.3027052874158633,-0.19217086188949678,0.6639801879558863,0.24139039242636207,-0.2804949811535775,-0.19990747720434965,-0.5943555077925955,-0.6024490947811778,0.076081429879285,0.6903532213972852,-0.12759927599327023,-0.1948968750825747,-0.2317944172268956,0.271189695143927,0.02607109948825497,0.29975141149316475,-0.16078991105554932,0.29074740770526103,0.13574912538538092,-0.2042378443491925,-0.13639818525594624,-0.3527950591801569,-0.020375026501216663,0.27108847562905874,0.08197581629135132,0.5665201344059092,-0.3525225483523528,-0.10526834454943554,-0.06710974542658284,0.4788380509782789,0.10000997810703173,-0.1382983918343191,-0.34528949089413036,0.1478045430125938,-0.49431903392222,0.19109862049418527,-0.46518499396309365,-0.03731432552456175,0.6550894151028371,-0.38485157137399784,-0.005761265260029095,0.106
-0.554962829154537,-0.2872128661003339,0.15567826024695222,0.19314984913562327,0.15345351784752218,-0.45158727203782384,0.08397105893014971,-0.09137623876259748,0.12605812959678528,0.038710451613981386,0.08904884739255212,-0.5382022059188674,0.6478018864455378,0.4758970556530181,0.8018760914749945,-0.36926797987154214,0.5961054737735361,-0.10869666387557213,-0.06373257164405657,0.34830091772902533,-0.2365540140828872,0.608764420074648,0.24278100414085294,-0.368605213968782,-0.29252264475721584,-0.5885856955027062,-0.6039155291935914,0.07509443785880653,0.6349104199414881,-0.15250128198276583,-0.21022025106632308,-0.27410277788183596,0.2191677080822117,0.07638689031830699,0.33289943464673877,-0.16141423890178305,0.2693974253575212,0.19503820489480708,-0.17642740448022287,-0.128547262500282,-0.3881211484943306,-0.0480776566661269,0.26613822965509526,0.04887030802133835,0.5944355236599513,-0.28375523721603935,-0.12279138507431828,-0.05182806855865969,0.42286891441878643,0.08556536763986224,-0.099682271419719,-0.31677989272875556,0.14711641095852898,-0.5277398323035232,0.19009340923752102,-0.42897422068493885,0.03889740515205245,0.6653979061423916,-0.40053482558313225,0.045820474025995345,0.108
-0.5928625400739017,-0.3596119659190662,0.13814694688074508,0.15812881941884213,0.19147726583897304,-0.4830054389070903,0.08698569665193308,-0.09502446446141403,0.0807219056592494,0.09737726917361555,0.15227960396655582,-0.5457847733529803,0.7134614782630017,0.4333827721076601,0.8834463477915453,-0.39126904266339024,0.6521810788534597,-0.09686801309779487,-0.04992506440948158,0.36893561941700703,-0.2544471843197946,0.5677607222514013,0.2934906296831447,-0.3520389509498314,-0.3109568469286272,-0.6317854104383849,-0.553391294297626,0.12267876047871801,0.5994926404674901,-0.11836202277462751,-0.2573762600946617,-0.23020411606633456,0.19698065818560564,0.11377793565347735,0.3563111235597823,-0.18460414078080917,0.38684193903779185,0.18076723573232448,-0.1621134080927326,-0.04988716912693589,-0.34197061540087703,-0.02395106407790118,0.28847881449813595,0.10877108904593208,0.6154326583607869,-0.28125645646127395,-0.2200590586861997,0.02657379218638546,0.4483755172614496,0.10935821248088642,-0.11815366092357399,-0.3192664718850669,0.17796815035660654,-0.545565902076177,0.2077656336228714,-0.435650100689982,-0.07903074690618948,0.7290203339258794,-0.3300452430826114,0.09425777126788121,0.11
-0.5575357854869686,-0.3340801711712793,0.18751148948855273,0.20377808535657804,0.2218546360594527,-0.455828470945848,0.10326761390391406,-0.1257616963803938,0.027448178282315064,0.16410014388193786,0.17008490542487803,-0.5414450432082709,0.7455511159581836,0.40473044914302403,0.8722411128309505,-0.4228832552445044,0.6847788134449044,-0.1299650076557756,-0.04277525328820498,0.3871882699743649,-0.2632167255378959,0.5714057509002964,0.2448324310099802,-0.3707833645906731,-0.27769867013713334,-0.6167923355764044,-0.5604958365153713,0.07183296661995073,0.49881869089356357,-0.13063867563562256,-0.20579170755170553,-0.190069579222733,0.11704071432935509,0.08306438256955506,0.34029304239227365,-0.17603246117010024,0.4267835499148035,0.24818745038344284,-0.15293272292561377,-0.016327355077025728,-0.3623173794462352,0.04940273108724896,0.23507848248144664,0.09207504223904497,0.5858303070796961,-0.22658308083293566,-0.21878306242932452,0.004204958304805991,0.4635075077418923,0.16541924536370756,-0.09054241019925814,-0.2768373455386689,0.20681251936584832,-0.5867029654764722,0.14107825190025639,-0.5029384192809138,-0.1086667736679781,0.681673171596896,-0.3234172188817147,0.06405017950573909,0.112
-0.5945624846680486,-0.3074245314284952,0.20866182577267742,0.16595843776211344,0.263524111294339,-0.4514742224609355,0.16114363854390604,-0.14957520218631534,0.03396150506659229,0.19257115997717653,0.17185918641434086,-0.5604571865591952,0.8215252593576685,0.3870256787637403,0.8869927793676027,-0.4155480894443123,0.7638483753675044,-0.12655764906503703,0.05574286248699472,0.46566918920898404,-0.3195534515000374,0.5810986476888359,0.2306037120879909,-0.38670519032866607,-0.27154488330449694,-0.604831108343405,-0.5495327113074747,0.11996346727965196,0.43649811908268765,-0.21921542155859025,-0.11689979025377871,-0.18684806601703888,0.14043080555512466,0.03786261308529287,0.3135298785226381,-0.1274041328999477,0.45435390490277855,0.2518467834465841,-0.1492382541185672,0.04235350193808731,-0.3727166267942767,0.06738614585023764,0.23996771219667085,0.02006525214513702,0.6419014525191163,-0.22561763770859514,-0.21402654895247933,-0.02418993651203417,0.5029711942720126,0.21600284880349307,-0.10951194575642573,-0.31514772938640473,0.13751387758422753,-0.5807963401364229,0.2410513947223223,-0.5587603504325827,-0.12351968299968967,0.7096419404025173,-0.2669514083714006,0.05860335886167461,0.114
-0.556902224539546,-0.34782551380044235,0.20223008359474767,0.19189771122284496,0.289337511777425,-0.43110091826788993,0.05939673324916926,-0.19066288171142481,0.010345115048545846,0.21213470033965712,0.2057995627799452,-0.4786162842246812,0.8572222400255387,0.4575820169700187,0.8954725308382196,-0.458959992903922,0.764070015086573,-0.14617473504408118,0.02751469991797377,0.4518769723162122,-0.2124987386067965,0.5940912616030074,0.2305527943572989,-0.3681236443641053,-0.29965142504136755,-0.6277941849505827,-0.5884396211187551,0.1405181988012818,0.43518312536515213,-0.3127238241578254,-0.07383609334776572,-0.20368112607708178,0.08382502353342963,-0.0470269434446334,0.30657706842323956,-0.06086627089871294,0.40978083167767737,0.2762558405248833,-0.1761639708338478,-0.007179756064783681,-0.43288038454317945,0.02228380742040801,0.11380116108199664,-0.017533604370401065,0.6540089536543845,-0.1715372397502951,-0.20569560556617494,-0.015223594933972117,0.5017954560882982,0.18937338936197423,-0.08348446235005463,-0.33598264152203766,0.06256076252628931,-0.5926415230431357,0.2302282286254348,-0.546790434069942,-0.13959697890733014,0.7499305497077904,-0.2800767674328336,-0.005938530480058206,0.116
-0.5354379907147485,-0.3961709698867675,0.24407910256363777,0.12116381107956682,0.2461380710005673,-0.4045175294092399,0.0753355976539731,-0.3357831027072711,-0.00851678699114074,0.1851759157683556,0.2022641055381679,-0.4640230380333612,0.8195898785176228,0.44542644978685747,0.8982760281540642,-0.4635903185262997,0.7619908555078277,-0.08708565940657795,0.0544554188563079,0.461588637077431,-0.23199846571324376,0.6129670445718183,0.2157832296290714,-0.36298851215545425,-0.4072907954266376,-0.5813615959518877,-0.5653618798557926,0.08481828195671126,0.5234285582725682,-0.26739026737912963,0.005063801348439534,-0.19760615745733587,0.01565584105090108,-0.08691756431093423,0.32005458026816314,-0.09680558865145858,0.3957256215445831,0.3164907193483432,-0.1261760458418375,-0.0527459500313775,-0.43202852818401094,0.05836274497376529,0.08665052292193509,-0.02653320473946697,0.7344150746312509,-0.14894800307060782,-0.2160879258101211,0.03226842806719055,0.48374900267695137,0.1925610812797878,-0.00709249333825028,-0.3530131876614433,0.03192242920803921,-0.6602092607190523,0.19237430511154502,-0.5112009285586443,-0.1292247850247636,0.811690538440062,-0.38582045406635346,-0.02189397924160285,0.11800000000000001
-0.523733278706315,-0.38123527100813537,0.2703421335749888,0.12930693025533888,0.25986297832847516,-0.48041048410906473,0.007858555914542806,-0.2675326934794205,-0.02858748030931083,0.22124265998123926,0.2146904404435088,-0.4840433930007157,0.8604413516652243,0.535486322222189,0.9309172069213463,-0.4894283207009529,0.6633256019310403,-0.05220560785803023,0.10491865303719497,0.5340704717320439,-0.2719071550390062,0.6565206169799908,0.17448295477077816,-0.3259653981643972,-0.37223246992530257,-0.5937425347796937,-0.6614029611658296,0.0440403161831758,0.4853155204327474,-0.25271746940891576,0.02355311189003375,-0.2569181703934156,0.11238633733117236,-0.07966649943163741,0.3214427636139086,-0.14628312757925674,0.3137634658857146,0.468828392905688,-0.10050367063242054,-0.10153746155900939,-0.468624978619459,0.03871482122680456,0.15364278652113633,0.008324499568852672,0.8405998772327627,-0.20412141137532777,-0.21591867875133888,0.04114100193583574,0.4825204202363606,0.1371029028649514,-0.03028477194665369,-0.3215221593349692,-0.01264719218642315,-0.691089332095346,0.20207816330801334,-0.5207351380278918,-0.132662515698236,0.806429676361098,-0.4755767729823064,-0.0038401827505509835,0.12
-0.5228542996579655,-0.392678393857688,0.23137726734194675,0.17839358940565758,0.26541287315301765,-0.4669281533420099,0.0429635627792327,-0.31875494842017654,-0.08069656296444273,0.295137198862424,0.2423004654620302,-0.38853923585675976,0.87918935486818,0.5412677753455426,0.9525344211706135,-0.4401601218833922,0.6551569093019098,-0.1082483416651015,0.07791027461290788,0.6062744193020612,-0.2819122185663464,0.6887873472430174,0.10897641871039827,-0.312568514827024,-0.35660264069306796,-0.670760235201579,-0.6976548219797053,0.019297312263103328,0.5607948554998795,-0.26755887971031733,0.09002670546707281,-0.29316335120242715,0.049949953283690104,-0.11321775451226797,0.34929668002472014,-0.14954492353455312,0.22698272241543616,0.4484442827656318,-0.0727353629268599,-0.17406096186723558,-0.5098819177155461,0.052525172768263975,0.12336609133377385,0.01937731581143322,0.8279096655072561,-0.1840796102993683,-0.2688397863669458,-0.08815499816219709,0.5002172151006273,0.12832537077162529,0.010695082085596119,-0.285031726076575,0.06152228882451483,-0.68620734456719,0.1798326800730429,-0.6110945864400376,-0.14600552918813503,0.8277179392070247,-0.5219361541942257,0.06760388352720857,0.122
-0.4972501346058717,-0.4240075780582305,0.1339972059583219,0.19337694658218146,0.25982517179920317,-0.39599875539372864,-0.05042439767878587,-0.2964593992838781,-0.09795290625561029,0.27605294252835494,0.23032880263913028,-0.403152240175082,0.8171305471805859,0.572537888789451,0.9654788828794123,-0.4652702913678272,0.7125499680796974,-0.12388777115756769,0.09689337579496182,0.6124981904424789,-0.3121696208757869,0.713441266441107,0.1609688117806976,-0.34772345713250846,-0.3898599430121653,-0.6585183613005618,-0.6450622357985983,0.036800231615320755,0.5534610345474307,-0.24594881064457574,-0.009000946526195305,-0.24688073299123026,0.046397370786856115,-0.12983521764572645,0.3068809850783102,-0.0946339665890217,0.21463659383898664,0.4686061682586845,-0.07407774416423449,-0.2232679226091506,-0.5044982206157619,-0.08764509844358474,0.11624965949635141,0.023052726426800275,0.7955935125975068,-0.2071174109777207,-0.3702760024561409,-0.0395642764785225,0.5005880764440306,0.15900568870947474,-0.062497985713551044,-0.3059480563444885,0.08146228909548715,-0.6096030563772709,0.183589232361066,-0.5421238959598202,-0.15057925290014884,0.8592023505892112,-0.4256401344344697,-0.01969137499171439,0.124
-0.4610761552985551,-0.46307472713734016,0.1511819500168983,0.12719973149683006,0.24028674414003676,-0.3417097242457609,-0.03277335068015386,-0.30803264477817066,-0.07565953730359135,0.3152929156947778,0.2431211196211437,-0.40937574007086575,0.7900062629588269,0.5823896349939239,0.9565748640084216,-0.4902296311534804,0.7834547583703511,-0.15889703344262582,0.05435242298456456,0.6156695527258372,-0.2654752679639585,0.7079505718215868,0.06474806563445341,-0.3189973152822153,-0.364800900818815,-0.6554787133343118,-0.6044224580780305,0.008637888401062128,0.5843677027250022,-0.2518470136611625,0.03339365756977633,-0.1740781160754395,0.012254830043435687,-0.0492468865910623,0.3047236790269085,-0.13761647969335153,0.22867493399480449,0.5017953681010937,-0.10019034208840033,-0.27058368070727334,-0.5493010701425566,-0.15504445799583677,0.18902184536875435,0.041573796725685314,0.7819392656118407,-0.16861016324722025,-0.3945105110960058,-0.07171455526888043,0.485687129951619,0.17499361957728857,0.020359118140449495,-0.35288506568442257,0.1279683244529805,-0.6103393879968754,0.13441577226645302,-0.5675593225366387,-0.10317505284840203,0.9150015946128709,-0.44898682287007885,0.01637514664879812,0.126
-0.46126922385772456,-0.437456701071204,0.10513246846383154,0.21775777877806854,0.2886316868747901,-0.36818577528678514,-0.07430077081028717,-0.27544816973025554,-0.13458244313723688,0.30288846536277436,0.17866463122852907,-0.4645343695313924,0.6928132880212932,0.5571446033746517,1.0431652838725027,-0.516964798040398,0.7562923253744648,-0.17458654165031612,0.03923402503545477,0.7032786952991981,-0.21294050965814112,0.7657665389963257,0.02084267639906561,-0.255218263410766,-0.3885720647312458,-0.6264736451379754,-0.5992231949580412,0.028250601709074775,0.608378945675589,-0.22806008008517784,0.06452553816832333,-0.21119427980961986,0.014363615712565406,-0.016909309885671707,0.256619135211854,-0.15696123832320105,0.17185156768028897,0.4281608050552825,-0.1436535274443542,-0.2600682243399577,-0.6230943380294571,-0.21309321727216213,0.20703441729924005,0.0034628155183594397,0.7395761948280465,-0.16811518406411827,-0.4431966264166607,-0.07877238104583018,0.5077569242232215,0.1685158307489611,-0.03905237605835624,-0.35607307431461704,0.1366600946318296,-0.5283470331389579,0.1524932004458839,-0.6372873873479099,-0.0635373610213329,0.8767671456906245,-0.5282780804692518,-0.015278642759743527,0.128
-0.42538797975142284,-0.4025777431672426,0.048309716021800356,0.19173323719427163,0.2497654696631159,-0.34826094233516197,-0.05193938653953529,-0.23427481698856453,-0.13543963869781994,0.3459720887643848,0.16417221247827343,-0.517341792368543,0.7034547050658099,0.5396341610134904,1.0597985197232274,-0.49716691277496317,0.6725640719980271,-0.16485079827974647,-0.05152961418850824,0.7251686911831755,-0.27703424912659225,0.8314120322182402,0.13533728920237198,-0.308737955019581,-0.41792301572481383,-0.6138632774927494,-0.5423059861927542,0.05536087308580011,0.538110997234255,-0.26959318309570834,0.09554950184688701,-0.220105209263965,0.03266355623854106,-0.0058168014455325726,0.20705388483027232,-0.1205482992813174,0.14176379597396485,0.4266993593676497,-0.1639183567983266,-0.33629757336208616,-0.5343138849579889,-0.25839251113613404,0.21672292609139243,0.07027050274579058,0.6926045528697862,-0.13355503119761342,-0.4662407260886628,-0.04271622232778929,0.5374143374932382,0.22076216690670997,-0.0062125369165106845,-0.4186506848742867,0.09701073351184591,-0.5678836921006516,0.17679494173579224,-0.6111367072729865,-0.14068036623945662,0.9052729320656531,-0.604968503129915,-0.01970734029754569,0.13
-0.476372193667844,-0.3548720252898056,0.1346952728588125,0.1475681153573923,0.21951236300317814,-0.29115585882624717,-0.0491766443040243,-0.2705640817934644,-0.16901582378545882,0.3350385337894508,0.13599953276643423,-0.5737575186667679,0.6639990909516557,0.6177253064601245,1.0168733574730975,-0.46663396403045126,0.7410487977277852,-0.14773282751235056,-0.06092545238936528,0.7460806947464381,-0.23334507195831974,0.8211600956206958,0.15619351680499205,-0.33485243978081236,-0.43152782383932387,-0.608846372513201,-0.5661056559511404,0.0012963108661769446,0.5706673571614361,-0.28859309616609674,0.10823358956549738,-0.2514696027275773,0.059370020961359266,0.008260976481562479,0.16438221425586508,-0.06148710763048986,0.14754509015435932,0.41487558222436793,-0.21972667236392923,-0.39385243652623475,-0.4507439378660982,-0.29696814007715266,0.12637860162069414,0.028444126496039127,0.6835553590452804,-0.06619417472116594,-0.5076935566025689,-0.043214437974488665,0.545305023968536,0.24054215468819795,0.013332947699756206,-0.4413079657700226,0.11594013107347785,-0.5351561314599866,0.25060961778642177,-0.5770005585633542,-0.10263648261727379,1.014905969279844,-0.683497143931925,-0.025259460986461993,0.132
-0.5119454921716904,-0.3094893290203542,0.1256491477554239,0.18124310689214768,0.25810553693764726,-0.3272851348039031,-0.008968787023689216,-0.2897279415484795,-0.2058075602705306,0.3123484293276221,0.145731613769898,-0.6305608857250233,0.6214275292825207,0.6069919520176815,1.0026674611781878,-0.41042362050444897,0.743518639133008,-0.07459035464494522,-0.06293526958780882,0.7068698120396101,-0.14915228583398282,0.7474059865565401,0.13661356241596978,-0.2814745190198277,-0.4113781926654093,-0.6509707069775854,-0.5382240321935915,0.026276437927789026,0.5712580213015451,-0.19829554479664438,0.1563973562496511,-0.27736345303884785,-0.0065067896508031325,0.043459625331400686,0.14070253828374707,-0.10707164910119109,0.1432842528931223,0.3960367615455854,-0.16413911256352295,-0.38279582833927683,-0.48929724392434615,-0.3168617805819477,0.1721681163874688,0.03666242319913097,0.7386211189911925,-0.013970208965922298,-0.4225943571116049,-0.050239315530833446,0.5588794678335107,0.2239787034926912,0.025793331076927356,-0.39884757922867076,0.14798058399248346,-0.520309616152692,0.3235442197478351,-0.5385296354934307,-0.10872616552239076,1.0578073092886828,-0.6331624573168867,-0.10881543958422785,0.134
-0.5030917958258729,-0.35488015520770444,0.12431991103745293,0.14976251471178814,0.2725387296620508,-0.3902749135688426,-0.026798362056960786,-0.28230426339593223,-0.17126660283412243,0.26022296369606135,0.12391480043556558,-0.6265224317355023,0.6548747873590062,0.7404995433474961,1.0264989352246625,-0.41681446919810927,0.7283467386867076,-0.027829056539380677,-0.03246849330338532,0.7209189681596505,-0.25764087533954716,0.7840024247425235,0.2112360175775419,-0.27541770975814495,-0.46741993732872067,-0.6973288097301018,-0.4976791278599952,-0.03185999314818998,0.6211551401092306,-0.13123247209271505,0.06996794438659164,-0.2561036616536953,-0.06730021155920599,0.060452741946331795,0.13336489465528445,-0.12294485299073434,0.15486283495634667,0.5100101640909456,-0.14782743751454133,-0.3796265006578083,-0.5621773447150364,-0.2215120138148808,0.2044023964563913,0.020814995155956625,0.7052203047102955,-0.04046328602909426,-0.41660751782087857,0.026945421019986933,0.4814674740102005,0.19540410656454912,-0.036214264206255425,-0.37421015600756224,0.16731078161963794,-0.4721257186243357,0.3122492866153886,-0.5543952315928866,-0.06281649672014097,1.0041249252615063,-0.6602888671834531,-0.0648456429637802,0.136
-0.4113647963580454,-0.37412640940699615,0.15627978366272885,0.20299356185068973,0.22597721420714104,-0.38281789871430855,-0.017933849164531605,-0.3185206333227762,-0.04009617039401475,0.26567509895120056,0.08700309965844925,-0.6852434640615956,0.6669304698602381,0.7616414084827717,1.025765024979649,-0.3757962014744485,0.6940449932059356,-0.018818140137157546,-0.028443212671850546,0.700259656008163,-0.19099422762079724,0.8161197976898852,0.2095042060217857,-0.2194253007665803,-0.48992373971807224,-0.7484501480685593,-0.5181158534447048,0.012070154486436474,0.673490858536056,-0.12195867820474066,0.12159300430063338,-0.28358649854984375,0.04398597293395988,-0.024925443321572108,0.14258225930084914,-0.1487541636538939,0.19086589539240603,0.526163842931253,-0.1711239815676703,-0.3664047776133783,-0.5915245061301152,-0.29091167769309406,0.18084317116868087,0.04261531898067758,0.7120195349491633,-0.1194361443442318,-0.357159050122789,0.09176433167378384,0.4702278899002636,0.17007756267119417,-0.10924212295342507,-0.3563454467385096,0.16867768774557979,-0.3969036712287718,0.28155186668543514,-0.5694677587149338,0.0014410985887571837,1.0197222942341766,-0.615617984385292,-0.05429094427612393,0.138
-0.4360122440282302,-0.31974551403858376,0.2129188010390171,0.18147588717683114,0.2457915347680537,-0.3520057982813668,-0.028849075381619446,-0.28134242894652794,0.01052584759551043,0.21223111039967713,0.05337217133277905,-0.6636537167012388,0.6125830702541284,0.7681903031518746,0.9808413273141131,-0.37431870358601527,0.7650529357202269,-0.023259045752097456,-0.027541710989568542,0.7104116933139342,-0.09628930259753805,0.8955296498611455,0.24696849567611157,-0.2728298829790446,-0.5228788838129675,-0.7380584192845407,-0.5240441286962462,0.10021812736441571,0.665195140872579,-0.16570428048611854,0.14293164056458935,-0.2694590982597172,-0.022234583571179703,-0.018350382160457118,0.1811236969534879,-0.09822620584615134,0.22372978692126683,0.473400324423275,-0.1827466746542702,-0.4040847880969398,-0.6397394883799892,-0.26697371954016313,0.21833345049248248,0.15352493639766518,0.7058114949266083,-0.12059024224538781,-0.317405645007547,0.1270228850655351,0.5279766169439198,0.15427776598866472,-0.09832901986411743,-0.345858308016013,0.198891896006197,-0.34287468002648314,0.314447086116534,-0.4866286432522833,-0.05695400834937852,0.9861342599097283,-0.6370761391623648,-0.04115548924555217,0.14
-0.43678967988357426,-0.3678680913070575,0.20678709063450515,0.1557735650177979,0.23417513205839402,-0.28948114485157533,-0.06661346831986034,-0.2790820684237997,-0.01385297007473629,0.29470067584730736,0.05783532424487355,-0.68454820050852,0.670437600544988,0.7878894769985993,1.0152477161236935,-0.3363557130766964,0.7414836629393176,-0.04224409313862851,-0.03977984579675912,0.6586216936536375,-0.16142717237234513,0.9102393813546313,0.2577946991693788,-0.24061708788901245,-0.5228620224793319,-0.6901062139393969,-0.4955026364454279,0.14834121704329212,0.7291000396269243,-0.12513568633010969,0.13016051485481434,-0.3261058925181768,-0.13906964561539997,-0.05313857793506771,0.15382890697960852,-0.12907639593792475,0.25438777800887447,0.465572623287609,-0.20553645299684442,-0.37461143365243754,-0.5987624810461813,-0.271414121516095,0.15003535619139793,0.1528576982385958,0.6970001757571399,-0.17077003272965602,-0.26758841455292437,0.14099719210216244,0.4895985228106735,0.1514203719018549,-0.14459339498307955,-0.3767578702485844,0.2827284891540225,-0.44091598592518627,0.33170619188241623,-0.5472164999066277,-0.10751450328139475,1.005141762552957,-0.6830672184964479,-0.015910528773853017,0.14200000000000002
-0.46811087969560794,-0.3542595882931726,0.2023213612494259,0.11483899684305676,0.27804702108031515,-0.23595684179147472,-0.052610941645917224,-0.3511437193537192,-0.10197412882541469,0.26582660270814273,0.08738777004647208,-0.6660021245669714,0.6600196321504307,0.7056752442950851,1.026459581135864,-0.3236307621144522,0.7050333231417086,-0.0649837867868857,-0.05152745525582125,0.6216626281095016,-0.12105930837583806,0.9627524614370208,0.2288890764523145,-0.30651812068240547,-0.5406192219346372,-0.6687455682998571,-0.662231282517869,0.21885113728662214,0.7390231376598154,-0.10895954080683759,0.15378105036601966,-0.35319098884854716,-0.14606840385423572,0.025037536198860982,0.21599330613031362,-0.10914293831559127,0.25027228666605267,0.5118724618377057,-0.23375651497744032,-0.38021241903913866,-0.586103689630865,-0.3242560841942506,0.2279789492239518,0.14433381495539283,0.7181871231626931,-0.18377274853290237,-0.29395243433772,0.036857821053041376,0.5192588119538423,0.14687620847193986,-0.13723737006992262,-0.4091019924326137,0.28468617868149104,-0.42192722261132914,0.311769251598408,-0.5095728793507599,-0.16074607761768772,1.0112893631903326,-0.693407833652101,0.02868543166231416,0.14400000000000002
-0.5383025436953468,-0.3391353871819894,0.1947344104357118,0.15037067290853867,0.33536212513498126,-0.285109979494767,-0.08188963296921756,-0.3779842182757224,-0.04064627037739772,0.17839407232774604,0.0775001139769644,-0.6638430010236042,0.6566639944356085,0.6661803411082543,1.1014729806820824,-0.3269119357019684,0.7536861046336011,-0.03399129026981472,-0.06312010359259052,0.6163189525000452,-0.136894788483694,0.9514928882092,0.3299728836503737,-0.2692937428220905,-0.5738280731242646,-0.6422792942443866,-0.6459780863517628,0.23927630279504616,0.6773082770814297,-0.05358120960664651,0.05365719581541614,-0.33891940911629936,-0.22285223183994682,-0.08074179005172084,0.20524450241442874,-0.05258228656617849,0.27104320054335657,0.5669139196966059,-0.21051555320699708,-0.42054354001525984,-0.6315842281005162,-0.298103329706572,0.3061786586938255,0.11659747313630127,0.8029107842217574,-0.17166999316382664,-0.34325176044903755,0.038960488465063864,0.595995499153314,0.12828887896085805,-0.10956431823087524,-0.37741789302712003,0.2752879899041905,-0.4621103793041501,0.2617323866696871,-0.5145968290655348,-0.1470986391691516,0.9936661761720036,-0.7646159746096844,0.045842365277192765,0.146
-0.5231598130075226,-0.36979159975309217,0.26540222480134784,0.030051998437601007,0.37922720724760445,-0.31939466675355743,-0.0343173728794469,-0.3427121057012323,0.0256782349270762,0.1374735642779754,0.08713396096489774,-0.6998378573300529,0.6897319449474368,0.6681157464417341,1.1074242202393612,-0.3320012678555447,0.7265868166604097,-0.07604876621404147,-0.1126303199704184,0.6004164642603296,-0.12519140650733848,1.001393471318363,0.34102511446551936,-0.2245375308478737,-0.5483071953471218,-0.6257615744085876,-0.5802408983267028,0.3096641339526454,0.705161342710039,-0.026135801973110887,0.12866037040062256,-0.3413622393421102,-0.20955731971407,-0.10674357807551459,0.20584490507937722,-0.09283914939261392,0.2802307470222388,0.4845226467948765,-0.17135275135739778,-0.39035318910575867,-0.6344614585499554,-0.25283885469753076,0.3358558974754699,0.21257001557864072,0.8009093524878289,-0.07361802244616536,-0.41620794547640616,7.957110433005898e-05,0.5502802767672827,0.11398361221837025,-0.11495564235476638,-0.39730443575440155,0.2590729810857986,-0.3958819912623178,0.23840201962864907,-0.508734003724509,-0.13105013799858795,0.930582406304551,-0.7250647403919289,0.04734698128127971,0.148
-0.5385329337470063,-0.3665864745639091,0.26748566483963876,0.07688626668690074,0.355353910242569,-0.34104938952753416,-0.12025403972988936,-0.3774532457483284,0.030990974445828094,0.12462296825955146,0.14740575335313244,-0.6619094282432796,0.7649581979328364,0.6534435273569605,1.169943261948703,-0.41017836005228847,0.7483183415529056,-0.060574326990482014,-0.1632891773407767,0.6063363810774763,-0.10312300390525024,1.0389160482904811,0.27409593688044853,-0.2982024588004289,-0.5830087947310905,-0.6171395323591932,-0.603438819575664,0.2684609759940602,0.7202341646434026,-0.004839813006247955,0.1314246413213058,-0.3518107200800616,-0.30116500938553437,-0.08253278347031698,0.26886066835848266,-0.11227414377471562,0.26465946022608317,0.5074087902637934,-0.17100481039607313,-0.37140393693624496,-0.6480248207101847,-0.2897682706351259,0.3786591230238673,0.19718203815404833,0.8079574835914564,-0.06272433983338344,-0.5176864952570812,0.013846858390398837,0.5614084878194947,0.10286442130828022,-0.06409040813851824,-0.441320707750327,0.1832292922455333,-0.3917898348515157,0.22367387282066534,-0.5215028853305217,-0.10926242944702122,0.8925869035406907,-0.7850300123985602,0.06431177809347746,0.15
-0.5222787354708852,-0.32636998476926693,0.24166076373000508,0.0572934237637203,0.2981632583191559,-0.3210738126540078,-0.18091773338810416,-0.3722226755151047,0.014710535843724278,0.1429721652066836,0.2881015861179206,-0.7012191875651964,0.8398155845186162,0.6200589560245877,1.1417615622886657,-0.4452559938889382,0.7518352583107639,-0.044498459206188286,-0.15729115840909189,0.6935777333631992,-0.11301754259923374,1.0675962805796335,0.21483310947945472,-0.34430816235917355,-0.5902880990848302,-0.674132326787697,-0.6619036346604965,0.270379119082333,0.732214543992165,0.024383886099737226,0.08520334533274637,-0.34328948486703176,-0.33110161605173927,-0.1533702870947716,0.2272774144151469,-0.11429639107444076,0.2052165104039035,0.49079699575395325,-0.22171232915284497,-0.39528093471127573,-0.6562266696769499,-0.16944190682562152,0.44065943079568715,0.171461699133604,0.8162482962626696,-0.03983689212511611,-0.518031022800107,0.030600834088307674,0.5852854098838298,0.16771581894128781,-0.1207414765111719,-0.44943416145206605,0.11485595528177596,-0.3750810178177114,0.15296972777941317,-0.5437256203488374,-0.186221827787401,0.8338863485703939,-0.8737328111158746,0.06007549705599047,0.152
-0.5775531284929052,-0.24755161459639174,0.24565610333292065,0.0758238849732042,0.2985970452767756,-0.3449240041687523,-0.17492811471123482,-0.4226014549112778,0.04903770694176135,0.08380383401933081,0.3093774569951217,-0.6965202491971935,0.8895181356558056,0.5078258332623624,1.1277392933384125,-0.4360953147077432,0.7442848219266321,-0.06311181182794531,-0.07223163064374447,0.7794446283102392,-0.2077950800424721,1.0913175831448623,0.22572866532758268,-0.37289413307731856,-0.4904014022995693,-0.7027277768399525,-0.6385925388096003,0.32590664729636976,0.7516014800057342,-0.017020033187732826,0.05427650825468802,-0.35106531977253724,-0.28394779317613755,-0.1421636693280499,0.21866339138390972,-0.13522932713609245,0.17616355204220688,0.46115602746542894,-0.1756178829845678,-0.42012259321484274,-0.6490493691398379,-0.12618847950105647,0.3433147700695448,0.20143101287858273,0.802226830737378,-0.04120416828875331,-0.5442940931087986,0.14358060897815572,0.6123132867130386,0.16292454491729713,-0.1613269605795462,-0.48436739582527016,0.09298010985220459,-0.391667458697023,0.19656790787330508,-0.5328286226601487,-0.21721375029599158,0.8442880346155547,-0.9244847806398239,0.07604053505299707,0.154
-0.5771250145644449,-0.2679468355198475,0.26257409018831224,0.07343956265577876,0.3447657744686162,-0.4394179421343431,-0.20885384130284618,-0.3751066383378672,0.09130246801722777,0.05052766073694962,0.2575282109573941,-0.5920092593126411,0.8759743445141452,0.5202993413280255,1.1254384678830587,-0.3823003695596737,0.8088821292757343,-0.07646470732986098,-0.13380316426057096,0.7583270650920291,-0.1604393077160644,1.181389776451704,0.21106598019295153,-0.37374522336889143,-0.4419238926532544,-0.7291854416073833,-0.636954864371179,0.26889699865427696,0.6809141217812734,0.06766838668789885,0.073671551971197,-0.2794362739079795,-0.2662070349354181,-0.2001101222646572,0.14900207450587238,-0.1326732992387036,0.16676777959715983,0.4686895679063077,-0.08017353371728039,-0.32469338491539335,-0.6948291193926408,-0.17338521472987642,0.28520465444126875,0.23591279398035184,0.8527208504371605,-0.0698904372281136,-0.6335024369131803,0.15956106809474585,0.6130420863395822,0.14346781416028828,-0.13032426053471524,-0.5071384078600841,0.11865036230415589,-0.3487008008886529,0.16948979210868134,-0.5888966403503647,-0.21301476908974448,0.8551725144290353,-0.9481345352964479,0.08862757206499992,0.156
-0.5671253608351047,-0.2856008396545925,0.22339725853027748,0.02408957875075584,0.32253729445811863,-0.40654088419634576,-0.20440619026339216,-0.36293828005072126,0.11847420028507419,0.10225206010209367,0.20391388703767538,-0.5939464066977858,0.8722165149532211,0.4787741370696894,1.098358926251835,-0.4246864387982632,0.9107702285731397,-0.027606100811724973,-0.1924987646113629,0.8163159934581224,-0.14204047311859408,1.1755375550202816,0.20731206043603692,-0.35477642028656914,-0.44661624405110945,-0.7242663420563223,-0.6612005528375196,0.23289467281667456,0.7081274438899613,0.03625655453968914,0.09336632889301805,-0.27210858565405727,-0.23596091841268602,-0.19814037724125386,0.11999419328732822,-0.16977316081136246,0.13217121697806045,0.5537484386704866,-0.10126261343159876,-0.37726890715261063,-0.6653434739958333,-0.2346603134492597,0.20208053027963285,0.2972172494693368,0.9031135370458907,-0.13213467998752107,-0.6081446888294445,0.11881632052378993,0.5501562378894386,0.08112077208107646,-0.0977637230861621,-0.443274668626013,0.11432629912203876,-0.3358981074239148,0.16380439819255982,-0.5651272931114419,-0.23937864394288233,0.7857956442557856,-0.9287128752061137,0.14675775272140734,0.158
-0.6813243992209962,-0.2741421616939422,0.2673940603620933,-0.015719547293428046,0.2957107575637981,-0.3989942805869784,-0.1671718188672541,-0.3461374614092781,0.15367049741907218,0.12174400120450131,0.20062815610649787,-0.5672794232906468,0.899283727833239,0.5422951486421336,1.1504745862645862,-0.3502400395976488,0.8834918862445929,-0.10118134609778565,-0.1910543148052081,0.7431057105763549,-0.09108086683963304,1.1714897388150254,0.16453513029100833,-0.31686349760151555,-0.4397514982769191,-0.722632889668805,-0.6939580802102574,0.17494746438411196,0.732661111081278,0.027288518457469817,0.08172435054274778,-0.3611297724316582,-0.18898012592346786,-0.24102585695957834,0.06630178094476785,-0.19351460671696316,0.1196899722812752,0.5890409008738035,-0.1837499903051545,-0.3567417024677337,-0.7142508577362783,-0.18714814310366057,0.2543749934309993,0.282771033767363,0.8698533190264724,-0.1076809033589529,-0.6747726382808616,0.09308597760523862,0.5501339668616672,0.05459607067006951,-0.07032032902055282,-0.42571895175934676,0.0853766505365496,-0.4009167736157714,0.20462984566644976,-0.5972279256408692,-0.28804876042106403,0.8002772222940031,-0.9438198144562524,0.21037366395342483,0.16
-0.644340098725486,-0.34178221276660825,0.2560044443934239,-0.0633006795671914,0.33987619020015347,-0.4709670743233866,-0.19860823675712475,-0.30405984514480333,0.18812012464262523,0.14040190197695968,0.2817826688972705,-0.6376322051633792,0.8683156206106702,0.4833937701029892,1.1300043054008133,-0.3067837536651471,0.9096228566700992,-0.0625558367372388,-0.19682718497048324,0.7617527499525538,-0.044737681175649746,1.147989359854807,0.19205029324105105,-0.37669665324284335,-0.47204713723963015,-0.7148609273309001,-0.6695121587048021,0.182933758707785,0.7462442844250532,0.03128930244528622,0.08263667517806934,-0.3621725682553957,-0.20041737858532432,-0.1491261040322312,0.06863180566422161,-0.15480419706715154,0.1402714120135873,0.5460117089159564,-0.12075813059013674,-0.3198901268145773,-0.7056975240767936,-0.10937844279556144,0.20913264991080552,0.24163168702105775,0.889204223975989,-0.06758066444877665,-0.6316159482890086,0.11727468196067654,0.5257691339529628,0.051946379583165656,-0.04138295215431717,-0.39719806793428825,0.13354057749534742,-0.41000390922032737,0.23689572406738443,-0.5985674925591032,-0.27141012401200754,0.8387118182541105,-1.017654550872412,0.1554697910308676,0.162
-0.6462867451901427,-0.3423472906779242,0.2831241548137212,-0.0735812081450615,0.4143532839476305,-0.4839287674369686,-0.2013220154599928,-0.29641786313472746,0.1439072632145646,0.11897542123387095,0.23328168696048873,-0.5895978193455093,0.9360482838627663,0.5298397356775707,1.1550655331967263,-0.30594510777762784,0.9135902815999865,-0.07114953388325834,-0.2462139085965464,0.7408787817526289,0.013881243851078931,1.2039542028085293,0.2509712706386687,-0.4008452803418787,-0.47896169685486367,-0.8241962074238735,-0.712844502868266,0.14882771713657872,0.7234576274365262,-0.03350968292741715,0.04573883713867961,-0.35219438351774035,-0.2520028282018819,-0.21509121670904957,0.07357202260743122,-0.206534038439503,0.09146709367682875,0.5664945328356144,-0.16184701111069366,-0.27894661165534124,-0.6534238216788679,-0.10761793283518156,0.22700874817718994,0.1947290636374582,0.8883403688004733,-0.0002722804461868511,-0.6538384641921079,0.07955934059678138,0.5223301156232562,0.03945958915329147,-0.010433222170623764,-0.3996319240431893,0.028328171723716003,-0.3983537611161136,0.216669925906737,-0.6199585814425662,-0.3183643553162276,0.8383363733740712,-1.072059871212506,0.12924929500669474,0.164
-0.6471128840790307,-0.4091909514472457,0.26226434169898527,-0.048956477349648544,0.3997272573182997,-0.44603483677917866,-0.2090772285576569,-0.2606097890988508,0.16869095913503465,0.001587877919501851,0.24166338734951476,-0.5206046742287607,0.9063829967149389,0.552080654822249,1.0796861864684308,-0.25374421870153574,0.9003605378249038,-0.05309342898738072,-0.22675829149799256,0.695162469527404,-0.06429292714843055,1.2006010393045374,0.250982669441696,-0.399719563614655,-0.4610113749180335,-0.8268232494333123,-0.6637622716087939,0.12995344144494422,0.6944311440666484,-0.10590627546762602,0.0716380648241918,-0.37821257487995436,-0.18828203746085403,-0.16610443195293947,0.04959937014667583,-0.15600077048599253,0.09020713180771418,0.5511482869749892,-0.22095028289792737,-0.2839955280466936,-0.7390620615743011,-0.08042272789842933,0.24853531767724277,0.14476993264470903,0.9064065186042375,-0.04463730347001905,-0.6440713948166014,0.06738371359409201,0.5022825929316276,0.01873022524959033,-0.04106854976397896,-0.4444799642776275,0.010852985705914166,-0.4677383749111581,0.24211202145781308,-0.5670876735192184,-0.344026085263089,0.8764992470510845,-1.0452568737419166,0.1575284418968428,0.166
-0.6584743118230176,-0.38174004828967056,0.3042280521392674,-0.1317107327818076,0.3431493537696852,-0.4092578257672359,-0.3010418814958202,-0.22130187289938527,0.22084947304408034,-0.03805768175164927,0.2282183423190405,-0.5645228903796932,0.9107702308447543,0.544438740590717,1.0986239097769093,-0.2616571976692422,0.9514571602855749,-0.043806737699397524,-0.2696396040083979,0.6420190121535748,-0.08496631440669693,1.2598157277987188,0.2732379852780246,-0.3190185027385767,-0.5086404786303327,-0.8073468632267051,-0.7129950916968493,0.18622075899757246,0.7452489728023567,-0.07405424189793325,0.05900699351090042,-0.3931171075204805,-0.2543620170052441,-0.235460998206855,0.07321362001155185,-0.18386370848738015,0.11885966397142826,0.4263558783450079,-0.2434130123623963,-0.20442547070063102,-0.7974989157788234,-0.05342728761684287,0.2511165316434439,0.11513917658458694,0.9418153123817161,0.04705793615065449,-0.6624243515001812,0.11708828947260137,0.5436423865921605,-0.06425757780367655,-0.09039926267364684,-0.33233708121812205,-0.015387888614496602,-0.49925865889851345,0.19574339529589144,-0.6352013723592,-0.3674772289897854,0.8347042305615261,-0.9935481881630562,0.16130382393423404,0.168
-0.6840512928386869,-0.3979968591675169,0.29083802240217854,-0.1564250293308364,0.31265834665300785,-0.4184426907800822,-0.3564174292276321,-0.23189145607267286,0.23038042544884227,-0.0887600580217737,0.24485995410896103,-0.4827300101506041,0.8861685428879352,0.5365943080250105,1.1287268555058896,-0.26205027722930957,0.9273429528682906,-0.06610173446812691,-0.2674425247048517,0.6199586456856024,-0.04309108162211684,1.3285700852906,0.29595896298607915,-0.283729289535946,-0.5959273598081749,-0.810824415133899,-0.7895543556955908,0.15593835941093095,0.733597340438735,-0.05595870199605031,0.025401866322640673,-0.344041661994851,-0.26064858090765447,-0.25415759644552216,0.014234202809225653,-0.1480145509337673,0.08603389677554785,0.44979396488500895,-0.23581800740694422,-0.15128658277788337,-0.8290988177191914,0.010852693194267113,0.22916343350336163,0.07986632819443794,0.9806156747420809,0.002565609497018416,-0.7312478345811457,0.14120379809385616,0.46629667505702865,-0.09869346246009289,-0.032699578011945334,-0.31982807068001023,-0.04092540050020099,-0.4965297643009964,0.1456833381072256,-0.6619987188529219,-0.33636079674560504,0.8319182259840588,-0.8985315902656208,0.16289087002103916,0.17
-0.671537022364676,-0.3496828657491637,0.35373537303749303,-0.13172222605430142,0.2790639782000449,-0.4048203121228787,-0.24428115652769924,-0.25971930323167186,0.19723575343651312,-0.02574024748401467,0.23725959479180975,-0.5073292218853444,0.9314585792735738,0.5074230825682828,1.130833580383876,-0.29865644562854404,0.9313313389413141,-0.08992496762003642,-0.30407701957332667,0.5800323633285944,-0.03148611406893192,1.355330138880005,0.24857159161936715,-0.30495270272213604,-0.5682023400726306,-0.821726041843413,-0.7259813850901531,0.1337787704547746,0.7716719312859421,-0.08095116518479341,0.07680809553308347,-0.36205541854426354,-0.3353189948399535,-0.2662118976830254,0.027533548664718452,-0.12786285014940377,0.048471569694224455,0.44059221525399606,-0.3183397628229947,-0.11299179872126812,-0.792626714985825,0.08897601298995847,0.24287534885743936,0.10865901126548728,0.9313347559334347,0.005111713474411555,-0.7505515908541616,0.12332119520573723,0.45537316763082203,-0.1394747829524189,-0.009579098801752912,-0.35536991653734307,-0.01061821672140642,-0.480358732096454,0.0977852520291918,-0.689813801955025,-0.2886873314079411,0.8227288632801025,-0.8939033295734726,0.10489434313454066,0.17200000000000001
-0.7433390073992645,-0.3928419397254884,0.35269225565752077,-0.09767484333463439,0.22499329954404126,-0.33823604003701024,-0.26472141435442814,-0.3037323957872034,0.22634518212583157,-0.08762151186632638,0.27780435588086827,-0.5504038247926324,0.8856000424889824,0.49265893583527304,1.1704636578247454,-0.32734084975034755,1.0055439333489795,-0.05924468559381973,-0.2671317124624116,0.5483047900821986,-0.059419478788616004,1.3295408930630832,0.2680528025329471,-0.25291735848508684,-0.5644351869027833,-0.7861776805829727,-0.6251352156953431,0.15366797990659203,0.734046534608804,-0.138665126473132,0.0959752194807086,-0.36387579569278544,-0.32248799483662,-0.31881576732952344,0.04146837862621701,-0.0818081896999378,0.1404738486340692,0.46145308800016827,-0.38187289976915223,-0.15262182583005585,-0.7981080426451529,0.12708150685696748,0.20328381224084954,0.16702899639732374,0.9290616736770755,-0.008208349171758202,-0.7940529601875386,0.06818298949811977,0.5605982528800024,-0.2073101753293705,0.0654198007592205,-0.3490985618465018,-0.026898708028727725,-0.47633579484195726,0.041256019625527024,-0.6149924658934516,-0.2441939864019873,0.8455624380736311,-0.934412769849182,0.1645772028351621,0.17400000000000002
-0.7309376368961117,-0.39019293154202045,0.34954652839494915,-0.1715865495220687,0.1964336981527886,-0.2896304866211251,-0.3607586696784418,-0.3134557946352929,0.21335274237866175,-0.08083890930841944,0.19648809784424442,-0.541197421897952,0.8977287431951922,0.4600055745947693,1.2127201235242184,-0.36000800034906816,1.0356685313601646,0.005740496884958431,-0.30275033256330636,0.5265410848246054,-0.08359983929422171,1.303123807996337,0.25619580701767747,-0.20818672636166025,-0.4790758410597273,-0.8667443553432903,-0.5514607903021163,0.1413549422477884,0.6570115233687661,-0.19897854217647676,0.14715089676472576,-0.43957420191819047,-0.2825311182342657,-0.280576986798453,-0.05809784745362827,-0.13261271052007245,0.1026624425032987,0.4567583546585657,-0.4470303347502228,-0.1494706950370404,-0.7695873209368381,0.14205954297298715,0.23880952335700156,0.18412346714673927,0.8791570413353428,-0.06847111046003931,-0.7535508599722838,0.11996469744797214,0.5723306834544376,-0.2422414281739762,0.10321324486732517,-0.29389786195894774,0.014511546251186256,-0.4496263313469443,0.007923887868280688,-0.722342593991603,-0.227101600039609,0.8650457748446206,-0.9318227582020694,0.27838470177185554,0.176
-0.7224213803113163,-0.3856037747369709,0.2918569147088714,-0.17715334044822875,0.20197239768409003,-0.28066020856043367,-0.435240003208561,-0.3123372136423431,0.1982554419107866,-0.10925929088272543,0.2180622444603036,-0.5378387555442566,0.8229168291785325,0.4688622676645873,1.1922121706853805,-0.3192604040144577,1.0891365989448074,0.019347959988941052,-0.35134934368571674,0.5282743398753995,-0.07876236961414672,1.3305535910635349,0.23078391574590792,-0.2573155822055659,-0.5427266664149518,-0.9026486289748689,-0.5202329325343416,0.19553192395903485,0.6142356063136226,-0.2572764169742723,0.13453784845873829,-0.5182046033612946,-0.24533449050890777,-0.3358179374769142,-0.026034491793462705,-0.17234150932609113,0.12489449390795351,0.41435699450644603,-0.5276062886895797,-0.10534034446131255,-0.7965997367813528,0.09380195698050095,0.23522266675001616,0.18928271516105658,0.8396201496064521,-0.07465647469062194,-0.8028531644923211,0.15037959446674534,0.5530446132642213,-0.1812047258309551,0.169545655646679,-0.325780390288979,-0.061207018127407836,-0.43678802034367226,-0.010474023905505093,-0.6590389240584376,-0.1854386102496693,0.8401335061123012,-0.9624331607460558,0.2902556825001159,0.178
-0.7249575945112323,-0.3944012464640538,0.27963715614780005,-0.1487571331570017,0.18891431507673312,-0.31788792321322024,-0.41667510405796765,-0.3454552296592539,0.1727610518400063,-0.1436658862773205,0.14038371554369297,-0.5550877867679797,0.813806691140619,0.47223774529178514,1.243591574675259,-0.32942903274627333,1.0899433881683152,0.06322888452373268,-0.41765506070145403,0.4566902072025794,-0.03078388077248953,1.2227603658209332,0.22018092227346325,-0.23822539662560271,-0.5501460411526146,-0.904951497577839,-0.6139489254076388,0.2067700674597638,0.598863317656065,-0.26096426842091136,0.17956315558884778,-0.4822938910068551,-0.20122032255044603,-0.4129571857721214,0.009959008763366896,-0.11385449635970232,0.15762802373520374,0.507373768215906,-0.47549943834206254,-0.09122205455474273,-0.7579461680151032,0.11249724630613103,0.22935740968917306,0.23424912695699868,0.9172376287222536,-0.10503887153951491,-0.7853651030388435,0.16079180710940888,0.6434382099221188,-0.26238987998681135,0.17585930963554997,-0.297915041555389,-0.08769803650993663,-0.5145079301004811,0.02770749662552692,-0.6089951420925105,-0.18205597869731702,0.8501045869243419,-0.9595617747197744,0.3553743524658243,0.18
-0.7081524053202238,-0.35884177365864955,0.25802259565988456,-0.15163280115561723,0.13220932743205632,-0.34202125341357004,-0.43135688760042873,-0.36244610501452956,0.1862314762369231,-0.08407389319573488,0.1510344905724221,-0.5936082740511898,0.898963500254111,0.47908073579825083,1.231525687358209,-0.32480084777185103,1.0846226425261567,0.05273418879554155,-0.3961082200342435,0.4732306929154025,-0.08207204317019717,1.2862945343363852,0.2738832269191781,-0.27126675953120505,-0.4786078710087305,-0.9190677343199444,-0.5511603815520442,0.2689427569910057,0.6420082570475302,-0.3006354763438112,0.17247714907324133,-0.4889988713407855,-0.20212352396669506,-0.40372274699226685,-0.01606000638864485,-0.17315034474242721,0.1223681157667865,0.548016684043804,-0.45086293104473796,-0.1255757343124294,-0.6994392097824054,0.15743488498944058,0.23974083417528913,0.20020745474781973,0.9720056441446702,-0.1299131398366337,-0.8444915974209494,0.15324707331121518,0.6236508948439311,-0.2822302069335721,0.08647495333430893,-0.2899753241934317,-0.07474838553155125,-0.47505264532403735,0.00575261168288177,-0.6546207057014437,-0.21474247593991103,0.8268883611122888,-0.9130269690326562,0.3697049138717901,0.182
-0.6498524628378847,-0.4000172011755799,0.3102199877545782,-0.16627978613287359,0.14295174145810485,-0.3585073402712841,-0.4709785850694089,-0.4226506791670789,0.21284086006960554,-0.0795898089253157,0.06568252924549708,-0.5818533958918869,0.9042365050159304,0.4215886267029391,1.2460442502366254,-0.3172514173604974,1.1090333447999898,0.02625229701593812,-0.4020091992959139,0.4475921827823927,-0.08218247111406628,1.3578589579274256,0.21633845900231807,-0.1783451476024593,-0.39040929030475674,-0.8747706888983504,-0.5769126049570527,0.28560690720862536,0.6838249046657965,-0.2922963186105848,0.16221997974552782,-0.5584599244945647,-0.24930661113697694,-0.43431329955946524,-0.04679460408793014,-0.19771842830414726,0.09140025702848531,0.5791195257054903,-0.4759308415404211,-0.10062699611160421,-0.6600711399590748,0.1741417603344182,0.26052810416315275,0.2515747934574587,1.0473393121866315,-0.1108035625135314,-0.8128012226296096,0.1743240961039028,0.6021599503816316,-0.37137857480668507,0.1273504418586275,-0.30781830150591377,-0.059561169914077276,-0.4841511230846217,-0.016041494643428297,-0.6256447291529182,-0.18050530475687646,0.8265746836204797,-0.8877469242666427,0.4066136591605957,0.184
-0.6437311016880518,-0.39344563690923384,0.31594383968494943,-0.20519362186888446,0.13879941928412765,-0.3108899029401794,-0.46076143288273996,-0.3992938047964039,0.21216701671877605,-0.030304232697788105,0.06808306592671834,-0.5997098995101527,0.875644182724403,0.3510935456537709,1.222722321310571,-0.291792831677206,1.0533326260399865,0.01005434987593308,-0.38207424223606146,0.46154858163395307,-0.13578359056919515,1.4081426647287907,0.21386950746332403,-0.1550188507937792,-0.4203052133467847,-0.839693719116032,-0.5928487756379419,0.2545957586485671,0.6981476551033694,-0.22499400553221113,0.15225341103332568,-0.548987714481441,-0.23604704073251837,-0.48376029467965004,-0.009440062074056545,-0.2173104844548504,0.09997095821099819,0.5411792301447071,-0.46729661345999485,-0.10697915302405178,-0.6611357590519181,0.17272864913405542,0.26632295713313997,0.23142657020098353,1.0194720784876787,-0.059780051117838184,-0.7999994599110767,0.14247722480988287,0.5992794559277601,-0.43753845266577096,0.11567185389468261,-0.30935594910299496,-0.06697483662153302,-0.3781392674121336,-0.021434095590075575,-0.6599787495171164,-0.25428840650800255,0.8661244448630951,-0.9360767161943295,0.3841782729906018,0.186
-0.7014362635456781,-0.40376501347128524,0.26841483018388684,-0.3056788497715374,0.08707083952448563,-0.24974888306231635,-0.4043460393587165,-0.38761550586076843,0.1850100815900584,-0.06095056096920547,0.10260888966028495,-0.6624753749731093,0.8495217241707653,0.3675092118863083,1.2162578314853205,-0.2941616000564712,1.0876781536420246,-0.03866848156849162,-0.3758950366857352,0.5508081333764939,-0.04679139344285618,1.3449792294627194,0.2587243033949656,-0.11886681964030155,-0.40423139907650174,-0.8755732715759421,-0.5518056862463387,0.24016167788130116,0.5901665755069013,-0.2735618946004799,0.12595631210906563,-0.5346470678828559,-0.21995317724112734,-0.4451982167964564,0.01934792515675588,-0.2848629065852596,0.10054144163585951,0.6947778475881778,-0.3614710529405074,-0.08293916025326445,-0.6782764005364623,0.17783760309994268,0.22863836293039108,0.2456561144892723,1.0489562649019066,-0.053966323448650946,-0.7435905306809845,0.17454584790114025,0.592053022987952,-0.46604414533559047,0.13358898470374275,-0.28301903521644844,-0.0919679139588134,-0.39014370990154207,-0.05087371034029595,-0.7054902074344569,-0.2409055531670448,0.970720788799936,-1.0108339101868793,0.41595974964877647,0.188
-0.7481488568441573,-0.4367060706513524,0.32854593042189834,-0.2952577196934213,0.08598991817350465,-0.25006471746039793,-0.409180313696176,-0.4015256285496699,0.12728135259243173,-0.10602577964037382,0.053437073489651335,-0.6874470073275388,0.8099441658680063,0.3342655793964927,1.1992582455664293,-0.29092677729432603,1.1024734698396734,-0.0973312857893503,-0.34762648598622303,0.5342749007989677,-0.05202870719788254,1.310405779064783,0.31338853209444634,-0.11602788615802331,-0.4291593065795155,-0.9017786961393738,-0.5720882920124519,0.2542729675914629,0.5577585853568535,-0.24286330846313212,0.1501686834195491,-0.5095996495591217,-0.19258319958492445,-0.45514729839441953,0.07015740902620231,-0.3193120078047929,0.03671319202813046,0.7504619169248583,-0.4291717958709661,-0.23067991208476596,-0.6101068146244271,0.1979997408051774,0.23766902605679743,0.2935097294420369,0.9832761438471602,-0.08258116487807604,-0.7058132555424399,0.23755738198698662,0.6410014247738043,-0.46426510879960864,0.1307610884352444,-0.3866654201731822,-0.12285801132112756,-0.39807759316325403,-0.0016726026487300927,-0.7908252748617387,-0.2099649269805831,0.9667149360992104,-0.9841111212677122,0.3666368814574152,0.19
-0.7832012614010642,-0.3786518823279086,0.2932802233094909,-0.38640948959282817,0.06154094963464124,-0.17661265184017705,-0.40218432582512964,-0.3804448690983858,0.1098992790731653,-0.15368781454335803,0.013611121970611414,-0.7720845822408293,0.8031352690986222,0.3466944591451243,1.18666718880913,-0.3177819889083033,1.1261484333803917,-0.11127939185145821,-0.32057158573118844,0.5154611920820278,-0.07855465230133393,1.3401535400509172,0.3761287293560714,-0.10629947575334618,-0.47796710282638033,-0.8749902071602913,-0.5900214401327354,0.24721664334339455,0.5934489824806756,-0.28113397906682314,0.14907330497553467,-0.418627210835868,-0.18938824787980416,-0.4296106409254189,0.03847076738052929,-0.23364792524792893,0.007840056781547235,0.7990892271359736,-0.49729618345444726,-0.2034098231759986,-0.6868695566528523,0.16720101034199464,0.21197131630618096,0.33721159594392314,1.001587639945357,-0.11519668694381452,-0.7407394969813712,0.28928935967620395,0.6878488339925933,-0.43403529171537414,0.1386924774943637,-0.3588865231621668,-0.11320950604309549,-0.39905587560454575,0.007294045136296674,-0.8041882371528658,-0.12070566698616828,0.8530431521073882,-0.9010527626405773,0.3025069070704701,0.192
-0.8403069743488673,-0.3877855242118908,0.2664166384140001,-0.36897994865729833,0.02439268358220767,-0.2135516760695216,-0.4353651530822545,-0.35896736724763606,0.13640035648662094,-0.16443852422697441,0.03130041566777261,-0.7548466627424398,0.853855507093825,0.39039712432414614,1.2295887907164986,-0.34464284413690105,1.0611168656661536,-0.16337005740949967,-0.2984891272086118,0.5248711324059306,-0.0626339394824547,1.388340969790303,0.313066208320236,-0.12828924762203972,-0.5251358296993675,-0.8407713847056307,-0.5895669100042344,0.23758785102748733,0.5723722665080934,-0.28524939629336205,0.1272999404261573,-0.4273686401449551,-0.09432420560294638,-0.36262309290130706,0.05526450351044558,-0.21568937906492944,-0.007740627180587975,0.7501308911853629,-0.5282104940577563,-0.1135214046050986,-0.6984061522671733,0.18356194881472032,0.17617137850945225,0.3434922085167745,1.0263389179402782,-0.08340974134248397,-0.7651869547553856,0.2523327303656318,0.64934422417088,-0.414526198896805,0.10655102756133482,-0.4450249618914693,-0.1281309815409338,-0.43603830833938034,0.04022315118483812,-0.7428974321712233,-0.09644388661618947,0.859555194888477,-0.8506765199407071,0.27949086927281075,0.194
-0.8963752988908068,-0.4113856755759028,0.277078861599373,-0.39108013934806335,0.0014857523334450631,-0.16223550524597685,-0.360898667795687,-0.38711175447095875,0.11718046860474399,-0.20664043272216015,-0.01479390325638192,-0.7867474174573967,0.8353744894830731,0.41849515783783003,1.241333787891485,-0.30011824017672273,1.1175058972341005,-0.12389338770344781,-0.2942047386222223,0.48265600913948553,0.007663924768733912,1.3578613960227244,0.3458248352374637,-0.1462636359760938,-0.5716512983179722,-0.9089882971411352,-0.5788944422758431,0.1597038476264913,0.6253182114982881,-0.28927692820221973,0.1667119385115121,-0.494175372742841,-0.13310340744825866,-0.3499966971685854,0.09888838466915684,-0.22199882498393922,0.02096242433318288,0.8315328151336802,-0.6076350239752151,-0.13665935516209934,-0.6598736558009775,0.204483766378807,0.15385800940333966,0.3446660275856934,1.0520399229755806,-0.13215772039705526,-0.7122813997670191,0.32264952366173083,0.6372962434778328,-0.38532035225754563,0.19182936021735497,-0.3571301746076391,-0.046837350323368054,-0.43952108164132725,0.01663877645421811,-0.6921530850861697,-0.10966387004427279,0.8645223107464455,-0.7682001960861893,0.24321802525887687,0.196
-0.953480000270272,-0.36876974545757013,0.2735181965523071,-0.3458765655883717,-0.06267198742497243,-0.17267224124229844,-0.41113393320933006,-0.2985894057849643,0.13079291401112153,-0.31975342501780035,0.04180314566843327,-0.7492921763779646,0.883573766469831,0.4043315890819157,1.250535086942698,-0.31378532137977944,1.1455581475961678,-0.07802562280357503,-0.3110736987308237,0.4242520181659568,0.013365933977537756,1.3217650672840537,0.3605569304441538,-0.22548936369203587,-0.6876513268336654,-0.9318009217871004,-0.6284969392350339,0.11556257412912814,0.5639886079725064,-0.3101192136983442,0.20858594545440204,-0.5403786690379224,-0.17230694925380513,-0.38480328649400986,0.15745618543037607,-0.22528376923999233,0.010561547672118149,0.7629746583819179,-0.6735121863409009,-0.18459857413598435,-0.6853713420677618,0.17894446778203787,0.15353197488448508,0.37269307916255456,1.0101523532810204,-0.14559689471375875,-0.8382759012696814,0.2919811522427954,0.5883447525738094,-0.3985621771578251,0.11788176582725603,-0.3774908125244885,-0.09940111366021567,-0.4579200922489322,0.08716257475627703,-0.6721245853221758,-0.10293153729327482,0.7037117249280221,-0.7403598476694572,0.23004667005821997,0.198
-0.9032671620786268,-0.3841748914212993,0.2437923476277451,-0.3450613193548639,-0.08460499821159324,-0.14465394153309305,-0.40716010337922015,-0.3108148418306227,0.1884117750018966,-0.3678592862515138,0.032524523762107946,-0.7716886561137312,0.8532170208807488,0.4303125474053421,1.1884172590663264,-0.3182690642663273,1.1871981664356785,-0.05668391751795851,-0.3282143403614045,0.4027580798848526,-0.013987363834787762,1.2847386080908134,0.28549660517207276,-0.2202842852699473,-0.7550651591978108,-0.9646008300932419,-0.6494518508572908,0.17607313540478925,0.5694925297999548,-0.32813016829340286,0.2249128418906752,-0.5183536597592265,-0.1549081740931305,-0.3640024575799655,0.22955814109087236,-0.2420957841664511,0.011116923256586904,0.7961934654525841,-0.6278108423356012,-0.12349352715135106,-0.7188022061735694,0.21382117918166435,0.2004381979020623,0.3596699889052467,1.0065589992142883,-0.14222973065398511,-0.8586861014216628,0.3717193514407683,0.5266473457090921,-0.44263075903682325,0.18246143638561058,-0.47468591114963243,-0.09273841808308259,-0.42143339519164336,0.08361001673699203,-0.6636227600573925,-0.13826007233377435,0.7413167602606777,-0.8134864843477183,0.15942166751344816,0.2
-0.8527468477156142,-0.39306246789293875,0.23537601267022945,-0.31772182665285137,-0.03892766326802499,-0.12656897740731357,-0.4637009592453708,-0.30354153026776176,0.24343703499230784,-0.34740996809593666,0.060941933811821454,-0.7570235847124454,0.8262240731330908,0.40287556228631427,1.167402162466408,-0.3419026313664126,1.1410146974510091,-0.07093348080818439,-0.31713827975793646,0.45847673902691743,-0.0061332710242453965,1.2926127091831061,0.27472633085522385,-0.2436322242225531,-0.7627764752058928,-0.8526338036037115,-0.6748820558878069,0.15467997016727036,0.5201916445884298,-0.2643934939893342,0.2473012878426705,-0.45784949359404864,-0.11026358766830688,-0.42491647266647037,0.19091862824462186,-0.23022797090526673,-0.06927698139694627,0.7750894445776815,-0.6943459920918874,-0.1064491084006692,-0.7591695219600304,0.1986475962760251,0.1653732481881707,0.4093987888343614,0.9927743912002587,-0.19261916467149273,-0.8418121336698978,0.3927026848444156,0.5934521683120624,-0.40424043094836926,0.13555011913515694,-0.3974365469179536,-0.10690349063495538,-0.44867878248001697,0.023842312121703346,-0.6732703756791725,-0.08957810603970584,0.6933119465786248,-0.8086354234060542,0.11199215018386299,0.202
-0.890458788277373,-0.42943237987809385,0.26086688433550725,-0.29110160903292726,-0.011118518596041835,-0.10412880479767905,-0.43358681389970877,-0.2990805856210773,0.2724580518373542,-0.3503580422592779,0.13837423822087624,-0.7945799849809909,0.828446686381372,0.42482636493099285,1.1071608695570523,-0.31586353699563446,1.1549074470628247,-0.08509902025760487,-0.3564006495248036,0.4624687195880751,-0.03328084278881439,1.31553140888897,0.21693087617641887,-0.3152042332919849,-0.7658662204137926,-0.8878982504583208,-0.7603889913310115,0.1014312991280734,0.5823878350124196,-0.2522754886842454,0.26968074835429756,-0.446801520483491,-0.09722580131456372,-0.4712269366085203,0.2476330533202637,-0.23225307856086017,-0.04235808520566521,0.7727088025422386,-0.7352169071513158,-0.16166506654406637,-0.8677338327549783,0.14470676233585741,0.15177295525516313,0.45644040516597284,0.9866314025071857,-0.17477912502951898,-0.8249561948540282,0.41283690685259894,0.6360148829051986,-0.4204456776658603,0.0934757101943397,-0.331068916793293,-0.012867104408983282,-0.48084797678824087,-0.002654753039460764,-0.646744339999722,-0.052981224603205514,0.6835342391404692,-0.8086216284199435,0.13231755530360267,0.20400000000000001
-0.87770445458022,-0.40050637005566114,0.32624959044825785,-0.3175971729449336,-0.08280724299663032,-0.07576348986834369,-0.567945423261372,-0.32333123206031794,0.3415531960267212,-0.3052292023335498,0.11885957819218337,-0.7951896205474162,0.8318820397933809,0.3807724783545081,1.0944402851232564,-0.2592258906958734,1.0619720949167128,-0.07280355113406006,-0.3604855830729823,0.44714697004717113,-0.06166496065571113,1.3247072855620978,0.20279265756978898,-0.23419279586420771,-0.790251968313009,-0.9262701787089525,-0.6970301415352138,0.1354773141784988,0.5465988554985377,-0.26396753431299175,0.22780855169734798,-0.38974650754123186,-0.06396432265071628,-0.45413538046284985,0.1431482916662195,-0.19892638507756785,0.006024052948324768,0.7881191004095708,-0.7022741467930916,-0.13895470665531065,-0.8640302296720056,0.13478592949091628,0.09684871028563047,0.43949090942703734,1.0298319384637598,-0.25643307410865074,-0.776486237644295,0.35178398512567005,0.6437061722424735,-0.4167043596808536,0.07006891475815935,-0.3690129740206614,0.09204258556458446,-0.41579760840772256,-0.058098501326419014,-0.6549958394617071,-0.024799552646994908,0.6555390075933488,-0.7733425099114939,0.15608816259994268,0.20600000000000002
-0.8723628070990749,-0.374317943482337,0.3637509338949033,-0.29732821331758036,-0.053064322795809055,-0.05068711677377407,-0.444614120971592,-0.2779125653105605,0.3500764072380501,-0.30888249027607206,0.08303116171231285,-0.8548125930301071,0.8010357961730101,0.37967254102854087,1.07465730143995,-0.3284584201512651,1.0371753507208856,-0.06292438596580924,-0.4024185384524928,0.44095715179023603,-0.05234198200348034,1.3033697865477252,0.17934206017062038,-0.24051190999265445,-0.7553989724967911,-0.9077313727794954,-0.5967359083148954,0.08583476724163694,0.5134381564720354,-0.23528979682385415,0.24868707096170356,-0.345816800347366,-0.08208855889123556,-0.3685420650675175,0.14550944276665329,-0.2561461417395325,0.05168537383526856,0.8320883301191592,-0.6170819949212525,-0.08564832888980403,-0.7959900757103345,0.19444870362608413,0.05075626738579482,0.37160053425315703,1.051543709631921,-0.29299643738744857,-0.7335516115270656,0.35659539793294487,0.677923770326861,-0.4127129326003204,0.11070004523491214,-0.3246991012988965,0.028933436114365885,-0.4108240507354944,-0.12329342369140285,-0.7157496883574662,-0.009562569739786173,0.621919579560493,-0.7264711469029514,0.18170070760994791,0.20800000000000002
-0.8029730947739233,-0.41931412415709485,0.34365003948759026,-0.30788609329447486,-0.059149545839765824,-0.10774583653563088,-0.4576450480663775,-0.28982653679933973,0.33456286437977534,-0.3101696290226358,0.07173011533094047,-0.8736082181997759,0.7091026971819238,0.3895636646860601,1.0885613359607804,-0.29019201735922995,1.0477375926670833,-0.14202913645526816,-0.3990839798403986,0.4055134708388764,-0.06896533859060962,1.3281789232769996,0.21780487637724807,-0.26396709846679123,-0.7259752071776832,-0.9617999908139254,-0.707111817161488,0.022558208797511067,0.4735578837943997,-0.28648675925535083,0.2437233237627902,-0.34726748383446193,-0.07047276544916864,-0.3457007142295845,0.13118063922384338,-0.20900757539080644,0.03732479691183538,0.8898253734052666,-0.6143103033451907,-0.06342694723430253,-0.7679971462846971,0.19068644995568493,0.06462058815702992,0.41010111801231264,1.0287731274272252,-0.3475231057965338,-0.7721333261043108,0.34866844326042035,0.6830628829746672,-0.3869044007945053,0.1388421581164224,-0.29371433108888123,-0.03222564699947329,-0.4447309956989607,-0.20721217296116987,-0.7443436922946982,-0.024624878558695704,0.6379602416122047,-0.7755470099449728,0.2262285172275474,0.21
-0.8733081734278239,-0.46999677772096893,0.39160905500654153,-0.31255577169253035,-0.07204625034698724,-0.1456749491729772,-0.40353721380147206,-0.2304050858188317,0.3612731613121563,-0.3488095011892908,0.03312920629281227,-0.8805050093710759,0.6558392984397392,0.3176122766609465,1.0739406198919377,-0.3189333044561623,1.0473777264106643,-0.12679696318192912,-0.36869631577103557,0.42885975761492234,-0.020876391602100676,1.3131909679588352,0.3185282302705185,-0.2552660073537184,-0.6951545218529308,-1.0008320762729388,-0.7238647463866319,-0.018333458577078972,0.4757663067192474,-0.40321608644465684,0.22353939242757276,-0.3718262639501696,-0.09216858899191482,-0.4059730171096157,0.1655301107721988,-0.19126060870796247,-0.03882417799689743,0.9000923583712351,-0.6696476549114102,0.036908036288237564,-0.8059743177365613,0.12993679723226967,0.06243891056769241,0.36892509322673583,1.0566871289186017,-0.3840492964831993,-0.7194197498575768,0.348832701381736,0.6589329200627542,-0.40819578878788254,0.04977695421637439,-0.28246087448202795,-0.027709857415228325,-0.46045198871483684,-0.2302028683833346,-0.6468341846450025,-0.054022536456920435,0.6039568801789523,-0.7812436698717128,0.26315455623878914,0.212
-0.8766301777874891,-0.45430679059751916,0.4138510917257737,-0.29415553349803136,-0.11454054601316249,-0.11827393202576561,-0.3932222052526975,-0.2978025500447681,0.3351885869807156,-0.33279469504695075,-0.03184248427912416,-0.8560997597369122,0.668283309929748,0.3524414971947978,1.1274421391025815,-0.3068415033129592,1.0905327193977563,-0.10547149023192598,-0.37080282867843084,0.40102340175555445,0.015361593034805984,1.384827260895495,0.31722165986311485,-0.19447708411534942,-0.6727694715176995,-0.986642397822052,-0.740662469374437,-0.0019556185984626433,0.43096502270890064,-0.4413114943618714,0.20815853283314512,-0.347481909098671,-0.13102913636092703,-0.3997119889747869,0.10163283432764357,-0.1390822154870869,-0.04841537419772504,0.8532381814438046,-0.7192688444519688,0.1426886447054898,-0.8063640716837038,0.0897733964086844,0.09420966703081755,0.4007432803362541,1.0230914291205384,-0.36757182049270193,-0.7835345985291181,0.3887580768990901,0.6599970670506768,-0.4049923982440121,0.0004418541455993366,-0.35001190543128147,-0.0962075780618283,-0.5087849353632288,-0.340460482114765,-0.6585904644056679,-0.05334193276498376,0.7029581363148006,-0.7732404940937557,0.22996491621347107,0.214
-0.9103660004759178,-0.4300480771663805,0.45002410645592594,-0.32850658695410695,-0.12775531980589036,-0.07984692351450337,-0.3507396202371728,-0.40821370254439515,0.32509674575330477,-0.31585287327352773,-0.1255250701619426,-0.8050519836161222,0.6728279339113697,0.3491634835379917,1.164234686166548,-0.2994285901152,1.0996507380866931,-0.08323872192601575,-0.3485271719164109,0.4242457074719699,-0.006745936599999263,1.3653972624182809,0.29074574394655206,-0.16339201297766362,-0.6510247027702166,-0.960627184439853,-0.740852541375026,-0.0018082475323153303,0.40942370582777393,-0.4845747808818191,0.13973395807764727,-0.3116053106935543,-0.16228670376264975,-0.37707424890441044,0.14967319634746828,-0.12528154184111362,-0.06791293974345786,0.7978512515451155,-0.7115841065297308,0.11371727754904737,-0.7116154559046076,0.028891694410970184,0.1158753214226272,0.4530781177346804,0.963457028451366,-0.3577078454129131,-0.7229135490935712,0.3367713590930951,0.6985183723312934,-0.3951908495499469,-0.012159148776115677,-0.323786094539545,-0.02455883088314019,-0.5437208437638217,-0.31855897538144734,-0.6560787314598104,-0.04859030551311193,0.7676857238968063,-0.8526678185626025,0.2445810900163445,0.216
-0.9195787227063669,-0.45384499292046976,0.4307651616730421,-0.29046145190674744,-0.16575134688451934,-0.05693019414391522,-0.39042521802901664,-0.42193285216064647,0.3229528153877347,-0.4230742630287782,-0.14521779008335045,-0.8804744237506789,0.7354644460791863,0.37032364253458844,1.2154536056465237,-0.22248812693474407,1.0894354077331645,-0.09665733806631302,-0.34926671732327647,0.484856031207432,-0.08946455856004795,1.4238249876185045,0.3031369572780562,-0.1475824212234727,-0.6515438737714503,-0.9346830684397273,-0.6497190323135901,-0.03964140459988111,0.39355305624828424,-0.4561719356233534,0.11713091275888998,-0.2894752741623501,-0.12194695875924286,-0.3979598516064768,0.14603516033117644,-0.10792662712593973,-0.05467061232340116,0.7827207104679113,-0.704974831573445,0.1848136926145407,-0.7121541793224289,-0.0247258439432807,0.1433144977079732,0.5426712027323178,0.9953008667835813,-0.3407505411397024,-0.7539114369628866,0.3254270921485758,0.663268914385833,-0.30283878818106613,0.005084497728034612,-0.3992007674758014,-0.023989537075506443,-0.5746328219857543,-0.40780395503160793,-0.6377211341009407,-0.022935780312671374,0.8359234563586793,-0.8262268004813377,0.2307196795875375,0.218
-0.932191379047029,-0.4353597834249359,0.43610676487650724,-0.22565318466651466,-0.2091567757845737,-0.06693970282388043,-0.39417154932848236,-0.39640155190055903,0.29825521177950975,-0.3566491111169162,-0.1662071824784557,-0.9273772099237828,0.7687456127885323,0.3433215618331511,1.228896352530092,-0.25785648973951086,1.0049851371800773,-0.13068055794139444,-0.3924004830965601,0.45476975470365616,-0.06151184998745608,1.402938622900299,0.25666200295005637,-0.19270317935834438,-0.6388709925011955,-0.8615521492277451,-0.6657482867251907,-0.10838153353877139,0.37836241895363903,-0.4760680181889887,0.10816933622927333,-0.21481516489047267,-0.18309894117116676,-0.38894530546322015,0.15305182850466043,-0.14186740756685334,-0.015909547831075323,0.7448025252771601,-0.7046909675659603,0.11657902719809156,-0.7201866121258753,0.0080143314148967,0.08739832623914695,0.5537846300485206,0.9480217486391899,-0.24379956097372812,-0.7460825275644748,0.3353427777929998,0.6469587824944113,-0.31066732099585065,0.017187628923547707,-0.3777571032796611,-0.06620795561926057,-0.5419319053859074,-0.41744447023339126,-0.7002928039392299,-0.05979255455379284,0.8537527312669392,-0.7891081260767548,0.18670673399088097,0.22
-0.9755364220158875,-0.384412502881731,0.41373180296633144,-0.2611742309506604,-0.2501623122522359,-0.10546937184572977,-0.3995556519734891,-0.4176953633891273,0.23707166709185537,-0.3752925135712636,-0.26563259282324414,-0.9161669777599781,0.7954760973702687,0.3665186587321853,1.1979423943028122,-0.17671586637520853,0.9805334153364684,-0.12343446767249047,-0.3581536600413541,0.5055690267439105,-0.1377793139863544,1.361731404919577,0.23543502641157008,-0.20782841774953556,-0.7113894819587594,-0.8729662222524645,-0.7081965277502917,-0.03364318324927984,0.39021368390882294,-0.49179292241064765,0.16722417329555211,-0.18547602532739932,-0.1531891620789032,-0.4604664987200085,0.11089186174939902,-0.22927986064627293,-0.055498912401002486,0.7795559275970453,-0.7161668417653624,0.2025979194030078,-0.7652526435786381,0.03979003612387323,0.12207040693228385,0.5190591872981087,0.9524312630121359,-0.24508671660580228,-0.7604225794805427,0.30429809264334234,0.5932256473410946,-0.276425365589959,0.04162425408404109,-0.3767391428395296,-0.09018740613032152,-0.4202416950816602,-0.37518460983483715,-0.742907286027055,-0.10900783054897666,0.8633198886403232,-0.8186379797977751,0.15432767480867052,0.222
-0.9482859095330055,-0.418552804264785,0.388152330730571,-0.23111358366572693,-0.22800641410808611,-0.16561247717959313,-0.4320005143961807,-0.4608389600243865,0.31863504331683273,-0.43080222515755734,-0.28294841440186846,-0.9635723831813301,0.8252693448246613,0.38092425878803454,1.1679701921071672,-0.2161110907395444,0.9915335989410089,-0.11942405286164512,-0.4118430535088227,0.4404978560583761,-0.14548913452798923,1.3723857375212427,0.229643155792122,-0.15667253668896233,-0.760341347796983,-0.854414941372578,-0.6456733039685478,0.0078116682016287076,0.4318354878312431,-0.4636302155014504,0.1088475005863196,-0.08608341615962249,-0.16840526312462936,-0.3651895293818963,0.1153435646222517,-0.19863932545796914,-0.021945598232109537,0.7614008201420885,-0.6889566566048775,0.19322959549083701,-0.7885508700959012,0.021944340106501436,0.10853522837305135,0.5108586365812477,0.9465615932368655,-0.2096557719016073,-0.7260388212745769,0.31780298360207926,0.5731111678187613,-0.28174868061601727,0.05473336422542708,-0.44060770441657215,-0.06407168907241396,-0.38277603357005846,-0.4403559771576758,-0.7424191544131262,-0.06843617566490104,0.8995988539877003,-0.8216734988843915,0.09306837647854088,0.224
-0.9143066650581676,-0.38342584963675924,0.42101228752249664,-0.25605960432351826,-0.15189016694433125,-0.13515427424117732,-0.4487527386377138,-0.4831133637829382,0.3152777248458382,-0.39372700858355136,-0.23450757679581014,-0.9780963020575051,0.858496942705395,0.3723374500590152,1.2395574756742247,-0.2690354082233626,0.9635143923424446,-0.12465999737419023,-0.43643105237757945,0.423052299917907,-0.17967003880838145,1.4044674009480944,0.10809020211250074,-0.14488598016676785,-0.7292678516408762,-0.8843618599844708,-0.6748610432857376,0.024593183865689826,0.4748872489398561,-0.5118780254161577,0.14488323894534527,-0.08922277377985185,-0.2104915857102923,-0.3865404758539479,0.14044378761940504,-0.2743750423068188,-0.04240565010712547,0.7937586145903781,-0.6688927103964691,0.2226687604310779,-0.7830563137792451,0.060820352665874836,0.16997938055157116,0.4173758218839867,0.9996614259761812,-0.13869370492839417,-0.7226492280870792,0.3338133185858544,0.5736388557798693,-0.2469983869114376,0.010474761366342525,-0.4834242414144817,-0.062145559302479794,-0.4006624335427575,-0.3700995381953621,-0.7942060158292423,-0.008528500664658462,0.9382231437165938,-0.8189948130730401,0.11572723350106806,0.226
-0.990090706584779,-0.42193809448347847,0.448734813152017,-0.2653306346766298,-0.1473208369016121,-0.14268223925113072,-0.4595729045543636,-0.4176698081093084,0.3727199734937813,-0.4357740758648413,-0.23570263464411725,-1.0069569060436832,0.8523653745231672,0.40478697097092653,1.251118311978768,-0.26739214917043064,0.9745524700500577,-0.09752350895194176,-0.45582963491201567,0.3832573799341741,-0.2054593815850129,1.3882049547565516,0.13223547496703977,-0.12406858209112163,-0.7126236338634482,-0.8484936152364059,-0.6873868421019944,0.02564883438692756,0.4642871433642155,-0.5640242340354675,0.16425674934382928,-0.06424079011103304,-0.23458515537484692,-0.407125253596712,0.12515414091350702,-0.16141826225800304,-0.043197376302124786,0.8007040449296964,-0.6881093779502967,0.2505403515342255,-0.6787165059506775,0.053254490152111804,0.18608850120457682,0.4723119407359903,1.0425404302113688,-0.12938975046694945,-0.6669172039064927,0.35872572389489515,0.619904277525881,-0.29880271810566633,0.0669866209750895,-0.46641095330203597,-0.04173942588960083,-0.34317517766747757,-0.4006504978361862,-0.7647935940791618,-0.03428287070225192,0.9417193023668832,-0.7842969131859702,0.05330842348547916,0.228
-0.940057117940544,-0.40724462510804005,0.5273206927331562,-0.2502392282301088,-0.1392659595888477,-0.14442544289656645,-0.4627988557677684,-0.3892723648727583,0.3523157549799958,-0.44507897925488016,-0.3521203116959248,-1.040854177586906,0.889739252374442,0.3570359260130127,1.2427168594903428,-0.21495122117646234,0.9825945784737531,0.018836084408131545,-0.41527790827741323,0.3218616572100078,-0.15325080810588093,1.4447496130525925,0.11554416421575298,-0.04800315723172992,-0.7404733780834835,-0.8718522301824972,-0.6682077689783669,0.023043895396058677,0.4693088389043173,-0.5884556343739527,0.12619176822835604,-0.07720374958329565,-0.20157269348740936,-0.33631899964387885,0.11021598856713266,-0.155479360194602,-0.022964201108269335,0.7682368576890856,-0.6792277691794514,0.2833273773201379,-0.7186119156332111,0.12497046152819258,0.11804868481974318,0.44430728292961513,1.134889966280708,-0.12134018852879708,-0.7126648312896168,0.4003457165143056,0.5606837216033462,-0.2989764303860169,0.1050645167526972,-0.3851138619113917,-0.05313331318503462,-0.32252354299503955,-0.4413277455487674,-0.8033060588258952,-0.058217539620870035,0.9293507537880614,-0.7226067795534394,0.0042412150394664574,0.23
-0.8942951868725743,-0.41452654453710175,0.5122633605655289,-0.2747301674769074,-0.1374907091055511,-0.11593654101474112,-0.5435696401956829,-0.3293272007840913,0.3047145219904751,-0.44017345976118843,-0.39028384123066107,-1.005071599255392,0.8982220096186126,0.35832930355773035,1.3338111072627667,-0.2493640057604148,0.9400436553064271,-0.010456926640756967,-0.38014008317860265,0.3297120242729751,-0.1586437326200054,1.4032527484292903,0.13636413572864864,0.00960166797812536,-0.758944613667585,-0.8641678884320028,-0.6609694053330001,0.012632353821478193,0.482324617649789,-0.5594230177870865,0.11000429872581577,0.01619908678498061,-0.20693568749328203,-0.30512942786898484,0.09920228744068675,-0.20215658526252941,-0.02705541998424314,0.7978038628376507,-0.6415346449799401,0.29871324223257784,-0.6986893390798669,0.0814091498692111,0.07789538951090755,0.38285134335461596,1.1970917295092929,-0.1868344132375629,-0.6874458068804341,0.477310720411935,0.5422096420979646,-0.3501570213838995,0.08521910967306331,-0.4136558745583593,-0.06286606796304815,-0.2805445774376931,-0.4897252458332366,-0.7929123968642816,-0.06073203263091716,0.9324864327489497,-0.6658592656516106,-0.01689407315743192,0.232
-0.8031711988888839,-0.39907883074105993,0.5412744330698438,-0.2732606491179702,-0.1829082998344746,-0.10457071003164105,-0.5341512006591519,-0.3473843822141545,0.3357325824025936,-0.4825256721947033,-0.3521086836962903,-0.9739704860973727,0.8438391277595911,0.26225331802764396,1.3578649084857322,-0.25381676293574845,0.8732266777589919,0.013197268597506608,-0.35333062404842175,0.2711235020032894,-0.17477913268908865,1.4603187605975023,0.06689101790844677,-0.006787688526228738,-0.7328417984739265,-0.8151031466435747,-0.7474424930314949,-0.05181061359409744,0.46603156477613883,-0.5661933522443883,0.09327654872436107,-0.027964039326880914,-0.1678833437835988,-0.40224821471094535,0.1180540665865442,-0.15838799905829654,-0.07208116239080975,0.8178999281692142,-0.6974366363175203,0.2592908393662904,-0.7124256446781739,0.055808889834807265,0.0941074828008709,0.3419144122571176,1.2393954488496948,-0.16998441806536127,-0.5703133868196308,0.5345690239236365,0.52570362756554,-0.38101680336735055,0.11414825812645644,-0.38344101207913417,-0.07379424154689083,-0.3576602049984622,-0.4861776409710471,-0.766996272471183,-0.11071915001179038,0.9412513481862795,-0.6908339953117826,0.0047314721358555495,0.234
-0.7857835389802709,-0.33505590372906596,0.48814137105149213,-0.2661396247156555,-0.1337629605610577,-0.08484390386506445,-0.4803652323394052,-0.41673403830568195,0.3516683087643428,-0.4866110962259244,-0.23767031657237908,-0.9665767557628722,0.8721673858865217,0.20600154683598446,1.3136852626994742,-0.3037170866716742,0.9073217908135409,-0.010023260461820293,-0.3640744818114299,0.27629293717385794,-0.16228529756986282,1.46772519742259,0.029891632306309812,0.04526553756835909,-0.7806629466385875,-0.8007217892396387,-0.7847947657326939,-0.11583498838532834,0.4957562641544946,-0.6270541258213467,0.1253600458356377,-0.047084252268629126,-0.12413293309347416,-0.35480738485274727,0.11355919898904292,-0.14878627265945388,-0.047884152251248785,0.8127284139367646,-0.7681518317790159,0.2304564550148222,-0.8455999982713023,0.035147123968691296,0.04636452283092822,0.33149620737563024,1.215313899860541,-0.1758986464774784,-0.5178013558093562,0.5139622389368976,0.5948143742558328,-0.4253627457740896,0.1083681792379228,-0.46069594313047746,-0.06706007479943525,-0.43567893935321944,-0.4458782046015301,-0.7021641105963272,-0.07988285891295147,0.9905260415284777,-0.6900033709440578,-0.0012654856580916083,0.23600000000000002
-0.7300320327473704,-0.3794337277810316,0.471661827682088,-0.23183964360167225,-0.10788542486710172,-0.10232520179258858,-0.48355049557620156,-0.4282049050485619,0.32228573861624027,-0.49532751555036775,-0.23405226883101632,-0.996885947908131,0.9015306108171359,0.271636075467216,1.2974588039248474,-0.25083357665101436,0.9074700856962588,-0.019475761937733708,-0.4142470418986696,0.26534136731716534,-0.16340766756920483,1.451462145791427,0.04464621712068195,0.029405856860443776,-0.814098723139611,-0.8457729256524349,-0.8042412011981207,-0.00925125010067658,0.424835512078955,-0.6212958256050131,0.10010397102875951,-0.06703421595736214,-0.12037045201846239,-0.4287602190660527,0.09818330245043519,-0.16666051544490387,0.024880680832004884,0.8286528147977077,-0.7296784301974159,0.18863756337100562,-0.8288693763245463,0.017702598647645392,0.04545586239874242,0.3690695554581156,1.1735009807885035,-0.21038736671401828,-0.587241181258657,0.516780247990533,0.5337280806046069,-0.38583734121182317,0.12985696338819436,-0.4754860843365687,-0.09111583490653358,-0.42782696581389057,-0.4373521541284312,-0.6425375525445681,-0.07329061595281532,0.9729100808454946,-0.5789544506888351,-0.07481820844322562,0.23800000000000002
-0.7376275964470133,-0.4480115206575212,0.514295359772836,-0.3163162003927282,-0.09947650476805944,-0.10732637362989905,-0.43266475434780294,-0.40221631909613864,0.3576029189235717,-0.5415886666103579,-0.184452457498694,-0.9895498547965531,0.784142421233266,0.33171862097685334,1.28032129462471,-0.2904492685545774,0.9293796644367982,-0.125124691637788,-0.453623966977784,0.2352044768337211,-0.2533000999356283,1.4485168482707023,0.09465345112815932,-0.10686147319124259,-0.7769342065190303,-0.7976265897898165,-0.8388501737382639,-0.004843310827695502,0.4000613661119041,-0.5897323576337329,0.18264400921980256,-0.06054359023291886,-0.1228423721549377,-0.3880691077764671,0.025907464849937764,-0.16103285123990543,0.02765429531967298,0.8250969659502629,-0.7620941469505791,0.1407567052812443,-0.7262932890470598,0.003509328564855002,-0.020165043883478485,0.38440668688390983,1.147387027347268,-0.1389706360060056,-0.5755335987930096,0.46323515388006964,0.49859077086347836,-0.4745756096448144,0.05341494805318664,-0.47311078608552093,-0.1177807075566838,-0.41965137058838187,-0.3477349483570435,-0.6381630799074393,-0.07693482676894378,1.0918370200974186,-0.5226488300614409,-0.1233464315696242,0.24
-0.7571306881614681,-0.43127647245405143,0.5912986318255415,-0.32310237272155123,-0.06316012481296965,-0.10786089415178625,-0.4634468318484289,-0.4075811202069797,0.36079649228635635,-0.5883037858980003,-0.1546330032781405,-1.0091392645888646,0.7762946231179787,0.40796839183312855,1.3712997118121366,-0.2799551305004599,0.9198211716253812,-0.09611983960040553,-0.45230513555175605,0.262685419111944,-0.31130902244441755,1.394629793830295,0.0551802683335116,-0.16816955139388198,-0.7753173726772923,-0.794968656626594,-0.8677720110844743,0.013146643902287345,0.3739093422290311,-0.5932910337232994,0.18519384051383933,-0.12349034512649561,-0.17442796477494993,-0.44978589941946195,-0.031389375345671586,-0.18093049130384814,0.010523587875264997,0.7950837616144257,-0.7336590836601653,0.1472855856321429,-0.6738277082501097,-0.07456539847872379,-0.023110001862835163,0.4067889653673984,1.1417511479471258,-0.22276231094880533,-0.6289307697310565,0.4929552215278624,0.4844604648502436,-0.4871558421339804,0.09307439545379195,-0.44292649350300944,-0.11771681705665664,-0.47138835625781383,-0.39655597313207125,-0.7450643244591253,-0.04086676008477927,1.0863907065192455,-0.551047161333359,-0.11465106720819584,0.242
-0.6984266417925359,-0.36896323512406276,0.6548478609846778,-0.29991368535682444,-0.09179993458725709,-0.08788528136428043,-0.37791925252371045,-0.37112135579513433,0.3067422686018919,-0.4795665069846138,-0.16033503453645206,-1.004298915611112,0.8242518251847835,0.42787544013526274,1.33952011771194,-0.2315245495125857,0.9513234954122638,-0.0496927357757831,-0.46753364038775425,0.25627282945089397,-0.35016369269011494,1.3802018651730692,0.04641881089275546,-0.24626565812657836,-0.7215929388168513,-0.7519734172473511,-0.8824222968605341,0.013902912760413012,0.3391504443776062,-0.5682732858085382,0.20661065834689174,-0.08760171573349806,-0.15164272065224485,-0.5283916390963038,0.08589275639720147,-0.16275152073345533,0.06461817467634819,0.786791590494286,-0.7163014625600426,0.15329136032228893,-0.6624418000825065,-0.1834649795246919,-0.012729759867195826,0.49839440051980544,1.1007734645216816,-0.206326714271137,-0.705504617856197,0.4591098221902698,0.47943343922782933,-0.49852940883324126,0.10094956090513953,-0.47971985910346604,-0.12533118450774836,-0.49728216024789773,-0.45025395755201514,-0.7180671405648617,-0.09804882756372645,1.1179407894122624,-0.5770697685091597,-0.06099561119770278,0.244
-0.713034227108919,-0.38375432180992514,0.6881678415745605,-0.3113797690897573,-0.14908959673882122,-0.07252122340276304,-0.32521335585317,-0.30576113691481704,0.33432756506390054,-0.3612327447357795,-0.1375336370505797,-1.0493865642053668,0.8248632670595052,0.4753346946202782,1.327465350923066,-0.23872471050498054,0.8821567526087452,-0.04339566147042865,-0.4732490299741009,0.2650242756170312,-0.38002688204202106,1.3914052422087382,0.040757343666870116,-0.20793016861894764,-0.7591361539430123,-0.7276840077530152,-0.8393120360692126,0.013826067582882802,0.34020133729671304,-0.5674500094688906,0.24754903052175542,-0.019173903626066954,-0.20159067197349048,-0.49340727672014734,0.10312232614115138,-0.14045376595433692,0.07236535300676228,0.7956833446759212,-0.7795176833907268,0.11693869927047074,-0.7300520354536285,-0.15952422051434428,-0.01948566191906984,0.48447408744263043,0.9967304647462765,-0.1655548113110777,-0.7194334270634097,0.3455964537067915,0.4824598271696222,-0.5306222886223894,0.163449798920985,-0.4120155194636407,-0.15744937674988346,-0.42899319438715444,-0.4183664880460694,-0.7194408815666832,-0.04619703252608398,1.1719748710319182,-0.49329793178093445,-0.04247629636693917,0.246
-0.7332668021998111,-0.44862158991713114,0.7543956215074988,-0.29441371253499427,-0.15567002014335826,-0.1952830199377339,-0.23760402355970883,-0.3285364986896623,0.33613679578680034,-0.3549656761983376,-0.20349196666498742,-1.0794520527221825,0.8111276207690319,0.45029780712879536,1.412694173893447,-0.1826524783882868,0.8482259726970557,0.02293862218636989,-0.5425514141627272,0.20487735718389172,-0.37999404294707434,1.3739950157284975,0.047855633424972344,-0.2631244356089576,-0.8036025280592253,-0.771100621501871,-0.7730693105702867,0.05088161670430348,0.35027724365862245,-0.594987566890627,0.2557315774359346,-0.0661600535255139,-0.26246581084720944,-0.5040153728359026,0.11236576554644069,-0.2323101583890067,0.02035035636133222,0.7960426089519365,-0.7976642970667693,0.10808033294775518,-0.7502541452744282,-0.17376983111936617,-0.11799797864279472,0.46077687969497555,1.015603289264513,-0.2263797042898052,-0.7888504451306628,0.3515817933393285,0.4365631754729227,-0.5363225498134612,0.12831753783377634,-0.4197415658661916,-0.1013766827032554,-0.4582665075331793,-0.3681834340231899,-0.6504266903237542,-0.010189919995017935,1.2010584807362366,-0.5067115480959234,-0.06496253558686706,0.248
-0.7253747622239984,-0.552556337617074,0.7299831618703996,-0.27134503212846744,-0.12780927997722139,-0.15381128108912134,-0.309888632437301,-0.36805578658942595,0.32955439763164246,-0.33620828681757176,-0.19606442746250907,-1.1043327514139927,0.7873063131708747,0.4305465940278492,1.3778257548713793,-0.21101933189260758,0.8961997549322358,0.04242559350284484,-0.5352769404929597,0.24020453790023133,-0.39380724443523796,1.3374929752544036,-0.009855360089368763,-0.2815220681485303,-0.7860029050515815,-0.7225728422008706,-0.7559568537069005,0.06353275857135762,0.37466519714600355,-0.5829610014858911,0.26557883423131007,-0.08485975753267297,-0.22594186344448663,-0.4505594123281003,0.09447944484646668,-0.1946141829798034,0.024808299070145135,0.8002149211665622,-0.8169434350359145,0.06176569905282652,-0.6903995924429777,-0.12724976833642476,-0.14272709858688643,0.40967462620501477,1.066117064109825,-0.2979140059163988,-0.8161975019736414,0.3041250485751551,0.5049716325431548,-0.5862006371839817,0.11505401816660568,-0.38590320864570354,-0.07761254118317458,-0.40369447123714375,-0.3665928815346747,-0.6497030762976947,0.06343947292143863,1.164681171235432,-0.5079644491022164,-0.09260022784246157,0.25
-0.7191834602186176,-0.5269249901846755,0.737665592555879,-0.28239491458437926,-0.11834841066996227,-0.18592504617376177,-0.31699676080447486,-0.34547326357346503,0.3017503340288018,-0.4071586909155777,-0.12570819542912526,-1.0780183431794697,0.7766584329178912,0.3983395194951795,1.4103485594056708,-0.2500842921652194,0.8881629382043217,-0.05540614952332156,-0.6014839160440101,0.22041478970208597,-0.37000665986894493,1.364790845020331,-0.07182941950954864,-0.33861129068633644,-0.7552944972522281,-0.7313847250561258,-0.7017943582749193,0.026616107172461115,0.35933375497386516,-0.5516541077693642,0.25498213140483067,-0.12255829935322554,-0.1825491419575458,-0.45655458239722574,0.1105614726233412,-0.20477619514872597,0.11100035019915434,0.8854004080643095,-0.7246755132425078,0.01622160975518002,-0.7368685691167476,-0.008530111080478159,-0.1415385475457754,0.3015076661647177,1.0434852158259327,-0.32952204058830376,-0.8524447628329264,0.259191606053644,0.502891729611484,-0.5658281004673,0.1289131472239454,-0.4025577838495601,0.004143925993308983,-0.39155115146414726,-0.3378669690243817,-0.645946621846321,0.05922966858269543,1.242906150394883,-0.5644542544477333,-0.1014202543965986,0.252
-0.7395639889260769,-0.47195812452443164,0.7950063521937408,-0.21052864104748192,-0.14451089564253702,-0.13061371236588262,-0.34427228170871677,-0.35122064972185874,0.2536525315578116,-0.496749743412229,-0.08356087355436784,-1.1685428445440678,0.7656991096003826,0.38593267494445743,1.4022587627974632,-0.3332992465502963,0.9489148739156723,-0.08803123072743366,-0.6646417590487843,0.19741273136449017,-0.3934246524718531,1.3744643271278074,-0.03447175729856536,-0.3378202087198473,-0.8489676027211907,-0.6896862047649504,-0.6692385185380274,-0.06121269387721677,0.3275208470404833,-0.5333545814270119,0.268295264990676,-0.11742296682947258,-0.15525419403740284,-0.5070340704186042,0.19486528846962548,-0.1932192184512762,0.06550888452435275,0.8770439463121303,-0.7217696979200364,0.029540810888437297,-0.7189809880276519,0.01665104993657507,-0.14245479300006791,0.2518715607469596,1.1374761124374948,-0.3682776992105752,-0.8868104322626256,0.20756475817235953,0.48027283918981534,-0.5943830071293302,0.07191504617656624,-0.47163454464151444,0.0797948786318355,-0.35035448245648637,-0.3588431076223507,-0.6087560035238746,0.11875875879720241,1.2250253773110193,-0.5464791319763028,-0.06699190649206783,0.254
-0.7004556101730193,-0.540042300072807,0.8092274875771559,-0.16219428303969127,-0.15600785395479538,-0.05878047675827841,-0.3160821290084777,-0.4131492558746087,0.20983618782252744,-0.5519888653354782,-0.029770554047730248,-1.1397080657454326,0.7757581205238893,0.39558705979187103,1.4241466229167405,-0.33186355878827684,0.9345024639140346,-0.09229234236955751,-0.6327740791185846,0.19672668616474068,-0.3675298839709699,1.382399141598823,-0.07525878761272035,-0.37326902695586944,-0.8365496350814045,-0.6674970120858585,-0.6899058325431104,-0.07487493396930629,0.3374332858054795,-0.6012715261197494,0.3670760214638196,-0.15972746689682565,-0.14811187408351778,-0.5457583406900665,0.2413543250212966,-0.21497317899503324,-0.042209733870598176,0.9177625789234989,-0.6962982035980873,0.005395186716871728,-0.7108413091750787,-0.008669097603070868,-0.17255539550477,0.2230059990892814,1.1620341957538352,-0.4347901425065877,-1.0145114175585053,0.14711098253795846,0.5034991055992584,-0.6330244326774259,0.04787911163560257,-0.4707811820761763,0.05380577637018617,-0.27743086960349467,-0.3590700799733241,-0.5672143864094404,0.16845960161297224,1.2868400135674023,-0.6245993078420495,-0.08673601767944786,0.256
-0.6888418791252975,-0.5863505849946355,0.8056154582740852,-0.22315922137458846,-0.08590370406401125,0.005698140792603251,-0.23913295457250083,-0.4236596172849575,0.21522932788357155,-0.4738948769717189,-0.1588388784588237,-1.1268377969119234,0.7417378377223944,0.40134042113127655,1.4006931617018352,-0.3288084116452338,0.8606220993849532,-0.12419226997729096,-0.6059323627374475,0.15660279656754508,-0.34439492083932544,1.3845783367474447,-0.05963513792125326,-0.41070911737023885,-0.7790062807211268,-0.6845546384124449,-0.7462229727902291,-5.418524557317117e-05,0.2979074931715376,-0.5989325889638841,0.42516168062134807,-0.09809869544847727,-0.1208414963168696,-0.5728630209525125,0.1579622607983033,-0.23586347332297167,-0.013156765955245779,0.8657120413738297,-0.7066265089267721,-0.01633269222464212,-0.729587371070731,-0.021377262505605454,-0.1859029504785124,0.2563202782622449,1.2156711906681497,-0.5486578655312964,-0.9961878400410431,0.17604500779361137,0.5295539093814279,-0.6375567951915685,0.05947783062322123,-0.5167900603293056,-0.004931338966132563,-0.255830574585572,-0.3452907103827302,-0.5706429530742021,0.16269287740205535,1.334853908010972,-0.6265888336957097,-0.17262478083061764,0.258
-0.6611401618623983,-0.5877818804998161,0.787455404644223,-0.28635302729007445,-0.13258054004405587,-0.004552095845212904,-0.1582497222136005,-0.42155126133534476,0.19550320166878837,-0.45110231777632215,-0.1456249427382279,-1.1312221256322128,0.7212305689135197,0.37557672670269865,1.3705435328404498,-0.30929798895379373,0.781570804712308,-0.14050411463900198,-0.6222792762237126,0.22887267494506963,-0.39996101325577127,1.4125704063236446,-0.06061486871091111,-0.43015889210959923,-0.8328857739278485,-0.7150189084691588,-0.6802585604156114,0.0662291555229311,0.3129484371051613,-0.5919110276211896,0.41196521262097613,-0.1162231281573138,-0.12767043355647126,-0.5852411226211119,0.045788201053086425,-0.1721276081704362,0.011071664402139875,0.8305568531315151,-0.7363023703742694,-0.07039932200473671,-0.7228614385271381,0.019865696885302778,-0.14676227461550867,0.19638915582788743,1.237759018098825,-0.46578056204584445,-1.0097042234441895,0.20775224608561899,0.4853335651016081,-0.6062516338305342,-0.016749369875050373,-0.4662347258841337,0.021120635907708667,-0.3208232163148894,-0.43891511888127166,-0.5682722556222273,0.2048880956998135,1.3838481753061143,-0.5963179316258643,-0.22699606955594798,0.26
-0.6222152132532451,-0.6025337012564124,0.8446535751166315,-0.2614432458493783,-0.1661520164013618,0.060108240943123364,-0.11512849185583723,-0.40640376216045065,0.23814725786242996,-0.49631744982057246,-0.12928952990340092,-1.2052532543347596,0.7676843213341608,0.3779891656895027,1.4190776076646698,-0.29627671730180216,0.7982372658736172,-0.2494237739303573,-0.6342230748154194,0.24961120962391198,-0.3973898727798742,1.3865053578303848,-0.05567989639933862,-0.3842441781699211,-0.9404307153043865,-0.7088541864206708,-0.6288159858677302,0.10467197838673475,0.337942839042073,-0.679604774467187,0.48027621605626514,-0.12416446969979394,-0.15468685989356962,-0.5536857252514888,0.022891428843749468,-0.1849406990252765,-0.004901416318760791,0.8546909971186956,-0.7419361477539053,-0.1019864857221917,-0.634169725544997,0.0041033637820008,-0.2088890884907895,0.3206982633207509,1.260550649207241,-0.45387251593313377,-0.9884384889974283,0.21086423666770873,0.49360356523004245,-0.678307142391643,-0.032617961751806084,-0.4907551071255263,0.010351618986890932,-0.41729226420263843,-0.3717935611586648,-0.5886486788065715,0.22915227285871947,1.3880824262742402,-0.6401592410169458,-0.27809419371349176,0.262
-0.5745466661308765,-0.5738777229927573,0.8617865178673206,-0.2571363186112604,-0.15266323039151256,0.02783519951567416,-0.07398496426008724,-0.42971734805026474,0.28157771812423654,-0.4046962630087914,-0.10825017979257236,-1.164958873696087,0.7658781462650637,0.4118307922915744,1.441757911678038,-0.2970828665365664,0.79697560405972,-0.2569167600218636,-0.6079286145898559,0.28461462597133325,-0.39073065667437673,1.374305415863341,-0.06611763799458467,-0.2757441807738575,-0.9589953931344888,-0.7407163053301257,-0.6993527820255933,0.15834330344182873,0.3670965730091377,-0.6611072090268181,0.4540759558168406,-0.12386818408308224,-0.14828756058435297,-0.6000455200527645,0.03868730050204018,-0.17808082616598062,-0.010294332438076297,0.7758710269696962,-0.702585305260899,-0.15349546408597697,-0.657429428720457,0.0571811725830669,-0.11738861521196586,0.3274585886472188,1.249881952872026,-0.4540240545031758,-1.036710774589138,0.25893749416851886,0.47027025197490047,-0.7390748998701275,0.060705342254022125,-0.485555246996433,-0.08675826416713861,-0.404138500522252,-0.3506892369547511,-0.5999077753077224,0.2445889418579386,1.3678767426957497,-0.5927146755696758,-0.2607554255168529,0.264
-0.5828235132795636,-0.5300049405124017,0.755286683388551,-0.17057764626688743,-0.12590682072122925,0.0623922138574209,0.04847990954593806,-0.50286148924778,0.3111091695234639,-0.38832333824999893,-0.1583378846621769,-1.1601814332316471,0.8150684947946885,0.36512542704466333,1.4349102451021092,-0.31090316748730146,0.788230936658066,-0.2523626726555925,-0.6193483336936626,0.19015143900845313,-0.3377884011054609,1.4031976211407668,-0.0706014829739743,-0.27306752054374756,-0.9710593244994644,-0.767732770357598,-0.7172254319253307,0.04640842218065366,0.37397763174177323,-0.6314378410199499,0.5095459544080674,-0.1058593362711523,-0.09936839394256432,-0.564962940108311,-0.019672379167314673,-0.22690291621555436,0.08959422816156663,0.8771454840709548,-0.7114408510027055,-0.054254773695101594,-0.7084013845457373,0.06320847883585444,-0.0985958054916948,0.38658281797564953,1.2851562644312282,-0.44099492168584453,-1.0341827981239762,0.26554269158499255,0.50604578626353,-0.7155269585139382,0.11817346068516467,-0.5101574680533404,-0.08410717900688504,-0.4362699588739453,-0.35165884038215006,-0.6258175468711397,0.24345114064959555,1.4028382449577401,-0.516048315906984,-0.24253990454514746,0.266
-0.5288215370138689,-0.4681680172567393,0.7267109940165887,-0.18256306518093704,-0.12919616025838868,0.11631089208362914,0.08022078515851688,-0.5488252513436788,0.28729524822312685,-0.45665141229023987,-0.19901604242791385,-1.1879676246158906,0.7586526159407667,0.30495672679243035,1.3755235881079195,-0.34137302834326494,0.8291812058498732,-0.3035432520902841,-0.6063238978099957,0.2881605532895968,-0.33228862427178346,1.4238687370292809,-0.09025449487603843,-0.25562014335419636,-0.9534896474545654,-0.7520201133828198,-0.775878710920444,-0.03377360501621618,0.34218367831229035,-0.6071004535071337,0.5210632708449432,-0.17105776599312333,-0.08542743095909905,-0.6407856639389563,-0.0005475976127315638,-0.2241201859660972,0.022038379828392102,0.8144799406786106,-0.773533389813364,-0.07579031142627735,-0.7094640320793589,-0.005757937551467751,-0.14227261130865743,0.38528177654251416,1.3149604747888337,-0.423578078936228,-1.0536389337259062,0.26253005176545346,0.49681791340469067,-0.6932938975538167,0.07934981725400217,-0.45267657344195855,-0.08658765140596683,-0.44311836663406035,-0.43763751339235746,-0.6792843195928944,0.2638891379570447,1.4108161408476323,-0.5287362463426436,-0.2766852735143307,0.268
-0.42932539920885,-0.5051708614177781,0.767871835551689,-0.19995906019517637,-0.0242582061881014,0.12874800374315368,0.11753572981477503,-0.5008579389855399,0.1983444105335066,-0.4569777837542595,-0.2136362370002497,-1.1985491908173376,0.6608390200156554,0.265732080278201,1.3233317511424667,-0.3555248617171876,0.7830517725220124,-0.2825676987838039,-0.5930622909849019,0.3279337607861139,-0.3422044691729906,1.3981220187713224,-0.14975389178901627,-0.3091464889762736,-1.005354746069876,-0.7493420381001996,-0.7558310043781464,-0.0006659122667390174,0.3775396287222113,-0.5993618255713621,0.5097307740682573,-0.08651931214532237,-0.1472121371848245,-0.5771384806727194,0.03532460345456713,-0.2048851296233265,0.17834127070448366,0.8794230807072947,-0.7555863985344982,-0.08564783795319104,-0.6936730211437812,0.004811945458955554,-0.062065521410889585,0.41656212443655743,1.2159984469730731,-0.4106648968658357,-1.0872792704806065,0.3202111877672566,0.5560580444416554,-0.6724347466272282,0.06753926829325044,-0.46952732721707885,-0.08902539105422753,-0.4600141823323118,-0.42967910479514126,-0.6407098974908654,0.3101289506275655,1.4087783384717274,-0.5445013353278498,-0.24390603323213667,0.27
-0.41061123776486086,-0.5170930396965101,0.7045585988234685,-0.3104897539283099,-0.03498041298404661,0.08987474923114974,0.1272766012389043,-0.5257998908906704,0.20107150233595933,-0.476541762422326,-0.2147239455446492,-1.2394507292108539,0.7426409482324614,0.2784647790994416,1.316041348199322,-0.38796175653415277,0.849965379174795,-0.3604206951665089,-0.6189183846884728,0.322681745933656,-0.41253966239807116,1.385845494121074,-0.10245940169798295,-0.29339398178946496,-1.0146298046617088,-0.8031501328982203,-0.7275142445136131,-0.07382704560342035,0.4150090851754034,-0.6109022507487467,0.4910902906385303,-0.0692690562090487,-0.18543804553285004,-0.6188015427017474,0.03216019129200914,-0.2512222496355304,0.19861047814492677,0.8897394012212778,-0.7977227008703133,-0.04900644669059414,-0.7010371819190127,-0.04983740380413932,-0.03633482146376556,0.38345045856332916,1.2881152193979388,-0.367427874308076,-1.1255022735484561,0.30294371980057705,0.5760925855207609,-0.6563826535550032,0.030933446941811917,-0.4665076603799424,-0.07554967922306342,-0.5380819179714131,-0.4298867502090498,-0.6242829272793281,0.2879594871139033,1.3160264003948303,-0.5887322415569847,-0.2808289745032373,0.272
-0.4224943289341282,-0.4717946043345899,0.6871173648744711,-0.3305950591302778,-0.06058100996517707,-0.031615132572274246,0.12862456701352742,-0.4684517839920876,0.13167417178840554,-0.4098239616822507,-0.29560044237106736,-1.170709918373018,0.6122967378298526,0.289061941292435,1.344556990018818,-0.3767242728526833,0.7345650292297721,-0.35048642722443596,-0.6919204997462457,0.3170261280440268,-0.3968860754313364,1.3788694999636661,-0.1428739769676603,-0.30959089734374323,-1.0805426933831628,-0.8476123100437345,-0.6811504939017327,0.07522719236048425,0.33667574623163005,-0.6661841285569722,0.5054916665016613,-0.13257373822312418,-0.21200350184305514,-0.45263405677920554,0.049388664188433205,-0.2486183725844274,0.26813218270639816,0.7835133094240618,-0.7566628860830682,-0.10977168576544075,-0.6419933309923149,-0.06197261852052689,-0.024517758914462517,0.3780850194092569,1.2774610159916306,-0.39775112448083655,-1.0687704211280014,0.330080788473756,0.5520421416330245,-0.6488159836225685,0.06895390831975445,-0.45373527743788067,-0.0836415075240625,-0.589946083968277,-0.4485095547984381,-0.6053073848312667,0.30726233083001364,1.2753186304260045,-0.5889646116010595,-0.2752441345785294,0.274
-0.5077579998807421,-0.48381875155056075,0.6834659994516931,-0.3946668968763516,-0.09361417151792896,0.005269355455643915,0.06824027723929718,-0.40091917981256686,0.27412808072413064,-0.397864256440958,-0.3264682978799807,-1.1334093769429872,0.5909972524517229,0.30361933313016337,1.3406423116639123,-0.39741938688527556,0.7309501879342132,-0.2683102186257577,-0.6633465280762585,0.3232059499656852,-0.4364473819530845,1.3858333297549343,-0.04800187545940163,-0.2615504037358421,-1.122287899043527,-0.8962008800290521,-0.6537388790669683,0.0905370368583838,0.3473572630871229,-0.6897012913539127,0.42481045387051974,-0.08556187261293266,-0.22040677207498285,-0.491555533152146,0.01919910032174942,-0.2680644648573606,0.2623773679591007,0.8319124850596193,-0.786355683535644,-0.17728949542122446,-0.6406246495103206,-0.17432419082534345,-0.032880726034137664,0.3480001698784096,1.2291813671020224,-0.5042828744272244,-1.078982499466947,0.36841342155024737,0.5680713327759682,-0.6304048651598291,0.08046684073501725,-0.5222498127493088,-0.025300596007339415,-0.6057100500585566,-0.5121252363437562,-0.6394915716117836,0.2824647676040204,1.314036759999332,-0.6241276352710782,-0.20204501195019833,0.276
-0.5885181697646611,-0.4839239039241041,0.6683673001860291,-0.46579880292318276,-0.08357140623517917,0.04447750595170277,0.09920378809289547,-0.3856206489398341,0.23198765601068197,-0.34436085731362126,-0.25996051097744,-1.1235292064712816,0.6646764566138699,0.27931555098944005,1.3169846871713493,-0.3726089893394301,0.6824326383796099,-0.27606658173106075,-0.6632268093568573,0.32142775604570545,-0.44618697808244107,1.4502018565234251,-0.009664308812972783,-0.2396695409289593,-1.0954449898879077,-0.9172616428436272,-0.5788849553111406,0.1274904011666096,0.4236106081639115,-0.6502752334136725,0.4449347855538569,-0.047931809189769366,-0.2945429220451291,-0.4897008275251988,-0.022242417038632594,-0.23189513135481468,0.22905300648095153,0.820406361729443,-0.6942467674971573,-0.21518276605217213,-0.6230179532694926,-0.3039734415332619,-0.03700080774469138,0.351000182285803,1.2406591862397187,-0.5808460060559444,-1.0959508089673338,0.3801570105739546,0.6099679926059275,-0.5612374603805508,0.14487620737665563,-0.511338832559293,-0.05885118029575068,-0.5612632023363678,-0.4636667667928822,-0.5692341981692091,0.31653299644759186,1.3292835913784895,-0.6385395641351331,-0.22570950936226333,0.278
-0.5873127238925785,-0.48448011019478626,0.5482649049178231,-0.39707751035781624,-0.08516362912841186,-0.00817189013639659,0.08064331001904225,-0.3807017117695903,0.15959212602619005,-0.36805669790687406,-0.22399224210065047,-1.115133748574671,0.6269898465504801,0.3246718770428924,1.3314762873195953,-0.34176501749282173,0.7081825028616566,-0.29271642848037566,-0.6845605905036285,0.35114983133053346,-0.46970995654029146,1.5372513115569193,-0.013952024040567654,-0.21932509517421186,-1.0808630235303192,-0.9276765522120932,-0.6646161360685735,0.11122820372833492,0.41733842241096686,-0.6298855956300028,0.3881721201137861,-0.024856033565110066,-0.23925570890829304,-0.42107127783671694,-0.031079743460526825,-0.25323874425811604,0.2369067450695323,0.803666593980106,-0.6831186048959063,-0.1412109210818953,-0.642596032149858,-0.24757804368153757,-0.07202155295766717,0.361319858096253,1.1980363513676076,-0.6018349540859149,-1.073545828941131,0.33497844289134115,0.6369706187479712,-0.5452610561039343,0.1608583277825275,-0.44605290064800707,0.025087050577833406,-0.5174348993716432,-0.42827638036598276,-0.6180618796593589,0.2877171610990844,1.320251056310494,-0.678808962894957,-0.21815120976179575,0.28
-0.6266275775560498,-0.4175942158832253,0.5659495692838544,-0.3595653561398152,-0.1354435270466825,0.003584266052369209,0.04344490283663694,-0.3268675710492982,0.13723804841959145,-0.33725717557207063,-0.21778231158089612,-1.1208994575407507,0.6676618531447358,0.25384219318294243,1.2454959031314905,-0.4009246161512623,0.7517730656295748,-0.21660612322064243,-0.6523809994100095,0.31491041381287893,-0.5123415050184204,1.5408729394180676,-0.08128446424440595,-0.2100810414259301,-1.0948581087632892,-0.9024255578274663,-0.7260870035131366,0.16409572237853806,0.4736093175300249,-0.7257415495403401,0.41211809290671353,0.018486838930638145,-0.2152178637516579,-0.4309307080042374,-0.030152106177524594,-0.22648988586735513,0.1848083162592271,0.761986987354359,-0.7451902878978836,-0.14086510289604953,-0.6240082684757912,-0.288736075633016,-0.09092931194545362,0.35580112185466006,1.1764479819801636,-0.5346773588006957,-0.9932092282375036,0.37693331895240706,0.6617267315670039,-0.5560100253722037,0.16878740182276097,-0.5373298588773722,0.06637697605644347,-0.4443160911470421,-0.41900859797027623,-0.5091741438333383,0.2636392222959699,1.2658743405956114,-0.7923259051159802,-0.22632346964957892,0.28200000000000003
-0.6047955498412471,-0.3311825888781226,0.6244705022019367,-0.34151008551723183,-0.1811264353356263,-0.0067128897400805815,0.10972784249468687,-0.3968341294469404,0.11490825862919449,-0.28817731181404743,-0.22518875514385825,-1.0540388972215007,0.7995609740598735,0.27141900195413704,1.2795059607614314,-0.42461676474485366,0.7625593564301866,-0.16326131840106428,-0.6655414644199396,0.28892703650227636,-0.5211192301477902,1.4773209789658788,-0.12473554376664775,-0.22301581979693372,-1.0704247868148407,-0.8578525819014424,-0.6362600515063872,0.19387766551174243,0.4985864597152232,-0.6697332864881496,0.48322245726247803,0.08803840905296965,-0.19034649422236125,-0.4316584262104474,0.01349238745214992,-0.16609111279435795,0.09249588763025857,0.7661832267202889,-0.8719932056294972,-0.06629117290860259,-0.5530046463770344,-0.22752614387800213,-0.08080714923717644,0.3520347667985225,1.1866061761663944,-0.5319842030072633,-0.8441853647841855,0.34054792977655235,0.6417482919407982,-0.5395299243836753,0.16700830210489773,-0.47988705686765437,0.04372952883267392,-0.5012622830724177,-0.42705346140056244,-0.5465498134776184,0.3088493660950953,1.2860116704665896,-0.876824859751653,-0.20756082421341265,0.28400000000000003
-0.5582316078248256,-0.35825290069795884,0.6130087358172462,-0.39383736912948897,-0.12691473687606936,-0.011979349259321207,0.15865440701809985,-0.4613584571936707,0.126630022712162,-0.30064506588325857,-0.2520307656051139,-1.1568938255077024,0.7503967416971514,0.33940928820865923,1.2887173264590497,-0.312220101127091,0.715851908488616,-0.13563854568929418,-0.658678064988652,0.25863014265196527,-0.5479711739600976,1.5142319276855571,-0.1666559172367274,-0.26698941569619544,-1.1103846122323617,-0.828113639908346,-0.6406332982034723,0.24795727734685516,0.5450082499429199,-0.7560079784328335,0.463146602978904,0.042354619598200374,-0.17722026827209242,-0.43555038873112273,-0.050883695552564445,-0.2554333290773679,0.1535658371700505,0.690323723067786,-0.912571149819145,-0.07045023258591139,-0.5596007528421473,-0.19767886461780493,-0.09260104551290128,0.3678996845429517,1.156405506515632,-0.5130724827290589,-0.8063380150925928,0.33585375816951646,0.7356531357496402,-0.5616626255298799,0.23422816540945962,-0.5023305065518896,0.014235296319061942,-0.4736579118277756,-0.3405484732965945,-0.6124040119512181,0.3397024471401525,1.3118313153216505,-0.8952511351093027,-0.20017768776586786,0.28600000000000003
-0.5452430382732576,-0.28537066921082227,0.5564608170879938,-0.3744742822227967,-0.09067315710174811,0.017057774122148178,0.16694489328535073,-0.46486162206490794,0.10997796909539818,-0.2871252993301202,-0.3146508706688701,-1.2305797060401655,0.7554358611557501,0.29503363026449503,1.2277925002270944,-0.317894128120277,0.7620385464437684,-0.1400263886346298,-0.6232170847584889,0.21541848910789801,-0.6061299242588298,1.5284395849003853,-0.14878300283979723,-0.2797193679046767,-1.1355709023301703,-0.812266842500405,-0.5790178223883794,0.2461539628268217,0.5962395392339263,-0.7481715479399288,0.5238079722265895,0.036583416268266084,-0.2522723528463212,-0.4036267787647336,-0.058783833928121254,-0.24147551389345723,0.2247840325776873,0.6579389499864798,-0.9876125802970013,-0.065501107368723,-0.6206710304529455,-0.1537891492459256,-0.11648185777004975,0.3693957886413032,1.2137377182302165,-0.5377489638437607,-0.8703911809092847,0.36006488399558134,0.7960967487580624,-0.5336403591773387,0.28240459208185603,-0.5056121418142048,0.05940064133055781,-0.49125743928403404,-0.3398932726304965,-0.6435789150062836,0.24619073218421672,1.3864460594368482,-0.8249125711394385,-0.1732720666971998,0.28800000000000003
-0.5987380218777167,-0.342634962946163,0.5462003557250809,-0.4239569153159775,-0.0988716004118848,0.11430333812767694,0.1686691447966252,-0.4313770464597985,0.16293803286320072,-0.2741275184933054,-0.3604595270445429,-1.209065607210416,0.7175401780973244,0.33588864984095856,1.269723746578156,-0.25967669311025177,0.6989698701413438,-0.13230504491848133,-0.5858281803265445,0.25227317820701706,-0.6356409039238731,1.5336609317681524,-0.13145943301545238,-0.26029706981033746,-1.1340843463080288,-0.8110675241979479,-0.6107183054113058,0.2127959814001742,0.6281634709715428,-0.7250053605525678,0.5409919039957908,0.023262754019406102,-0.24026243288610613,-0.3756319515234261,-0.037914952325996426,-0.2095259552499233,0.2280571975142807,0.6517256723988192,-0.9904394005345845,-0.14509371493793521,-0.5820722484274291,-0.237960527669544,-0.05796930743871951,0.3723789813191867,1.1975779635291515,-0.5960329618472779,-0.8841421872825193,0.3113385869811707,0.7944197292349241,-0.5760864765953749,0.2555919422114027,-0.521198526206727,0.08617262549999034,-0.49008690780395625,-0.39554944038276757,-0.6219366324178335,0.29206463452717457,1.3598747378337408,-0.7798829274294246,-0.12333478131525376,0.29
-0.664389345341982,-0.3541106693053644,0.6307414626113964,-0.44837921776121037,-0.10739517672503301,0.056820222122911844,0.1493205771391193,-0.4021563772625631,0.15935886393062162,-0.23560414941020041,-0.4166237243026366,-1.2548402414430864,0.7463096243702824,0.3197576802530056,1.3337761163550006,-0.22359207590057315,0.7593202755798517,-0.18164914471567425,-0.5645243133137064,0.2673166066996029,-0.6424930193322836,1.6116905417982492,-0.09812387798914277,-0.2581069110119098,-1.179318826174572,-0.805666035990261,-0.6330773043888578,0.19532540062040218,0.6912415365057372,-0.6868676826449965,0.519893173364386,0.0032354386905805547,-0.20478140051069388,-0.36175041140996095,-0.05128094104669843,-0.2905690590458377,0.22865131586165335,0.6863365708704005,-1.003580639352748,-0.1146596910290627,-0.5462705559839567,-0.2368705187226575,-0.017597518879789817,0.38100650771552014,1.1923206593043332,-0.6145148087879363,-0.78933572910055,0.310015753666224,0.7000804919687925,-0.5562377535798123,0.29794444032436873,-0.5174326146356816,0.035726216253171315,-0.47390217433643506,-0.4147208965327354,-0.5997190342051866,0.3305516307188602,1.4097361333888743,-0.7236707237601409,-0.0862051313363998,0.292
-0.7094082036831835,-0.3443330113802241,0.6351532235741145,-0.3899707530437329,-0.1664120148119021,-0.015449768417293279,0.14225863885233908,-0.35506556132809436,0.2355511061691581,-0.28244555265061894,-0.4161205780252902,-1.2417636221705486,0.7419072573076944,0.27439514832386014,1.2516884974321016,-0.2502102581577762,0.8510080786154083,-0.2123994757623427,-0.5530671487779539,0.2500720242199023,-0.6648067595914149,1.6222224402162617,-0.08581727710219361,-0.18377739639121188,-1.2031770410881109,-0.7991057740346657,-0.6042160697700111,0.18500104773911477,0.640375560038448,-0.6162021382525594,0.49553001419342435,0.017763849121984233,-0.24922201203055777,-0.35804622253470636,-0.07352867169756921,-0.25492010244132773,0.30690527072223256,0.7564564511796306,-0.9433380859003453,-0.15325841577281044,-0.5352142127599545,-0.22195881905305426,-0.015221823039967776,0.3407961117000598,1.2063069542238412,-0.6548411814746573,-0.7795055493454295,0.37040682680227976,0.7278022514982639,-0.5317444753785997,0.30650004125985053,-0.5556148192725103,0.0853635395992415,-0.4398583168546036,-0.37016067290953647,-0.5737350003443376,0.23136973949197626,1.4088388598251647,-0.6892929758449733,-0.021859451058613533,0.294
-0.6713287284109835,-0.35237858708786884,0.5843302374366569,-0.45922010121293855,-0.23407088462959025,-0.01783838850305507,0.12387776823012812,-0.30228506200058364,0.25099068502870203,-0.27871086594319117,-0.4901018883159058,-1.2647843829900463,0.7944162656109227,0.3229741618509254,1.2931844235398202,-0.24775930452961256,0.8958118725702265,-0.16862837591433033,-0.5485454208182681,0.2846912591754006,-0.6752040995986925,1.5729319634115535,-0.054714369677538274,-0.17102421822943334,-1.267099092400332,-0.7623178231347199,-0.5773631501031044,0.15039592209410618,0.6430543043945837,-0.711552198733286,0.4941825638253451,0.03259906578151387,-0.30998504368688584,-0.4126085022354692,-0.17374019273601432,-0.17292253475908115,0.21109844956610818,0.755236776924127,-0.8335718318687595,-0.1789364615051242,-0.5183709333625915,-0.2619132426209314,0.03772840828449086,0.3832425092909457,1.2265190427606347,-0.6726307797191746,-0.8181358026246799,0.36938889875522407,0.8220858561971214,-0.5485912157794368,0.2343186256702948,-0.5334816713426663,0.07342948514320043,-0.4132264984737083,-0.3692631465158538,-0.5568050810438534,0.14384293035938012,1.393759793514389,-0.7356948224927634,0.04036725689124003,0.296
-0.6408244098694722,-0.38646034700592047,0.5996210325598681,-0.44651425154714364,-0.17257965016296847,-0.06772095295084721,0.031370273255822215,-0.29390533163202875,0.22363866693765533,-0.29281203999233213,-0.5128122612654602,-1.24280170396607,0.8026465152159223,0.3119206172881413,1.2486499965364743,-0.2219612160342207,0.8884051801007424,-0.13900824153621844,-0.533549134226894,0.3030611104343871,-0.751556599266398,1.5883939564152902,-0.1571078482153795,-0.12320135095543089,-1.283084271711928,-0.7885711726175881,-0.5597166444110646,0.14825672530245693,0.6296211537914088,-0.6959290312983988,0.42519799263795494,0.05943340468160152,-0.20344484233857038,-0.42887832672222914,-0.12516528719575,-0.16089490074881674,0.18472064597518056,0.7738856664748809,-0.8710060122682973,-0.21436134988343003,-0.4707710121324785,-0.288208934070253,0.04435667647905402,0.4626082702258342,1.22643312545321,-0.6366454633178219,-0.7480276536393223,0.3020971564744143,0.8751828456719805,-0.5854338902120896,0.21432435232636904,-0.5774125240547673,0.08079529438979322,-0.36576812335974035,-0.359933510737772,-0.5775652882033538,0.19624495287953542,1.400214861644996,-0.763346516007816,0.03958395050403949,0.298
-0.6404532606616467,-0.4354726117248459,0.5935946490681133,-0.4263639940792102,-0.13200715433926696,-0.07498904189418512,-0.00634556777724507,-0.23122240511059572,0.24200116089215723,-0.2743542700798081,-0.5516352886287028,-1.2652743053857889,0.8603306045130714,0.32822370353982316,1.2317515418193903,-0.22170747347881284,0.8414210688212967,-0.21695716153679206,-0.5955927625398582,0.2288701386914866,-0.7381438533928995,1.6012012071620318,-0.16583968886117495,-0.18161231642000053,-1.30758184629512,-0.8053004536800289,-0.6307648451198982,0.23867392934737847,0.6305502079536839,-0.7121985538027339,0.4266329077097286,0.02774013196858243,-0.23593874737581974,-0.4565773279763539,-0.104103289785714,-0.2079182964672899,0.15330893523990957,0.7689552150305634,-0.8338681724100377,-0.22788054665295104,-0.5014594041111605,-0.2767910159133408,0.02052578214298199,0.4380617766399875,1.2184542912872494,-0.6537039597358331,-0.7097406767858699,0.3534849796193377,0.8737407791414342,-0.4707187574893412,0.1980425359753021,-0.6401096898015652,0.09662322581922655,-0.338895301622418,-0.44289779950533176,-0.5878295140974024,0.12157441682575074,1.4004047609955508,-0.7588193264419262,-0.016345335990869583,0.3
-0.6430902665156615,-0.5263424838831818,0.5915096938401059,-0.42294075930392977,-0.1750012746099618,-0.13244593292209744,-0.0039030731997987136,-0.17846500001579574,0.2893969626355365,-0.28231791176048515,-0.5753880893527324,-1.3558939280496252,0.8632294010492337,0.3598754804643153,1.2252130017693421,-0.3198924843468421,0.851659715178594,-0.1257662781190535,-0.5920599471955104,0.12956778857874895,-0.7895323798879226,1.572778615966341,-0.17044336231270427,-0.15792896337457857,-1.312477450074951,-0.8056483850328152,-0.6286875214309074,0.28201566716062754,0.6653706976414614,-0.755062541478695,0.4297610666096854,0.0561713830087598,-0.08109000141325656,-0.4581061330845319,-0.08150431705649694,-0.24778590690805455,0.19385286039487604,0.7488499529466361,-0.7959037159782523,-0.20227371306233674,-0.5164658302366186,-0.24378658439345868,0.014038950935249199,0.43735851879050425,1.2607245754179264,-0.6634557797393639,-0.6894907905907163,0.43762529099992686,0.8396613497848995,-0.4370490974167931,0.14202780002904666,-0.6226211015679946,0.10483648145131805,-0.3331841131598888,-0.4704625384102894,-0.567005578952779,0.12735611122555868,1.4685261524810937,-0.7651709701065144,-0.005506895705188274,0.302
-0.5917473445998471,-0.4721478169979204,0.5572170071773603,-0.43133782787824043,-0.22741624695280888,-0.10833930970425042,0.017375642657110498,-0.16769224546072198,0.15151245419160925,-0.21806447155418718,-0.47465913549459754,-1.2705663384009034,0.9345311278912114,0.3007379938003676,1.2683204870589282,-0.37337143575511217,0.8266891807629559,-0.11602624180746964,-0.6633357966953173,0.11777820698721915,-0.7547531997007285,1.550491720416871,-0.2764387461745297,-0.13076595749694153,-1.3258228491371284,-0.7373518358852973,-0.6699090423226793,0.3241960323464472,0.6620601058494352,-0.7698500924872276,0.45553481782428823,0.03707716941115146,-0.08445704298871166,-0.4321721752262822,-0.0706715369841098,-0.22283995618184793,0.2339239821106199,0.7108662633099737,-0.8436944151021979,-0.21848130860676154,-0.47358242901758413,-0.21637753960012387,-0.0031181748661755007,0.4113389258427833,1.247970115041319,-0.7395678079376287,-0.7060645913834865,0.4615465703840662,0.7868033891142869,-0.41455025848301374,0.1282279359079229,-0.5366044327313448,0.05724802031229697,-0.44369558912525886,-0.37634324138177955,-0.5410158001384285,0.22510273121069924,1.5317597247793366,-0.834409675831599,0.01676231042823494,0.304
-0.6005212925049793,-0.389514577750254,0.5023655357286612,-0.4681780185584454,-0.24696910140167128,-0.07869331056362747,0.026660832735329952,-0.1367689060638225,0.19301868825090288,-0.25417716734396223,-0.4190825972240835,-1.2798254328242786,0.9867265557628226,0.3345533578894425,1.2686018989242072,-0.3356171575485511,0.8881669015140872,-0.12924201030908258,-0.6934489638121537,0.11873953744412839,-0.7597698618257198,1.5429905488265394,-0.28213314749493756,-0.1648728738293243,-1.3494326916305126,-0.6781200725934062,-0.640007933472742,0.27802649835263954,0.7209476706744048,-0.8683676947344822,0.4645488498913082,0.006143718803358778,-0.12313962969667927,-0.48570327877479114,-0.043771252619938056,-0.2674354852168661,0.291022437532629,0.688211834720012,-0.8725793840473924,-0.28921945246933967,-0.4593994461331599,-0.2104151990716008,-0.06671699912861473,0.445327741874368,1.1918262598420895,-0.7425443554862595,-0.6899895278344149,0.4483217521536904,0.7800538545167006,-0.43859394287670844,0.13512428275303204,-0.5176450373799293,0.03346134159434524,-0.49967759841868387,-0.42360705469029314,-0.5581226191698222,0.205541020189055,1.5436589280844075,-0.7985504250482038,0.042761910127369934,0.306
-0.5381652947957477,-0.4066856584854135,0.5564746153962813,-0.5218313500241921,-0.26406193695187846,-0.08430416970213474,-0.034707242069767434,-0.1596264481698042,0.1674602224932862,-0.248208124041376,-0.4289033488552941,-1.2288780220025222,1.013041544098995,0.33817910378066707,1.2913403655862696,-0.38933644940355827,0.8875518429941525,-0.20751404344494168,-0.7402225888486254,0.1031453233106594,-0.7423223261833091,1.5546371845131166,-0.29202875289806285,-0.19839580304447962,-1.3533380157706418,-0.6358201822631838,-0.6167412945334311,0.21523793849840991,0.709752650966062,-0.8237271547169507,0.529692433171402,-0.021433566952795424,-0.13481675303338198,-0.5082052715543199,0.0006787543079727967,-0.3383764970540268,0.33041013326749463,0.7162002033433128,-0.870147554743782,-0.3209249828068466,-0.41828687117550895,-0.22701645167856693,-0.02905750647753671,0.3533286246672346,1.1800305930401291,-0.7492617526449784,-0.6735685997796068,0.4147726008478786,0.7078844143585179,-0.4182184115582726,0.11016530837112587,-0.4579755068148008,0.09098483315266193,-0.5577528137305108,-0.5082058167402126,-0.5516011877504499,0.16822442928753548,1.5335670055987816,-0.7582163705237244,0.06511130942096166,0.308
-0.5260757338622083,-0.3434682055245908,0.639494031059975,-0.5031257277414786,-0.2581918101122712,-0.10816330661222039,-0.03283591601664132,-0.18494663993957444,0.1553153300434387,-0.27935022708409113,-0.40780187416033253,-1.1855242059650533,0.972857417531948,0.27115696993052346,1.3083673672353695,-0.4148209903477182,0.9273361057730026,-0.1935252562984277,-0.8013600158276178,0.053693499851793586,-0.7249059574638681,1.5077907946526174,-0.2895888744922945,-0.19827330763830878,-1.4262686002576839,-0.5647371487550554,-0.6297874512967151,0.2532573636713732,0.6876860554645403,-0.8302438185348804,0.5349162655438461,0.06782726651946465,-0.12632069861656578,-0.580034927493215,-0.02809428434560693,-0.3284782437350987,0.302007604168017,0.8120700346390619,-0.9065293326879121,-0.3114468870014761,-0.432393627161002,-0.22485298953216137,-0.05945695209316013,0.34614176445134104,1.2048669103089589,-0.7489755204656044,-0.6431809012173688,0.4387168009713188,0.6842372012589661,-0.42992343989415,0.14491515300581848,-0.5123080322858272,0.17876208125387594,-0.643705164766009,-0.5239763972815931,-0.5590825573826679,0.13784649360380913,1.5798797182906716,-0.7978364744205416,0.03463754966410103,0.31
-0.5378161032866234,-0.27940361802699654,0.6783030417663862,-0.38121310223875704,-0.22423443916542662,-0.07940459511011527,-0.07081858158890536,-0.1307604372959817,0.16593286090110776,-0.291225715997281,-0.4313990648510419,-1.1524395836651533,1.0011997294720163,0.3097446028420088,1.2966304079597877,-0.4535517426469315,0.9408218638446691,-0.1963342901462839,-0.779214179707175,0.0901887912333249,-0.711497040674893,1.5397234160320565,-0.2907891171317716,-0.2091465170896402,-1.464187621322132,-0.5810861091971636,-0.647656813687458,0.23122205684868719,0.6621622389807928,-0.8200327965481146,0.4647255798267188,0.026746675596304392,-0.0944664184369449,-0.5522212438502163,-0.011709398133486634,-0.30242814833884574,0.3364975918206877,0.7866724259586282,-0.947281720812049,-0.30397791668556545,-0.5051387870299039,-0.19282198471979048,-0.004557132565542764,0.4484404646919622,1.1455680690546168,-0.6863750299632787,-0.6359678967889114,0.505758993221717,0.7453215623099416,-0.4459675798410882,0.12452685831840303,-0.47799292933049575,0.15516623879901906,-0.7139627404631098,-0.5721041713758027,-0.5067836437668196,0.08290576205621338,1.560215211715863,-0.7557573295703248,0.04910721888177969,0.312
-0.5546881505589348,-0.21698330070486463,0.7371053145763398,-0.3766752570443375,-0.24217191623834874,-0.07587502835700698,-0.1076013167285961,-0.21217702598237517,0.1883257680663056,-0.29245939494113776,-0.4490241482582832,-1.1367587137213182,1.0454601069775598,0.3955628566082021,1.33602645382062,-0.48205965969144104,0.9564905767728934,-0.2074797076694297,-0.7699718179917459,0.13570189171944852,-0.7499479099527981,1.5225725646071215,-0.2902817447345309,-0.18848034744692985,-1.5907496857253,-0.5269990870827208,-0.6338078565614452,0.2936845550057811,0.6323921819948761,-0.7734102135497066,0.48178994475557224,-0.013329656281549529,-0.07422750948690553,-0.5283094219655697,-0.03780309309315473,-0.43795815463511756,0.3960759786072056,0.7560275440079957,-0.940264619031949,-0.33291983317517443,-0.5135599647049882,-0.21001224025097323,-0.011993770257274008,0.41730901232052253,1.113894807776016,-0.7001642821485671,-0.6753877669979155,0.5882630450745715,0.7153944610625476,-0.4352654640839462,0.14771427855862795,-0.4590126439270449,0.2085143847947286,-0.7516894808796122,-0.5957017445638884,-0.5715404047414101,0.060466485850114965,1.534116774067806,-0.8038740713292145,0.044229880893476355,0.314
-0.5299314415852429,-0.30782912421343495,0.7715598696548182,-0.445131695126911,-0.23542398211952023,-0.07403799209720478,-0.07711581602426001,-0.22209001305496387,0.14404291832960975,-0.2873249062347958,-0.39810200231762616,-1.1292528705619063,1.0055014489766285,0.3716371405366481,1.3381532300420864,-0.4177181803024553,0.9464613961892266,-0.17426803762444,-0.747860920512951,0.12401691401056486,-0.7929934126339852,1.489977085423295,-0.273708871041803,-0.17472879154519147,-1.6285088847226352,-0.5333858908687937,-0.6301994128509899,0.2634678453135109,0.6428635720108233,-0.7286576981964026,0.4590862582479257,-0.04539502395046403,-0.04294283228679964,-0.40261066333490914,-0.02769118702754461,-0.42039744244488997,0.3693171892796705,0.7131922643175582,-0.8880307810882746,-0.39913095447393443,-0.5699997134559,-0.15495567386688464,-0.10769412343497486,0.3761637597988838,1.1000988162790168,-0.6566245125886442,-0.5797371968832139,0.5884816537679699,0.6942857145643061,-0.5149597372822847,0.04387315091734781,-0.46192886442308223,0.281765184281805,-0.7772489251887388,-0.5831045161953295,-0.5604859426933945,0.00037148124748782874,1.478768173197661,-0.7991481720974956,-0.019845000131132072,0.316
-0.49834867313690495,-0.2895231503683361,0.7612967096642911,-0.4968548650847495,-0.24417191412679315,0.017591815689718557,-0.10128793605769998,-0.1662742433870568,0.17261938574939492,-0.33737841466358043,-0.3847844191539225,-1.20754008175948,1.011715708801197,0.3216628000904752,1.4166809325801317,-0.37928319737415167,0.9587410621540332,-0.16174907141705203,-0.7528015781723881,0.17742875467915734,-0.7960441179353253,1.4711283222322364,-0.24055872754111984,-0.13456708077890683,-1.6151626619894248,-0.5639334899744074,-0.6204450759023399,0.2587704953361288,0.5857316739155745,-0.7539588425054373,0.5065461960520511,0.01601572191250336,-0.06260420111364398,-0.4387226359880517,-0.007582038674101871,-0.43313520122983606,0.3050813807172963,0.7278677791188378,-0.9341284104629678,-0.45796703271133643,-0.5685905426212384,-0.12957365334239906,-0.09307429018799616,0.36897215750769946,1.1584144458997696,-0.7004181542339574,-0.6224198475808784,0.6123153680712398,0.6171387543035143,-0.5368532204466219,0.027619365520674496,-0.47311987215919193,0.3008928099954638,-0.7845063532186268,-0.6151265855999442,-0.6023497828256476,0.1448747729423427,1.4123135600265786,-0.8349534259287239,-0.03110402115882246,0.318
-0.5421384197831244,-0.2006718008799408,0.7391621953424524,-0.5046394974760781,-0.2568160683166984,0.08626435527017746,-0.15953196285130936,-0.2408804825374097,0.15249514767449904,-0.3016810939417177,-0.33074163916137794,-1.2246973592663046,1.084925814899412,0.31884170498442116,1.3872003935378643,-0.37631739297331523,0.9761867198176774,-0.19402787039128364,-0.7446676275382942,0.24852887267293255,-0.790762829990544,1.4468739367289716,-0.263364785974773,-0.12458047021436,-1.5635124333744321,-0.5937406994747543,-0.6189945285857373,0.19689945574077394,0.6308667033946426,-0.7712343379004966,0.5165194716710907,0.05488629821767389,-0.057568324340714086,-0.5174015130103266,-0.057038547316926064,-0.505690907512569,0.2431532233462379,0.7814842065948915,-0.8894440091638346,-0.4310985442245523,-0.6254765786649827,-0.11541553488178506,-0.12267228108369745,0.34151267220850323,1.1265248262755148,-0.7268713887844669,-0.6606711300831605,0.6046483588097414,0.6032756230610056,-0.5140266960114163,0.08528189709069467,-0.5338680441304265,0.3596062479503863,-0.8373934178869888,-0.5955716332063169,-0.5946210526673921,0.13054403944164544,1.440898274551058,-0.779044935077307,-0.02918854283926725,0.32
-0.47916642348699334,-0.20756919168426333,0.7794323150251765,-0.5143299935960107,-0.2500803342098453,0.05527638424296505,-0.1797831550547143,-0.30316036402706315,0.14088127142468373,-0.3345947280675539,-0.357054599501331,-1.1213295550292177,1.0720269569449155,0.3549529899627294,1.3750863782795006,-0.4233199961350812,0.9453177769260525,-0.24410865053997402,-0.8260533345354311,0.2980360109483118,-0.8519224417947322,1.4145277218216865,-0.28998673601453734,-0.0939444896192721,-1.5525201052326554,-0.6464537148504648,-0.5642043184748144,0.1294697490413774,0.6171673617397092,-0.8113170744484252,0.5832278516388717,0.03989420250931968,-0.026573688934291274,-0.5622188020619235,-0.07500896505609513,-0.5398306272711556,0.26843300586652624,0.8443645964734943,-0.9294892571596977,-0.46017474883112924,-0.7273382253268204,-0.1824492138649804,-0.119254542561741,0.33910382616638174,1.136959901632887,-0.6564225921195372,-0.6233778254547836,0.6451894402033178,0.673050836319801,-0.5479005586712087,0.09261304350750064,-0.5257086141951984,0.39563057737025187,-0.8878949657447195,-0.6931969083978645,-0.562572330458572,0.1811665984388963,1.3440125175780984,-0.8196689156963356,-0.041325493903385566,0.322
-0.5626359089792488,-0.17780674095740656,0.7669029722707582,-0.5502892718654857,-0.2678843750501853,0.06982981445139205,-0.24583989552158136,-0.3021711578863353,0.12582085222458292,-0.3724727859782155,-0.4458849986412414,-1.0993578547880107,1.1366110562923322,0.33926926049560663,1.2678137468424187,-0.5128012118359468,0.9901468692081699,-0.22948131964136587,-0.7974915538459045,0.2612801647973173,-0.8391759686668485,1.4121946628741946,-0.356654205897403,-0.13004753027418714,-1.4887323687819214,-0.6246999091648573,-0.6220081690369692,0.14204465272163425,0.7071805166403259,-0.7296364079090132,0.5933116846985232,0.006514580485508029,-0.06343249473454558,-0.6183333256875171,-0.10017003120261139,-0.4559836787317213,0.2980429156397679,0.8213825801883113,-0.8464355974480994,-0.4692898223896178,-0.6632963783771156,-0.11175128807866723,-0.01895108104290863,0.3810395405442514,1.2177341181359669,-0.6398253905027169,-0.5844810959166499,0.6631089528202745,0.6792339109639497,-0.5435074657923935,0.10211928089578669,-0.4698965001082698,0.4070166421847358,-0.9045119342703408,-0.7758200641545505,-0.5979756917657896,0.15827239920151578,1.2955226486319391,-0.791308058199706,0.03470833028197984,0.324
-0.5532709372415661,-0.18396477780324166,0.8292509031883519,-0.5500448077050597,-0.26539455436370235,0.006846441365703282,-0.2749210722226209,-0.26360083476078516,0.04236770376276869,-0.3936460684600972,-0.4212244795579066,-1.159472618001406,1.103932329789364,0.36349398115106896,1.2385314625689903,-0.5111821092805646,1.0067322786288426,-0.28063930433843914,-0.7408432101305864,0.23124676325342672,-0.8493428290239738,1.5038665389280161,-0.3305317050396397,-0.12042789815211749,-1.521768185719178,-0.6318036587311824,-0.5364392146940948,0.17094759887343153,0.7316347813755819,-0.748017222305295,0.5724015533118622,-0.004276785064768253,-0.07206207750399934,-0.6587085697571651,-0.18068075341248532,-0.47367145720275217,0.30429840279491455,0.7689232930776237,-0.8313081489952593,-0.450311775365875,-0.6627575063115011,-0.08148305462198556,0.03501770638089829,0.37251821506689653,1.2743903370190957,-0.5164449099797785,-0.6000917046762969,0.6676588692121599,0.7399495555194017,-0.5112494639400643,0.10519325590330805,-0.3702144989266735,0.37551024828136426,-0.8573599330591323,-0.815309647260737,-0.5935347581260855,0.13640512925572656,1.369967587704069,-0.8591369697520821,0.07766332880728719,0.326
-0.48363142211889076,-0.14025535487984042,0.771476829466421,-0.5732086061649962,-0.2275131062871333,0.04272818019558803,-0.28428194745618557,-0.2178609214488574,0.060320625820653624,-0.39949220331308843,-0.4218535437828927,-1.1063179268717587,1.2010720220908198,0.4122131467444495,1.1290558471934005,-0.4964257769141923,1.023695015531663,-0.36306521503542954,-0.7591606954106285,0.23629982559724041,-0.8069971359767422,1.5509131640360965,-0.348806615852426,-0.1492554671278746,-1.584401495557787,-0.6652884631485959,-0.5655764006610711,0.2615653871604313,0.6922670443170944,-0.6579038262834956,0.5833884567915437,0.01417427252333713,-0.001482850084342749,-0.6123299485168452,-0.12503597063188993,-0.4483297343903064,0.3140103968771183,0.7867757756498276,-0.8962427760866796,-0.47835753353286325,-0.6674623324166244,-0.0216080201521526,-0.03467288993939361,0.34744129873549606,1.2519295243239865,-0.5306734580547751,-0.5459252031085428,0.687671777074267,0.7277252714810168,-0.5028216572457342,0.09286248297170503,-0.3377813089430663,0.4248887478755897,-0.9037869799658463,-0.8878059145474775,-0.6116201811260163,0.1045740134955204,1.353868575846083,-0.8763683253346986,0.11083147173223012,0.328
-0.5580897466517393,-0.21394697165857912,0.7898229636966752,-0.5509673109287522,-0.25747939116261753,-0.06698755446306615,-0.26176333652568623,-0.17118914257246629,0.06604161034742016,-0.3461102847387924,-0.4041919737694995,-1.0558114970564751,1.2216362816543003,0.45253024014568033,1.172587278690121,-0.5091567690468022,1.015924477722389,-0.47198502979057605,-0.6952668345687288,0.20570824902196758,-0.757007855836245,1.5024589157860624,-0.36984014610704485,-0.1910855111850887,-1.6192096013315784,-0.7106481155503884,-0.5655084921556128,0.3959643206186634,0.6911148491883626,-0.6683470691927851,0.6101607647614249,-0.05532930028507683,-0.015302184777945557,-0.6503029014258512,-0.12556923955205176,-0.49284908729018495,0.2890160310217635,0.7841867528035772,-0.8458255665589381,-0.5177684544585495,-0.6792681159698551,-0.05880947057141728,0.03774266988334212,0.23201431412597312,1.254034466399096,-0.5385743105337797,-0.5989421499453305,0.7597330535540651,0.7531083727199559,-0.4297963121208681,0.07120336434891131,-0.3936320243505595,0.42584705817121404,-0.9080847545627195,-0.8751855125601918,-0.6180578771093105,0.18206978310398336,1.4016813890235886,-0.880743488142694,0.13409707150994649,0.33
-0.5630608337062794,-0.2975529320067302,0.8023495525242184,-0.5779296685438335,-0.23425516170776084,-0.06329407405053776,-0.24252682791475483,-0.19465456923703117,0.06523682133385858,-0.26179648151710994,-0.3464090317971871,-1.0460242694012127,1.25421203830434,0.39929499731330487,1.1100464747621435,-0.5658017184874502,1.033287084629162,-0.4506798857105669,-0.8261054876710359,0.17222849501291293,-0.7459318312192761,1.4617541596171768,-0.3885365439406115,-0.2870051793460387,-1.5660445382000863,-0.7065491378759591,-0.4725672732431494,0.3926758099717482,0.6917977798523653,-0.6660115036859056,0.683380848570406,0.03632251302423949,-0.05566022666341417,-0.6223447087892005,-0.1403356873287224,-0.4935957818398387,0.3085176307083695,0.8069740862833764,-0.8125721295735397,-0.5282851117568877,-0.7024205368881387,-0.04273196500460695,0.056362548039216476,0.21255692876484336,1.2634847989668108,-0.5630600550218398,-0.590609626394085,0.7220263063695782,0.7203892362426996,-0.5073531267905769,0.10348288104702165,-0.415122771613154,0.3789105304278113,-0.9832976528690743,-0.8714024959354112,-0.5884517466507825,0.2145523796321121,1.3551478587248256,-0.8500590718823573,0.22586989271014132,0.332
-0.5630337776984414,-0.3036185065632956,0.8068479468927184,-0.5757867043744325,-0.2139185769024723,-0.10295694226587859,-0.25416727990133986,-0.1750513000398835,-0.013430321718852431,-0.3372409107409001,-0.32999312478228104,-1.0482963135363528,1.3425312798747173,0.3761952254226507,1.1562061121795038,-0.5298603813039402,1.1016348714747484,-0.4545052570022519,-0.8697617080513251,0.23983353094796528,-0.7443133122808517,1.5216326205257271,-0.45238923517424245,-0.25006638080631677,-1.5647251559455764,-0.7091640544344417,-0.4442204202559233,0.40722108537450835,0.7578567789334653,-0.6350746269580442,0.7490956290990654,0.017431231642622894,0.05069157060884868,-0.582209661218413,-0.11960002650382356,-0.546470057998377,0.3177122044220082,0.7804760025682929,-0.7719486920263657,-0.5669310159318964,-0.7333685204299613,-0.0058837586976060105,0.14933923898760737,0.17062699562329692,1.2048237600483451,-0.5335439423327277,-0.5820437287021527,0.696446277618905,0.7068750317408353,-0.5739126452506944,0.11033986774407831,-0.424933298458687,0.35502628787476836,-0.9396039146810607,-0.8484501335608168,-0.5941733033581205,0.17432101126705082,1.3481139960478428,-0.836512310907201,0.21983215528720626,0.334
-0.6587844572082274,-0.24968719285841912,0.8027512091510266,-0.6516140733697644,-0.20058755350267599,-0.03632978231284752,-0.27954719548394386,-0.2008739441392926,-0.06020935468863961,-0.34627956576498653,-0.41335160232390106,-1.0584945542260151,1.3245890338206905,0.3658670177596439,1.217057920413988,-0.551304182499008,1.0791501037065758,-0.4497029456966463,-0.8976228113771558,0.2963880952857304,-0.7474470945996577,1.4316283599242694,-0.4216489315853583,-0.28360334069918813,-1.6474849859766467,-0.7767752154694999,-0.4897651824892881,0.37608026232502256,0.7287071344726312,-0.6925374622317662,0.7511743009785805,0.10299500892436711,0.04790245346088786,-0.6134853957647851,-0.12728360439675485,-0.5372005285251479,0.3545954303886311,0.7686947403041966,-0.8123895614890152,-0.6150544239127564,-0.7416320965958445,-0.02729296527319141,0.14691401467657778,0.09866889918929299,1.245687111155431,-0.5507712646725813,-0.538691572003888,0.7352320079481302,0.7349230540575209,-0.5740304088457032,0.18336368313707502,-0.39612958623059,0.3481519935929048,-1.0465840870538448,-0.8611933212662213,-0.5626222491273261,0.19586896551049746,1.3137025792419292,-0.8659227465562305,0.24930521348953244,0.336
-0.6457090534600665,-0.25536453720616703,0.8192960823598207,-0.6310976331827256,-0.2402495056981381,-0.0021230972800656903,-0.30629712095746703,-0.21833898016264347,-0.04378763293475198,-0.30157861337654907,-0.3390126582312968,-1.050377761389558,1.3535007568893427,0.3783402418668773,1.157025281988973,-0.5421676086518024,1.1304658287937055,-0.4412792564174132,-0.8580553604727235,0.35618386532709045,-0.7760851792925746,1.441680553350465,-0.4456743519415219,-0.3527796943977146,-1.610200607549086,-0.7740677842666428,-0.4526945245555558,0.3840828984547099,0.6865600231484256,-0.7050424138223795,0.6927749309296358,0.10698152903714034,-0.03454409662863265,-0.6309861111921989,-0.19488071364151138,-0.47497994931545867,0.36054626487148805,0.7967998419473648,-0.8366545249477596,-0.5982446481151411,-0.7973069744815668,0.014411549127343194,0.18127064218289718,0.11855951697242723,1.2449223168598984,-0.5810383342709361,-0.5876969377640143,0.8051262250282363,0.7667985640176485,-0.6056004791532539,0.2073081856774361,-0.5209895379903464,0.3565280248085538,-1.0527547934386026,-0.8865024108105334,-0.5636434871069801,0.19668953400266007,1.3084318733761855,-0.8693199389706289,0.22763416249748794,0.338
-0.6422026642638208,-0.31902157032774897,0.7768547660933784,-0.5669484438406511,-0.2166661024188265,0.13147095444995813,-0.35463523320263357,-0.19651315161224073,-0.07121139008789447,-0.2465155208502099,-0.3247048861981101,-0.9900643353663099,1.3377471143431048,0.3907268876362851,1.1204928790531157,-0.5592092692763027,1.1928543550915338,-0.4713721867798881,-0.8162314724939915,0.3271405665425409,-0.8175032579139143,1.399521177970614,-0.4312870628035506,-0.38320310433316757,-1.686377700348527,-0.8103227291799356,-0.39726942306811763,0.38541477845942107,0.7142147310651826,-0.729063805518874,0.6587157349033479,0.06861136584938181,-0.02690325490996059,-0.6487726562781866,-0.22476378243334544,-0.4231918971327766,0.34260573391778404,0.7170532945245331,-0.9226469551566524,-0.6068340469604699,-0.8020972788702888,0.0053863652905465735,0.2337584993019118,0.09781402496993537,1.236406177938225,-0.5264589230471615,-0.5194375699294551,0.7117675346617331,0.7300132855829519,-0.5738062533439304,0.23715172553295327,-0.5392021756570522,0.27199418233105893,-1.0987104979901574,-0.8486355827240759,-0.5354150300497325,0.18197278823847599,1.366212369528492,-0.8668699202942284,0.23868065725868945,0.34
-0.686881686567005,-0.28308179392101385,0.7668618153798759,-0.5627480541461953,-0.26387216278399783,0.13570827178037442,-0.4147158704689934,-0.19076106138900867,-0.04295166457775093,-0.23122346247474904,-0.3272427557148394,-0.9647125154386464,1.3990434514012957,0.4146826054502098,1.0737036265017992,-0.45454794864750175,1.1923552039741945,-0.4233279445627877,-0.823652942235759,0.39837289821676325,-0.8525386039381642,1.3802832893284513,-0.43498902654054605,-0.363714904015312,-1.6712281504110125,-0.7805250561346031,-0.4055320272249064,0.39811044302823445,0.689645187260247,-0.6470995232689518,0.6931648763324759,0.08258631770697912,0.008420381676429018,-0.5857100386621936,-0.1493732057638073,-0.3646884894500811,0.33771636088809787,0.7216986428272933,-0.9598373449639653,-0.6453761204132081,-0.8110676596455233,-0.016531735454245716,0.221735019457012,0.09683847392384691,1.194111376405867,-0.44643432221989165,-0.5312203241230695,0.727587597591775,0.754601725679513,-0.6042551172111259,0.291762411964311,-0.5636630350077797,0.29085490686633536,-1.1112422090962841,-0.8434862905812023,-0.5526529660044348,0.23377322299767261,1.3375861187678562,-0.7902419088542897,0.20336357649402212,0.342
-0.6530544074194269,-0.26778612726393053,0.7592968042743754,-0.5503982392600749,-0.21020700231769784,0.19420171883581838,-0.44238803641120994,-0.2362919603488885,-0.03480746064047014,-0.24574004263357374,-0.31909185125763895,-0.8823179299503218,1.4374947758682488,0.4362880623072154,0.9675448569029519,-0.42500572532243935,1.2121330683962985,-0.419123096628348,-0.7988561403955887,0.446625559356424,-0.884898203665976,1.329600905146329,-0.35835245957491374,-0.41353062393042866,-1.7471191377164597,-0.685026815936502,-0.37795466217995355,0.41831583681234524,0.7271438773292592,-0.6363077169568503,0.7167095331889553,0.036632718095433434,0.03486333151538697,-0.6081182253847409,-0.10862836286730418,-0.3729682992509823,0.3655927920825061,0.6384496758352038,-0.9443266649061947,-0.6278742607446763,-0.799089874779296,-0.10440154782068793,0.3856044820653326,0.056278135989171515,1.17073055195728,-0.42387982582003414,-0.49102144695425365,0.7846200372813111,0.7869271219546715,-0.558280259595012,0.294069782398329,-0.5750266954966066,0.27378042470159525,-1.0944253635791474,-0.8518276553237937,-0.5733425962901761,0.25319222173958034,1.3612486026230797,-0.8600239919057688,0.2294478433266155,0.34400000000000003
-0.7439473266542099,-0.3097004891895911,0.7325675331664131,-0.582360441095267,-0.22897310291720105,0.19141191580928485,-0.3613367702075507,-0.2303533665520728,-0.018461391733688583,-0.2983876132108707,-0.24453031742361223,-0.8678601625925247,1.407419616478809,0.5127815644856839,0.904290317926173,-0.40765481877423865,1.1859503519910504,-0.4057110145951469,-0.8338085320521406,0.3512668427942579,-0.8669904818123734,1.4036019502449366,-0.31449430919143057,-0.3570957591419127,-1.7804541563963994,-0.6973490856490384,-0.44565044550021404,0.427317148070378,0.6868516756810492,-0.6388761176293942,0.6622516755641349,0.037559631546250326,-0.012698640172816078,-0.6054746252813519,-0.22190514092474853,-0.32864156659717847,0.34152126976623526,0.5475499379280777,-0.9457455278909515,-0.5983316566767702,-0.8513734001490388,-0.03948795423847594,0.40405285759780085,0.06281758231001877,1.1326943808969532,-0.4083167385166842,-0.46649136521769335,0.8506112455290775,0.7868223081266063,-0.5538453675967299,0.3466959432821894,-0.5308736422333318,0.291429452056426,-1.1438863017119925,-0.7749223442422403,-0.6157765662789992,0.2330692644493802,1.3493611451827903,-0.9286197885830363,0.18598595730128353,0.34600000000000003
-0.837306960610443,-0.2878133787009139,0.7686758542065055,-0.5437408546159566,-0.2256081744754327,0.19913600014712984,-0.40223322593139915,-0.15549076491706745,0.003366863470064655,-0.19646883394411885,-0.23660138734642283,-0.8129082632729941,1.3425972601983451,0.5536845089813297,0.9018322705207316,-0.382223859159201,1.2326974942941844,-0.39079933550936274,-0.8221145480276189,0.3144189134619572,-0.9054237583684838,1.388241122032595,-0.36241069498594386,-0.3579893126188301,-1.789736340439241,-0.7040768411477226,-0.5115629057898322,0.4533828398099873,0.7544301659388761,-0.5890113166301264,0.686343823388892,0.09465457859804316,0.024633449513547442,-0.6370327711310306,-0.233386189224953,-0.319377147587814,0.4413481113072741,0.6051541761908772,-1.0034150419945702,-0.5588640893440395,-0.833026931613502,0.009551303228900646,0.4502430335504016,0.05285064247499636,1.0596293579165312,-0.4014735909874739,-0.5123286182055504,0.8656758219974452,0.7262166159734358,-0.5535515305857844,0.24062207210336053,-0.570340106833811,0.30840070373815276,-1.121721560399953,-0.8157587513469013,-0.6180058574268118,0.17745237168272354,1.3071025753661027,-0.947977948110472,0.19437981827094056,0.34800000000000003
-0.7887363132556504,-0.20685567784849876,0.7966510401298882,-0.47256021344239063,-0.26751999410774974,0.25948819685062496,-0.44298347703504815,-0.15008074222992868,-0.022678813555703746,-0.289096870554169,-0.21002371337547165,-0.7795189190605661,1.3607837836521197,0.5590918024616387,0.9106307430355725,-0.3995040405081941,1.1878418117495748,-0.39872062763432214,-0.8506212873322555,0.289037112229224,-0.918706360022758,1.4394954353709764,-0.4068253291817064,-0.3699231475596133,-1.7983656027432784,-0.6629962238025466,-0.4948444889059496,0.43661749594115873,0.7500079393662428,-0.5904353569944512,0.6749213261508108,0.1409770975579208,-0.035928773055267565,-0.6610014471560959,-0.31558641539874077,-0.40880054978395947,0.41395404089855165,0.6613525916629278,-1.0148547691089604,-0.5655185276736794,-0.9282523953585011,-0.06731899069531597,0.4359212899465866,0.018503283379879144,1.0913327915674873,-0.37078975533250597,-0.48584416249688267,0.8792028351835602,0.8041971215553065,-0.6579015124986585,0.2976313484916326,-0.5561239781387832,0.29061048494397923,-1.155706681212514,-0.7537481565984941,-0.6243824754638185,0.18138320856661638,1.2544769658370893,-0.8907277512150409,0.22997464413549312,0.35000000000000003
-0.771657393141623,-0.26778030436208594,0.8131362086603339,-0.47604690550618667,-0.3131949461869614,0.21152051352819481,-0.49635531091172025,-0.1587074307869438,0.04912770942297017,-0.30305536583434856,-0.28385509177724444,-0.7708468292308234,1.313299119467911,0.5991091720165264,0.8836271926216887,-0.4043483410971254,1.1510461947129773,-0.3333531924335317,-0.8343515755074468,0.36720770666116975,-0.9248965796906913,1.4614807198488575,-0.42026729481952835,-0.3988138435987391,-1.8272025843432491,-0.706966900041208,-0.4087451084528021,0.4899502076095673,0.7386492707708554,-0.54974749982774,0.7094943074366499,0.06541964161129292,0.006897708686588282,-0.678728399043412,-0.2577720280613175,-0.4896790434598488,0.4137745191939356,0.6796978559936582,-0.9921071774026078,-0.6784200378770022,-0.9548049120398099,-0.027808469603616312,0.48693028578071,0.09630073982181842,1.1702491183338806,-0.40819940226541995,-0.5357781550149452,0.9249292852338937,0.809617401494107,-0.6888676129897217,0.3382440214426177,-0.6123189463522779,0.3249050696381748,-1.1143803312432519,-0.7642262619604862,-0.6105181799639254,0.22668581412852154,1.2337956849719236,-0.9731405018562638,0.1702808180479824,0.352
-0.8164537089868663,-0.35380786293635935,0.8730829491198556,-0.48649737522783365,-0.28939484108384983,0.25604027322949763,-0.4813080469297047,-0.1061718148415919,0.03058646797981035,-0.2546569809066683,-0.3473663415674924,-0.718383785734664,1.3847590289285496,0.5886119499242235,0.8922200024405261,-0.45273969006612436,1.1042778677038207,-0.3207416409479449,-0.805658938057414,0.39125064287605754,-0.940920158475323,1.4885262371625418,-0.3486463030231878,-0.4237349064079424,-1.8454850048002067,-0.6182031828406355,-0.44504334777478105,0.4362815489491798,0.8126424396749655,-0.48252198919025285,0.7684826180510222,0.09091702207160915,0.09237292647139272,-0.6983933315218536,-0.2540120628726988,-0.5215174418611842,0.36797093090055666,0.6750272056759786,-1.0886426863509324,-0.6770048185909218,-0.9092123576795398,-0.13955421357215764,0.5162470824011678,0.1012959937772849,1.2014888802843506,-0.467937754643637,-0.6064726652368332,0.9376534245584544,0.7981841352460693,-0.7878823616466059,0.3444287724643895,-0.5526942024420128,0.32688871507005623,-1.1067674377083567,-0.7839131731266016,-0.5654337671885686,0.23811537497587779,1.2230760744513651,-0.9817417390631444,0.10729273135640756,0.354
-0.8530488236831255,-0.40487523578542306,0.8866776324352416,-0.43531460165057956,-0.2722250543514685,0.2547635940036773,-0.4590574753674856,-0.14353202633515327,-0.013569498492442884,-0.2699879654003683,-0.4053764966514575,-0.678604204291163,1.4580194325299507,0.6103584476406277,0.9051648614357821,-0.48405296533573733,1.030309289733707,-0.31425040403480353,-0.7990169262228987,0.3815671823934306,-0.9384869086413249,1.5450239738763187,-0.3351529636983287,-0.35897715560410376,-1.8506631447876252,-0.5982961581504902,-0.33830883595368066,0.46876723442786694,0.7860978018017538,-0.5434842228574525,0.7546417875073611,0.10448882652301045,0.06919372706078436,-0.7149214527444122,-0.22779919024310882,-0.5987491240872649,0.37758827441583115,0.6607754554626639,-1.1158264084302265,-0.6560377005797947,-0.921556833073272,-0.08075500538235689,0.5217184784480409,0.16133088813539165,1.1607645793980332,-0.4931486564619517,-0.5852783524864694,0.953697527536678,0.788885029023709,-0.8698473735360159,0.3385382538484464,-0.5499270669394046,0.2807222889829633,-1.0813669921612354,-0.8370836063794284,-0.5049262952393114,0.314017927248768,1.3286045496266121,-0.9555830245116707,0.08333662127559509,0.356
-0.9358422675444608,-0.4384337797783124,0.8672468456572356,-0.44554323547018515,-0.21430659762111526,0.2763833350282978,-0.4981323052358384,-0.0756926894953763,-0.03478135105190576,-0.22853422114484373,-0.3715574166960435,-0.6752242244642344,1.5127622635744593,0.5966433483351191,0.9252082504694579,-0.5723497504981687,1.0333243014109064,-0.32499864156252123,-0.7243749048897827,0.3375704079654341,-0.9635743521267132,1.5073405936795967,-0.2727796953732984,-0.31878873904934063,-1.7987418673502065,-0.6007052190616894,-0.3069550309370509,0.4462536723696077,0.7408734152146806,-0.5198945814538745,0.7984941742971506,0.12520688679976452,0.04440149630437981,-0.6904698714960038,-0.24704132815900762,-0.6472614473344611,0.348163729133348,0.645136074219247,-1.0920762645206474,-0.68149468959728,-0.9853302336639493,-0.12517650772534122,0.4479968230423227,0.1292347311405357,1.149055428634807,-0.43512822675347784,-0.5717112903889444,0.9969791590609294,0.7631370186274912,-0.8785987092359572,0.2950138704830303,-0.5609634796638798,0.28059000076210894,-1.0706716464371817,-0.8098715370379357,-0.5169826671942594,0.24112985339503618,1.427909270442795,-1.0403763967987882,0.04371212597858219,0.358
-0.9896119394857485,-0.4193140371369719,0.843004197684439,-0.4848918860405667,-0.1886171371262592,0.18537790733141496,-0.5145416876985032,-0.07564518872160494,-0.030031927607264777,-0.21791494833948205,-0.3479974230853803,-0.6715972044461692,1.5274509963893723,0.5611579716882885,0.8784128920892862,-0.5935579468225421,0.9816717703814847,-0.30992051897134015,-0.7065886513992544,0.2203770326271679,-0.9724048173286904,1.5183096475536748,-0.23659796133075284,-0.2679629930344267,-1.7131782721242932,-0.6220250444916428,-0.2474898604676491,0.37762610741188873,0.7067038112137811,-0.4972148674339786,0.7586520424238671,0.16430527229639433,-0.015052892676932376,-0.6728297064287849,-0.3136434858511934,-0.7123266297514828,0.4626925802776592,0.6662569438568322,-1.083219490198329,-0.6005919951199026,-0.9524305842681915,-0.1550912110749409,0.4285253553037914,0.07775311981368829,1.136163045823599,-0.4186202726805007,-0.5706461147875632,1.075204109012241,0.7766121313970639,-0.8819484043947923,0.3261590125819657,-0.5494183242344697,0.2537991688050359,-1.0919950215501448,-0.768948080249717,-0.5552537440995635,0.1982782791068278,1.4021788565392368,-0.9991551066334876,0.04023787741396043,0.36
-1.0510941079330196,-0.3920137358374666,0.8567504883812903,-0.5001287524725165,-0.15378862171952254,0.22932567428871264,-0.43869067572104076,-0.10112827865424646,-0.04749890180208868,-0.2583312508380847,-0.3145043021833295,-0.6753939623024318,1.5380598954509603,0.5221623139577363,0.9234403984983233,-0.6245400784425672,1.0447194618583704,-0.3139567261783033,-0.7386022333187685,0.21063389733256954,-0.9982511131222708,1.4717197266625803,-0.24325252921354695,-0.2763695300758638,-1.7096489732151294,-0.6166343937114743,-0.20648196349047668,0.3788447574398614,0.7377618323207801,-0.43990926027827026,0.7655499100182648,0.12774911759082447,-0.003323349244224394,-0.7567922570360655,-0.2753766104302884,-0.7054706164404012,0.4254895761407306,0.6816354810659733,-1.0929919344026455,-0.620080083273454,-1.0193055729391791,-0.15833431737631332,0.4138648276899756,0.04596083860403568,1.1222633475747268,-0.42378840366062964,-0.5004776171463179,1.0277733293348532,0.8263410555253006,-0.8686973908756775,0.292407752592295,-0.4705648994168674,0.1448302049502948,-1.0677804035169032,-0.8641090873154117,-0.5517969964838135,0.17674840644781337,1.3579905200180633,-1.0276486109984024,0.0341640054573862,0.362
-1.0235505943486798,-0.4343999268097619,0.8998229679401877,-0.5397476942513599,-0.08738550080631692,0.285538828612487,-0.435528499774271,-0.20262949639997885,-0.10008681017312895,-0.29878895339083367,-0.2797394534887172,-0.6924321087347648,1.5249291469933748,0.5311057051773883,0.9232320104691021,-0.6432473698198131,1.0627648842254296,-0.23825827095404986,-0.7206886874534177,0.2231995237355895,-0.9877371695361427,1.4897105420071466,-0.3221975406147537,-0.19655696538054407,-1.6758449237601727,-0.6413151002625953,-0.1557820652547011,0.38502551473431595,0.6743720900045511,-0.4307721490209521,0.787157339043959,0.0628411933168122,0.011338380110155657,-0.7271805892890433,-0.22611085789526758,-0.7192085270025425,0.48148132778868635,0.6511929774640308,-1.098696988713537,-0.6118333855351621,-1.0644181752214694,-0.12171394831442878,0.3773530326718915,-0.00686355885568108,1.1285510626230906,-0.4641702039023755,-0.4910198530192668,1.0286390606339098,0.9076653480902876,-0.8291186826068945,0.2912550548289178,-0.42001110213544945,0.1573801308703704,-1.1151193483054969,-0.8551637048673024,-0.6013803098489274,0.26762680178010295,1.330992876125269,-1.006787940407571,0.05812199794961208,0.364
-1.0454414805876564,-0.48959281054827825,0.8285012327001962,-0.5113746096369204,-0.05801454615426564,0.23953830137212606,-0.4396415133537682,-0.19134255431378094,-0.1874934028971619,-0.3322049641045935,-0.2956646173720128,-0.6681557326598568,1.4784985405062119,0.5771804855067552,0.887532993754312,-0.7131308771683705,1.1154710386647602,-0.27566555287937333,-0.7038486488313994,0.2000045228820974,-1.0481960137398778,1.4631721072197188,-0.3567315483449636,-0.22587270241821167,-1.647621559317349,-0.6585739323351705,-0.15840671460389713,0.343733714254515,0.6438374860288327,-0.4015291681670372,0.6844072528837094,0.08659472002056223,0.08356135775360747,-0.7579851921136181,-0.1992261724507425,-0.7848025702136665,0.4293379948955113,0.7159284351711812,-1.0218506317307763,-0.618311669477773,-1.0291010092266442,-0.11036362067080618,0.38316338968391667,-0.010012517009509746,1.13526159449528,-0.4763760893084604,-0.49416766617890834,0.9946785829872541,0.9109324636075897,-0.8705444425401176,0.30760850040828147,-0.4131700757216416,0.21295526088004507,-1.1056322756626988,-0.8861039018140418,-0.7188102739503422,0.2650367492451141,1.2481687866545854,-0.9060499659868598,0.06877622447085407,0.366
-1.0762096729748993,-0.5751925128162887,0.8832440729644795,-0.5336463450225624,0.006937165558443134,0.23779357411933302,-0.3998711778084594,-0.20052300233293002,-0.2629506494358097,-0.3176497603468957,-0.281705398762881,-0.6702942526847685,1.4553995748578825,0.5016916556023581,0.9013246421371255,-0.701586167468093,1.0575544037983347,-0.38841957870980337,-0.6924248660851416,0.20963555143844723,-0.9129995527450078,1.521680335966932,-0.2935047438473566,-0.24319080428090295,-1.6398945575991635,-0.6201311203851886,-0.145103259999851,0.3307677462575496,0.6068472191449683,-0.3273295924912252,0.6782923729029022,0.03659543826358632,0.052918591107044666,-0.8041139304865099,-0.164865648088109,-0.7707932498105945,0.4512876378891329,0.6761531501961131,-1.001134956500747,-0.5876529970366557,-1.0553174992709249,-0.06595741536126552,0.38053735166166053,-0.015573453613610934,1.1062719667921428,-0.5153269580362646,-0.5365370002925285,0.9337740207728915,0.8897333096389587,-0.8556686054534842,0.3256883945246432,-0.4449376285592416,0.2081963779620617,-1.0802528904723947,-0.869431960133252,-0.6969108223776294,0.17866757915572815,1.2256820484114466,-0.9192472588583186,0.01950327869043223,0.368
-1.0466957586239858,-0.5052318562907158,0.8704597379067174,-0.531442010157188,0.004823584649246385,0.3163300148974939,-0.4164121100406948,-0.15844063476456763,-0.22024791652070586,-0.26297597532824735,-0.1976956437962294,-0.5773896088498991,1.4232884987711916,0.534160699191772,0.9813867333519116,-0.7405913280093457,0.9940374565866981,-0.36033312595589884,-0.8134900646536029,0.24077319870616326,-0.9390516881311066,1.5412453288996126,-0.2769217476135753,-0.3117944717208175,-1.6255901983754777,-0.6890848363352541,-0.16029662689175797,0.31010542259626545,0.711851391213866,-0.31183869811215187,0.7264306812600534,0.04540713302565144,0.024786166306788697,-0.7721729917279841,-0.20402580954302815,-0.7830202018961576,0.39169443521590186,0.6547679919823608,-1.0211481722577003,-0.6260843748296915,-1.0601618547151062,0.02453875333627621,0.36400783307241935,-0.037546298138253734,1.06333337674999,-0.5182455845779126,-0.4840250427322994,0.8586917159477565,0.9415989003685835,-0.9354792196623974,0.326032426041708,-0.40373907678151283,0.19430810186549494,-1.0806727361784667,-0.8664126749013656,-0.7108480657956685,0.15885822833414245,1.1536837646651663,-0.8692998913731701,-0.020626914156457343,0.37
-1.032020080634806,-0.4111812340145891,0.8975312113512541,-0.5777778857689548,-0.01871977736337996,0.31260959544078454,-0.38831843003234234,-0.1866743662188246,-0.2539107811954244,-0.23042272752438925,-0.22556318838385947,-0.44171084614689116,1.412747776391074,0.5714883254922822,1.0278743432607385,-0.7177813617653946,1.0305657754883906,-0.38701682853469815,-0.7962305136095874,0.3002427316714778,-0.9024828133556494,1.5444803974667576,-0.20753678859661362,-0.3296628491237477,-1.6658780314697281,-0.709149901568925,-0.1515881187998134,0.30388686941489346,0.7285820731719012,-0.24531110794037708,0.7822660370772659,0.028235085377990948,0.03039334350597862,-0.7149659865535666,-0.18997386122945065,-0.744851533640174,0.36026279149152196,0.6384445943494941,-0.9412128665041695,-0.6058555605358662,-1.1034315162723465,0.003000594387756402,0.3996799814318688,0.06812550110763638,1.1054022526733644,-0.5354474811106068,-0.46534646958547043,0.8349225230126511,0.9572200016510529,-0.9538279968307568,0.2915995190824057,-0.3454941869585514,0.12103974100047642,-1.1040031282942078,-0.8858783460306411,-0.674782885099455,0.1583428242551122,1.1620544671858484,-0.8951247188917947,-0.0222168982659825,0.372
-0.9832269250533477,-0.41530471642673694,0.9798008430675665,-0.5947756437885519,0.017590113987779047,0.3636912903729492,-0.39958444099192,-0.14537035751333244,-0.2597947009406081,-0.18765659348288563,-0.24404860584038182,-0.43848828342565294,1.3867314104577626,0.48331989911859796,1.0318138871312406,-0.6917608648095172,1.1138913143066929,-0.43732113789762256,-0.8214426980980257,0.21995832195465947,-0.8160463177877499,1.5795240463953872,-0.2331743595370529,-0.30183516611088,-1.6761956276821632,-0.6960971772119654,-0.2570437249092279,0.3011477430350155,0.6488470844991208,-0.22972762807617417,0.8356319862041446,0.022519503415836743,0.01193651982924955,-0.6917887584025506,-0.137295983944756,-0.7487305445605485,0.35071685798155655,0.6508309987259062,-0.9308727124895531,-0.6082046097640822,-1.1379189345995275,0.025941548920397454,0.3490889051921134,0.13221450606298651,1.0483730910262177,-0.5598592544136852,-0.5110539726854741,0.8783882611570673,0.972516814748395,-0.9000602089671136,0.37018078922987585,-0.468759225435788,0.16372320271540808,-1.0301348154761467,-0.8614796566289786,-0.663964832604626,0.1987000421570368,1.1203241015321312,-0.8146281876747552,0.05957085154564051,0.374
-1.0554596506124456,-0.3726620016532896,0.9863568912109969,-0.6287237497989138,0.06492120755665637,0.4596634197385222,-0.42866455743417925,-0.16718890146719134,-0.3139500270431286,-0.26539839927852654,-0.24993577894406024,-0.4646252573045082,1.3139457618800805,0.43280422688204123,1.036589285553737,-0.6341444074204438,1.1535412979155963,-0.48845170922696846,-0.8749639708507498,0.19819649808892825,-0.8424867720520579,1.5859570146088224,-0.2507219201139037,-0.36771934701628056,-1.6494405905258747,-0.7964354605204862,-0.22624004919958365,0.35288271224725143,0.609216135045634,-0.24654601368449353,0.8296824483191304,0.04069115517114884,0.02381875116183421,-0.6194003759289116,-0.1654006829133501,-0.7069529697929888,0.3896453854519957,0.671401189829572,-0.9202790241510997,-0.587343718956842,-1.1868313424066095,-0.010244826083787975,0.3113472841713581,0.20603859262180813,1.0224006329598607,-0.5696500599477973,-0.45580199935734533,1.0032586272959503,1.025356692870896,-0.9096753194054721,0.35622045635948085,-0.4579443895739908,0.23058729904750014,-1.0420100265381955,-0.9234038154106476,-0.6505017822287904,0.18218644001168083,1.1594849646898888,-0.8990284868376776,0.17358542834422333,0.376
-0.9975331739556555,-0.3619177276818325,0.9827579892191415,-0.6821339226306686,0.10342644971077425,0.4385245124620965,-0.40981509201975375,-0.11355362209932025,-0.28034746172717423,-0.24774069771445606,-0.2049476807716794,-0.39448716579287374,1.3095069028003608,0.502289957636684,1.0760683700026794,-0.7120687381406445,1.177824852270026,-0.5177243361292513,-0.8552589546791975,0.2997024885617688,-0.8481719975690285,1.5366381509311458,-0.3384946555419085,-0.3547778025672291,-1.6647115625816635,-0.7795856293338735,-0.28888846097877535,0.33991247371536915,0.6023725318585107,-0.27981636496770873,0.8228118172801653,-0.012889556804792604,-0.06497908544281723,-0.6022403869279227,-0.14405832689550369,-0.7189171587204632,0.39411996202847105,0.5747574770751358,-0.9684263295198885,-0.6106881254844302,-1.1282325932650301,0.022317679350983513,0.3579651722801868,0.29736213536459244,1.0035019349267966,-0.5049900126834007,-0.439980752778962,0.9989194368603237,0.9479579504683553,-0.890576612304249,0.3949180930341827,-0.5449384896027465,0.18241881018439787,-1.0342217984794657,-0.9561706046133522,-0.6514513851049609,0.28828828505367377,1.1237319627751654,-0.907313884463002,0.14633556656710334,0.378
-0.9814577711411423,-0.3617757537495479,0.9748831506490754,-0.7130995982554162,0.08951843538278471,0.4065508056836317,-0.41830866272932365,-0.15426498137577416,-0.3558995454517775,-0.2279177089747055,-0.20610075113133772,-0.39106724223517186,1.3120014545546874,0.4987505112836507,1.1272918157897331,-0.697680983045979,1.1563434883372148,-0.4810232660197234,-0.9096918990055705,0.29616394417252,-0.8628351461719543,1.6534131097637486,-0.32241234117346834,-0.33342994335027965,-1.6149251144512993,-0.7595408309180901,-0.2976174455106821,0.33309598006615565,0.44090372303584763,-0.23280842921380546,0.7814133622471935,-0.08848305414157065,-0.07952849969904038,-0.5748593262120062,-0.17057283551172372,-0.7101109378951671,0.4731579187484379,0.5557012674455177,-0.9731759742911322,-0.6725368100970768,-1.0963261920355016,0.035403672687695564,0.35684052216242573,0.30543719354933224,1.0596440789513317,-0.47112013310436784,-0.42372767831587205,0.9605688971756332,0.9535921058926986,-0.9012450647453654,0.4394371352321491,-0.5197195896057988,0.25005370483510564,-0.9553119219353261,-0.9490063480244082,-0.5673465948796556,0.3479962668244822,1.0979757908312415,-0.9393510164731791,0.11916292077130876,0.38
-1.0029671753152472,-0.4299938396791438,1.0201342329625298,-0.7328559094402832,0.09019997691937935,0.41751725646416993,-0.38526808306061394,-0.1760046890299377,-0.3940807680176067,-0.20413234602194086,-0.1929174856005993,-0.31716768886921753,1.239101441130976,0.5209278684425073,1.127110131733786,-0.6029086370075567,1.1931720625339937,-0.5183159556602068,-0.9206953413981549,0.29991902048226804,-0.8260990268297677,1.6424139854582258,-0.29758022764321435,-0.2935708845071125,-1.5418415419984894,-0.7424390788868924,-0.3140174991880978,0.31421030836678004,0.45931408688827874,-0.22628611116263517,0.7591427352396684,-0.09978871955754114,-0.0892383862845257,-0.5191739917838842,-0.1820870064766648,-0.6730833302721623,0.4795757642703339,0.658935155598955,-1.0066987844651385,-0.7071433026342664,-1.11379427209021,0.026531491718147407,0.40771664586490386,0.3187852002454642,1.104859628380951,-0.43657646292347546,-0.4517141844565567,0.9746382393682496,0.9741037649312039,-0.9624133394246658,0.43589151159424666,-0.5354081640375524,0.19772364366045775,-1.043036204424712,-0.9285849700844745,-0.5509162685143213,0.4360113890938604,1.1331545692553844,-0.9530717967968529,0.10116681494855773,0.382
-0.9642158710617861,-0.4647110950065872,0.993119847909392,-0.7070642572104129,0.1079811629102458,0.38507892782548797,-0.2532487443559912,-0.203927140631432,-0.34962320803943603,-0.23132695423322625,-0.17352019639688815,-0.32220270624323843,1.2109132685639288,0.498540844698513,1.1158456941865276,-0.5719470593760223,1.2103607209784975,-0.5604573149405999,-0.9431670347273813,0.32819394455544904,-0.7360935002548655,1.6729167027981802,-0.2974778173983046,-0.3029728414065455,-1.5437314601396317,-0.7929629682230268,-0.30740020269970386,0.3549342565098476,0.47760582806187146,-0.20698049318771145,0.7522051374195381,-0.14307683468540136,-0.13478010156824163,-0.5065530887613334,-0.16932427211324194,-0.6219362271739068,0.5342294893478118,0.6445747012705768,-0.9851297331099196,-0.6667117533631544,-1.1389220036723178,0.02142301706452433,0.327165408801645,0.3259153702108075,1.0601644336055314,-0.47323043161888645,-0.4322945344238502,0.9738470401829115,1.0430041769255352,-0.8972199203071811,0.4218208823788986,-0.5481381746752922,0.18706198816162525,-0.9978864225184351,-0.8966735391904805,-0.6094689427043732,0.483846575060711,1.1938413127654204,-0.8803311323976702,0.14522243390935885,0.384
-0.8812558763048555,-0.4854969726817816,0.962605798053225,-0.5976973338102999,0.09006823467117968,0.45100055055195143,-0.2457194324932629,-0.20996018535373362,-0.3821481366117835,-0.2920242325856481,-0.11888175851937473,-0.29427182109359495,1.1990572678738753,0.47733434859561197,1.1488748860712539,-0.5856653657719465,1.2300909643411513,-0.5739884312994752,-0.9673954379561724,0.2661467048477257,-0.7021173167153614,1.637352417851032,-0.3256618997003466,-0.31386134151774747,-1.5644870977860061,-0.8716577283400556,-0.3260882886883576,0.34349162777971143,0.492185833984225,-0.2030522484796584,0.7561006937403282,-0.16902877332722152,-0.17800055093200778,-0.565455482537325,-0.20744160102403908,-0.6731326316265053,0.5427798773514086,0.674401011802083,-0.947213030839806,-0.7061420570271295,-1.1716681630726906,0.03603031623525334,0.3319683203462414,0.38052993895187914,1.020144408963041,-0.4536527308530582,-0.4226309196336641,0.9493771688140256,1.1015138991620432,-0.7964940594357232,0.4694579998255012,-0.581200134196059,0.17627376520905566,-1.0210073152978794,-0.8845787885451813,-0.6405182564571775,0.4884644186932061,1.1659928645237172,-0.8895157640894817,0.19887088343157067,0.386
-0.8885164124131748,-0.42444239528439465,0.9456220980049025,-0.5513216553840881,0.17168231461978575,0.4629065625370587,-0.1828298616260841,-0.2683208120989514,-0.4625924298852744,-0.28376998535708664,-0.08139031938040323,-0.37201724253047413,1.1374980467613436,0.512947852744369,1.137993675165044,-0.6143300489118686,1.2271568457636801,-0.5630024125853273,-1.0183868318805829,0.2164801010658512,-0.6782347767336644,1.6536265349450527,-0.4061256923697345,-0.28210449957289924,-1.5393062663120283,-0.8500218603569318,-0.3465194044643911,0.37801433693056435,0.48537190079377246,-0.18220381393479193,0.7879789532763725,-0.19271485683453107,-0.29463464853959737,-0.516421511515996,-0.22266381674769553,-0.6659374759280902,0.5798983399039125,0.6003791613288778,-0.9204385305498476,-0.7247752130827292,-1.1767237210609447,0.06533793310510591,0.3222873632830636,0.31371851596438893,0.9850855517840894,-0.5052120599357242,-0.423745722218761,0.9026683481288842,1.1023039850849956,-0.7935938002147519,0.5121427953345365,-0.5289537832547794,0.24470301651831472,-1.0014143439032617,-0.8563645406607504,-0.7265704310400513,0.5124239730866316,1.111479823073434,-0.9059392678070984,0.18194536178518622,0.388
-0.8967244192182989,-0.408143055354175,0.8769123072491578,-0.5649364094919882,0.23295220983323156,0.4214517610285545,-0.19879932843687925,-0.2606011015639641,-0.4547618381877376,-0.26254899352074335,-0.1143530617255156,-0.42843356897548374,1.1980955882098254,0.5994412208985618,1.0763960688460166,-0.5602962263335405,1.2060948815719006,-0.5238560336242657,-1.051244057004714,0.23160003856597344,-0.6281638177612144,1.738749029277197,-0.44493085813826727,-0.33237438854442924,-1.5475782361647912,-0.8450760365481318,-0.40199987997975684,0.31199550838205253,0.480780992345553,-0.2047717600735462,0.7350475411624113,-0.23449754335047684,-0.2992733463894744,-0.4889740553615607,-0.21191211336183874,-0.6786719703157315,0.5168118355699092,0.6629880992038036,-0.9028417034459629,-0.7879076738411044,-1.2007372660834497,0.173850613810282,0.3187823722042475,0.2985681606826373,0.9996032102497046,-0.5050929197087647,-0.4048182615074387,0.9904811085896355,1.123465921131737,-0.7598444458399256,0.4646152004079935,-0.5978928655195378,0.13252913879002187,-0.9300943396998878,-0.863263380323094,-0.7904095358097767,0.4715273565211683,1.0326930252969104,-0.8172952170374845,0.13834337185704204,0.39
-0.9156535408159617,-0.44325215189411143,0.8952879914215175,-0.59226462454217,0.3048729885527252,0.42693705243734914,-0.20519286986952584,-0.2839655165618958,-0.5085921850461296,-0.2719597658175577,-0.10673388428547328,-0.49021611051066427,1.1852339809893644,0.5866451912359613,1.068333519188685,-0.589529483953496,1.180944089800244,-0.5618162124480821,-1.068020822341403,0.28594858800022627,-0.554426267170373,1.6904782679399117,-0.4561508216702935,-0.3377691521320537,-1.5290828459956927,-0.8378006697450043,-0.37479998933840974,0.2887930301200215,0.49753246171949406,-0.21436251559124184,0.7821243742327891,-0.15800163214738233,-0.2663427358583742,-0.5723901910389393,-0.15204100543724905,-0.714524804034207,0.50782566182406,0.6458411005899202,-0.877115300610432,-0.7903502605453917,-1.2225660635788997,0.19061161540130453,0.3704536900230041,0.25613640292397705,1.0128401048135254,-0.5368943218558974,-0.40823147135346194,1.017538213418871,1.1355996859487367,-0.8191193984544465,0.5002074398341015,-0.5745141242919518,0.18524326871067592,-0.9537848695347909,-0.8111528742827642,-0.8462277986572816,0.5575378332279212,1.076919136683375,-0.7961689641819232,0.11845303093911753,0.392
-1.0042746928006603,-0.3791009496022454,0.8779406403074879,-0.6129769546781031,0.3574282653512951,0.41940243596483306,-0.18934491144498405,-0.2759746912019932,-0.47305989016565964,-0.26532752448685254,-0.048140884783477965,-0.5822496529108284,1.1912089345655925,0.516903970804475,1.1157430112770672,-0.6507649417480117,1.1667516112097003,-0.5931299685084327,-1.0975407495346525,0.26279702053987536,-0.5827555905301887,1.6500196464114696,-0.4694668399988454,-0.3353223023285752,-1.5128748574897506,-0.7926126094797602,-0.38584376539873233,0.2807749301120329,0.4681912409232176,-0.25231717718580543,0.8043102707121373,-0.08587807275937255,-0.29714243052522554,-0.565938618890994,-0.14034527466671434,-0.6977594798725655,0.5125652124942442,0.5854820108737263,-0.8686720523827135,-0.7798170722649626,-1.2795610525716463,0.11662759942767122,0.39494084208264085,0.21877572572057602,1.0582329612969619,-0.5919726972317689,-0.34693654062936213,1.0798812716619992,1.0740090779935538,-0.792950843365197,0.46720983637103886,-0.5312727736324303,0.19091196265706006,-1.0385461844611397,-0.8667756920251013,-0.8907130357407288,0.5298369434431346,1.0047798491033548,-0.8094917841375182,0.1748908524099687,0.394
-0.9454896104175504,-0.42059284065960956,0.8542495769293694,-0.6472719723632387,0.37939314691871917,0.4003218995682085,-0.2200507606575752,-0.29033551997026524,-0.41043829568673607,-0.3048652906874126,-0.03120763771416882,-0.659221020492001,1.1717295350735104,0.5053680928594851,1.0078099556587947,-0.7146482169456597,1.1700864702791187,-0.615432501542613,-1.1176781564595042,0.18575413182993786,-0.5555289328369015,1.6327992526151527,-0.4568059684969083,-0.36677932167162347,-1.508109562349925,-0.7704707748092012,-0.3778528340385658,0.3056692938918137,0.40852144013286973,-0.18669439268987395,0.8260021327370343,-0.09339515530221887,-0.2634814330415101,-0.5671018081465424,-0.12959389311651157,-0.7571296275669285,0.5246250275028109,0.5048922958958098,-0.8520123661812157,-0.7744065123047033,-1.2146254404819419,0.20262941444328217,0.3747995734292508,0.2104206692419505,1.0260264808073698,-0.554108517247556,-0.37876271560496355,1.0345487628200016,1.0921028300568245,-0.802810967802061,0.5393203171564651,-0.5385679882489025,0.17011010523086809,-1.049991582637387,-0.9198638033338217,-0.9417698218959798,0.5411254240704095,1.0203014783423892,-0.7844639409562862,0.1428285800789935,0.396
-0.9191355165295084,-0.4225952049493731,0.8557837625193659,-0.5516359730121337,0.425645273488238,0.41428624517218315,-0.24289645013648714,-0.3072676776130654,-0.3791610455811892,-0.30582776474495604,-0.028460299859729015,-0.6448125390955077,1.1058273291243514,0.4448278060257058,0.9670124229222304,-0.6712043699786169,1.2116660903294727,-0.5973950627832748,-1.1627535168213403,0.19871807230380936,-0.5588561609287988,1.5897066627558658,-0.4209010184098093,-0.31630587153451356,-1.5418149101252212,-0.736247316656664,-0.3876744891625473,0.2643818243771542,0.4735564498090508,-0.18507015876202046,0.8627646302733426,-0.04280697300451665,-0.29192698930991495,-0.5465000482134716,-0.13154639827651524,-0.7829471037430705,0.5881658069217242,0.5571774504447513,-0.8973812579224438,-0.7290337921816185,-1.2234199729937678,0.2015681379059286,0.32620102095553416,0.20347345920903595,0.9949923813593801,-0.6130395462454029,-0.36100538091433537,1.0222290516037567,1.0394552529787071,-0.7345205658336307,0.6152169322909247,-0.5605733626259223,0.15694014119044092,-1.0993828474713423,-0.9422496283993663,-1.0160361951879762,0.6187719950794643,1.058198482211167,-0.7345258238003678,0.14476541290302902,0.398
-0.897756527395298,-0.4637322682857993,0.818431645509418,-0.5803206645789836,0.44896649619600204,0.4644054161664749,-0.22705884991414504,-0.3188212204442607,-0.4194244514819999,-0.30831878460791823,-0.021662214677018565,-0.5623483604431024,1.097042603101961,0.4211747828238929,0.8931174074229907,-0.68298414334896,1.2063740254081567,-0.6000258957021058,-1.132102398703958,0.208649379078572,-0.5330397484904271,1.6120951540868187,-0.41220760035110887,-0.24645689391024544,-1.5825691400167605,-0.7322167729212619,-0.3900087256877448,0.27396240237666336,0.4880685601804233,-0.1734934847864435,0.8271545893359125,-0.0063289608932799585,-0.24064495357455748,-0.5945919681386993,-0.2655064052363762,-0.7809762987971112,0.5932216336495263,0.5478995704734066,-0.95288607976621,-0.674927841313072,-1.2196631033186014,0.20636546042362125,0.31782086528857606,0.1979724601629474,1.0738070674293552,-0.6222629781563485,-0.430031479726788,0.9854546349001307,1.0003489474822302,-0.7880234040153263,0.6573140714187682,-0.549900232226578,0.1788512817380918,-1.0980933088905798,-0.9843820386060973,-1.0271850230540247,0.5167969391816809,1.0454427702393612,-0.718619558319176,0.13231463969597293,0.4
-0.8691572608238692,-0.38439237282493344,0.821324936327479,-0.6398492919377468,0.42539631037146514,0.4656298757114868,-0.3155066304131615,-0.33939835630604115,-0.4500061868185887,-0.3253916345560137,-0.026310802230242458,-0.5834453936326873,1.1496153815542707,0.36924534974623685,0.8763632602128414,-0.6453676349247778,1.1660987042383977,-0.6697140181772047,-1.215687149631976,0.16300114185990153,-0.4615554241218865,1.6079966507341479,-0.3616805284433724,-0.24717319409826446,-1.5910997022640714,-0.654549280890986,-0.3843534280311476,0.31771625883563676,0.5072273097696907,-0.11050167728896396,0.8190434796679099,0.01934720152820884,-0.14553635388778519,-0.6059081188693904,-0.2319891466978352,-0.7788920576898617,0.6180649600357311,0.5551619215011464,-1.021294095261619,-0.7130116850842101,-1.2546403153466013,0.1456740786808743,0.2871954614083764,0.22182377168750295,1.0652529206634633,-0.5676621343996758,-0.4037637899562061,0.8934331192416011,0.9604374202584093,-0.7205502235961541,0.7142524492320956,-0.6255431431655368,0.17484659111196235,-1.0489370630890926,-0.9828259282459993,-1.0212779943012835,0.4583633904839163,0.9782364252812139,-0.7077890394715476,0.1475684653649051,0.402
-0.8922130129631336,-0.36573489943458337,0.8158081668805145,-0.6850875123853538,0.4681941671630944,0.46703915793716366,-0.34518600038295427,-0.3331816213872345,-0.43605221564946883,-0.39324101425439045,0.022371074429332484,-0.5937971330027813,1.11541380513717,0.40909818085903216,0.8546178117922714,-0.63814377994447,1.167871342901131,-0.5944015294159695,-1.1970174115370456,0.09739563984240833,-0.415884507999446,1.599926244514213,-0.32168671711819685,-0.33091055383175183,-1.5994973529116578,-0.5785084138724567,-0.4392714809882417,0.30676450533845007,0.40787360655002214,-0.13175612471104198,0.8031862923115386,0.06905865368110642,-0.19337935719097465,-0.6586383741273341,-0.17824155328399627,-0.8379882872258569,0.674253220711025,0.561802114543387,-1.023706262494212,-0.646780705682561,-1.2067671128706507,0.18514521764987382,0.2860882624601621,0.25065536221127466,1.0424900347654986,-0.5161386090526188,-0.423299090301818,0.9134404094663179,0.9239920159796896,-0.6250601472595652,0.6858450187594198,-0.6067066964634255,0.1549265579604074,-1.0497652443261414,-0.9842312535319032,-1.073318889593472,0.5164371375263315,0.9624618234728407,-0.6871893344780018,0.1532564751751319,0.404
-0.7928519656384856,-0.42030732632130846,0.8774677059121861,-0.7707807838083064,0.5346396013336029,0.46018879053558487,-0.3438449821265955,-0.4265355495428968,-0.44517860109518437,-0.44592246785756445,-0.012615345975526923,-0.5762828848675836,1.092460148227107,0.4374695985896512,0.8573301810541739,-0.6675910480242923,1.1111667795826898,-0.5966762195952948,-1.1611802005484821,0.2081420398314297,-0.4287038830344117,1.6183493775366964,-0.29007797717688427,-0.3331228355562021,-1.5477141223786204,-0.6109455940617862,-0.36144437917021544,0.37142926530724607,0.41435019103061216,-0.1608144951537208,0.8063619623464799,0.005028849267793303,-0.15772887292728438,-0.671058301619559,-0.16234007620748744,-0.7869115377111551,0.6641449480675524,0.573594106445283,-1.015119357080835,-0.6514730426940947,-1.273399493256624,0.2227987682071189,0.25351574581416875,0.28070938261587064,1.0502743931451746,-0.6333998505745835,-0.40774126705096003,0.8944011208292227,0.8754678809415589,-0.5428168625748404,0.6621741021107364,-0.6107944460424154,0.1987487466150825,-1.0608259379917648,-1.1050033788427964,-1.1420933120701244,0.5399668191273641,0.9618245091373833,-0.6645068937933843,0.06289619067958094,0.406
-0.7870313719337865,-0.4371177235498859,0.8572959100827472,-0.7673597183918981,0.5114353739436086,0.5086356153741457,-0.3042579498669636,-0.43762596502970724,-0.43049385019044406,-0.5004848139218712,-0.006016174374436684,-0.5908538103896885,1.1733529943720467,0.4988509918078666,0.7815211221800566,-0.6566071554811992,1.0709028619700147,-0.6024786456274218,-1.0923103701250265,0.3009717605134192,-0.4716894799655753,1.6580082328145758,-0.30523297755116646,-0.32278285660841666,-1.5152505142671018,-0.6156038589272171,-0.32496461800344634,0.3606247073553278,0.46192080536061497,-0.20881913360263088,0.7887542950427402,0.05076149947318939,-0.18349405503196672,-0.6755728592103649,-0.19610897285059628,-0.7331801808158181,0.6129166291063388,0.5626437095186867,-1.0425260689495557,-0.678053907230058,-1.2494545257591998,0.18456515073441454,0.20875888744319535,0.29885620109281574,1.0252914205462,-0.6129460385030417,-0.40958400872419237,0.9772011375995608,0.784762164907158,-0.6097810160705088,0.6367430797693883,-0.6495442765332328,0.0937100716046408,-1.1290631681708965,-1.0895094180885478,-1.183755996646154,0.510464094391624,0.9685019274464282,-0.6448974878696935,0.1452795710391925,0.40800000000000003
-0.8022120440691857,-0.4688355581423564,0.8774633579554348,-0.758233226360069,0.4593644733186521,0.49279621685291364,-0.2885965326280381,-0.506216400855932,-0.4123902610120384,-0.5081405576575992,-0.049919635383947905,-0.6395731757313318,1.1549251454501837,0.505243502951765,0.7620813057245434,-0.6918486333574808,1.184269690113615,-0.6201508002266333,-1.0925694727596305,0.22139520316092232,-0.47616136381762536,1.6713766255132874,-0.3471871925598581,-0.38945165178764685,-1.589695602915615,-0.5491713377194589,-0.3507380016250925,0.32042312892520036,0.3919752024628781,-0.2871559995880777,0.7720581973106795,0.09165333473450787,-0.23808531907616182,-0.6468765324688716,-0.28859837085646595,-0.6637412728377946,0.608361432238623,0.589822616447096,-1.1021322002642906,-0.652662894823222,-1.2267124768477597,0.1984501203874122,0.13251348456862386,0.31965105508665687,1.0527659936527414,-0.6031482459050467,-0.42317241302279524,0.9302970278177625,0.7650174835249263,-0.6897803675730859,0.6654698669355444,-0.771453214656592,0.10745416565862183,-1.185017774440682,-1.0675946337317928,-1.1608942686946648,0.47759520428116825,0.9606636247582216,-0.6154191609126568,0.0500855243136632,0.41000000000000003
-0.8558201718824173,-0.4765422736411185,0.8829051400120065,-0.7278735873150652,0.4708837136849974,0.45553949395751303,-0.3309930912489977,-0.4964289132157358,-0.5183669928793145,-0.43831046864873363,0.022217747688688574,-0.6449983132247626,1.2280910156149765,0.4414329776961106,0.7435595381414485,-0.6438363838743347,1.2046186878716896,-0.6352590443753466,-1.0821327385223605,0.2997508459796604,-0.45218677852507083,1.6821780048048298,-0.2939741660249833,-0.3773241773820958,-1.6147575166830297,-0.525399371369478,-0.4836387378055946,0.3336501423637151,0.3880499140050121,-0.25480297481874115,0.8034712543981688,0.11444890643961955,-0.24780452742054776,-0.5970270166021514,-0.27114424319879726,-0.6321953515150431,0.5371515616956506,0.6338340579207461,-1.106751091375672,-0.6184587568780109,-1.182814364319581,0.2100326089193983,0.19054017199638432,0.30952061851314017,1.0767351044807287,-0.5900824716358248,-0.36725707578605044,0.9200805920961577,0.6942253713370012,-0.745282120878783,0.604685095581506,-0.7613428594737768,0.13747412610338267,-1.2313338071748212,-1.095914170040812,-1.1576496614168386,0.5334207949059566,0.9530518673309075,-0.5469237768350775,0.07676768765189507,0.41200000000000003
-0.7376261874852359,-0.5446073510046852,0.9245064756781524,-0.7594116254416751,0.4983259594404193,0.46284820992140013,-0.32493189302191317,-0.5973200434592094,-0.575800327062432,-0.414572625459292,0.0010465774729517645,-0.625815916781399,1.2522371941639288,0.3970477734691145,0.7115128551061856,-0.6611136870170693,1.284243642329409,-0.5678816816735972,-1.1043658647473606,0.33157986146482293,-0.5053695766292129,1.6975995477629924,-0.3520986227844189,-0.3734509018034643,-1.60013858972757,-0.579645151347884,-0.49039987438468147,0.40222156668837444,0.3992187978694645,-0.28986323031914885,0.8037050737362894,0.14929480919158125,-0.3296204308454009,-0.6534268304706459,-0.2326407485530705,-0.6746387106301548,0.5389448110566463,0.5784018732811924,-1.0854195225373904,-0.6081909222975558,-1.1654204883103434,0.18597600332447561,0.24788226955276899,0.28227534071028487,1.0905588453560802,-0.6365870228374826,-0.4354129606672686,0.8857396161854526,0.6838208337098832,-0.7230480453258594,0.6185814556255651,-0.7020758264493608,0.16334404227214794,-1.2650581480742,-1.0484075334674128,-1.086248065474886,0.46329032824389776,0.9704598309185318,-0.49365129417857495,0.1604521381489843,0.41400000000000003
-0.700149135781806,-0.5373775386519973,0.8874345609256357,-0.8469886041028785,0.44930874897813666,0.5172581624885951,-0.26085179644418327,-0.6907330438467895,-0.5620105995628694,-0.3283650192950027,-0.0409953892448372,-0.6067255372433851,1.2500717940181267,0.3413048589529036,0.7613663974663792,-0.6207449536207654,1.295425501387807,-0.5310517776194076,-1.1215683053169982,0.23376066378910137,-0.5280709683317307,1.7313119205150684,-0.49795484074284224,-0.3759939209133217,-1.5686211732180175,-0.5837487312066557,-0.5458960588654672,0.31175532072496137,0.3557151721302572,-0.2747688936747887,0.7646485212209575,0.17910215439938723,-0.3027142050858202,-0.759773833202105,-0.18602035306400738,-0.7347500606218882,0.5574349003737701,0.5700990513586893,-1.1241597957907055,-0.5681808068465465,-1.140532747857957,0.21743635941631811,0.29099760901451444,0.33435170150263605,1.067759928309997,-0.5314194223298444,-0.46164296982661823,0.893585752290007,0.6929564000486909,-0.7556989198939116,0.6173890093798959,-0.7663191625392594,0.22270005651978458,-1.2590522062175327,-1.046292316490957,-1.0300377640506624,0.43355483506155545,0.9585319477939894,-0.4686587691760515,0.15091832684460982,0.41600000000000004
-0.6604050222706394,-0.5414982567834664,0.8535368029391077,-0.8762310667673567,0.5298996684074386,0.547725443811454,-0.19346798011312677,-0.6206815503273082,-0.5292123368967289,-0.30326317752401344,-0.12066549480668938,-0.5779287510018758,1.2929216491327715,0.3693073902592942,0.7854432850970516,-0.6989379258445761,1.3259965496091581,-0.48982767784099673,-1.1026069407053538,0.26178866698866526,-0.5233032024290617,1.7339941653088473,-0.4851445281969288,-0.3585852003573441,-1.621956985925019,-0.585035568660326,-0.5283827297913173,0.33171790922529754,0.4259970630014993,-0.3348100613661229,0.7570730588913185,0.21112034480246333,-0.33921236745063915,-0.7401532984596415,-0.13142052314125122,-0.8765219746291533,0.5290774590960365,0.5898847868099444,-1.0870522880919435,-0.6204259920433292,-1.2498875939420657,0.17134144711852758,0.26154625716464697,0.3708245978581671,1.1566625827245958,-0.5586416767898678,-0.4353989862775552,0.9205089487914295,0.6288871798733862,-0.7566945711404647,0.6519214558813182,-0.8270208783460595,0.32563388306969265,-1.3069602245948828,-1.0931242552677791,-1.0923531229483685,0.41921919121648155,1.0031029399493052,-0.44940009896445754,0.24215449199311015,0.418
-0.6426194479585636,-0.5233172909355124,0.8705159126221138,-0.8524592872552312,0.4589300251648427,0.5279671243870644,-0.16032897876770794,-0.6197152031101755,-0.47761701485862346,-0.32215356491996516,-0.03763837801117141,-0.6483998216564093,1.3399168137735384,0.3098230627119055,0.7610127010186182,-0.749591540183808,1.3635068005321573,-0.4997416650348105,-1.1002697733653721,0.24633818447841083,-0.5643186538307978,1.7353768387046098,-0.5542755496357816,-0.3111820669026902,-1.6047414923398804,-0.6520582026407367,-0.535638742707706,0.279359590821058,0.4108773789556517,-0.4121708345157228,0.7222076443664622,0.23158819647179513,-0.25085993699758075,-0.7440325056297244,-0.09917192728582583,-0.858202693754754,0.5205037382075745,0.5845823809477122,-1.1261543614329588,-0.6777857508339123,-1.231538374290808,0.22859308051250532,0.19114965176567553,0.42229363857913627,1.0766118697711184,-0.5364766826798212,-0.4362129474196169,0.9051676100086227,0.6076023170024899,-0.8109670084214898,0.658110736379817,-0.88770056967626,0.3002826532413732,-1.350065076629347,-1.0643779631441166,-1.002512959319008,0.42458506976139565,1.00967745712516,-0.4983490529329815,0.24716218434517456,0.42
-0.7018186142526464,-0.5373137308826385,0.8489002998181449,-0.7955038849052842,0.42805515504256786,0.46584796439176995,-0.14355781077913765,-0.6341724145601069,-0.5281025337609901,-0.30039075844193774,-0.015394512903116546,-0.5788717695812063,1.370718384263366,0.29401171747763355,0.7391206681547048,-0.7425246597404535,1.3345241615606522,-0.5676747111964602,-1.1298118960216879,0.263407513554784,-0.5503910477938148,1.8024961937325292,-0.517593693093983,-0.3234319438272079,-1.6392893174159109,-0.6301362380910491,-0.4805868281417557,0.3115469514519545,0.3821726234169116,-0.49873638097405487,0.7076742866981618,0.23702080642232864,-0.22742649770703238,-0.7287050351659167,-0.10939926117389939,-0.8635332458424375,0.49605294316803006,0.5730306020291538,-1.1070753869299543,-0.6341722943829973,-1.177067172511026,0.3123327436817963,0.24324179410174893,0.44789393685972667,1.1417260679895593,-0.5463775833030774,-0.46541351663691916,0.9756112130650048,0.5907504185603845,-0.8116422409312124,0.6832839035612625,-0.8830957660971906,0.3365391430879209,-1.3284074311688157,-1.080714041144233,-0.964759969026638,0.4265378441027546,0.9894542948397065,-0.4823579141202751,0.23682811838712312,0.422
-0.6640490629261712,-0.5835014826449079,0.8556240988379484,-0.8014972711753073,0.38269619510612923,0.4661028119903656,-0.16607830242951066,-0.6246166861531841,-0.5199008010757931,-0.2670868915913722,-0.08661798940911336,-0.5122371869237929,1.3343888869473466,0.2705760711061532,0.7618824454797528,-0.6976901670991821,1.3760314712741333,-0.6043084878338395,-1.0983316417593316,0.32896933325849753,-0.5733548464127989,1.795387619685978,-0.5318673619998934,-0.3868782560643944,-1.7428821166729382,-0.5934607639128374,-0.498394028989797,0.2986753500892338,0.39568214429720766,-0.5286808117397931,0.798793650027437,0.23593769433521955,-0.2730139580915095,-0.6667720828547218,-0.0994208334704666,-0.889017020940683,0.526433180860466,0.5505384888289235,-1.0922643200102922,-0.64015483171688,-1.1556994343096743,0.32145847272149913,0.213068261022513,0.4183240672092943,1.1050133077489792,-0.5922790982832403,-0.3891895192441897,1.0637056406239387,0.5266909522029707,-0.8406672565089951,0.6580259320785122,-0.9016889079835767,0.4011952597101538,-1.3247560453608243,-1.054248862407674,-0.9427465271957898,0.4283436165841538,1.0059999512474862,-0.46554937469787067,0.2654607687386055,0.424
-0.681582567233465,-0.5899821083353566,0.8912316660139261,-0.7538262976592573,0.3686673008422046,0.4771122419192883,-0.217547317150255,-0.5506840986476677,-0.5233237257447986,-0.29416250190036664,-0.12210845550127823,-0.48903274001930713,1.365884379829378,0.22573596217778713,0.7371754397624645,-0.6854973244966236,1.3584389769848348,-0.6629854383402246,-1.0066036435028078,0.390641379009855,-0.5791193999343511,1.7929332476662825,-0.61411723084376,-0.3909146128789097,-1.8094393197402927,-0.6306466844389429,-0.5200643615726506,0.24263398797395788,0.4495507732416658,-0.4959397693404191,0.9131149991657997,0.2400980815650564,-0.2985146489220238,-0.6522454203563612,-0.09087639084641015,-0.8605785740953584,0.5724895958741836,0.5871070867769894,-1.0878599944437326,-0.6535661932667761,-1.154983760626005,0.3727604950627443,0.18882139081204136,0.4540452082327487,0.998496479021415,-0.5836300505574624,-0.3242860368088063,1.1465050562848804,0.5198246224585396,-0.823703440313307,0.6900364137722333,-0.872166338675476,0.4530281633530758,-1.24743606782248,-1.0661642463813155,-0.8860857972006391,0.35874977408838976,0.9794957238773885,-0.46638081731709485,0.33256833541859165,0.426
-0.7103144601944869,-0.4872383871464369,0.9221557853447443,-0.7718344273844279,0.333306294682052,0.48395119713072315,-0.29331545219441824,-0.5065262262525005,-0.46945098425608467,-0.3546946118468048,-0.09174994315278723,-0.5263980421252481,1.3646662526897992,0.22048486233319828,0.6390829389017003,-0.7022413446543293,1.2711313649579064,-0.6688880017088764,-1.0087728031312604,0.366304751942112,-0.5750399987606789,1.7925159578577687,-0.5228887441741814,-0.35682332242603093,-1.8002439118726592,-0.588230059225558,-0.5350116679720442,0.33174943533530554,0.49155995493246246,-0.49737568813512817,0.9472248717871552,0.1975307001952645,-0.3482191469928466,-0.6427176551240297,-0.0972974256207938,-0.8020765922768283,0.5547098778038649,0.5616218345147926,-1.00816638772687,-0.6494814540705384,-1.0714173922350465,0.38564498095675354,0.18383332854984985,0.43037757555350425,1.0849620036506769,-0.5847432477239844,-0.26456233325011624,1.1920523114468056,0.4851673559156747,-0.8398241283643946,0.6705953844564027,-0.9329639712625389,0.49162294454321404,-1.2770771380003945,-1.0848559640538034,-0.8918474077804858,0.348539029842614,0.988948394694473,-0.52405635216858,0.3050046582303544,0.428
-0.647847375092125,-0.5257680991610217,0.8808404960659705,-0.8318327283471019,0.347236330064254,0.4791008323539777,-0.237104981603151,-0.4966130819234988,-0.539382647049904,-0.3537010017546953,-0.13424483961572517,-0.6032800635864572,1.3787497100565664,0.22716226964633726,0.6255240755340424,-0.7181423907048629,1.2265722407466015,-0.7192233611222579,-1.0440409602726537,0.3030982608829632,-0.5390036323482392,1.816652089142001,-0.5079769435063779,-0.31470567310350306,-1.766663619035827,-0.5447493444894925,-0.48335191030919,0.30207691314612406,0.5628036335932681,-0.5596483970251587,0.9679536328623937,0.237756185770314,-0.2591524387744886,-0.6896095300400291,-0.0913594251997864,-0.7282942961270079,0.5567017055574938,0.5162823039523778,-1.0207830268439113,-0.6956112075310754,-1.0432066495640206,0.4808792294070716,0.21256188855954739,0.3772876174250811,1.0323624516795036,-0.5627743020965496,-0.26606667981041604,1.2079344946825548,0.5072352799339873,-0.8539632074852935,0.6296142859441655,-0.9777557241285243,0.45065468744738413,-1.241144889604451,-1.0426344973282984,-0.8500313063938382,0.3006835261932953,0.9566726546375077,-0.5030090623006301,0.2220963551225783,0.43
-0.654764783649069,-0.5158244490286452,0.890468296155782,-0.8560439162781792,0.35097261035979294,0.533884946047267,-0.24620448203219802,-0.44238426454524593,-0.5644235740443364,-0.2751157296538578,-0.1478144101265192,-0.6556123359780714,1.2731609164771711,0.1349413948381677,0.5830251540561241,-0.7212325716722107,1.1968433338299826,-0.6478075748149285,-1.0702737824449666,0.3337175166798773,-0.5921129425959227,1.7299983161593133,-0.5147828064463834,-0.34817471600808125,-1.8735916804539348,-0.5037556032731957,-0.538281054301172,0.2343853000032744,0.5510844019904848,-0.5549090769729115,0.9332313181607538,0.1674885343976541,-0.27703685637824066,-0.7250356979621073,-0.05591610942683028,-0.7719814595364195,0.4666122970706402,0.5167626622166245,-1.0244385251910753,-0.7038054895286766,-1.020938065347078,0.43220959976498696,0.20663286637339784,0.39815360674100886,1.026108949613335,-0.5434684437754658,-0.2259435910538951,1.188740224091168,0.5657832368116413,-0.8674258492023673,0.678459040566546,-0.933307068431705,0.4451234558344765,-1.255901832626011,-1.0015238821802654,-0.8346804832596607,0.3261591171652938,0.995785597270825,-0.5603132059198201,0.1464570995315726,0.432
-0.6808515319668422,-0.48395974044842394,0.8642317726001313,-0.888398044235621,0.33292088111439705,0.48151578692474173,-0.25625479011165586,-0.4574278124465821,-0.5595050040911537,-0.2759056845389954,-0.19386241803898188,-0.6364115254844449,1.3180508909745583,0.09883087301395492,0.6026023861019097,-0.7623079224056653,1.167981055524309,-0.7570533904520731,-1.0729165183850047,0.3487637447612454,-0.6240087618638931,1.7244532254311722,-0.430617747866334,-0.32667394411153006,-1.9270912434267884,-0.5004512127293242,-0.5373947338742956,0.23867717086858065,0.4648019065314309,-0.5672296066240232,0.9369210353543667,0.1295258527478369,-0.26724723631838304,-0.6746698185028741,-0.006954976593716383,-0.6921151686009939,0.4048234137263308,0.5055545789124306,-1.0582513458861833,-0.7676361040379516,-1.0256961995774372,0.4866102484681461,0.26193132535010516,0.3363784118447601,1.071914239966007,-0.49005773462586705,-0.11611329145312062,1.203681527755871,0.5587644813038914,-0.816660902909239,0.683226795530483,-0.8593779571957255,0.5361879068000233,-1.2169273419620616,-1.1023313655084683,-0.8580298554624667,0.37418131998729626,0.9993168848832978,-0.5246107200501589,0.1547651934087277,0.434
-0.759106855434054,-0.49368546795788487,0.8322559113851601,-0.846180536188604,0.3876238384055781,0.4909762411091787,-0.24894277511744808,-0.4281841302647437,-0.5896071357051305,-0.30723905219840997,-0.18148457428734793,-0.7003491200885076,1.3206460478178883,0.14656142953345264,0.584066450939019,-0.6320746320236071,1.114967945079869,-0.7190161594304125,-1.0786328902334343,0.3349597359401318,-0.6301525876124071,1.7241669849833487,-0.37349450627856573,-0.36296174981972,-1.8667858562033597,-0.4594631227393248,-0.5916763467560899,0.23291413904459513,0.446821445133598,-0.5665615264919475,0.9139297449371304,0.084482472958283,-0.3405301167941217,-0.6764863750336517,0.027705573065034482,-0.688485010641204,0.3941489626193267,0.5297785565684998,-1.0143660055942731,-0.6832897143144047,-1.0126769708097858,0.5250494536198105,0.2649667101858074,0.25620721961802445,1.1018353645789665,-0.5600354457155281,-0.06823894640562,1.1710302336309493,0.6040552619414619,-0.8391670247057484,0.5869559839005521,-0.9102819037027081,0.5333504271967092,-1.1499247163279094,-1.100012060600025,-0.8523518535379918,0.3969852725028832,0.9734767167705219,-0.43300994658220837,0.1500520007169826,0.436
-0.823421201649035,-0.43583366004190993,0.8551084959217617,-0.9016070902903495,0.3993592787910633,0.41551004971420646,-0.2572041621227989,-0.3969444435135062,-0.5599263095825171,-0.2811434663013457,-0.2128756583857324,-0.682638596953323,1.271440976677529,0.18822910301221568,0.6694534707310458,-0.5817892680458032,1.1659656890645662,-0.7307368805491364,-1.0965312359037993,0.33993449004054,-0.589155533464372,1.6838490792568341,-0.3571288863191916,-0.3989773582847218,-1.8961884893047056,-0.4356016290030288,-0.5980495217192594,0.11651160495900319,0.36623493591603795,-0.6272391557684841,0.9071695661726347,0.06200561809437518,-0.36215615989862454,-0.6490988219543048,0.07857643252313701,-0.6437266141195952,0.32116055949717215,0.5469774539000196,-1.0319537014098776,-0.7276764774982148,-0.9986536287534398,0.5944756304583966,0.19082326055233334,0.23594153588499656,1.1519687939610321,-0.5929669332195608,-0.06259482304880239,1.137199054072237,0.5530291670712367,-0.9464579189820508,0.6414028369428104,-0.9305329676821548,0.5004658554385284,-1.1536984107546002,-1.0442847353228757,-0.846800517186257,0.3172285995846564,0.926567525571217,-0.5090290757979355,0.14982809082431137,0.438
-0.8209242062573919,-0.36077608004597006,0.8079217136883036,-0.8838042612322583,0.4649708245260667,0.4140824281111596,-0.306548292146412,-0.33758600961284607,-0.5555576202060897,-0.23423141589077814,-0.22703915131352978,-0.720612370098124,1.1818115964732518,0.15215986278570404,0.7169968949416653,-0.6424952687094223,1.1441744084589602,-0.7327365902900966,-1.1511482056001143,0.2988617397996679,-0.6684561737963388,1.5727997484927214,-0.2576355018756783,-0.36666134178669324,-1.8780716432077336,-0.4120974049619627,-0.6159082647801956,0.12787964047996953,0.3105233178140899,-0.6871469486412299,0.8997838526064237,0.05988071766417621,-0.3590072643923903,-0.637456758766492,0.12329849962915637,-0.6308152563458822,0.30946319337718686,0.48902861158360095,-1.0018195952358613,-0.7609285713745357,-0.9231885343605281,0.577434544994782,0.18356784612479946,0.2721204398795984,1.1655281484943063,-0.5825829114536893,-0.022593428208516023,1.135189720667699,0.5487490004147159,-0.9863172123771436,0.6604038123979199,-0.9319712722394355,0.44389539050094834,-1.1404189522790342,-1.0693119332596734,-0.8425661561089781,0.326651103816895,0.84541359516398,-0.46651861521168353,0.1509214320146567,0.44
-0.806243086544911,-0.36258729099746023,0.7399097385066001,-0.8740908338670775,0.47943147898339966,0.46659795099036644,-0.2531607829761765,-0.32613965002033846,-0.5435109784237625,-0.2553676062564241,-0.1916921201699448,-0.7125038704425846,1.1147279680800362,0.15823495562189216,0.7653556653816868,-0.6358041205331114,1.2124011245412034,-0.7395989321583871,-1.157537375081946,0.28933178081270045,-0.6907175451027638,1.522725089586715,-0.3416086694304641,-0.38245414409346085,-1.8279499037989984,-0.44253656651155343,-0.7280386324283119,0.10977385584895455,0.28804865042978506,-0.6162940171700805,0.8992685179046351,0.023535268195257454,-0.3248214066304035,-0.6067616028272796,0.06448740583626025,-0.6668446790358626,0.3475943819882412,0.49631995645944954,-0.975658096650949,-0.7658138236547799,-0.9150869992106554,0.6726154783332989,0.19021322882664227,0.29003463550064496,1.1600968082166303,-0.5772166932399793,-0.020410676265417482,1.1212874099474106,0.4901304575366916,-0.9929666386045924,0.7050080875803554,-0.9290128276226978,0.41962091107825766,-1.1713442264402922,-0.998740893332481,-0.8273396766420651,0.3535970204438145,0.8009409769613759,-0.42857739637021475,0.09889320194457249,0.442
-0.7839545727077354,-0.41157387234022247,0.7869994955087346,-0.8770845115847131,0.45434425844153836,0.4274289675954067,-0.23349637056911032,-0.3064689394268615,-0.5372637438888768,-0.21513688771702597,-0.19170949201050108,-0.7189032170997299,1.0593590891018572,0.20961625084025348,0.7839781495787962,-0.6634523871722392,1.2303119294757967,-0.684228090506153,-1.1232092618085596,0.24845165975869454,-0.680104566748755,1.4592473936380053,-0.25507562241019477,-0.4959301864162623,-1.8208066295346301,-0.4426148628883776,-0.7804264491999462,0.12841422599520527,0.2936685394221791,-0.5950290198598238,0.9196111676254632,0.00587820939881931,-0.37429256006842454,-0.6283839900077071,0.026447414180582725,-0.6584955352588284,0.25316548767297836,0.5595900936256845,-0.9915508419535831,-0.7813591863583379,-0.9498179661507137,0.6735287894011982,0.18857714706594245,0.37599939915716407,1.155220350164633,-0.593446784609533,0.020512229435511578,1.0824717147186464,0.5117567925672826,-1.0081459269852497,0.6058159683711477,-0.9205664739077859,0.4022564523128879,-1.1487060510159608,-1.0598859302019845,-0.7565590494670829,0.3028696046474023,0.8329678822430556,-0.3688565354689301,0.07295314345299378,0.444
-0.8137404650849278,-0.4148610878482812,0.7977329550130056,-0.8323965107683992,0.45694627423387096,0.4496029141813156,-0.32797808196747497,-0.31281476791380286,-0.5260579574109961,-0.1832088344393308,-0.15879106532175374,-0.6500281049104648,0.9956894665107959,0.23599980635172013,0.7390151619354659,-0.688843222313611,1.2566281306949243,-0.6713434286099166,-1.0836443883478724,0.31896177600923326,-0.6955176803397402,1.4993227573700527,-0.2870452966440597,-0.5143705002503113,-1.8475607195382542,-0.5073677127219366,-0.7997238268213978,0.15861144338867622,0.32333394560071005,-0.617510751671333,0.9510768513959588,0.01912397322994034,-0.38053779655695447,-0.67117983619752,0.03274344531704093,-0.6901309836684625,0.24412425778049346,0.5570166971359923,-1.0204367509269048,-0.6821282637127682,-0.9784053362729556,0.670040661833941,0.15888540721991165,0.39816473213053033,1.1427181685457024,-0.5917494949603507,-0.11157826027358535,1.0633289939924122,0.5306537368386365,-1.0279948305837785,0.6265665095939698,-0.9285073637798745,0.3668429481281298,-1.1474449549115917,-1.0504986152296858,-0.7002798422675626,0.23431767537192838,0.7690603493842569,-0.35227857013839176,0.1394301445503794,0.446
-0.8339429535343759,-0.4148783838612582,0.7550419654854104,-0.7921196008028489,0.44985783157551645,0.46299785858455317,-0.2501074472716926,-0.34537248439396717,-0.5804771301022327,-0.12629912517596775,-0.11614873724716884,-0.707679200898569,0.9287095221234161,0.2849453990073681,0.7284442864314256,-0.6756206060308617,1.3339050291419072,-0.6921347915378431,-1.095248109872535,0.3517290097855518,-0.6832252890505931,1.4925798046299188,-0.3642611338004308,-0.44799717843839343,-1.809524068310855,-0.5424856241258178,-0.848472254762047,0.16348105163354026,0.3055831847300031,-0.6166659933212123,0.9696681365546675,-0.034236362026213205,-0.3220838918671239,-0.7888992301707722,0.08011333357096168,-0.6535216308626053,0.24170559880905243,0.5377870341415202,-1.0377736718444572,-0.6687962572037331,-1.050767233781885,0.6430725166624953,0.23652066236669012,0.40315296660776556,1.217483003860235,-0.5937951501019262,-0.07465654980261183,1.030360689098022,0.4976039250344242,-1.0913948034705108,0.6301421647596152,-0.9705125302646659,0.298068615616566,-1.1174840332018197,-1.0490797285087992,-0.7052235396225587,0.2316663602523318,0.8080645123325341,-0.3312037507384529,0.06795247975769574,0.448
-0.8052917105099958,-0.3864241708540549,0.6945418488974888,-0.8426232519738067,0.3783260351125028,0.5529504288875167,-0.22671248560777998,-0.2979377667832694,-0.6250644814974059,-0.21341233434489257,-0.0995169958455528,-0.6565811108303826,0.8619217828650707,0.26102963492669834,0.7585208294067715,-0.6673909756565414,1.3627321065645501,-0.6772037876270297,-1.090807870600079,0.4301544707498254,-0.6669359980033921,1.4551887155964645,-0.3758229423274827,-0.459441513273282,-1.8522294430171031,-0.5531358844419114,-0.8464032035168224,0.1280301396516414,0.3028658270765857,-0.5464990464118593,0.9697381618448152,-0.03253531838079343,-0.2946844377084665,-0.8659831797547657,0.12198747704755712,-0.6852072991448878,0.1955328593407123,0.4670479639588453,-1.0440101547709693,-0.6926492144546563,-1.029022579483554,0.6779399560107013,0.19057857675993323,0.4234520157202071,1.363582984678618,-0.5941891073419545,-0.07577207971882044,1.0189935645918773,0.47952296208067796,-1.0593597578420164,0.5960610457728603,-0.9530681369184449,0.2743509296933195,-1.1078019579587255,-1.0874768221615463,-0.7181806585454739,0.25964327330224485,0.8104329861330433,-0.3396587723580821,0.07241937732534073,0.45
-0.8541902055110899,-0.33824706863867254,0.7048997474962059,-0.8110888177681386,0.3322268686180826,0.5926483338754588,-0.2841079062208929,-0.2777876532192899,-0.7024320705298964,-0.20850953512151266,-0.09057528943729382,-0.6027529882921343,0.8777245082689636,0.2795499049757848,0.7376166056917968,-0.7075320623331117,1.3467846096499958,-0.6999475532020571,-1.1751730969606875,0.3458425785991553,-0.63601849418722,1.4141758573988097,-0.3452882466456788,-0.41360925264667864,-1.8920148029634931,-0.5218685612475267,-0.9568097354579339,0.11062610896010265,0.23400240183423404,-0.6407847863957876,0.9152970057922363,-0.04024302400030262,-0.2967958586299649,-0.8476279932109906,0.08644189129201058,-0.6045564586941077,0.1841315725296824,0.41568851962970516,-1.0886952655421411,-0.663170871912438,-1.0288830949981433,0.6200757559708827,0.15505285251105838,0.43435780041825106,1.4019398290953282,-0.6634283133528259,-0.1023773551131541,1.1010938654804778,0.5061572879185415,-1.0788197441060854,0.5767433823447525,-1.0424141166011514,0.2926864008516628,-1.1463158523946244,-1.1257822615808737,-0.704271543291863,0.3753109811898062,0.7657168839077441,-0.34678058574576914,0.07151532713074128,0.452
-0.9346963158874949,-0.28867122943384793,0.5512798756509195,-0.798415015407053,0.39940709412297193,0.5521568547051882,-0.2926930975709065,-0.30616966669623147,-0.6983906475236371,-0.22031196829421115,-0.06893775178645459,-0.6321789973130214,0.8814046844253882,0.23159125536175523,0.6644414670827568,-0.7609640875581482,1.38299630727414,-0.77695228478011,-1.1860383410699094,0.3871405943921547,-0.6339998126730709,1.3978232468906158,-0.3196029426966043,-0.34453133321223167,-2.0126578029147075,-0.5452981862319676,-0.968656004400755,0.16853360132009598,0.2263113409748984,-0.70425104019694,0.9515212823934759,-0.0676692515196297,-0.3043832258813085,-0.8369301513278584,0.01179131601073384,-0.6088719311469017,0.12567993068260436,0.42040122882209463,-1.0685141474074837,-0.6600194595210117,-0.9386007991393063,0.5446016954390613,0.10703387518963631,0.43745998174939893,1.413231635015507,-0.6002422372107067,-0.1446395592370669,1.0456733531587632,0.5329541987276867,-1.1020990424366384,0.5084853309498418,-1.0554371979619137,0.2933538273058805,-1.141129407868655,-1.0772786828208767,-0.6687522370147954,0.4269438942175088,0.7936061500487284,-0.4244943806867152,0.015813628267288965,0.454
-0.9295102063577798,-0.2405180032270541,0.5111102109278259,-0.7758897262570049,0.3815190874732649,0.5604799354906466,-0.29307511881199944,-0.2966271988314909,-0.6558165428439678,-0.2573476854503578,-0.07678810316193141,-0.7444705956302897,0.9135009005481384,0.19365777610776083,0.6335678721108646,-0.7753646497810033,1.4460041540854114,-0.7300277867067034,-1.2416988698615459,0.2793953075435147,-0.6293682341392739,1.381962163550693,-0.30030177473215125,-0.32950982884030766,-1.984139600151148,-0.5701580706419137,-0.9834491303734637,0.18470951176373543,0.16897895668178778,-0.737661904893391,0.969191390565467,-0.07263520510493239,-0.3004429538918048,-0.8400024401029184,0.07450406740944646,-0.6582763251112146,0.16938360181581172,0.3676889726048106,-1.1336026192510749,-0.5966725085348483,-0.9766604020508405,0.522719359948692,0.15619692897085702,0.3589861848516099,1.3768429448972836,-0.662123983375929,-0.1915319254952609,1.0915264787009988,0.5416623380728388,-1.1651031705963832,0.4534418404530901,-1.0777836945634347,0.297982532856408,-1.1770747661897547,-0.9998378684121437,-0.6443430995934113,0.4674804711226721,0.75425528910916,-0.3816780877712703,0.07410298773780949,0.456
-0.9122317890146667,-0.21024883704797445,0.537556721329671,-0.7842429282194912,0.427157105141739,0.5433353149557699,-0.3217248894722805,-0.20673264178820733,-0.5770200348549327,-0.27624459022464865,-0.06993905293973385,-0.7891360074791522,0.8885694391445494,0.18481848426760863,0.6205737754424756,-0.7433863290227839,1.37013121310498,-0.6836482974638376,-1.2210212474792692,0.30672509414542637,-0.6341820426681007,1.4853324083828152,-0.335040613486883,-0.38929719132896384,-1.864702326184366,-0.5773737885215475,-0.9581165158398504,0.10438494953986603,0.2061655509038515,-0.7318965834596073,1.0109179177815109,-0.1497796424289456,-0.3086910610639897,-0.8076208970922233,0.003113982874823007,-0.6463945879680136,0.2038683985546516,0.3754033922426285,-1.1647742425318024,-0.6683744505356165,-1.0279015980396147,0.6041929933517435,0.16898266328170528,0.3837022646435994,1.4454910701455148,-0.6124861171483094,-0.23376190744000783,1.1121600033679744,0.5493521766122537,-1.1426922080480773,0.5021111085648798,-1.0897223202348647,0.31784600086700915,-1.18583406572493,-1.0652352795749078,-0.6066067461097788,0.5313452024224723,0.7091219987927148,-0.4457240641348983,0.05125699448204673,0.458
-0.9764920752574308,-0.29800735578756776,0.4972104700564294,-0.7686280735183383,0.4363489119610732,0.5556764767058655,-0.369307237327388,-0.2346662791509828,-0.5744364862922223,-0.2683279232323123,-0.06591941347736774,-0.7875055834580529,0.8753061134410236,0.20070753349000103,0.6767610070605227,-0.7526686067889629,1.3362704423959446,-0.7301970500952486,-1.2077377402355702,0.3656694529068587,-0.5766328980470175,1.455548348772414,-0.33037781193445304,-0.38872967509968653,-1.8454319016644893,-0.5549892068903329,-1.0067801403280334,0.12140530291100543,0.19217978995325713,-0.7256868650503996,1.0155115247418312,-0.09155488955215521,-0.3349274591086198,-0.8036415852957406,0.029981559342284338,-0.642008458363625,0.15552390528910615,0.3850047417674967,-1.107792624946835,-0.7122991307375394,-1.0676321031878937,0.6010994284964197,0.21400797652847608,0.42726047780463006,1.4923865965439775,-0.5743793793638304,-0.23195190844691904,1.093140753576428,0.5473305860368678,-1.1647288813505394,0.592549512636195,-1.1150987026780188,0.22657055777314045,-1.1842220345142471,-1.1107236726086545,-0.5950028681183632,0.4189678348688577,0.6985711618218537,-0.4099667104790471,0.05638570942587383,0.46
-0.8913834961258937,-0.3414164419871993,0.5102762833378767,-0.7470121467869023,0.36552285169501103,0.5838062203069897,-0.33474438778741644,-0.18619294474417827,-0.6574755869298254,-0.34416037009081213,-0.1559354257240349,-0.7857975022702348,0.8955674832040785,0.20464601814757377,0.6495412275971908,-0.7548562896856488,1.3382656341943802,-0.7372785344840442,-1.1827730695637018,0.36268227722354657,-0.5645138775353363,1.3892342690171156,-0.4003759216903715,-0.40062640167540103,-1.8358109210934437,-0.6127677050688551,-1.141726680200165,0.16297216984441557,0.17605302884524435,-0.7316982821835344,0.945372207583105,-0.06798724722885204,-0.3502855665971578,-0.6768049639713101,0.01634093593863948,-0.6589119607453776,0.12646122839346838,0.36058262023062154,-1.0870805578681133,-0.7985633452949834,-1.0515384694472178,0.648605716026926,0.25717990117416134,0.40915997410849736,1.5030836178909885,-0.5220080400639673,-0.24552172018806664,1.0965696360016646,0.566499791285097,-1.174041211637635,0.5525227185030288,-1.0726336083545154,0.22693687223697517,-1.2449551577617646,-1.1144989568160215,-0.5784431311713554,0.430192346312501,0.7412262584870544,-0.37844791703811986,0.04296415787763504,0.462
-0.9127220652420737,-0.367670171033657,0.5929748624373902,-0.7237296830362828,0.35915206266546834,0.6053532674276934,-0.29104128330070983,-0.203418587668437,-0.7160423094099265,-0.4305667663720093,-0.144093998657477,-0.8170598194758651,0.9063528592327122,0.2059788203265763,0.6624086126472875,-0.7098645123744138,1.3108858279000655,-0.7088247459884163,-1.1830719835470858,0.3502878642067888,-0.5247676724100969,1.4592054633605667,-0.3346259229115481,-0.44301433672918195,-1.8760912238843184,-0.646079991684082,-1.1565841026440618,0.18044745279185787,0.12636002734259094,-0.7428514653479116,0.8841754560827508,-0.05724834445306869,-0.3679914730585065,-0.648383266261544,0.0483274634229145,-0.707228143260351,0.14336918385063147,0.3539739406214418,-1.1157176966282878,-0.8049855984282858,-0.9720936282573568,0.62190357422214,0.20256724765570605,0.4640290226839652,1.5501804101113348,-0.5181291305936042,-0.29516690934797674,1.0782562979452655,0.5561123624806312,-1.1116864354115177,0.5712795991766745,-1.1260514443803546,0.19800546203601535,-1.2722641257561198,-1.06765683540472,-0.5603352809629523,0.40604473229617966,0.765231179577388,-0.4025415131180402,0.026793249858782852,0.464
-0.9421246105577562,-0.40236778650389987,0.6376663697160732,-0.7170650834083374,0.3913832726638491,0.5754919848877437,-0.2590905581832346,-0.14736839736777546,-0.7289817289415297,-0.37879199871112224,-0.1384474682293462,-0.8578303587146431,0.8742812342189246,0.1779561460652077,0.6832990005198766,-0.6722346203644943,1.2648376531140688,-0.7275821947278438,-1.1674389950469812,0.28599997738783495,-0.5179261789442565,1.476230516527227,-0.44024851662464237,-0.4582699280434356,-1.8971643396009132,-0.585032676600071,-1.1550850191496012,0.22640993152979955,0.08787514927780327,-0.6979860232134943,0.9052516086479869,0.009726148187328733,-0.3417839512640664,-0.6926349531667827,0.08001738458141087,-0.6696531550350422,0.19768663350187846,0.39950580939743735,-1.1509814364586024,-0.7906173435326299,-0.9622536346383772,0.6174320927903325,0.22650977254593446,0.4556085943241234,1.5288986151684882,-0.4512493959521762,-0.3275120370277405,1.060288679886514,0.6052782225103759,-1.1178058119880776,0.5833064433614927,-1.1200310842182444,0.2124427991641854,-1.249830083633036,-1.0251448886146663,-0.5727652474038003,0.359027486923411,0.7133007660516298,-0.5179026059612128,0.01496543935027187,0.466
-0.8810294471957127,-0.44140554962426765,0.6918560866590868,-0.7408060359613555,0.34887714756896415,0.6080811929798146,-0.251823977852435,-0.17414068488454337,-0.726041863751898,-0.383382609333778,-0.14520688757417305,-0.8446774239485155,0.8877400557021766,0.2079780432570137,0.6556692494346142,-0.7076807522129928,1.2484989131397306,-0.7404156972730311,-1.1784111555997125,0.2539388733416738,-0.5110616695484809,1.476106080380314,-0.4891159743151027,-0.4614783821087941,-1.963338617478678,-0.6561230694316533,-1.1082434172559548,0.2107326735816065,0.1696371458523634,-0.6857131309242792,0.8273298165720671,-0.028935048074352883,-0.3446382093117232,-0.6360389423044419,0.07006277680111285,-0.7110238512760043,0.18796578206878273,0.39001665337751096,-1.1505103581059242,-0.8554308630511867,-0.867204747350075,0.5879332929207469,0.2438396515997885,0.4379769925229826,1.4517366056686118,-0.39129805357010944,-0.3504797947689595,1.0923441966981116,0.5869136968119351,-1.0290080501947183,0.555233738521932,-1.1245349951645702,0.19297342294870037,-1.3122897481548643,-1.0364122104319324,-0.5190311615342473,0.3246472145971996,0.7375563619469293,-0.5312099068911115,0.059703232011132715,0.468
-0.9051187173622363,-0.4107013520821089,0.5573607664902698,-0.7693115955815916,0.4022025763488713,0.5347583618402614,-0.25812004721146187,-0.11117223170298657,-0.6686810414040866,-0.39563430742950717,-0.173471038284532,-0.8251778643977719,0.910901408680254,0.24314030702302813,0.6295209437345689,-0.6357096606187767,1.283099485977775,-0.7110686065948452,-1.1002828455644091,0.2879758305057727,-0.5210612227897122,1.4818026666179733,-0.4510509505587951,-0.4607181746816011,-1.9455620133047045,-0.5391204540237277,-1.1738534848173015,0.1384638133121056,0.17086842023020166,-0.6530063576877847,0.9089360296233386,-0.02257180215926771,-0.31820750380298474,-0.6049508830708596,0.03835358366381975,-0.7013824584632004,0.2246624579179014,0.4157488216227643,-1.1434182519330194,-0.8888108593434363,-0.8687082480705108,0.5939330848718029,0.21413919239314685,0.4246640771657668,1.4185661675036436,-0.33656896906733963,-0.3140929660448656,1.1180654919410806,0.6152939108726567,-1.0513038281544858,0.5830761860442436,-1.116621720557087,0.19365717165958007,-1.3139853722728803,-1.0638279405512108,-0.5263631276742454,0.327185105710006,0.7823117877367698,-0.4837559382841399,0.13245441408162578,0.47000000000000003
-0.933587512076409,-0.45075520326855334,0.558884627160128,-0.7135627622264304,0.3756203686467944,0.535211503942138,-0.25170363992216305,-0.14349640035546546,-0.7054756095402425,-0.4109036589876101,-0.1797773180322629,-0.8062431332239743,0.878478321302365,0.19829803256297704,0.6195635640824528,-0.5851788064410456,1.3254647360269127,-0.747733451234342,-1.0209258713969915,0.3492592686692421,-0.5097659294387393,1.420008805741135,-0.4590049091396832,-0.48031222582454325,-1.9870211396783757,-0.5263034497942949,-1.1112464205056958,0.16256057826104717,0.18752421290989252,-0.6255888739916959,0.8674788462083101,0.04803384084784118,-0.2993965934794648,-0.6073675416897465,0.007940015868404447,-0.7395485663031484,0.23490062134364706,0.3705169991625082,-1.1670023493701156,-0.880386658460035,-0.9190243188300664,0.6013736946351034,0.21369537329026117,0.5141790916115545,1.402828162471618,-0.4270498314301866,-0.31857282355842814,1.1413646602648158,0.6376353933960467,-1.0327905564126518,0.5980378090400804,-1.127185857006145,0.2709732087197614,-1.3861518509194768,-1.0735740000858653,-0.4856294061464842,0.3312425192020775,0.8325016771507541,-0.5840952244709734,0.14258839107193286,0.47200000000000003
-0.9891956768502524,-0.5219144441701146,0.5444676434306512,-0.7592578717225392,0.41471508194313106,0.5546358006058121,-0.2828277795590329,-0.10752235022186113,-0.676927988519694,-0.4010331838318658,-0.32937642853224547,-0.8096860671472328,0.7998548424035643,0.15893466497949588,0.6101353262615024,-0.5756914705179503,1.3506589847010164,-0.7609756397913439,-1.0131303236473785,0.4235054800752938,-0.49021793535600244,1.3940442474762973,-0.4760348370081872,-0.48643277338432384,-1.9445799594434985,-0.530260724439,-1.158930300450836,0.16028777280984063,0.23184853085374596,-0.6441891573400106,0.879463964868881,0.056559359273681734,-0.32300421309856453,-0.5477453520082665,0.023771570708845988,-0.7622215506916064,0.16290227087386228,0.30209695546020243,-1.1406262835603875,-0.8155279315644047,-0.8557583715265689,0.57395567905081,0.13019701483765128,0.5374104335417461,1.4604535687272675,-0.4503465944199472,-0.30100468952903997,1.107026968761409,0.5879274671272425,-1.0654295955599191,0.5930732355973133,-1.162232319146789,0.2638339199735186,-1.3996761138792688,-1.1335850562458538,-0.5174802462868798,0.3867616268452697,0.8513505403049788,-0.6016326402889489,0.18112564603077627,0.47400000000000003
-0.9600386178080517,-0.4431042605519837,0.5482949575508097,-0.7554169105023975,0.4253255815488286,0.6252579329045834,-0.2882239606351674,-0.17752717356255804,-0.7270965465534717,-0.4747440120865576,-0.33533832937310587,-0.8006972387736417,0.7823371707344637,0.18384973076825645,0.5835533523185903,-0.6084358390644294,1.335962172563639,-0.7782552692181135,-1.0049931638677612,0.4118245311517398,-0.4773336914445827,1.3889354732503885,-0.49630863253598434,-0.37897091548312917,-1.967759073310142,-0.5369838301039782,-1.1485809026900669,0.16761921970902458,0.2409386299593878,-0.5724084108230522,0.9497767353697602,0.052895291330525576,-0.28031559019612207,-0.5328200537726339,0.08132002204380695,-0.7584043140730371,0.2040287620941554,0.3917396404182939,-1.0800540860719556,-0.777391315373385,-0.8258774342812938,0.5249502556857258,0.12153762840215143,0.5209916556746133,1.4661931714558591,-0.46581092185024037,-0.2883338662553819,1.1107747450939318,0.5943955973343533,-1.0514923895411115,0.5319081893892272,-1.2330772624087136,0.21310667871853306,-1.4350957598814609,-1.2471901934290996,-0.4524907887896443,0.36151001846630815,0.954323691899756,-0.585131833660375,0.13964190888159464,0.47600000000000003
-0.9901172057173354,-0.42063647402283455,0.5932871917529225,-0.7152087417060804,0.43534875786642036,0.5951641572540673,-0.2366733536304731,-0.222223106962721,-0.6883758829675681,-0.41349898722277745,-0.35610590544686405,-0.7794999556981633,0.7777995915868633,0.2663367379492714,0.5475536462059156,-0.5784829051569622,1.3121337252276306,-0.8016103262996378,-1.0183738091720076,0.3921025506460842,-0.500092921308272,1.3727942095860437,-0.5383246637088723,-0.32933183150837425,-2.0404006090298834,-0.5122432475294911,-1.1342053475332836,0.2942609316456423,0.22808461594341836,-0.4990960476557079,0.9447880327411525,0.01520498536231317,-0.26310253576418374,-0.5877461568684125,0.11636479742359687,-0.8021369328632818,0.25467924519714985,0.35370988331391046,-1.0806558159404955,-0.835175204105716,-0.8418332952980687,0.5673488654267869,0.12353132506730574,0.40070685746927903,1.4457506466122771,-0.44132478567741296,-0.27315141305455015,1.0933510485233677,0.6004596289405068,-1.0437769165673776,0.5437677190569035,-1.2742283221312816,0.15754884093092106,-1.3657933251318188,-1.2750371436688095,-0.47119571602072474,0.3528088711146058,0.9103033530995445,-0.5772608971327873,0.14173855499472732,0.47800000000000004
-0.9469542922742205,-0.4110961528428776,0.6734914482625433,-0.7286333883104301,0.4927524368196646,0.6171290407449084,-0.25880829043595055,-0.24441176293135353,-0.7488374889512219,-0.3047026077067193,-0.3438923635333585,-0.7823115549255758,0.7625421859671174,0.31256735009294667,0.5595728283272706,-0.6309391588054571,1.2906719004414422,-0.8223689063374747,-0.9897567272909934,0.39965200907425785,-0.5389137840119772,1.3834535314191552,-0.5684239085816879,-0.31351497830639063,-1.9737418257705523,-0.5122305737793841,-1.1610074028469768,0.24389047726183322,0.2764274407482158,-0.49059000927525465,0.9411811606823075,-0.004703362081097208,-0.2533541627008866,-0.5038173781154037,0.0921890564058368,-0.8142272145290826,0.19524943697948682,0.3640400578682149,-1.129521105252365,-0.8143185710018167,-0.8597423709448524,0.5081465835593723,0.05532772237719963,0.4091806394827328,1.4480779605982748,-0.40991734731372537,-0.23383931806891622,1.1159600231901146,0.5570383198858888,-1.0222910369386629,0.6130128132228301,-1.2548651779790696,0.1527879020746232,-1.3591158739572846,-1.232538184854581,-0.4907083630946464,0.4494187249939586,0.9254973157138896,-0.5434793577427012,0.1333909670228871,0.48
-0.964007325535852,-0.4564524376983376,0.6849074646773524,-0.8018736290832987,0.5001231893711814,0.6708595045842396,-0.21879091763115138,-0.21263711481896386,-0.7429806448383476,-0.2730621946064428,-0.34762144528539857,-0.7814854650469546,0.6918634563377324,0.2523732912696233,0.5544477424987547,-0.617132024791353,1.3104203238811376,-0.8434232102096523,-1.014743468670486,0.4129972850299774,-0.5374130438958004,1.4111226911844246,-0.5661748175198267,-0.37592882347969875,-1.9247299343126312,-0.4479557019248288,-1.0948771590859745,0.23817913864794377,0.3204732948829935,-0.50136503258008,0.9020477094833419,-0.002650288560737146,-0.24842749420788107,-0.5016499448573317,0.15618651402580927,-0.789333117572318,0.2132622481761679,0.36954518689434895,-1.1459160501199168,-0.8594912065446604,-0.8608873256732937,0.5186916409094353,-0.00879197235195607,0.47935830161287096,1.4026335969923105,-0.4745817961015645,-0.21588571035375514,1.146385924470147,0.6122959871564134,-0.9487525464691052,0.6112187416341553,-1.350641020684591,0.21488865793128042,-1.3809028357304065,-1.1316423257796837,-0.4990655216148244,0.5041862007411964,0.8436012669513724,-0.5359553994904718,0.15920905319085302,0.482
-1.0011896080304825,-0.45326897423450657,0.6641461851370344,-0.8597977585272847,0.4936517413420754,0.6642509182280834,-0.2620702629358501,-0.19758420880719807,-0.6445598536735363,-0.2482411156043402,-0.3412141966727348,-0.798590453054138,0.7659702189515656,0.28780879073389926,0.5855854040882023,-0.6111254667646389,1.2513997983871268,-0.8313548474127378,-0.9915909381893389,0.3980798654439691,-0.5453026810227767,1.4230459738181267,-0.669115529187313,-0.42273491195450474,-1.918673516147944,-0.4449657648289846,-1.1053017550309987,0.265366236125891,0.30634469152659854,-0.5131161837043146,0.9771951759468334,-0.028481530008608563,-0.23066301018170254,-0.5626042915101693,0.21574803071094945,-0.7585282190972815,0.1965348005869914,0.4067741631827891,-1.166230481537394,-0.8715708062554505,-0.8343245295613849,0.5465191144692794,-0.04644512382374583,0.41497046452465985,1.3803720351201585,-0.45281335720178145,-0.24156726556452374,1.1668573340518438,0.6274045322831548,-0.9536907700938356,0.5333308593807287,-1.353065155364701,0.2646369637031954,-1.3863877109058407,-1.0773689898895429,-0.4992797713056702,0.562411526713141,0.8795894166621093,-0.6240017179173303,0.18874068252555545,0.484
-0.9398322085614403,-0.4108786672214896,0.6263993996848369,-0.8760951501459531,0.48875636404934775,0.7077979801127241,-0.28159304965593773,-0.2514894666952765,-0.5985683578248872,-0.20975963032484635,-0.3966224324998297,-0.7631350409629946,0.7630127819014079,0.276848471029985,0.51801052137429,-0.587155094971472,1.243887555523388,-0.8025863539908705,-0.9714193930199977,0.3355824327725881,-0.4755088970499219,1.454564572177727,-0.6558489843795147,-0.45973408801901056,-1.923227220236343,-0.40615233977906146,-1.0773102589743366,0.2614822437051136,0.3473807211868417,-0.47916190438112144,1.024830261029618,-0.045859678177449764,-0.2335967515370094,-0.5741732053517867,0.269341714298657,-0.7919645993098615,0.19352524709223104,0.46845666214608095,-1.2731489910895142,-0.8581420112473609,-0.856070720251383,0.521157575658422,-0.08721412504074452,0.4347638159905761,1.3180974502582863,-0.4277835869519648,-0.20230494370835736,1.2247545551829662,0.565173095603883,-1.0096453731585635,0.6104477840729047,-1.428977689070556,0.2619334760335677,-1.3464689732839235,-1.1347010042848036,-0.5520287809187496,0.6188942895645522,0.8155815126706322,-0.6503510493258263,0.23062897870751484,0.486
-0.8969635991347378,-0.43571892624198283,0.5719802700227375,-0.8412638634473835,0.45975794935181485,0.6553704566813197,-0.22643986870371305,-0.235668993659969,-0.5310611427437957,-0.22657764481830076,-0.4376941567051499,-0.7294512085964088,0.7913479043795465,0.2145433483221458,0.49037500528529665,-0.5625014230247504,1.1890629663743395,-0.799452878346914,-0.9545381283015504,0.341366726119993,-0.43914161625117876,1.5621597733532648,-0.6235523259385117,-0.42549376253005133,-1.9905037752453283,-0.47802047089470867,-1.1238295764870823,0.28398746318358803,0.42727552459001544,-0.4426083843461226,0.9884123226950505,-0.07660077896224013,-0.17528976970871635,-0.6146190506485397,0.3708126898617595,-0.8050577928371011,0.21783343670616395,0.49857039130205816,-1.2804876983373503,-0.8046009451770518,-0.8297293663189514,0.46206771285863935,-0.0867367772758159,0.4422846495845325,1.281205690251889,-0.3949000319155689,-0.21067502713830863,1.2504170983975478,0.5779794321623223,-0.9093119925307377,0.5983126224531561,-1.4540269656697382,0.2656697740097269,-1.3305670926896715,-1.0712219685462507,-0.4788413905424143,0.5692542108319776,0.7746128378912283,-0.6728924109060119,0.17875796475303407,0.488
-0.9261277411343183,-0.4353867229675378,0.5610015039521419,-0.8319478761360574,0.40904103375857287,0.6040142801102371,-0.2516485865165748,-0.21722418522253542,-0.5444729305724662,-0.24531058143928297,-0.40487536705264915,-0.7885581045590345,0.7418620106532131,0.14976770015775762,0.4823817785166602,-0.47050859179702603,1.1862086043141757,-0.7831185803054368,-0.9291857460903076,0.3509360949952786,-0.4690669711152939,1.5643237303241033,-0.615208643580183,-0.32258838656816935,-1.9914522273827941,-0.4842783711912863,-1.0655873296309821,0.2694458504883583,0.35759558506042405,-0.3979899039734316,0.97829350103072,-0.15308939515420572,-0.1421037109097238,-0.6146964901340081,0.3800842846645159,-0.7807326324950861,0.23018260247335254,0.49870447292354064,-1.3523034659330604,-0.8321484862037251,-0.8468351193134972,0.4632788939743514,-0.07189614474800494,0.4510085429316842,1.3961111686655174,-0.40070952840621554,-0.15121399190271317,1.2697766247570093,0.6057094151211734,-0.9661188287390174,0.5969139717493904,-1.462374155542342,0.25815434778108903,-1.2945211862382708,-1.1160672666339395,-0.46327707756374725,0.5551277397675941,0.6936085793108189,-0.660779847810451,0.12196896981189342,0.49
-0.9466845801882559,-0.4903734601840538,0.5274927743340145,-0.8289915558195925,0.4638545554188044,0.5789265805536177,-0.22245282657086823,-0.15821129353167435,-0.5324837752474293,-0.2585086044176786,-0.39333207205200327,-0.7509513221878215,0.6980892337275529,0.12272207626738152,0.4497670909809112,-0.4927561138256038,1.213063296265937,-0.7927421625294812,-0.9305690181346301,0.34800313000215094,-0.49863553834353946,1.546988363262899,-0.5464434938940732,-0.30618369840825416,-1.9922390815835094,-0.48145498027302724,-1.0538249155692345,0.28225169642874987,0.3262637192234299,-0.43101563096544887,0.9648613982198043,-0.06853948017453394,-0.09995911269580907,-0.5940042732161501,0.3350244556597327,-0.7645020363945946,0.26970856777166774,0.49477270975475846,-1.4004991394523463,-0.8060205762136662,-0.886691449285803,0.46707418883326945,-0.04736062268920132,0.40412562353465764,1.348662537909259,-0.4024224612902389,-0.2601673849195888,1.2290627377201506,0.6298504912095406,-0.9150287072445262,0.5514860378821034,-1.4887825333677525,0.22461748995191777,-1.3088075187644754,-1.1152183894322996,-0.43919601593147783,0.43179209171973754,0.6621276541986845,-0.6430429600746378,0.12010289173213712,0.492
-0.9127305401858422,-0.4476588487144885,0.46514537069186324,-0.9208305092537961,0.4407477806501512,0.5696852788283853,-0.21576204705196667,-0.20458182384656387,-0.5064637294069342,-0.28690554911560473,-0.4184923249985608,-0.72353111587485,0.7169634246945558,0.05124340029279448,0.5091296749946694,-0.5572246883161213,1.199731919120642,-0.9001964871603061,-0.9866425962435116,0.41478411541790267,-0.5070984159765454,1.55134378282238,-0.5574604242852709,-0.29570843141737474,-1.954931650323364,-0.4779022828530798,-1.0847780285235582,0.18214826471490042,0.27195930231387,-0.3818428569363835,1.0446914764061037,-0.04762341825807741,-0.09866184969220904,-0.6231101708537516,0.35665470483050943,-0.7546520877707571,0.25236984725945527,0.5169724491783233,-1.4461034934812913,-0.8332604765834781,-0.8917721597701502,0.3735684560605322,-0.07036532681217122,0.4331673243829157,1.344577555102944,-0.4723848893572963,-0.18432976343335547,1.2575506099015274,0.6170662379408025,-0.9259108046746859,0.44268205354841256,-1.5242967291720482,0.2505615526688979,-1.3074709056653162,-1.1117748896927686,-0.4571261914211113,0.34628698428003046,0.6373688825641834,-0.6736686620637986,0.10149198475148105,0.494
-0.9475664609322068,-0.44359489191435114,0.4920548128835776,-0.9543327466215777,0.43836696860170293,0.6288314519690578,-0.2202946003481453,-0.1970827919926512,-0.44026644010828836,-0.32282129945623617,-0.48786165918640473,-0.7148124534294515,0.7810960117968802,-0.0058027261290610616,0.5090188647965147,-0.5939303497044939,1.2039295429678158,-0.8964480859739093,-0.9027161402716783,0.4287278008525358,-0.46909063509429993,1.5604144550160075,-0.5156521429960511,-0.19902759799093392,-1.9486527885968052,-0.46895198887861106,-1.065378162238984,0.24142272068635315,0.2502200799063656,-0.37748008482465706,1.0390469446718755,-0.05523977519171,-0.1291241111121,-0.6518472531952227,0.328730684781624,-0.7520484922373882,0.2306280168206212,0.46941325949749907,-1.507437532309187,-0.7928616829525835,-0.974386959512228,0.4306647710473741,-0.11947807621431306,0.40599069862728787,1.3742862733560883,-0.4008217896138416,-0.19895949855908826,1.242970991239009,0.6254039134003647,-1.022980340164317,0.40736373592316666,-1.5073274244979111,0.2492668175454586,-1.241779945732294,-1.1045678141909265,-0.42125187096093103,0.3133459295199481,0.6093743933211241,-0.7042156568680333,0.11853187068236648,0.496
-0.979102202339192,-0.4401511845858229,0.43085586773627094,-0.9391352868588312,0.4443095359651108,0.7103273142104284,-0.20259219441867884,-0.16714344844601486,-0.4649511774367953,-0.31137066342821623,-0.42184972883920513,-0.7008247172778017,0.766879105019434,-0.04849782500775361,0.498391534655118,-0.5687684582140535,1.1846031213047261,-0.8566859936064763,-0.8918611797920918,0.41147365362126437,-0.502920667814031,1.5872979769247189,-0.44322230449571537,-0.17309682235133417,-1.9266570358152222,-0.4444602893195581,-0.9880740628291336,0.28270892354892585,0.17445037830451326,-0.3018401020777135,1.058142910664201,-0.03596735726325928,-0.08201299257145885,-0.5958955581114113,0.28140964338008867,-0.8059081894644673,0.18560547937927435,0.4699360288097383,-1.5670745839839275,-0.7367020428508011,-0.9775986859610617,0.4255911745050417,-0.19885911094560477,0.45624796671808654,1.4103469401022626,-0.37849420917780974,-0.20643095125123515,1.259362878437941,0.550403031384721,-1.0317477363340741,0.4145329727942753,-1.4484872861907236,0.3053631079775606,-1.2460567374019824,-1.1439252189307352,-0.3625881327070974,0.25179795290508294,0.5659148357003941,-0.6786330878575643,0.12829428695740352,0.498
-1.030569437671579,-0.4127137963701649,0.48421577719574294,-0.9889058444823996,0.5240014348477671,0.7755189702690481,-0.1270248652436977,-0.11121848819279778,-0.49777616597115837,-0.32616259016439036,-0.48466561583339585,-0.7622105941579675,0.7653198163178204,0.03111568700499308,0.5088388276535903,-0.5268958715555481,1.2056199203286107,-0.7473623548549516,-0.900338918200843,0.36814987421981304,-0.4885661230268904,1.632148548244215,-0.4654378919705469,-0.2114247459958815,-1.936075274463732,-0.38311018435572,-0.9793218825745723,0.26473561708806487,0.1858018008684996,-0.26639566818859167,1.1016296802351684,-0.055872535363604925,-0.01642890166267695,-0.5583529399817113,0.2838313835434608,-0.7787401120315411,0.19117444771430592,0.4219516867006036,-1.6110471225212482,-0.6250312610217492,-1.0207619052895869,0.42576438857630255,-0.14030213615786705,0.4911877856183982,1.368125837831219,-0.3334962525765666,-0.21990176537078276,1.3180436981901493,0.5572938381760429,-1.0625339404959397,0.5030283057099191,-1.4675945386918192,0.3388009023352667,-1.272587249932029,-1.1175680435267281,-0.3240722443893574,0.2326763334828941,0.5926146349081319,-0.6683120510869661,0.12352371037294817,0.5
-1.0246467084169395,-0.37285794839746994,0.5298729509457272,-1.0000334973346992,0.5370622749769086,0.8617675172958549,-0.13531759623239845,-0.13723357323305577,-0.48287284800812674,-0.281219031797678,-0.4579195644494115,-0.8678701980081882,0.6748717147487422,0.06639558772644194,0.47276436785303155,-0.5384879820375951,1.1413044605088878,-0.7699563098061519,-0.9253337636576712,0.3648093879068155,-0.5295269057121226,1.6361615769563154,-0.3945699863465281,-0.21550953202514406,-1.9381662896895382,-0.33698836864748866,-0.9275260622883144,0.27753893747980124,0.1764568546694376,-0.3140825372716297,1.1091199540639158,-0.10209431592160931,-0.006320810449049972,-0.5897082400932674,0.33496509075911696,-0.7965049393246826,0.14770474175186277,0.42210922340572177,-1.624353389056631,-0.6387110898652884,-1.0107107767420924,0.3933971831993034,-0.11622913152449352,0.47723998438134946,1.2885840049613886,-0.3491663019542123,-0.28544931507106014,1.2994666637748282,0.6255812053898412,-0.991987103236679,0.5125398955300909,-1.4803493119709137,0.3267053107102736,-1.2362025766623195,-1.1089748096806786,-0.38069697838349065,0.16995739655741793,0.5674477496652901,-0.734416178978416,0.1071920356217744,0.502
-1.0197180277097437,-0.45498020986090487,0.5256809252350821,-0.9920394457749632,0.5639575720629888,0.925811061563849,-0.17482798241512018,-0.11009709328012642,-0.4542280547317121,-0.24955623806086014,-0.4374568588479107,-0.8384078116390004,0.7018089346705447,0.0050580791832016,0.5446345119934963,-0.3979421777347141,1.103833758653528,-0.753091032569459,-0.9516773929415608,0.35489073856692166,-0.5022465752672878,1.683784385844328,-0.39048724018959263,-0.23100714521836507,-1.9955984749073548,-0.3125730955352773,-0.8829320942525313,0.36787084861832064,0.2140973444327884,-0.22747746742907266,1.1029063703236683,-0.12378860449354917,-0.001008368353549457,-0.5720146784360349,0.3107879285023647,-0.851275079276988,0.11502727040428991,0.4975723172893759,-1.5891530063997208,-0.5844243264055407,-1.008002443467327,0.3768998047020504,-0.11114604569962146,0.501088524725045,1.253191844417932,-0.32335277801379925,-0.2951688308606729,1.2714852341936536,0.5904863544624429,-1.0225843902727323,0.4698202261958621,-1.4712955314797602,0.3927118091493246,-1.2201483836490374,-1.0014600665684423,-0.4921869189497155,0.16833096202983858,0.5618760916695777,-0.7342355354730707,0.1356797132538345,0.504
-0.9664958380092712,-0.5334848051619379,0.5332562435669778,-0.9742306097502822,0.535079483049175,0.8658642792063964,-0.20470338903984114,-0.008647931035413586,-0.43528074728442107,-0.3092629372760168,-0.3833842802222338,-0.8003805494668852,0.7276975543311143,0.04249663684110658,0.5748750477148508,-0.42962570664517596,1.048734411909638,-0.7174862146634522,-1.0064763138816686,0.39273884967842293,-0.5558920255516118,1.7639621708423463,-0.31459416976442145,-0.3547415911464529,-2.047333903982272,-0.31201658529755777,-0.8074633065438687,0.3933070626329643,0.19679004862403734,-0.23414324424400687,1.1036693138660292,-0.12962898896485406,0.0118363184247808,-0.6098294436348172,0.31181709883893083,-0.8610481794596615,0.1686126710068641,0.5144337462813123,-1.5767773973267487,-0.5408873142307625,-1.0378914974182176,0.3913847323879132,-0.04001673379238961,0.40951747989689063,1.208707608738027,-0.30313818286734373,-0.30438210431174767,1.236517259384787,0.5666975461128683,-1.0388332711314616,0.451128443905524,-1.3957301880121442,0.3996804129428732,-1.2512849896068268,-1.009238608599362,-0.4864118933938414,0.129997522752521,0.6009044093037682,-0.7097362269271791,0.21528023115372524,0.506
-0.9889071653303583,-0.47914222364067294,0.5434932088132053,-1.0288514470094392,0.48538354313042964,0.9272665363418173,-0.17927552223259258,-0.005061520422026615,-0.49158324127486386,-0.28401920757705734,-0.48116967257612187,-0.7923053106586724,0.7183707267845235,-0.054281324597454494,0.5235267744634425,-0.4132163962268419,0.9669844005457884,-0.7182678156438356,-1.0534611153829834,0.38294068889873695,-0.5839611215460263,1.6838990614042237,-0.37578845800784344,-0.28994727724595676,-2.0277678778728188,-0.3068329960070801,-0.7646997175141954,0.3888067458284374,0.24242190459014568,-0.24256878780251756,1.0757160159721852,-0.17547828601915194,-0.014126501784760402,-0.6094462905806011,0.3908262938680193,-0.8159667067099863,0.3094142137090913,0.5125083339456807,-1.6380537897326208,-0.556128996057251,-1.1010848790357717,0.4573350827414464,0.004217751495422993,0.33179020496768025,1.2125901144735367,-0.3880602174923472,-0.3837844079847367,1.1463029025084186,0.6013455716579583,-1.0947373646046055,0.4465826491209977,-1.4331828081617437,0.34411356184881353,-1.193931213173219,-1.0360864486841022,-0.43226237267344314,0.1168529916313293,0.5109944879683724,-0.6965694708899651,0.17042477153694638,0.508
-1.0386944611053321,-0.38586446837040406,0.5403144966116981,-1.0305476437849694,0.4212955781111175,0.8820557387058215,-0.1463141807632418,0.051017040396055945,-0.5125634643463522,-0.252125758495033,-0.45883470542213783,-0.8258370378804429,0.723200291012315,-0.10193650108155493,0.5168883902331844,-0.4227901451974135,1.0573760478315504,-0.7461321987044703,-1.0385234972911113,0.30321345790070475,-0.5328724281652564,1.725615410157117,-0.3884106260335377,-0.22610231518848478,-1.962104896748867,-0.27898223195144245,-0.8083124193885124,0.45271141846532303,0.20978718280300437,-0.156925686897619,1.0628607064132571,-0.23975086401525314,0.006527917654326143,-0.6769678544515161,0.3868275769964077,-0.7729744236573954,0.3513006059775304,0.4817396155665683,-1.6686145206498846,-0.53461275330979,-1.156283906397163,0.4750282306385165,-0.024949576560380486,0.30565827856684363,1.2856814464844182,-0.3654225798710982,-0.42161249059830597,1.1493094839714142,0.606799490009817,-1.0401442031672032,0.3672036135380293,-1.3294519994530787,0.30478619202605384,-1.2357406504662467,-1.040811619082685,-0.5172670341804261,0.1071468592507385,0.5123626241605708,-0.6809832792733375,0.19266469873812186,0.51
-1.0486150143956978,-0.4079027417319955,0.6098031375708373,-1.0273889044916322,0.3154618449158328,0.8670079889008483,-0.0998005803210458,0.07162823651640154,-0.4730474121321291,-0.25945867816848706,-0.46882771339660523,-0.8334520925894846,0.7679438548647913,-0.07865680992052854,0.5113276447234046,-0.3392444510532635,1.034341776036108,-0.6600477856378109,-1.0504205273462985,0.2959511853967889,-0.6028027494988941,1.7427587827440476,-0.3770523502076064,-0.24721012290829344,-1.993536409100277,-0.2589664383688368,-0.7859945923054062,0.46272106594943907,0.21688727808686625,-0.1988830590737623,1.0436168613234669,-0.1690588751054916,-0.0178729598727954,-0.6673728020576568,0.36722690664326424,-0.7389377870156034,0.39195724327995185,0.5006079773496616,-1.6031437807742188,-0.570385207420774,-1.2228366025351334,0.40336822624471175,-0.02625979393685969,0.27992634459200616,1.216182125834027,-0.41582145022634237,-0.40700325276211813,1.106660566858986,0.6211035978929427,-1.065578573065553,0.35362823775944924,-1.378154343921568,0.23737217495321605,-1.2027170882451232,-1.0476810771429927,-0.4373489974924388,0.1733546851074505,0.47806305196488197,-0.7284157956352476,0.23134629725476322,0.512
-1.025055213634867,-0.4246187716553996,0.6704875275434418,-1.0418326826129771,0.35521110347768925,0.8729933833628257,-0.1036516633605855,0.029796898086640378,-0.4918529311524933,-0.24632356641525863,-0.41364385807854465,-0.7583719845108856,0.8131910509064436,-0.12410040124740046,0.5706512696478108,-0.3259617612281345,0.9556605809979365,-0.7235282908123677,-1.037147710862494,0.27898634193135413,-0.5711463106737271,1.7795080582134255,-0.36224490477697596,-0.1662820651008472,-1.9800872319837066,-0.28233153911816444,-0.8539657643634337,0.33728097422987074,0.1884825561116141,-0.21485406867627133,1.0775420764254207,-0.15664048227143526,-0.09527527028374988,-0.659122086919683,0.40880345182353767,-0.7228079539794687,0.3826975617082623,0.4810206871256393,-1.593400782106052,-0.5934736083272394,-1.2017941750358778,0.4597073460529273,-0.01665813739205889,0.29641297693171675,1.1472888850197474,-0.41073035750215053,-0.4095880792270917,1.0547079360410319,0.6946071861052258,-1.12331068654397,0.39839019704502615,-1.3974493606510447,0.2745572204827,-1.2118321022841116,-0.926830563609087,-0.4515153064739742,0.2361490433365453,0.44344485357634084,-0.676856902315187,0.20384445743304813,0.514
-1.0926481681770672,-0.3721251434197584,0.5606742681192352,-1.115261516387124,0.38950920090213564,0.8952047644164893,-0.08005855154918795,0.05835301512775172,-0.4471010091988585,-0.268541067020823,-0.39858716012199147,-0.7269933220749858,0.8556562450131363,-0.05142290831345135,0.5440539175032598,-0.36763989305822153,0.8264777908530717,-0.7211959471431167,-1.0701087436031327,0.26853893721589644,-0.6236165280367078,1.80938305678946,-0.38769797294925507,-0.10864121201323582,-2.024509722299118,-0.28717458778283694,-0.857332315672901,0.4274234188596786,0.1966597774303188,-0.1958636441840571,1.1320750608911867,-0.10512048291744217,0.0028468255186762242,-0.6271525676047043,0.41004977855140834,-0.6548444444673469,0.32176522088798565,0.5159569449389882,-1.5281677299524496,-0.5746950812263666,-1.217247139668324,0.49069919682493685,0.008546104663599712,0.26986786162508436,1.0928189597077074,-0.37649932141259534,-0.38349911214619337,1.063080288178156,0.6044415315224605,-1.0562593116852945,0.36979116111249705,-1.37925091505867,0.3811719926733788,-1.102688845577799,-0.928298734009034,-0.4287968302342729,0.19518555685351063,0.46739722636960923,-0.6327594496585245,0.23546667620476885,0.516
-1.0527902162019342,-0.29180496776683035,0.5381186606879834,-1.083050631763643,0.3710213523167105,0.8375054816848297,-0.12691037129299765,0.1266502559298619,-0.3982447906154219,-0.23334501255957335,-0.40674199536371597,-0.7415705500131108,0.9375872085113012,-0.1307871316698356,0.5658502994282403,-0.3039845486075743,0.8440978476112169,-0.7227363110768857,-1.0541727387341424,0.33344696304988614,-0.67533804309992,1.7961339424592784,-0.46295665384987783,-0.10119948517031056,-2.0561983695089294,-0.3421638312531837,-0.7874867723183585,0.3603520937188137,0.1964839914036459,-0.17869427009411656,1.1426581984138924,-0.047279613219633414,0.008175125660632578,-0.652453607684871,0.38219976661677635,-0.6237127473350347,0.23467630642763,0.5577057839489548,-1.5735982016764019,-0.5716005762594298,-1.2283821953718896,0.453386033316,0.037296024203161526,0.23991758365549148,1.1055862915635983,-0.3929089954102375,-0.3805701443604082,1.055991581153887,0.5516425759344367,-1.0555281308129152,0.3977150344621452,-1.359732383593328,0.3017726203220107,-1.163804610855351,-0.9819408495070648,-0.4356776164699622,0.1843810046553319,0.3958349864192994,-0.644612311351992,0.2292615710655873,0.518
-1.0395080973268336,-0.2722719066368343,0.4849503330429158,-1.06549853053984,0.3457438898154657,0.8069824173621458,-0.09755080901094254,0.09048962634562252,-0.35054918092893933,-0.20697822461265575,-0.3938766179664954,-0.6573087698698494,0.8293528626088326,-0.18634329656359502,0.569887914669165,-0.2426114126384668,0.8419052628524097,-0.7164699742119559,-1.0746440559797075,0.2647621748060147,-0.6495142463077069,1.802580631700157,-0.4642462953375916,-0.13609379753566922,-2.092896025067496,-0.39360105018007363,-0.7417112175587754,0.3207308150792144,0.15411419285244188,-0.23989514233537124,1.1618590825197042,0.008237823801713944,0.11717233333882775,-0.6249480820421228,0.367432664118693,-0.6708181621201837,0.2509577520905237,0.5094208222569058,-1.625472031007881,-0.6538984894263961,-1.2927657987059655,0.437192861611225,0.07323235226345141,0.2064625706283063,1.065524014231795,-0.40936669565136485,-0.29334371104716134,1.0568666539655287,0.5057781971632499,-1.0340912573086367,0.4139484877572785,-1.3150507637577316,0.2854640638157,-1.0869405931115823,-1.026937460941745,-0.5694755578028844,0.12042706985834782,0.40490890836222215,-0.62520539445119,0.2997331395003945,0.52
-1.028155968172869,-0.29258161939922456,0.5516228228265712,-0.9803852526938053,0.2873027166287718,0.744644543355707,-0.05234364004983387,0.17023955417383463,-0.3224165473955196,-0.2329346020917887,-0.41239178784363967,-0.6822747945133489,0.759125449794175,-0.23652096897050873,0.6218743450510377,-0.23349474363254574,0.8655560434542404,-0.7183377031621935,-1.1949964166961595,0.21362752708690938,-0.6079772550860407,1.8744452320454466,-0.4009222656323808,-0.12777336858126026,-2.1521144182272876,-0.38222780482563945,-0.7796611838525367,0.23355348435949577,0.1795234694214008,-0.29604583091677394,1.1703675001093008,0.03032276389134362,0.18799317849948816,-0.5998909247195585,0.3273198416150825,-0.6494135969724302,0.3024654167227726,0.4413951567561962,-1.6818842031818844,-0.6003362567017294,-1.3522128633727508,0.45147093448083947,0.1378290536289483,0.2398857285301838,1.0770854474861022,-0.36407107934387406,-0.2250281488278592,1.0707875098568354,0.5014161804309243,-1.1359939140182505,0.44772554213484794,-1.3067123313297,0.2588829555081188,-1.0730884614584533,-1.010085352944354,-0.584577683836845,0.1327239375340134,0.4657569563932258,-0.6146941953114178,0.3312800245669988,0.522
-1.0059802713206343,-0.29062788674190737,0.4577340519574734,-0.9430927533694431,0.24409277709145716,0.7619503546929619,-0.06865268911615902,0.12253968595974202,-0.2747473636248463,-0.2770597972206136,-0.3129123401115931,-0.7074565027897622,0.7630134105691052,-0.24837175628633051,0.6591929480287096,-0.2052990443178512,0.9004611714807171,-0.7256799314729261,-1.260406935208177,0.2290249074169641,-0.6300209130090267,1.8903429942897947,-0.3961006643113703,-0.13480106587101795,-2.163872716162491,-0.3033474263529997,-0.776059601437854,0.2062420223832736,0.16481242860233905,-0.28944206400316297,1.2394986123854783,-0.04026550827066503,0.1398655941170201,-0.619084325607385,0.3205620248423547,-0.6384055368482126,0.20971256414897915,0.502350373399396,-1.622933495640109,-0.6328500778358299,-1.3860433331226663,0.38560977567719246,0.1264905798021471,0.1804171591007153,1.0330903073581525,-0.29738933260565664,-0.20796041413238806,1.0618175596219426,0.48172129273706815,-1.1193558873975882,0.47533455539013786,-1.3393922263144302,0.31454912473718427,-1.1015696237581436,-0.9970816186639635,-0.6477596496949289,0.11792259696404238,0.44984924710005203,-0.5959216186430538,0.26201617781505454,0.524
-1.0419386688757062,-0.2266687705708006,0.4678511522523186,-0.9012798401342463,0.14358908979474727,0.7611291083846198,-0.0755119393774999,0.04672351889661015,-0.22481641406010222,-0.2628898918804744,-0.2611675348743686,-0.6938633133988018,0.7455146110802663,-0.2556084672798657,0.68862283526787,-0.17695660356237067,0.9052072340138246,-0.6371658152494994,-1.258789233576652,0.22077601708819045,-0.6518561056365977,1.9427221884137638,-0.38392997936622114,-0.14297563015286574,-2.1334588816201445,-0.28859236132057564,-0.7478831168641904,0.20415848067106276,0.16158445652638959,-0.2788763530464175,1.2580478246913145,-0.062344957990543265,0.1594786850068811,-0.6884247989257692,0.35065214280053264,-0.5468022882818833,0.18836583615872005,0.46869807921646783,-1.6040966536146473,-0.6564108086832535,-1.3486741595270346,0.264141019434558,0.16134758686339856,0.24739069741894198,1.048363892866179,-0.2894817173059458,-0.2422989300346861,1.0770956394376123,0.45023315360782834,-1.0953706062411748,0.47799811402386977,-1.3216387919564507,0.32351208530032655,-1.0760645389093846,-1.0032744989566884,-0.6874286191493083,0.10388721901937521,0.43116837268154523,-0.6282819011859796,0.3144181523164201,0.526
-1.0776895180490174,-0.2421675756474842,0.48637440237564317,-0.8746401940092642,0.06636218945095136,0.7317659318008404,-0.14914052172037584,0.12692085116773436,-0.25738219930254636,-0.25759049915401444,-0.23303425091566363,-0.7421366147611993,0.7205364592981669,-0.21863211029480495,0.6122276123226107,-0.1555952870624431,0.919904232767243,-0.6394401778325113,-1.2957798943128063,0.27027625228615587,-0.6603525631554252,1.8794823904228075,-0.40448295510458276,-0.23877937476174527,-2.1053969724908823,-0.27293506163069803,-0.6779926402119085,0.20914849489544168,0.21777285575012045,-0.3159112816590682,1.2457342118736054,-0.12120326509598592,0.1369614903121323,-0.6963725447060021,0.429989091866807,-0.6386587773991699,0.2626863344041308,0.44380672242268526,-1.5676071891878665,-0.6288730470372504,-1.4016703146813192,0.24851803968560288,0.20849047025937945,0.2627686971511424,1.1225203214626698,-0.34555310933224803,-0.27476985362157724,1.0410104422411555,0.49585670005356774,-1.1959869284019278,0.4983310741212517,-1.2624004138265756,0.29980917768607757,-1.050555621058118,-0.9511350634063307,-0.6641176616070474,0.11463411949841734,0.3975932152319498,-0.6296437553197208,0.19103632183308214,0.528
-1.0056807980770093,-0.2273816640064065,0.4785854445817146,-0.8142256113720515,0.10707645344535285,0.6723582098152265,-0.15966036239319983,0.1429954314353356,-0.2005671505177296,-0.2960328596732322,-0.21052756267879977,-0.8053781760785034,0.7350351833149956,-0.1630663763130228,0.7185897802478034,-0.14832717886055644,1.033290501009812,-0.6871922721998426,-1.2414443352441717,0.28575805725191866,-0.6887346387896449,1.8095456278402051,-0.44243653084983137,-0.2543067606236321,-2.1646996437390587,-0.24925422636338074,-0.6590857543146357,0.182291478707344,0.25671604223417044,-0.33134804275953017,1.165690678072062,-0.13975355602365927,0.08153360829804851,-0.7156878158036846,0.46262100706741205,-0.6215886044401135,0.28941864477759516,0.3579799837375839,-1.5203477386463662,-0.6080066088140674,-1.4120890013665683,0.21012227509988304,0.24537799314492134,0.19063920856215302,1.1526083090391508,-0.3711472913408797,-0.25627077134322035,1.0055491368590983,0.5034317726338885,-1.2160265641431722,0.5183537125913661,-1.2386733118299946,0.309192072754705,-1.0701631173879536,-0.8874805559439541,-0.65983360196484,0.0984320923490977,0.34856174412913893,-0.6039645915581201,0.20143843824800906,0.53
-1.0207298449445852,-0.15110295150751143,0.48589092402685496,-0.8598466027939002,0.14727120113206027,0.667861911052747,-0.15423462601693919,0.1732017687062651,-0.2881683104958384,-0.3457346784366082,-0.2138937934709854,-0.8267830256421222,0.7079823668635218,-0.13928169182995864,0.6711539659470187,-0.13588876418416118,1.067801635799433,-0.716519178468158,-1.3372716923457157,0.27148936705725873,-0.7266790514397072,1.852267988797419,-0.41526900603315936,-0.3745289487157269,-2.0737027205203615,-0.2823884687707182,-0.6556320223259497,0.1770312482263872,0.28972118942278247,-0.36160238923914406,1.1419244983762973,-0.16757898156817974,0.09140534607203363,-0.6847317453363676,0.5857816048901305,-0.6272988350334749,0.32431153774698607,0.4659011402832841,-1.4725166285222175,-0.6489854530070978,-1.4217761827545292,0.21594558065865915,0.30459583186873507,0.18964816478764324,1.168577425620885,-0.3549792896324545,-0.23401664343247539,1.0701160947781243,0.43354844978553986,-1.1693108196121973,0.5447078802696484,-1.2422394119168099,0.3001282244393012,-1.1436113489811117,-0.9150959521688968,-0.6287292827247182,0.13347529333638344,0.4349809940441103,-0.5693667237929998,0.13147816683209917,0.532
-0.964877772402306,-0.18683842985914845,0.43776269034982934,-0.9270521093715638,0.0929659888373516,0.6443140600277419,-0.1123142877336015,0.18117661156151982,-0.31803044842262806,-0.34855358606527653,-0.15514037416874343,-0.7835429159970844,0.7510021934660461,-0.10796452467782897,0.6710080465836546,-0.1003573977396836,1.0318080671896779,-0.7366410099483813,-1.3419708577816676,0.2569816117624913,-0.7121252942722469,1.889895965917609,-0.475477532093739,-0.34280264334821897,-2.042103035151215,-0.32245889902267294,-0.6517047781721371,0.21709773790430242,0.23203817671013421,-0.40737734797728636,1.1473272748537056,-0.15297195352543735,0.051641362838119334,-0.6072610530549802,0.5321502010210746,-0.6527220227526361,0.35353268600691995,0.42115223194377865,-1.4429009884560342,-0.6617908532308202,-1.4348019444457045,0.19538299560749017,0.2646590541469925,0.16101502220732383,1.2103090937638017,-0.2755597734430745,-0.2252369524460561,1.0829263917510168,0.4489888228278429,-1.134885696317658,0.5714230797723907,-1.2317110062703862,0.2909311385733227,-1.1264043280613614,-0.9033209464335428,-0.6363231634295755,0.0570610264187473,0.5011181572447978,-0.6172325735405318,0.12754266613763474,0.534
-0.9733985339505415,-0.17298440501789922,0.46708319907386564,-0.8905674782850729,0.09085948543992238,0.5941816339394262,-0.03280218760388358,0.19827425117758865,-0.3197218100899187,-0.2926753969736839,-0.15579906071131713,-0.8181689309383221,0.8315955165896749,-0.05919784287425498,0.737561382767908,-0.072355138486794,1.0055701649708086,-0.7942468831218373,-1.3193546641774523,0.25873992624771763,-0.6742523384558347,1.910619100283537,-0.47788144213857153,-0.33256332239406267,-1.987079313214023,-0.27542192531089377,-0.7312370299191407,0.24656578777381155,0.28751144961366315,-0.34603228547209564,1.1882830990085234,-0.18876227995834916,0.10669238399764967,-0.5967863116255806,0.4549913263806471,-0.7370485164506965,0.3168507043343077,0.4454203730144063,-1.4438948161570206,-0.605360314491294,-1.4297107437548138,0.17058488845690573,0.30492554803687344,0.16061478370985943,1.2078631852900312,-0.21578405831462727,-0.23297537008757951,1.1159486745438598,0.5538200528895819,-1.1401683853168956,0.620119574073618,-1.1930518935483383,0.3046940702424019,-1.2015326225382217,-0.9207396486236774,-0.5791887788817898,0.052859739946047424,0.49448847017344794,-0.7079904846423237,0.10949218206879356,0.536
-1.0418901838095869,-0.11005290383123591,0.49287196945192707,-0.9226102419186143,0.14446293281139588,0.6101025888781866,-0.021975128782923587,0.19398440347525134,-0.3272035642188826,-0.3300367152325408,-0.14038202996984542,-0.7631815892197424,0.8709124942557164,-0.05171181238554765,0.7683588033998581,-0.07050733163180761,1.0130766362887627,-0.8225977913657619,-1.365793463711879,0.3315466444659472,-0.7076539954971314,1.8701764122649642,-0.4585053416223102,-0.3368634191757086,-1.9648030951981759,-0.2508721045757893,-0.6985258429459896,0.2883058380438273,0.38587440025091113,-0.36959691739190986,1.2185951655431366,-0.273233781232969,0.14111905466463484,-0.6022209994566383,0.4089926842929363,-0.7837426946611552,0.3973896985153158,0.4758852870096777,-1.4456198501879338,-0.6000561039000948,-1.4239967175711914,0.13835555617419157,0.2490355674487832,0.21257312263941347,1.1850536904270732,-0.18071103921726514,-0.16670810813447118,1.1454451944728716,0.5252554093253878,-1.1236809934400185,0.6658106905483034,-1.190064089467043,0.28332054159506853,-1.1347396784424215,-0.8500728525827621,-0.6451901383809503,0.1365601900878719,0.4964983156633307,-0.7576777977374604,0.12849778096070721,0.538
-1.0580081445793934,-0.14645864691854754,0.509143016651525,-0.9750618503315513,0.1797820096223278,0.534045865643229,-0.034848959753707574,0.22011137611720744,-0.37594065218093237,-0.34520485265506895,-0.07605273461343103,-0.7404192750393273,0.8678985036913235,-0.032521802091085225,0.7725305599678605,-0.10711579803747992,1.087413895735845,-0.8073695183944952,-1.3460993442081097,0.3999281172550739,-0.6959577235704004,1.8587780435304844,-0.4447071728471422,-0.28657181231092244,-2.020159564319631,-0.2931298427815713,-0.6477787029427721,0.1899524419444576,0.2989333031621827,-0.40818967300458725,1.243445378194754,-0.27039882502627927,0.19051389478381842,-0.5603447187025772,0.3804240338867103,-0.7997744727714965,0.331783826291735,0.4280969685683908,-1.494586163029227,-0.6114435508985449,-1.443844610603111,0.09662737177164887,0.2795655445492315,0.21676823521321997,1.2575387367096305,-0.22402271201427254,-0.167215761100036,1.1310784482031335,0.5651539330477839,-1.0933927011799076,0.538974210300537,-1.245896933163946,0.2901128641418764,-1.115674641961443,-0.7793736406841384,-0.6520372844744129,0.11008282866645756,0.4760007624861933,-0.6379180715161881,0.10565680430542537,0.54
-1.0655610996375007,-0.0658600976502922,0.523478235788272,-0.9707292770605963,0.1210677580433325,0.5032058946335478,0.009896191163835603,0.2821796549123886,-0.38706657534145605,-0.30802642380192335,-0.09229642051021156,-0.743250550887041,0.7808907235548961,-0.029160604206614732,0.8055832340780547,-0.17758191551024213,1.1551281368926927,-0.773405144692761,-1.407698488019558,0.39549783626459006,-0.6385287942220469,1.8671283489085968,-0.4036265560476499,-0.2203984324522424,-2.030407693850193,-0.3151393740681596,-0.6251299807624198,0.14574129228477078,0.29471169696018834,-0.40488839382765496,1.2010092995513908,-0.3156104339440016,0.23229497345374978,-0.5830426249704066,0.4095465840334201,-0.7924057805279026,0.3227157187735065,0.4107611307773142,-1.5982175216952093,-0.6331907495740029,-1.50743394941473,0.17168039026133444,0.2327425526321944,0.24905300012771342,1.233831685316645,-0.28857081598641604,-0.1511685462141873,1.1469630012858127,0.5551111659791301,-1.1155923497309748,0.6078503229086067,-1.180708036178587,0.246398024983814,-1.0716517238007757,-0.7959967760023967,-0.6963267597671176,0.08863830586964586,0.4849725720103546,-0.64241451182542,0.14451425536532161,0.542
-1.0829445751342672,-0.14629158630608866,0.49710265431651324,-1.0096687800623354,0.10777565717448949,0.5032055953278572,-0.0027213043907780964,0.24397433361493095,-0.43956243691896457,-0.31056643498258857,-0.11283368991132678,-0.7652886031907827,0.7498326901177035,-0.047394636191023604,0.7884928051644037,-0.14390480235159975,1.142987019498561,-0.7891878159222366,-1.4288652292539832,0.3746686346081342,-0.5955071772599423,1.9198461976868666,-0.35076330930643906,-0.33780248928088547,-2.06127849510607,-0.29999319163127924,-0.6029601339300829,0.1271182411875064,0.3127135777002674,-0.43374194223868806,1.1813656939557036,-0.22292709856732726,0.272787178724721,-0.5843625095751059,0.3399494657902313,-0.7638098162692847,0.3656236967864718,0.3963866638546953,-1.5478080720310308,-0.5763761650329164,-1.461161434921827,0.15116495763926013,0.22600492662817595,0.25791834149937254,1.2802460959330284,-0.36501157058482253,-0.11313906130661855,1.1345073294955028,0.5493366829630364,-1.1330505729152576,0.6702955986641708,-1.1361548934817582,0.26076838846942163,-1.0838841975327547,-0.7757759995775941,-0.5457264683542619,0.028769231468155944,0.4121504402916414,-0.5855525536473967,0.08750629765890555,0.544
-1.0503638573822667,-0.144416982484672,0.5415479097424196,-0.974838110853432,0.08313803554500643,0.4659617186643317,0.003824058395403663,0.23288203406112015,-0.46381439021293225,-0.3399531511147241,-0.11340186500500997,-0.6570552976907205,0.6267621086403681,-0.021823179680506746,0.809647987804127,-0.18888011949817066,1.0995836925791953,-0.7200065324382745,-1.468419460702545,0.3388663591123422,-0.6027469216361016,1.9378696945085738,-0.40386437618218407,-0.39510836529042975,-2.0984396269257792,-0.3140460715568998,-0.6008332403414767,0.08608046748940877,0.3389684642415574,-0.3853489855619316,1.2128837634437746,-0.23002573098599108,0.2704393359360919,-0.6186067224227656,0.3405087290104739,-0.7672522045678183,0.4211246807117738,0.4054539419339335,-1.6017944043628936,-0.56155060986526,-1.4712743015921437,0.12216511819319634,0.22184024578974781,0.28236881442501716,1.2592010099264248,-0.31425231820566285,-0.07580334644162387,1.09805344033998,0.5692472515821313,-1.1159831080130662,0.7416765663478956,-1.1561319818967606,0.1507806488696212,-1.100196736794996,-0.8174426927460953,-0.5647520482883419,0.08944542325331994,0.3942967476840543,-0.6658385327656191,-0.02624339084803798,0.546
-1.0437092548836888,-0.1606225931492123,0.5556601345146948,-0.9243754698785912,0.14398552566200462,0.438806519660647,-0.06455424669213625,0.21131803446592806,-0.4409816705939833,-0.33442596693097104,-0.1479495256744879,-0.6726290397463713,0.6727875521671263,0.025897121082309245,0.8730256181991732,-0.2380761697926597,1.1389354767789706,-0.7148147276161212,-1.5618017388259768,0.45901527035673256,-0.6186164888640951,1.8965968787739578,-0.4235044968545282,-0.42609408627859413,-2.061913917303277,-0.3554038378622715,-0.593858343417938,0.12437785969039797,0.35974751105760316,-0.37238864837523417,1.249295832793633,-0.21494552643781017,0.2759045872924382,-0.6009895582558062,0.22749565250986642,-0.7935224380338691,0.4704904822603752,0.3866993808577241,-1.6562697074859005,-0.5949955677360392,-1.4960953261453005,0.1404582806618955,0.16352772938695398,0.2761982949065048,1.3031224446792449,-0.24761291640069835,-0.11450979652162338,1.179638029534264,0.48161198684015877,-1.172440769336261,0.8153891286714078,-1.1828769711132407,0.19439736182324285,-1.0983022280755617,-0.7953367292272225,-0.556516901483643,0.1420164835537122,0.38659978903817016,-0.55269054133967,-0.047517808284724974,0.548
-1.0194375041743744,-0.16859770397898938,0.5030945055398,-0.8634932380257455,0.1910006991552201,0.4528114689460409,-0.081930891174395,0.21635977463582737,-0.47966409894661355,-0.3409878031517983,-0.11128618675495333,-0.7551820603109546,0.6789896337713649,0.12461642848708929,0.886001400471884,-0.26924210454639663,1.0832715936752768,-0.7944417208793915,-1.5282613775882328,0.47784968301389347,-0.6440591539581602,1.8732547411958616,-0.3879057144567985,-0.32295681667421083,-2.095894644328969,-0.3691926653267206,-0.5097656296794821,0.1715206294555618,0.3506594954974484,-0.35767207451685623,1.259236741570123,-0.2351693877926475,0.2756248514858226,-0.6048249705021059,0.23494932930246903,-0.7839232870195293,0.4941145671240915,0.4319952690846457,-1.6491375114058218,-0.6220992240072014,-1.5190087424082712,0.1521717196776049,0.12087055591872298,0.2773871682592254,1.3812732431451253,-0.307085824002035,-0.09113826367750918,1.1248732174257938,0.4034654879469671,-1.1146732762029912,0.8344497544930856,-1.1164606013309866,0.26827367114542866,-1.1137701603921855,-0.8008539189208143,-0.5757747545102415,0.14020646887177826,0.387807338034395,-0.5256432473170795,-0.08856456929417551,0.55
-0.9844908284243745,-0.16595906008078426,0.41118112235910953,-0.8569351318565347,0.23460919751344275,0.4733677672801896,-0.03807632870523801,0.20807729241305264,-0.5245251756362417,-0.3502917761747053,-0.14496347356937608,-0.7123158297595865,0.6776088908696151,0.11828206242116607,0.8529508409301996,-0.33612091111601583,1.0757788873124075,-0.7918811080357356,-1.4874000374033864,0.4095748955032542,-0.5753975199820196,1.8438354096438965,-0.41142908559604663,-0.33625637715648315,-2.0424017000959944,-0.35659866439413024,-0.5580661257575211,0.21916062771843997,0.3260887259570402,-0.31985999053831443,1.2489198004178554,-0.17145914444436217,0.2848683521617781,-0.644375939495605,0.1918795361019336,-0.7813636357843574,0.5158586600260202,0.377730828435325,-1.6790469982432894,-0.6870721734419891,-1.5404730177216954,0.20678638591991577,0.1365319180906051,0.30463557392997137,1.3608715247970407,-0.21925888624554857,-0.05584656313329615,1.1267736440593992,0.3212804378056237,-1.0878881443636421,0.8354131939919011,-1.1119992904338016,0.34609083679545344,-1.1009850377216859,-0.7622527861288007,-0.6056084868148741,0.07087632165249712,0.4168189927985574,-0.5109934740449721,-0.17700468305077077,0.552
-0.9763446949178755,-0.19221444628845302,0.42443320532128614,-0.817928889525012,0.1803914513610531,0.4431680163613215,-0.02849970484868725,0.2354392305624992,-0.48370413333497675,-0.3256461416011374,-0.21991187852112476,-0.6854485361437879,0.6899045433043516,0.054319924389101715,0.8459381190155715,-0.393554971187628,1.075181972165698,-0.7460967254680291,-1.4440282052738511,0.39168588983521346,-0.5503961180765105,1.8176393776351427,-0.37611804909720975,-0.4069810414265429,-2.0311983141948438,-0.3280029713075229,-0.542359319813336,0.1479572908934747,0.271067233732401,-0.32560720346794053,1.295894951581811,-0.03097049627606438,0.28038400195169305,-0.6968145862049056,0.19862528154072107,-0.7590528151605292,0.5523879395869088,0.27905570009239944,-1.6664688301954,-0.6677176193013089,-1.5009229038688507,0.18284750295806657,0.09584837975471772,0.33766615067907546,1.3944633793117343,-0.1829457625536397,-0.07090514223150815,1.1776114605192727,0.260032416977404,-1.1147748398455173,0.8852829818235598,-1.043685967238904,0.37917967631700705,-1.127881039479406,-0.7096030191101218,-0.5764606833918667,0.13557496257588336,0.3277283463130257,-0.4659523268948549,-0.23407678520194974,0.554
-0.9239881073248569,-0.11761854572577057,0.3891044624536188,-0.8018374109783057,0.269082268057947,0.4291611463951895,-0.06207316365395585,0.18198390966687378,-0.4826862141086741,-0.2870348879306972,-0.18753159511889994,-0.7303200463605296,0.6188730204759537,0.02188087547949833,0.902188391090795,-0.3771415481791499,1.0492845614856046,-0.7264029474155025,-1.399282637772327,0.37946351311868387,-0.5316877815222465,1.7860699862110483,-0.36713524471742853,-0.4301405248364794,-2.046457542672711,-0.3815807695855848,-0.5959704515802577,0.06444262346384283,0.23597381115721286,-0.28500211210358506,1.3528625842174435,-0.015687868571641943,0.2681083632226529,-0.6926584037367707,0.24999789599658334,-0.7526849126441243,0.4562566880598577,0.31068057672553917,-1.6905948771245918,-0.7104030508133579,-1.4848720490812106,0.2971603261270368,0.0740232342350134,0.26836269460258905,1.4010752800009831,-0.17100511018396697,-0.03071621601099448,1.2367780694483999,0.3053698792752146,-1.1593427991438336,0.9148175158479311,-1.0040571278268045,0.41226193106669545,-1.1569701642301702,-0.7177138349668968,-0.5543711247580041,0.11658279967074109,0.3019771983334716,-0.49084794297134876,-0.22609046493686935,0.556
-0.9114573974301295,-0.09660563097368202,0.33690402789160356,-0.7659247501951758,0.2591753767404882,0.40608338920161346,-0.10194994776560343,0.1439872564975799,-0.5003359978590218,-0.274473202026074,-0.1707213595500231,-0.6738070617141793,0.6882111934767192,0.041327852551566645,0.9793733828835817,-0.42466439952497054,1.064920392311027,-0.7523591161985278,-1.4222508709378077,0.2969403647305316,-0.5735859643994257,1.8351753494663794,-0.3679996548594178,-0.38324381656217427,-2.0264043388981263,-0.31289456525029957,-0.5638560541164552,-0.0013197405885596175,0.3183628075658112,-0.2264708928060309,1.3892303841258895,0.04211325279308973,0.23932210209973634,-0.7389863168255195,0.24180459966211396,-0.8278017267708007,0.4184821525713869,0.3156902383414824,-1.6846111614310884,-0.6584503686927544,-1.418105022818934,0.3345648414299187,-0.005560736764034388,0.2660320689764827,1.464179887483305,-0.17545802382596262,0.04195889135606883,1.256386463179158,0.28346622533379634,-1.1784376972056552,0.9381094799013561,-0.9909939944850947,0.41326498304871573,-1.1220237917396942,-0.7434339424555261,-0.5997343225324452,0.13482972372741608,0.3667278551830167,-0.5471743430692123,-0.3016002321127621,0.558
-0.9157174869168596,-0.11575275386455387,0.3283841746719281,-0.7207109352450317,0.2919927436684361,0.44199056486545124,-0.12926924538821832,0.1304307907502778,-0.48462953197121983,-0.2964412367913573,-0.25607473858459184,-0.7558644848674746,0.6783300069348379,0.05643382249729639,0.9884695374488859,-0.42190036746525694,1.1172738101926656,-0.7769009545084096,-1.4173366055212842,0.32596407265625493,-0.5416650160791291,1.7392661490506214,-0.4180368652897716,-0.39343263678288876,-2.0884788531099563,-0.3105407606578911,-0.4926464309645818,0.02277471743139751,0.29450521360850207,-0.17155560872299555,1.3385728588582815,0.1116064185095382,0.2603793811457431,-0.7111207117986297,0.21336105034980066,-0.8584832165845058,0.46221265092987734,0.35695340827913297,-1.650618878130874,-0.6659286536304317,-1.4044084957631917,0.3208235652796664,-0.003086960250757393,0.18932959310515818,1.4870452843479993,-0.2502912825129697,0.093745862535952,1.173590556192913,0.2711742302531825,-1.1937402007721805,0.9521301750768665,-0.9795257207638103,0.39301999220674555,-1.2107824573446053,-0.7169165792870026,-0.5942886515715049,0.15642987095375785,0.44673101215575073,-0.5716444925805326,-0.21803788795142487,0.56
-0.9554857024742129,-0.08781081748822811,0.361483631303116,-0.7085892563914395,0.31053110571126136,0.3819610394401437,-0.0974182536256473,0.11702765552733096,-0.5294764023729512,-0.2667902387764476,-0.3491748554820982,-0.7485160125522902,0.7242108479900101,-0.012613833307888248,0.9181685415725725,-0.5438156045362059,1.119904338853896,-0.721678265834456,-1.3994345976178564,0.32922501159634443,-0.5798585974733078,1.7606631237620136,-0.4362172481226564,-0.33533949424916976,-2.043179100222279,-0.3489715643918675,-0.48730373461971055,-0.026690702435201958,0.2987486209936314,-0.21566800263555125,1.316060808966663,0.1317674833567489,0.37827132153120563,-0.7247523422828959,0.27127234613382895,-0.7940562611346011,0.35224952760386175,0.35593225869349565,-1.7038248435744932,-0.5926120696564783,-1.3520508388254187,0.2922012578569171,0.037823127766201205,0.22343319344279322,1.453606001960576,-0.26524787071098377,0.1948897703371879,1.1634594346542892,0.2246184310111033,-1.3012204518931916,0.9656536781839448,-1.0874433841670839,0.2943532279421431,-1.1879892664205867,-0.6960001633819046,-0.5418429632085444,0.16706901544578376,0.4163173761094576,-0.5363217414640162,-0.23949696012106306,0.562
-0.8903378899509072,-0.06473731978581126,0.28839498255764184,-0.6894329707218491,0.3051703262396505,0.36983161963594063,-0.06754526599908202,0.1055671148968766,-0.5571371340252981,-0.24260506311415028,-0.37558643225071875,-0.8028189968468923,0.6847839459844764,0.01865091057891012,0.9020987857535838,-0.5322454963705934,1.1277735442411962,-0.7043346994877872,-1.3537295402523521,0.3236707663132899,-0.5936956814435268,1.7869632274108178,-0.3689865783991142,-0.3580256837287174,-2.056908134308424,-0.2730349773375176,-0.526805462665665,-0.027752212432822956,0.3493300334693203,-0.20439038219082756,1.3740019671357881,0.17690124286573883,0.36552739002280615,-0.6963268447682096,0.3233553928296507,-0.8226876427622684,0.35560312988608306,0.3279380161149705,-1.6800322663985887,-0.5862984366523952,-1.3737626768525482,0.2647865014154203,0.08298545118179836,0.15479724205712506,1.4719461367150095,-0.26612558205518955,0.24487107822556284,1.1590361126058548,0.2664526600492533,-1.3592982850453164,0.9821051276757786,-1.01149867928528,0.25917055616954826,-1.1769784526370104,-0.7476201753924376,-0.4949598127349546,0.19811189467216206,0.4126815557167784,-0.514468383649552,-0.22100448068812914,0.5640000000000001
-0.8457665614029738,-0.02057543648229726,0.2884599044696381,-0.6429438104574323,0.28016649578683306,0.4597879576136993,-0.0961260129328454,0.15363904263103553,-0.6113962347889268,-0.2574283506617384,-0.342321278575267,-0.8255191727316624,0.6685849037758653,0.04338006916094623,0.9067362180340416,-0.47978955197589856,1.1443961452252283,-0.665023916555563,-1.4666663411405474,0.25201343651029084,-0.6159816129915074,1.7721012420464783,-0.4586522922097653,-0.36986201105136507,-2.046161232453266,-0.20610987692096813,-0.5928566236108779,-0.019082947558514318,0.3561422488194056,-0.22318675615237715,1.3237219544095713,0.215148720875057,0.3578448556843774,-0.744840857519383,0.38822832206741625,-0.8321830427967297,0.30905888817762905,0.3026410943909616,-1.670021971770363,-0.5796657422331534,-1.3462692749571068,0.2070527968471522,0.12969980700683378,0.11305189320642814,1.513959330662293,-0.21296847419945916,0.3208607903992429,1.1877586623736804,0.31033450348924246,-1.3660391226734816,0.9874635513993486,-1.016907681110803,0.1966663318985143,-1.1450741440485002,-0.7498293081507673,-0.5135554920950077,0.14113073102783186,0.4306045592786034,-0.5297678337438257,-0.18469567793711064,0.5660000000000001
-0.8543873291503837,-0.016646385682553194,0.2531575255981204,-0.7156372245657235,0.2887745056436004,0.44252215791762334,-0.14024332264009637,0.24530691153766707,-0.5763030367275955,-0.3313132486797321,-0.41239915852207426,-0.8280185371028929,0.6760265546144468,0.027471944997409074,0.9471040321045651,-0.527895430264242,1.2449271714949188,-0.6713416039675674,-1.442282711124158,0.23385093432109888,-0.6383190972431809,1.8355354485613,-0.379331295364934,-0.4500767232877368,-2.015484697389216,-0.20070127150983513,-0.5010873290705581,-0.015388740952174438,0.34841691702361594,-0.2318632445278882,1.271853339426422,0.24037545250595665,0.24658637164770686,-0.6799886560393013,0.2564737830558825,-0.8340739926184811,0.26281696224747114,0.2486994976584308,-1.7638715422403044,-0.5733614057124262,-1.369269581623126,0.21003892040856362,0.1545514071006899,0.10289683350685792,1.5429471957620384,-0.22305566439606006,0.33907157119015285,1.2112754634889742,0.26656789885899024,-1.437654729059968,1.0011613535851025,-0.9128020352676305,0.2802032825453035,-1.1338251088281328,-0.7590091585708701,-0.49777284782777537,0.16976741286993222,0.4946978313263043,-0.5765682742256292,-0.17424572519656156,0.5680000000000001
-0.8504025969997009,-0.08940567643893198,0.19237130557635415,-0.6243812137159552,0.23452492801659702,0.4584683469656523,-0.1774211344438898,0.1341749205023488,-0.6065088586661712,-0.3319737618994041,-0.4236508170835341,-0.8155577542432932,0.6945227560700737,-0.014014819918108459,0.9629433606073702,-0.5043480747275485,1.2130030252326234,-0.7653225069909168,-1.492525570263397,0.23399109866545517,-0.6583339615532074,1.8255452108593717,-0.4132294116297098,-0.3813344493661686,-2.1106436473434815,-0.16850377379816733,-0.5258537078712499,-0.08594893353984502,0.338614612296914,-0.19533082368307497,1.3095644279849779,0.2695144905096037,0.3111026044335157,-0.6418541495989334,0.29479992712452185,-0.8091414219851116,0.22709045051857152,0.23053897338421656,-1.6924736221874206,-0.5546674370200702,-1.3065597270969849,0.14950759429036356,0.1138346454879483,0.11316575332325651,1.5495322059851488,-0.25798266255248414,0.3940714474822446,1.2549917506273267,0.2688585184237906,-1.4584660001571175,0.9774810095746305,-0.9350520245418449,0.20858638153703885,-1.1633400463011982,-0.8240116874665029,-0.578740377742663,0.11083086532726977,0.4527085356049483,-0.5544763101617783,-0.17460506866290276,0.5700000000000001
-0.87663569445153,-0.1229102710404231,0.17167714373347975,-0.6462049560494199,0.20299313255972262,0.4539116781747819,-0.23856150164689977,0.07431455491011726,-0.566182848813569,-0.35481135079488857,-0.37442341139722046,-0.8917698102102212,0.7210124193199041,-0.03578107561062498,0.9581073547525377,-0.5101267808868202,1.157371180198455,-0.7880025627364696,-1.411617839701912,0.24660020600172797,-0.663865597089015,1.825712729493184,-0.45907850416360063,-0.3707546158376391,-2.1133177108269803,-0.17686602345783614,-0.5162757150768269,-0.1555989417324831,0.36773808075734454,-0.21432136707265337,1.322336185913258,0.25837054174307733,0.35285088045573115,-0.6107250818645633,0.2681028717713673,-0.8104623713021798,0.22208172372590357,0.26702710470599805,-1.700444327394336,-0.5417073855781923,-1.2864153303728172,0.18709621551421238,0.11090033898459424,0.1189430616754593,1.5790671811003414,-0.3700159288381669,0.3916785497917258,1.2615243725932868,0.22395950651912233,-1.4408699148975566,0.997077587318915,-0.9788242023620201,0.17569980805494173,-1.2186456063416116,-0.8428829678498375,-0.5743498450242295,0.10543142266335381,0.4593728692478968,-0.5735590872483975,-0.19755108355270434,0.5720000000000001
-0.90359263262113,-0.08462183519159364,0.07900260444693244,-0.6981740162784974,0.22753296740520684,0.4367204480467187,-0.2581644373368265,0.04331532766000723,-0.6490178896369798,-0.41033435043041205,-0.3922139797487646,-0.7845821299956366,0.7433848005638137,-0.04133730669479127,0.8962516187986633,-0.45982834010211443,1.113323551783553,-0.8200365167334802,-1.4493920501056756,0.3280475773211057,-0.692338970321551,1.8964195011098675,-0.45551052852855967,-0.3538128368894056,-2.1305129588265044,-0.1418165490048512,-0.5127228134166206,-0.24628506604776793,0.2481692117265354,-0.18265236564193188,1.400263401695844,0.2772099638052116,0.3797060047007906,-0.5804632977101787,0.23977196272379395,-0.8107414503154592,0.17088952136934316,0.22491775561373503,-1.7176398172703138,-0.4699579896183856,-1.280581783703121,0.16420343405229954,0.06546347742560907,0.10488518041952659,1.4978114709540935,-0.34585212396646076,0.31800283627752673,1.306856190774916,0.2724192033395179,-1.3619634825238747,0.9894929660161663,-1.0035046411420825,0.18209760959572246,-1.2337797778234252,-0.8257169116867682,-0.492884238291652,0.13199988045757957,0.4908173530688367,-0.5543169147868537,-0.19154471490101127,0.5740000000000001
-0.9484274620600914,-0.09089623964451041,0.06838144597019613,-0.6713985547485107,0.27124952385617007,0.4871459974776714,-0.3436946122952824,-0.017590105064489492,-0.645978117067653,-0.42009130351224805,-0.4544939402791274,-0.7760013312460519,0.7726075416674719,-0.08942884983910387,0.8902176445530139,-0.4620551890829501,1.1860150441841468,-0.8099035928184785,-1.505920366473852,0.39257773882658487,-0.647920548854213,1.7460244298703562,-0.4444756087127705,-0.4001123529729173,-2.136785156839874,-0.17242836463680583,-0.4794982768295989,-0.1931051758178677,0.31973388252469814,-0.12334385143739757,1.3048108988443203,0.3110905754278116,0.3714230249940711,-0.5542553562818129,0.20414349973950333,-0.8578655301295938,0.21597124608963175,0.2672484318401922,-1.6780831193699224,-0.48840607839355815,-1.305598107241557,0.18195933414069682,0.0503251004912528,0.03746007259635757,1.5797218150615373,-0.21405834602144422,0.36009766601437254,1.3012075122322004,0.23204107854227823,-1.49946072521684,1.0214637996729676,-1.0364661444487886,0.1736171684715484,-1.2494586529693645,-0.8870922849890402,-0.49197593970740916,0.03409805261871135,0.5260071104293624,-0.5895934253910405,-0.2545321852979153,0.5760000000000001
-0.9820626599726434,-0.08482730606440071,0.0768959692081928,-0.7562290240211946,0.19833500956743638,0.44388356770960297,-0.2952361604429183,-0.03140371654879104,-0.7070104176189536,-0.45204816715769736,-0.5176032193767492,-0.7496842398965465,0.7940266318408059,-0.056263525276225676,0.8771320707081245,-0.41699276643221106,1.2601975236601024,-0.8095559888333833,-1.4866499046826416,0.48786368883700243,-0.7016940758444749,1.7153222773469952,-0.494110722015285,-0.4592830860951979,-2.1575098263082375,-0.17198582812419239,-0.46985303262778244,-0.24499946084248017,0.29122373427811477,-0.12499298376978976,1.260206439670922,0.35862494219918184,0.36447569716410366,-0.6014647163508057,0.3258182272114286,-0.8829075411021192,0.20692027880354236,0.4067640751499768,-1.7151094225737953,-0.4898747015862235,-1.306702921278485,0.07067668160384963,0.10718042765024689,-0.01849701194114587,1.4986881571518509,-0.28772621722087227,0.42674026278695043,1.3602307386445862,0.1838534779717241,-1.522509461368453,1.0285792304311674,-0.992025328217241,0.2287665947586353,-1.2297373365212718,-0.9216863186153141,-0.4558532085027245,0.04172458669811648,0.6083017364327542,-0.5149314342147195,-0.2804404002943053,0.578
-0.9996987251156019,-0.08545903341334381,0.15927289031551323,-0.7181212420539838,0.1858135128815837,0.34307864600658267,-0.250525869232255,-0.10994469191509922,-0.702932132594015,-0.4561073288260764,-0.5842906059127019,-0.7494821858755883,0.8295840472888103,-0.04063012638753991,0.8301800182734272,-0.4956354207839742,1.3324076006764611,-0.8144368716977286,-1.4305985402377754,0.4982239424305358,-0.7414202614175831,1.7031774175610177,-0.4843293530151294,-0.43210437089606396,-2.1700036786400725,-0.23174563797380582,-0.5359211742891941,-0.2758566057388289,0.3406455270123218,-0.07925904765061118,1.3186886944276528,0.36518756674957686,0.3867097800858262,-0.5823714537520978,0.2840473386834756,-0.8861978745660142,0.2229011978927542,0.41594334437049507,-1.76794535474325,-0.42889261072939405,-1.2792713193587137,0.047331008512430855,0.019710955387486476,-0.040797166177826416,1.5189202598010763,-0.3423383682162965,0.41001956146750684,1.2554656871554817,0.20863927186332598,-1.5918306140947962,1.0780353305432,-0.9896421138512453,0.28970467852290976,-1.2510722013069013,-0.9324080480618495,-0.44417085316271854,-0.009589067334752177,0.6489763731508328,-0.5322367738872099,-0.28435078725672397,0.58
-0.9780599206788062,-0.09707567503918119,0.12505297359839904,-0.6922449112039208,0.1732148201110221,0.3682120981442882,-0.2041690105678235,-0.14960747938880326,-0.7706823109263328,-0.4899570289336841,-0.47946265034912566,-0.829866298355315,0.7680702237767458,0.012153902294479865,0.8901229007826593,-0.4694317503118218,1.362877265296796,-0.8257796585745995,-1.4703653507671632,0.4773887699983336,-0.7967169107646445,1.7255998280554852,-0.4548124188764695,-0.46265493252196194,-2.2785481810021726,-0.23871931008560038,-0.5132597357401445,-0.3032063944040498,0.2722624682924262,-0.16268740559049122,1.2335161039287161,0.3283217001995444,0.3591369802087972,-0.591160655258012,0.35299460243783065,-0.9557815884281631,0.2545494375249958,0.48168069771218613,-1.7398718405657487,-0.3950898750147055,-1.2234624331078154,0.07276230820926857,-0.017102689101363706,0.0370298299056587,1.5488060815135603,-0.35943416231055286,0.3424847276282038,1.24393349800237,0.2331130682819358,-1.6576860336528418,1.092762929117917,-0.950219409427795,0.3061819619201479,-1.2917008529093477,-1.0062243546566119,-0.4688939740264265,0.04986559307208417,0.6942398626451725,-0.48240700632092565,-0.2513653463251963,0.582
-1.033738243384249,-0.06567536812529917,0.13330167165967635,-0.6994742548741016,0.2160647155387965,0.4022338781825217,-0.20530156549985962,-0.22099043794438558,-0.8162418655322332,-0.4379498512944526,-0.4749858344137654,-0.8171231008975317,0.6734055111349538,-0.08489418483080613,0.8635668540531752,-0.415755750343701,1.4287086464872474,-0.7917447044196677,-1.5201792646245627,0.41720992993401074,-0.8594472523742986,1.6796515289489666,-0.511880981153986,-0.40340041860836634,-2.293701058679589,-0.16490412875715343,-0.45023242525964713,-0.24592144793855916,0.25036577603945004,-0.16157704497080272,1.2234299669997195,0.26558266187170054,0.3549190328996153,-0.6619578473835765,0.38957749810349085,-1.0285952717970186,0.26324011149612364,0.5746896277321117,-1.7688959048856032,-0.39517200921552753,-1.213317164594574,0.004921327225430122,0.05097641833881401,0.03287009572880087,1.6229607822111287,-0.3753490002743274,0.32740364008673106,1.2368994854122726,0.23679200079430204,-1.6627858957280923,1.0885197476327155,-1.028987490909813,0.3070383237669736,-1.333673887516413,-0.9571701354740698,-0.5174994108302597,0.015999219455812938,0.5852123446933706,-0.5032861076771156,-0.24944973227995967,0.584
-1.0397098608176156,-0.0987925419202994,0.16607351690432004,-0.7158132167636003,0.22606136517442546,0.42014643976036514,-0.19317020744556285,-0.22620776142115692,-0.7962871196576994,-0.3734807514252756,-0.5437847828028244,-0.8309905414756982,0.6626301817623537,-0.12645053224863895,0.8439170397114812,-0.3833622477023098,1.4142029564780623,-0.7867282381892293,-1.5071094270183,0.37484209081665437,-0.8126825895985332,1.7072944711534035,-0.5163819808866779,-0.4158502365888056,-2.354863232002445,-0.1559694113761721,-0.3950644912665779,-0.23186119383935674,0.28801375023784387,-0.18987411759750583,1.2648977124912806,0.2658031621906848,0.37142095639959394,-0.719499039025207,0.3266521602096505,-1.0969051639470082,0.21096561853971124,0.5551522957572953,-1.7466764320592656,-0.4468279292943103,-1.237765663426135,-0.036566209108005024,0.04991250766226524,0.051497563934459714,1.5499456861687775,-0.37047735287595596,0.31551003815022993,1.258963390320587,0.2646155108621969,-1.6108801147325866,1.0884620503965916,-0.9786959116916094,0.23403669831613438,-1.3879719617063038,-0.8551410495291277,-0.6191278429311428,-0.04243182629357528,0.612384446104434,-0.4639864672936562,-0.26561031304700244,0.586
-1.0663910026439143,-0.15731265625792196,0.16840434278022579,-0.5992895654407357,0.20487367765799408,0.37815076987392615,-0.19094186050126907,-0.23086036728370346,-0.8165135250274138,-0.33789950929833446,-0.5553148668232833,-0.8435090479471483,0.6386038710886746,-0.10786762309234327,0.8662025999442917,-0.3270306256873605,1.3989849455321481,-0.7741697304047372,-1.4924613677174436,0.4869499625911243,-0.8542079234780615,1.7182029368535523,-0.49015579949271365,-0.4801347324083497,-2.3086157912047423,-0.15059809781125996,-0.38978678215858964,-0.2274170613340201,0.2611481050238296,-0.17381676809397903,1.2827027282619445,0.20283320796230447,0.35902114633793547,-0.795923373131986,0.26233454402231215,-1.1851760191451668,0.24989484529437306,0.5415146997903343,-1.6967777656663865,-0.43606876538116346,-1.176761865362279,-0.06533479297286615,0.0895330727857068,0.10515959890486007,1.5392369892973636,-0.44250542197927745,0.3432194820509357,1.2971035480231146,0.2523619956155046,-1.593549497081193,1.1233847555112606,-0.9134140094173442,0.25203888910936706,-1.3570286121643809,-0.940243045247544,-0.6490605777370789,-0.04735798379486284,0.6261844956723063,-0.49456363866003694,-0.22708958458994882,0.588
-1.0824503609041645,-0.21294141032596112,0.12112244949084418,-0.58947939749604,0.23445165097004736,0.40242922363259953,-0.18725807447086087,-0.299776542254962,-0.8968744116081124,-0.33309072658681416,-0.5819239671411738,-0.8356255345171834,0.7008924553044151,-0.13658925235586206,0.8896598318111333,-0.34624732255475327,1.3447484923044268,-0.7589911743582766,-1.5288609517920506,0.4886801920071997,-0.8839578864095051,1.7401295718329988,-0.4753008893791852,-0.47255228906922814,-2.361551551779336,-0.20876794283708217,-0.43967345460153945,-0.2271382957628524,0.3133209329931988,-0.20806144131178278,1.311454889378367,0.2086968150843583,0.37678009979397326,-0.7805677880919725,0.2819745738301904,-1.1996861662689906,0.20488443117349833,0.60384577174851,-1.7059596889650073,-0.5034617306492702,-1.1110833289961788,-0.05680509725752936,0.07264396925072225,0.10298319848443686,1.528812603612563,-0.4098825321684407,0.37912746854501894,1.2839237080696981,0.26762041856518987,-1.5212987625877414,1.0994657512094261,-0.8962052904145298,0.32412861849745794,-1.360857950083659,-0.9426241628671271,-0.5674891423403491,-0.0354050602506841,0.6203174673539456,-0.5640663910360861,-0.21709373278911226,0.59
-1.0073867139740569,-0.29458818887602667,0.11418574514880354,-0.6120853302095116,0.28528696403889625,0.4484236388191828,-0.22451703667776782,-0.33495648712060205,-0.9744675477921623,-0.27617564883960155,-0.5294432850361858,-0.7988766089229523,0.6472132325082222,-0.14218274566827133,0.9427139999701111,-0.28853627376149116,1.2571552147382379,-0.7521291720810073,-1.504561099831965,0.5360841029404222,-0.8436438442319503,1.8061965068671386,-0.4745510504252478,-0.49406958124241507,-2.407413994718114,-0.18380855751415187,-0.4238501544958391,-0.28331945966390637,0.269753329727705,-0.2543058238258791,1.3440769538879396,0.1957891765627519,0.33535491116986943,-0.7769190145548714,0.32113024364834336,-1.1908579609889764,0.19826809997130806,0.6124648748309663,-1.6974148231367214,-0.5347114613868833,-1.0685054681318673,-0.07239740973966212,0.0581492013137056,0.14306006014331843,1.566178755117817,-0.5417364526867067,0.42383468687645026,1.2347197101901777,0.25529162001167954,-1.5357568220856175,1.052373981648066,-0.8159704338302691,0.39735836089335563,-1.3884707972109636,-0.927048560389634,-0.5898663875904102,-0.014288931172134148,0.690540099403448,-0.6189654223115244,-0.27902903556501,0.592
-1.0547865244499492,-0.29027064089823534,0.10745449648573693,-0.618391631753601,0.2867686870098101,0.4249313270704756,-0.23951038987368004,-0.33958587971256005,-1.0173430688754024,-0.2599213485242699,-0.5259773526602883,-0.8574632534793935,0.6750081612660329,-0.06343255065257772,0.9470687694714113,-0.33369280822707825,1.2822542826452556,-0.7741518274458803,-1.458812625093894,0.564715558914323,-0.764264153923198,1.782484568134385,-0.4846855854642023,-0.5508966846176213,-2.41047534081357,-0.19591318630388327,-0.35825144855124347,-0.2870326247343899,0.30560295228617745,-0.32087104640115294,1.3213245205591646,0.1750293869138466,0.3455000042761313,-0.7287290485512856,0.3494587977129611,-1.2302379868069948,0.23903736228602296,0.6103280268848829,-1.7345237947793315,-0.5095448336827807,-1.0248527284859759,-0.0989640053725203,0.09782394387465751,0.17694850246252972,1.5465644033626782,-0.4862269953825032,0.41892768992264023,1.1618340798018145,0.2333092262266687,-1.5986332683546638,1.167956215177458,-0.8456693712633607,0.37615123271701517,-1.331033307527571,-0.9167013640759287,-0.6345564533577325,-0.12590379204680568,0.722219219046457,-0.645704947539058,-0.31703997639092274,0.594
-1.045647293291269,-0.2272730430913588,0.019068787766717388,-0.6604139804728992,0.25840952280392127,0.3625588534747345,-0.24316516126641344,-0.2930786126945676,-1.0494877853268585,-0.2252396156586285,-0.46593588542689507,-0.805360936036129,0.6339616282293066,-0.10975054655712391,0.9801920190464356,-0.3649654502754471,1.3198785764181535,-0.7674403908459235,-1.5101834167740376,0.5274283685291153,-0.819336181351422,1.731243717775325,-0.42773298385571085,-0.5967912402655604,-2.4212701830525005,-0.21837871848169488,-0.34593241326071933,-0.22933216322806163,0.2730547756648297,-0.3044115970722609,1.2687383674323753,0.16647823249230162,0.37391408292459005,-0.6943169932750628,0.3325037435764285,-1.2742448973045868,0.2516090024189083,0.6035015937423058,-1.7749942460920247,-0.5465259134529471,-1.055275664478822,-0.14221024324139891,0.14453632162889332,0.2295888915666683,1.5304845635728022,-0.45073815569588993,0.4380400681860648,1.129420728883197,0.19598983040988033,-1.5504741907819717,1.2299053305218899,-0.8128067722810914,0.35240794659706454,-1.3545269609091943,-0.9505932548400722,-0.7161328626190431,-0.15097299189135527,0.6815810330680779,-0.5782005067726207,-0.3012120467904825,0.596
-1.0122269703921167,-0.2492901038636154,0.049300026451242346,-0.7417319661713283,0.22497711001396617,0.33851480616542606,-0.30922652576118465,-0.38806549521600653,-1.0337224205847217,-0.2871618580919673,-0.529692189429642,-0.793676619014586,0.6573584918649304,-0.06887276935516089,0.9668533038679681,-0.33478376756627504,1.3013604051729168,-0.7678126510054015,-1.5983725399727098,0.5389958837559204,-0.8484715657903779,1.744092999656911,-0.4138025851822284,-0.491229651349343,-2.4112084983334596,-0.2308958938031446,-0.3730243986581549,-0.15604151581906878,0.2936717980498427,-0.3179237971907002,1.2908451092392845,0.26797827176644595,0.37619632825217353,-0.6712785484786443,0.3934552827137553,-1.2011322228571815,0.2330893589402983,0.5562691106160843,-1.7350117273250292,-0.5994726924207023,-1.0647436720919368,-0.09494135975253837,0.16151824061605843,0.17732861159741675,1.5452783903167453,-0.43346272638876887,0.4124327707015746,1.1558905534821433,0.2404054120039616,-1.5221100620190895,1.2439663235265794,-0.7391175694525098,0.44781233572991386,-1.3737092742726607,-0.9392110099228537,-0.6775047678099324,-0.13121402773576837,0.6499815288064787,-0.6252337856556933,-0.37239048981521794,0.598
-1.0488657886007366,-0.25056842904140897,0.08745415921254684,-0.7934710236807837,0.29174512779218026,0.35539929696273176,-0.3474351936852968,-0.37771511568116195,-1.0737658994750694,-0.2876213077176014,-0.5563483335450996,-0.8416388837768469,0.5907912612386929,-0.11994524012656843,1.0051043001039939,-0.353596998796002,1.2575230740754226,-0.7891901065072137,-1.693049484752839,0.5299802693780443,-0.888503354225523,1.753600180367207,-0.4239219957968592,-0.5143240382736879,-2.4492341281140635,-0.32086631574229474,-0.42048082099849377,-0.13390816918142093,0.2654028625993374,-0.23957197093389143,1.279015209289307,0.25594264342774675,0.42713265707983683,-0.60013925369388,0.4486371284869363,-1.2037921876790805,0.14960141492662646,0.6271563531162123,-1.7853291851723299,-0.6296091347337265,-1.0503762469747417,-0.07600968992371891,0.14445811867401376,0.16781200229925183,1.5589524088986306,-0.4920287936785534,0.4162178545365951,1.0801317270623723,0.185996216440872,-1.5190340839613428,1.2805489318518777,-0.6893033703389349,0.46858676346179495,-1.4070733391125072,-0.9710243143553127,-0.7215049708499061,-0.08681639503087586,0.6441762933953865,-0.5914041058260981,-0.3445186272643409,0.6
-1.052034178814703,-0.2691418090505565,0.12408334347976654,-0.7954860185989523,0.30308005468110244,0.43507705522021356,-0.36173072291272507,-0.37537037382120264,-1.027175310868758,-0.253357021836879,-0.5828588348495444,-0.9080107776326373,0.5807746801252303,-0.16930294721281483,0.9758453595019022,-0.34737098144024137,1.331057689409678,-0.8905701325926176,-1.7129044181360862,0.3856172204387631,-0.9385320790925948,1.7797869473268946,-0.4319382447352815,-0.5936802108367151,-2.4423450967582183,-0.30435689188680065,-0.44408210567214845,-0.2050186653388672,0.2074430681733699,-0.28389474076533844,1.3259924970983437,0.24849355944728382,0.38630145366063506,-0.5956492202531432,0.4911778550253249,-1.189854237132866,0.16172246758108286,0.5533106827642734,-1.7678510049170268,-0.6501400016368768,-1.016179772283192,-0.07214594982070972,0.10725796605965818,0.13879513552861886,1.5689205337776515,-0.47002779028270175,0.3986175539940927,1.1562034207614402,0.27840632493655726,-1.559209230271661,1.196623225623049,-0.6259548449729277,0.48212516518403903,-1.3481576347354352,-0.9459250107199044,-0.7542339281931766,-0.08668374398385643,0.6851505874070638,-0.5598186894743522,-0.29787170255685713,0.602
-1.0240870083430895,-0.3091670657484849,0.08666341894711278,-0.7876694267059953,0.2927935418222609,0.459790358946093,-0.4041659740247886,-0.3744460450742726,-1.0434104685520393,-0.19910076654827844,-0.5959722303764745,-0.9237239052233155,0.5100309559525292,-0.25066181919942165,1.024338780969502,-0.2669352128931189,1.3256459479663518,-0.9324024555879679,-1.6982619235020961,0.42078273970664076,-0.9084401281950782,1.8176139996150549,-0.4435880552310406,-0.6755501588578239,-2.52915027696911,-0.24122669928403295,-0.41977282415470935,-0.20745892726057832,0.20242109635850483,-0.326483934126558,1.3165271621954866,0.2532989116447916,0.35447003257192855,-0.6128418335307549,0.5338018735793209,-1.149642397932655,0.17071764725499114,0.5627289746608528,-1.8933509656999379,-0.6553499154656491,-1.010708208678972,-0.1557299227227521,0.1110169547619054,0.08863436856782547,1.5793641368162092,-0.44233624658680315,0.4078500278847981,1.1866421064350587,0.28314624818584005,-1.6643630080900693,1.2261030275599258,-0.6317569827540486,0.48483784254057216,-1.3541099187842125,-0.9591918873739803,-0.8223929570898313,-0.13201062138728248,0.6265521835346498,-0.5559907929661503,-0.2892595032865066,0.604
-0.9998048923134312,-0.24818430338596612,0.14311616427180834,-0.6898902903047688,0.34768352114668705,0.4956263460001747,-0.34545585322461647,-0.2920911583138945,-1.0719609140294666,-0.18489483723792496,-0.6247682910413384,-0.9311332728596867,0.4428086001114068,-0.26128434054605437,0.9843680985975823,-0.34445495183577013,1.3079637908479849,-0.947651660114701,-1.6184290959316958,0.5279397539375007,-0.8620194526320523,1.7809088019841783,-0.4087150639223611,-0.6632224857206158,-2.5275143176557564,-0.1992463961490923,-0.43851806813918304,-0.27714838407395553,0.13376499133302294,-0.32489449280235666,1.2914012999711078,0.23633217878049287,0.3607207000353772,-0.5936777190327591,0.561940177672502,-1.170647923139318,0.15048991306283402,0.6105518677778689,-1.9251849791759765,-0.7185764381163015,-0.9508886395156185,-0.10543920281936647,0.02740127814347272,0.08270368395263387,1.599745626948606,-0.5372582343195761,0.41599970340901166,1.1940496602735555,0.2935919902887178,-1.5920520190607779,1.1858474308853229,-0.642650016577259,0.4984646663073595,-1.3285384423459987,-0.9614911519247575,-0.7716976826817231,-0.08664106670538083,0.6297544864255726,-0.5181986758642478,-0.28835893702184645,0.606
-1.042987338062541,-0.276939856072839,0.13600047566923087,-0.699911365088318,0.2889314497725549,0.467358257825931,-0.3450736537246832,-0.19074779505952058,-1.1323252207326195,-0.23242679176469008,-0.6128424398152561,-0.899847585427912,0.43405349488232264,-0.22898871471126764,1.002473714436347,-0.3206101597433477,1.293511244595348,-1.0119401080007586,-1.6349213284623474,0.5165261092052587,-0.9178031274086546,1.7557092595974162,-0.3793912898268305,-0.5669142928839875,-2.5088264424379356,-0.19220601231706821,-0.47774057443105233,-0.2997138860122719,0.14908502195965415,-0.3532840110390148,1.2278172601139663,0.28184700645858585,0.40045960288151716,-0.5862467490943581,0.5664458518549851,-1.1657270561746829,0.08271777022493171,0.6527087749155669,-1.8999645569378472,-0.6538202573373831,-0.8748617792321933,-0.1674777452723244,0.031072318722664992,0.16409671474425092,1.5960526226149137,-0.5535043439038451,0.41147559616538926,1.142281661270987,0.2888469256554081,-1.5805640475627323,1.182657932389779,-0.5713203437306896,0.5198548939533444,-1.3945746079202694,-0.9462450898349282,-0.765257976044914,-0.03545421881133879,0.6546548584344433,-0.5148490575147596,-0.3151170876247345,0.608
-1.0176182832002942,-0.35097525892522724,0.07745798658748551,-0.7575397604115702,0.3278298679178189,0.4716789022198269,-0.2985695462010715,-0.16386036118109706,-1.1135877724815186,-0.2848248633092764,-0.6275323760826894,-0.9162656644449314,0.4348252324653093,-0.23737111997299104,0.9882553698037948,-0.3579703663560439,1.2647168662689094,-1.0743229667325473,-1.5917967523228311,0.5201686565361631,-0.9692802718906885,1.7119163564421784,-0.3982928316341278,-0.5358307239277137,-2.5409141768864623,-0.21462774863075973,-0.508614740220815,-0.33925429918181094,0.14847810757359495,-0.37153900254197264,1.190210551427381,0.2692101543895494,0.4157196371183081,-0.6349710017405414,0.6182492205626817,-1.2085260268998952,0.056733631310995056,0.5832740036642338,-1.8964519586277324,-0.6472282041946739,-0.8737203158539574,-0.24376924495333896,-0.07556874858798554,0.17237354647211495,1.5917908514911139,-0.48964927089789867,0.41014853569898746,1.1041764636945588,0.3397810783060049,-1.5589395340249697,1.1708230241957296,-0.5314568341140148,0.47245937066708343,-1.481639370467199,-0.8811046738338151,-0.707568121920512,0.023747564040890866,0.6310115618556135,-0.5268012176002799,-0.3930078056044959,0.61
-1.0762143378323137,-0.3108592483516119,0.09078434059043822,-0.7709782461638657,0.3613977237172531,0.45005906329982753,-0.31969895503567985,-0.1778324572076754,-1.0169185370805465,-0.28076913985522334,-0.6954590951212183,-0.9577426642963709,0.4685142011918241,-0.29813482426791826,1.0267494401882455,-0.3396061201844566,1.3348849020644025,-1.0361418986678783,-1.5435084808837882,0.47775818717118396,-0.9551453742264558,1.6886355761852498,-0.47146504387884147,-0.5512411477902095,-2.552187033522321,-0.20213197536740793,-0.5317822855860196,-0.30187473628916717,0.11783112441523988,-0.33374506932004755,1.226100061085391,0.3083293606848032,0.4676456236784677,-0.5405871124141376,0.6566079896719051,-1.2578262063492913,0.041192563724297394,0.6005896235641716,-1.9715580387293998,-0.7289630418809061,-0.921739354147426,-0.24084921304619333,-0.08580952081717627,0.18719260486242018,1.5854617927868353,-0.5375727634946875,0.347527451493862,1.0990177654917124,0.3833258601525638,-1.5392013232312811,1.128966563035462,-0.4801673782051755,0.5439048084117013,-1.4170975576225593,-0.8708407650074065,-0.6966853262119515,-0.03236044037968169,0.6329460509707945,-0.5897524720091712,-0.3545585747471728,0.612
-1.107019874137077,-0.3112082082339317,0.07644771363817875,-0.7487704300737743,0.33394327395137835,0.4981152715051778,-0.22728426855236722,-0.17778435574677692,-1.0196684896262227,-0.2616686830230432,-0.6970960012237905,-0.9834637648860596,0.5107366845989326,-0.2642229561899284,1.0573067895162553,-0.3429173309278355,1.3339505743487332,-1.0527273019525187,-1.590228338676579,0.41501619800377665,-0.9034923793657879,1.6641168557377035,-0.6451331555364328,-0.45926279059540076,-2.6136447545720407,-0.24704442706605176,-0.5457064837648289,-0.36115771062912755,0.08001328910952174,-0.2567567062236841,1.2442064901271455,0.359998592737807,0.5114302504772268,-0.4788571478605657,0.6899279480696995,-1.2043786863729997,0.009551944585083391,0.6023395273831871,-1.9283250416085218,-0.6564688917625583,-0.9522310908842044,-0.23651353800220898,-0.13682676033850016,0.16038608084335065,1.49647760412836,-0.46455694069660913,0.36510455687713406,1.1332577679771674,0.272724141593637,-1.605172057694418,1.141659917449794,-0.46657228324807243,0.5586360641391712,-1.4476178120155385,-0.8340212857536955,-0.7810163529146688,-0.053375601278636664,0.5998967292184828,-0.6004843624920612,-0.3334857907035188,0.614
-1.1430683742232715,-0.29854287475907687,0.08968659928970539,-0.7594648098012328,0.33120873635538595,0.48021617648735415,-0.21439921861803043,-0.1285258647542478,-1.0109379598358692,-0.2273238228746879,-0.7282526554768668,-0.9891654261693625,0.577471295705126,-0.24353262110932986,1.0238766253559168,-0.38386779965327916,1.2720318220534828,-1.0529096741836215,-1.5672039308704173,0.3894276824098612,-0.9104119123773493,1.6777028938247058,-0.5866025527944646,-0.43891508467850987,-2.676936968728918,-0.22417143188100083,-0.5198960918713287,-0.416946158364504,0.05843364823720931,-0.2523888757687774,1.2685155527739294,0.40596507351699596,0.4584932684475155,-0.48708919254404215,0.6254799351260705,-1.2295408249617183,0.012165987223050154,0.6131971885180098,-1.8656765456915314,-0.7056578613049203,-1.0128579639389852,-0.24275393224520364,-0.04804059049425706,0.15987920403908745,1.5475915237693607,-0.524976851749527,0.39180928035013696,1.1360579371518174,0.2974949367233966,-1.647104141138335,1.1800213525781071,-0.4360810038244432,0.6083210251466088,-1.508431668317277,-0.780641313175153,-0.848505336515674,-0.11673504625318427,0.6904394520689295,-0.6429807473612402,-0.4065213862378397,0.616
-1.1740827098801978,-0.26657194130795087,0.18329374592646164,-0.7138598717213986,0.3355856457739133,0.453311579206952,-0.34013900299542676,-0.20778712982316117,-1.0819324537513737,-0.18672174253410218,-0.7394542746812172,-1.0446102154793588,0.550689088734683,-0.22688217241440423,1.0394509002167738,-0.40073913248038123,1.3730994956822187,-1.1744583019983703,-1.6432257453655597,0.3672965556005761,-0.8684621036962734,1.5997677357177855,-0.6302445354401074,-0.508699226270913,-2.669635098976067,-0.1498656147367518,-0.5604973486244668,-0.4050008445117041,-0.03559078540131809,-0.23600947895304522,1.315156288338245,0.38656721451924364,0.4888007669637569,-0.42129488332778803,0.6770667743780402,-1.3161370081246875,0.0669970011001698,0.6709492689358002,-1.949366228356868,-0.6670073137955129,-1.0353219703372685,-0.3047677346319842,-0.06039389476294649,0.17750955284973882,1.5612981809720046,-0.5468724505713496,0.4346172479625725,1.144336408314718,0.3038784050276151,-1.6272225988440905,1.179358843046269,-0.47838036130375605,0.5879161215877334,-1.544865261420447,-0.74010087559874,-0.8696089128657816,-0.22521539683249076,0.6179271772664844,-0.590600619139905,-0.49377057197110563,0.618
-1.2471615458205998,-0.2788935995158711,0.13842463793747747,-0.7131190021942544,0.366410566465736,0.37171959954122846,-0.25288453931703386,-0.22284234697930116,-1.0041355003711658,-0.236083616759462,-0.743272900608381,-1.046680591057082,0.5787907794066804,-0.2900842187289044,1.1025158269982076,-0.38941515207624344,1.2749586675645181,-1.181902885957726,-1.5746300824353248,0.3471679898879339,-0.9359349185769031,1.5511367168109416,-0.6544705212968879,-0.5164148300469518,-2.71077223863301,-0.13825112424978347,-0.5113181069147048,-0.3431190896610367,-0.052188633888789165,-0.24032986669528947,1.2900733464456184,0.3501640924443138,0.49656645287244244,-0.41757058547777437,0.6504423956,-1.2963519969228412,0.17914722895364132,0.7016781511986425,-1.9788039406311713,-0.7647704385740993,-1.0364025542701265,-0.27082864081675945,-0.0516868731329054,0.19373761182885565,1.5278454567402386,-0.556476719245468,0.4284307937782877,1.110318854343627,0.39889684928512104,-1.662418523786787,1.1664234332234469,-0.4688855647743078,0.48516827443822064,-1.5173033384082573,-0.697916021864559,-0.8596405851990877,-0.30257913185604124,0.6426009027925386,-0.6418833188037968,-0.5038412575719283,0.62
-1.2372164036707798,-0.28349452650646156,0.18351572615235978,-0.7474641696064767,0.3157111606424821,0.40057238618106117,-0.22052956357340078,-0.27121347817225183,-1.0124549988916536,-0.27641478588755286,-0.720484791558549,-1.058243963709649,0.5653380801350574,-0.28510985431267744,1.0943087236866957,-0.40318688859491497,1.2573340392368206,-1.1747818215588623,-1.5725542647304689,0.31273403021455015,-0.9890201345324796,1.618212315534481,-0.6687521710698047,-0.4995749344480709,-2.6152323334310505,-0.16920412552369948,-0.5623277247398747,-0.2852515897345616,-0.033314799335854156,-0.22167032746974658,1.3550006333217945,0.3223850660543676,0.5583224072981052,-0.4310072522296221,0.6700183314506054,-1.349439990685438,0.15612228485023424,0.7143836669251865,-1.9824825062739047,-0.7222256925253495,-1.0547558991381996,-0.28780763108946356,-0.04908099626742519,0.20011036648457445,1.4991050716615628,-0.557396177152551,0.3888510966513682,1.0745971204707359,0.4024163827615487,-1.600980656247878,1.235668650634168,-0.44886254701244876,0.5173850284926046,-1.5500209275897479,-0.7139994107959181,-0.834016907637697,-0.231579110245131,0.5611829040869394,-0.6486631752135409,-0.5430790110370038,0.622
-1.115758864492173,-0.3407580965483336,0.22592277190859097,-0.804239433573869,0.3303411044565835,0.37125126053759194,-0.15709235230395502,-0.19312815353601837,-1.0161107535195446,-0.38615861942335306,-0.663962609416752,-1.138304243292001,0.6763465044085546,-0.3023039871241962,1.0937858458356378,-0.4530713003103303,1.2700633886837782,-1.1828587156977302,-1.5167619685387532,0.33276518082756745,-1.045899431927559,1.6413943390381278,-0.6117057332758689,-0.4290639211645187,-2.6106273508923095,-0.16872520693663748,-0.5710362720956841,-0.29708433396372325,-0.04987800556832735,-0.2686795166280983,1.3180803843517703,0.28162280717245136,0.5511345609998989,-0.4633646119939698,0.6749200735070362,-1.3100329829219708,0.1181662405948932,0.6684421094739376,-1.980998557059879,-0.7004507693439604,-1.0741798502047966,-0.24783853567601222,-0.039364467192782186,0.17413273178308036,1.4767518383602272,-0.5574373033474517,0.3472833888368752,1.056484868841861,0.4760448166885227,-1.636058564959559,1.2791840134884183,-0.4110807181283745,0.5014953648246722,-1.558701764777546,-0.6917683770938517,-0.8076787551716045,-0.21785234401527828,0.5714051810553755,-0.6546183159085157,-0.5343959584308989,0.624
-1.0855369409797844,-0.3603220405574625,0.2759741795044697,-0.8434679127429834,0.2836331155733378,0.3581128751448798,-0.12455148701722776,-0.19854446962467864,-1.0749412818771127,-0.3920401771044374,-0.6405038415505501,-1.1922944560001294,0.6669051164854216,-0.29464775449824765,1.072825548233415,-0.47491969974158704,1.2446917816718344,-1.159217629370929,-1.4922239935341224,0.323136627904132,-1.0591639015335328,1.6746765820042608,-0.5424124779232092,-0.43989459269778985,-2.584019974717457,-0.17163176564838353,-0.6133481340944206,-0.2673589759956483,-0.17104124878179044,-0.28329920164409705,1.3123088201614581,0.3202911372701161,0.5894493188036221,-0.504927939401901,0.7029994099140817,-1.3484251134840664,0.1256371807856375,0.6497172283708292,-1.9065008728963149,-0.6567648677338531,-1.047693842496167,-0.2410601830275462,-0.025683232984858445,0.22093318099632792,1.5539147745427178,-0.4885650545405808,0.3492193649564376,1.1586299888310796,0.4785790732799921,-1.6406278290072827,1.2926106615654533,-0.46076697207024336,0.497612842743678,-1.5560046091980997,-0.5772592364669975,-0.7652485208421251,-0.14529449334062217,0.5837856673244881,-0.7204267882877059,-0.5951096131774932,0.626
-1.0427505527653382,-0.409813567221035,0.2967249545310286,-0.8188066702640567,0.30850933750829285,0.46075030819982177,-0.05727907861963091,-0.23249829621347495,-1.04002227444392,-0.31614374602044043,-0.6314080587474672,-1.1693217190386895,0.6990883541509507,-0.278986637798976,1.0792898453217599,-0.5715959863196881,1.2735275801926977,-1.1804116601391395,-1.4599238520658417,0.24040376188312884,-1.0683112632440626,1.7682553798887815,-0.5683771329325974,-0.4906402851076347,-2.5164944756540177,-0.12496960475786867,-0.5593236542175347,-0.19425007335523636,-0.19081363162999856,-0.26199561732363635,1.3107004329658833,0.3907620698040528,0.5681048672778823,-0.4360310633739521,0.750689952328847,-1.3131837587264152,0.09167329102965519,0.5897521305573834,-1.9287014391563142,-0.6794258478783778,-1.0730004289838306,-0.3625171534360453,-0.09176936527707255,0.1591679962783065,1.5298675158532506,-0.508713705148841,0.35339264795224834,1.116765332661997,0.5126065028078762,-1.5999673422878837,1.3422368240146128,-0.45773800619193267,0.4360193949367575,-1.5893326073649907,-0.5544930637660993,-0.8378128894303054,-0.1734823683818187,0.5602712479435811,-0.7070133547700708,-0.5389925091552685,0.628
-1.0081271889563448,-0.3644233565151913,0.24285718578659554,-0.841263507973906,0.33103350627097755,0.5049908117506566,-0.1188544581765687,-0.21983697737651117,-1.057248454576629,-0.39386700949478876,-0.6030974333192616,-1.2206404461904792,0.6553460836447365,-0.24907264677213456,1.1193370627580808,-0.5856976799572731,1.3014240605569323,-1.2242506991288051,-1.4876295707987437,0.29476756035157814,-1.1209320781182308,1.807324912025258,-0.6555032133665516,-0.4944534828441109,-2.5628133155118316,-0.08934576426561802,-0.51836867939297,-0.2581225604597548,-0.20601214339090135,-0.2926390236231934,1.2482620473946886,0.4034475315660902,0.5692558001335677,-0.4308575500411372,0.8415595869745103,-1.2997030009832082,0.10991500766793358,0.6595141416928215,-1.9216125866901927,-0.6889824875510908,-0.9626767348256718,-0.31139128207294703,-0.10126828221375775,0.18382006430076764,1.5367652985143627,-0.4726990212503204,0.31506689953064765,1.1457528039947287,0.4779885704847383,-1.592980154234192,1.390978268561026,-0.45030785466544304,0.4129846569033189,-1.5664037961900499,-0.5704370510649489,-0.7918091503098503,-0.2096903606829915,0.5620605756528074,-0.6334096169805051,-0.529226675091217,0.63
-1.0036177508200055,-0.3697171887963262,0.18119809657805844,-0.9043279580891634,0.3361289858471493,0.5518960045872439,-0.1048408164775228,-0.24965780605022206,-1.0164549475338636,-0.5084593698498634,-0.6840173271739172,-1.2453276063165761,0.7069158676144542,-0.33362494507901636,1.073789915227677,-0.5767191218515256,1.301133453651137,-1.168239129253193,-1.4776522504364773,0.21213357966936852,-1.2017109451886092,1.8018451267058835,-0.7085653058571986,-0.5062707343490945,-2.549531992190463,-0.043648786616386666,-0.5197084307727704,-0.2052659772404246,-0.16437056113850207,-0.237313954307219,1.1945862290315026,0.45151756083966965,0.5404761203204407,-0.491467914214072,0.7992341226765161,-1.3520343351767325,0.08550993020492832,0.6846815934883685,-1.9318949296867671,-0.7129070081959976,-1.0183653030146345,-0.3435322599451629,-0.13868083688016095,0.22461468210583457,1.6143765176935176,-0.4813349170744945,0.29044675256874974,1.13009301438882,0.48010304735275394,-1.520196089192977,1.4045014940964076,-0.5023378490425614,0.4322626728527296,-1.5772344887276972,-0.611578241593662,-0.8496532436469566,-0.16520725703653039,0.6435211718472461,-0.6350435498480276,-0.5694628645736407,0.632
-0.9529216184453191,-0.3755803149539598,0.11048538093661277,-0.8064428905688215,0.2447967849963245,0.5622564758592701,-0.13962571674819965,-0.3417603413990164,-1.152092603537093,-0.5235695142546034,-0.7168236924590555,-1.3053546303852885,0.7416572589308997,-0.2888376817164941,1.1213095171595129,-0.5864360578976392,1.2477403749972433,-1.1406479600122583,-1.5123445669373583,0.16577732162308811,-1.1397506889649884,1.7883797210318535,-0.662760651033419,-0.39070201373111696,-2.4673942344310307,-0.009593657030205233,-0.4192462337794305,-0.27156873473731674,-0.2253711057911599,-0.28852152966765054,1.2176978489813903,0.48012941738120446,0.5525117822515453,-0.4984290972056124,0.7942919454470652,-1.3719624903749943,0.09194533095157482,0.6184542647084035,-1.9454955893817565,-0.727631046268306,-1.0471016554718933,-0.4654999300857879,-0.0887362559120317,0.1933031441314138,1.584794771737378,-0.452873519968418,0.33274235764951304,1.0154999776884908,0.5005265309042062,-1.5486299995339783,1.5114118465362385,-0.4718058775776731,0.42996747727406737,-1.493357195309944,-0.5570216554848568,-0.7778262520977565,-0.19519054574404796,0.6349160959092423,-0.6808835580187714,-0.5400514034962794,0.634
-0.9214089946319007,-0.3541908919336665,0.035113888610880134,-0.750290419015243,0.2287419488519248,0.5036722271748936,-0.16644197740291267,-0.4029884728682401,-1.1316945380053534,-0.5199676444934079,-0.7003694964140176,-1.2451773230324776,0.6543860137916784,-0.2792455463150506,1.2095722712530868,-0.6064666281736272,1.276351111165493,-1.173851712092382,-1.546834553448583,0.20393580975075362,-1.1004560863887562,1.8064222302807265,-0.7531130334838055,-0.30583595056475277,-2.4355792043380644,-0.018394786877927206,-0.3923438297293353,-0.24669817752011627,-0.19384062871532248,-0.2924795444282562,1.2174226069606888,0.4925831005186766,0.47802195675361375,-0.6026577176545838,0.8107614667166445,-1.2656252471073226,0.15634135603786953,0.6107143288778517,-1.9510600445381723,-0.7303708028364868,-1.007195917970722,-0.4625283570818826,-0.04044765017588274,0.2037180794332167,1.5906999561329824,-0.4635723926755284,0.31506231367292326,0.9822124354541852,0.49771193138666175,-1.5284909240461697,1.5400736832357005,-0.38397643043480145,0.4162557350991794,-1.5434688169955324,-0.5771149593603105,-0.7696570341927883,-0.18235750673663376,0.6347868045558964,-0.6576145928199083,-0.5377473679978506,0.636
-0.9000407085195514,-0.3613142317131928,0.001962639231529055,-0.824390325938233,0.27416049890994637,0.5325242780030613,-0.1270566837235644,-0.3913044520633939,-1.2250826566467135,-0.4879282787923383,-0.7107500777698023,-1.2205811709158747,0.6743292433975716,-0.25935364002573646,1.2075093528202192,-0.6062900224507833,1.2808120376566454,-1.173425994084794,-1.4936827912930557,0.17965555874056027,-1.1014683053294116,1.7742382852146172,-0.8344791482671154,-0.284153897197648,-2.4274387336104564,0.03559722326933561,-0.3183660021053715,-0.19353511987928046,-0.18339570677450986,-0.24116477230029368,1.2226695663008698,0.5176291590501021,0.4239231406496958,-0.59390178106099,0.7503055787270082,-1.2295235129305901,0.1802637300359846,0.6265854267834845,-1.9283448191087236,-0.8008332659257013,-0.9940253931209663,-0.44460678119821456,-0.019485920464239366,0.21525047200243042,1.5505398390497063,-0.41807080301544036,0.2877123376282825,0.9823790607641716,0.48145466628507977,-1.515884538742567,1.601849380288817,-0.3620658420385533,0.42674492179209683,-1.5848351812911987,-0.5520514231887477,-0.8665968194221213,-0.1515847856527447,0.6777134450646681,-0.6870436027945209,-0.5754177853605285,0.638
-0.979780137110229,-0.269460133595097,-0.007839825484080354,-0.8328811440347941,0.29247483018229253,0.4482766345209054,-0.06529784898822125,-0.4161936316633756,-1.1899706907368504,-0.5434175604806141,-0.6750894740787843,-1.24695399455093,0.6255238885724211,-0.1499261924477303,1.1898742525105306,-0.5495141614015728,1.264570147385876,-1.1185052540902556,-1.520359540890793,0.14863497322031682,-1.1187113794797383,1.8200195508991572,-0.8271557182347202,-0.3025539854378912,-2.4222129984490817,0.007689817400940949,-0.31538284566898744,-0.2873893609943405,-0.11914397044639924,-0.19652163421852117,1.2343944263504003,0.5026094214203296,0.40160339962763136,-0.5760515316657693,0.7445517232036195,-1.124289340104922,0.1593486461228562,0.5341845287348492,-1.8791457674649825,-0.8487548593274917,-0.943517609297371,-0.47851926065204026,-0.004348553884167959,0.2018661259789472,1.5226660182503815,-0.3937942876860802,0.23806481966753407,0.9710183348272472,0.512282960644875,-1.5295310568541576,1.6010791620894904,-0.40030996764917615,0.42743486527604674,-1.611302201115642,-0.4271810108490805,-0.8313569336096017,-0.05125241591292584,0.6853468832944125,-0.6956298568182435,-0.6143051859922216,0.64
-1.0287804878469413,-0.2267391478039508,-0.00035087854897035507,-0.7619580554830369,0.22525128894003288,0.48079919817478933,-0.048346470137671356,-0.41144381152399245,-1.2130148050306746,-0.4268826960969882,-0.588399666209298,-1.2707890374302113,0.5780979387522822,-0.11021666261201447,1.2096094297840003,-0.47572366907050667,1.3099371472074308,-1.0718084206619896,-1.4844023229649574,0.22763630404772395,-1.0417421949142909,1.8457671696913982,-0.8822799417475122,-0.3837685611579441,-2.416645928847032,-0.022495824589210327,-0.28570970601080126,-0.24512641440961808,-0.07589268636660505,-0.13118461307345464,1.1910492487481834,0.4186276845387585,0.3547002140607736,-0.5401608383681139,0.7543779584618279,-1.2562027486450353,0.18936980992186744,0.7050306896866803,-1.9261117395987533,-0.9223263652028235,-0.8859919370802339,-0.4424890739919221,0.013123432672854832,0.19829177863638098,1.5679785872202634,-0.35222352187131417,0.2005540252409386,0.9874089329688065,0.506507488443447,-1.5696049961989595,1.6075565064644315,-0.42266354386890964,0.43248997561292085,-1.6114304447228471,-0.47145014264177365,-0.7743228842752914,-0.04898814842582478,0.7267523200246998,-0.6449874210414449,-0.5903911040399407,0.642
-1.1774323222482834,-0.2455756852572847,0.022785928268787285,-0.7553807326717663,0.23322013776643993,0.46894549366230653,-0.015504345730870249,-0.3587257487171269,-1.1844270359087563,-0.4479989245201085,-0.6427410228324697,-1.2161434979724843,0.6202733928511226,-0.15825855723950205,1.2329359268222297,-0.5059925424731395,1.2263937470665607,-1.0928758706254724,-1.4953667391197247,0.20846931785957867,-1.0653704217402322,1.8541154510722877,-0.8768512326278978,-0.4426879923772826,-2.412912129342014,0.04624970740434428,-0.26368368759038807,-0.22957351832681383,-0.07439173034074938,-0.04289053488993233,1.196952158787799,0.39674090865560624,0.4254287801303835,-0.6223935365738841,0.7068903242243628,-1.30451994786153,0.1977799532895721,0.7429232111416849,-1.9570463564469318,-0.9126862034568675,-0.8534152423214172,-0.39918063352435,0.029874931175522996,0.23639044507322016,1.5672904692390952,-0.3371932489687248,0.3090905994705639,1.023912951769547,0.5259843929467779,-1.5331259306754013,1.5885024207893876,-0.434753223562192,0.3137568464512454,-1.6221621733505756,-0.5272684884169011,-0.7830094338041909,-0.10080638025541383,0.8028176613870075,-0.6326676123034987,-0.6620121567108134,0.644
-1.2526133228565877,-0.2663681249887956,0.021138353393929603,-0.742507992734814,0.24026087547195957,0.5078711616236767,-0.028711846896638187,-0.3637088363647521,-1.1830486364522028,-0.4327299652588168,-0.6454360975696933,-1.175472971797559,0.5835467678790819,-0.14325563906483568,1.1346683657026362,-0.4619993771987533,1.2722588532937054,-1.0455837687833889,-1.532283426091357,0.19391043563613236,-1.047000324582306,1.829998194835311,-0.8479231488993411,-0.3981699750840969,-2.3478306372938507,0.03351159982035137,-0.3184872750452623,-0.20089287581515966,-0.11074075850445811,-0.14206214207791795,1.23895828803186,0.37258170823502934,0.3953736082123673,-0.59550365108219,0.5504809558963065,-1.3313013245804313,0.19159785732508605,0.7765288590810013,-1.8798183089871525,-0.9662546077989189,-0.9147751192148691,-0.37571754931029944,0.05914510182512778,0.2623952055262637,1.6423570008023693,-0.3838465997407127,0.336962159480758,1.062319196087214,0.49069621598044677,-1.534156592311164,1.598625089927393,-0.4089770513924674,0.3098732621182137,-1.627570860233968,-0.4814514744163916,-0.7974478051096541,-0.1544364635292011,0.735034464172392,-0.6075458124453939,-0.6313087870655165,0.646
-1.277787589814384,-0.1981907825397961,0.07774708331249836,-0.7542238983415813,0.20799686357816755,0.48615271309836866,-0.0579104445568589,-0.3933200261892245,-1.0734329555467945,-0.4356304788203927,-0.6934991488726451,-1.1717572468521364,0.6327119214183607,-0.1520229667318683,1.1329245094639007,-0.47359242732761414,1.1825492136520313,-0.9687887549938375,-1.4801506407057827,0.20387351362758976,-1.0743746898812168,1.854818622599164,-0.8291901171340721,-0.3745474553319833,-2.3082224416458867,0.10799529733817904,-0.34487466589710314,-0.19080995952249002,-0.038160394905214556,-0.21432470267961284,1.262286320043701,0.48442529207921936,0.3490485840667213,-0.5788543695597442,0.5524906428975473,-1.3042501356651848,0.21843342226598367,0.8163141664344284,-1.8381902324104573,-0.9273305285437945,-0.8805752827083706,-0.3809086596536386,-0.015484086771329522,0.21596470665078601,1.6920895107723788,-0.3690640372160912,0.30540908319393273,1.0526437074550703,0.44579857607306905,-1.5506116581675118,1.6169687186265125,-0.39836584334146746,0.25208850804455657,-1.616805415196396,-0.5019247876395452,-0.8527588788815913,-0.10738628503960793,0.6669709416067072,-0.6467761894238078,-0.6233784838771768,0.648
-1.3089901444288794,-0.17345192919760513,0.0852380749965902,-0.7439840633027395,0.19340465827539144,0.459657691493533,-0.15922928279183235,-0.4164093856098561,-1.0441666059448969,-0.42082325493702644,-0.6283475297293076,-1.1446584553460928,0.6756868561326252,-0.13927220604897894,1.1592749681511572,-0.46276632496055214,1.1901961226151865,-0.9805941631745444,-1.5542082200741136,0.1610243581804904,-1.1276912126739715,1.8368516068181353,-0.7645840092193626,-0.3455154057051416,-2.2387064851784007,0.12737454238166185,-0.31765910620851495,-0.17094290261574707,0.08368115077361744,-0.2798877263633464,1.2559714017854031,0.572914246472588,0.3724063924562384,-0.5772706920702939,0.6604151839614945,-1.2398714446339243,0.21198120158544598,0.8018240225869522,-1.8011065350754318,-0.9212568625124398,-0.834691933044276,-0.4081053528179209,-0.028405556049836234,0.2175789580633092,1.6947866181477644,-0.40700817151973706,0.3161189808503319,1.0413755448302118,0.43981790266531406,-1.5966098898131704,1.544348862192765,-0.4485551178551351,0.29078513517298143,-1.6274085423983236,-0.5042967191815817,-0.8273309171055114,-0.11632698414815285,0.5823983296058666,-0.6674170994628161,-0.5829560899575208,0.65
-1.3750860069703261,-0.16403809046394338,0.01343581037648936,-0.7121403759199358,0.18553550440782857,0.4797396078019615,-0.10138092006311611,-0.41201930571873685,-1.1273640799765723,-0.404759393165124,-0.6062028240204111,-1.141346975944863,0.6621266302571657,-0.1794447602264975,1.1592355812755923,-0.34962952927167396,1.1479772632669138,-1.0600117291217914,-1.5240154386951121,0.14283922983751846,-1.0993154801692202,1.9395543615012083,-0.7507579768996392,-0.324572027152183,-2.1973166999596225,0.11725728548107066,-0.29107050472984763,-0.17574126772969273,0.09830646139792008,-0.271823917459625,1.2647030411758722,0.6191779003560569,0.3894949813452933,-0.5575089036139912,0.6497104711121365,-1.23439112146695,0.2374778715612706,0.8232125194530256,-1.8756421511522483,-1.0255702782640457,-0.9077511359342129,-0.4753824960000169,-0.03145934327319826,0.26148482463224865,1.7593665746777343,-0.4810400900622973,0.3233545545186884,1.0237886969456322,0.45718170382060686,-1.600753045622476,1.5266271122372777,-0.4006444897090578,0.26141049151731033,-1.6881644372216598,-0.4614980397075017,-0.8421441457257176,-0.05845513872562161,0.5754476816928328,-0.6599849797702101,-0.5550160052356777,0.652
-1.3402572928040777,-0.10341879228426712,0.016861130855076522,-0.7387797572746708,0.2226408024730906,0.4459565206985229,-0.07226171990060938,-0.4640725532943653,-1.101354139460935,-0.40182279790381553,-0.5934636357279075,-1.1465903438100045,0.62928974831463,-0.16610573524773264,1.1487608821691502,-0.353215282095683,1.0698385931553367,-1.019344887229954,-1.4942305866601915,0.2100824647091521,-1.043917049332138,1.8723713916517988,-0.729186782184935,-0.3603615544139249,-2.26992426497341,0.08459266001367949,-0.25110805661286756,-0.18816554593579382,0.06899518791128074,-0.2642242489047632,1.243983965239497,0.7126183408437115,0.29841081947978987,-0.6017963002203847,0.6587952304388126,-1.2423752975406954,0.26501290110749215,0.792005088839262,-1.9510720392431435,-0.9649383012532238,-0.9357811451943211,-0.5444214368848873,-0.03195471092907031,0.33139303045656127,1.7603162840069781,-0.5024957700504583,0.31792678725242063,0.9821008740489567,0.39573076174150307,-1.6015047265405704,1.6034780951213559,-0.345833245622102,0.24979784982809228,-1.6889045017780095,-0.43821343254397604,-0.8447902747916362,-0.1106140303984113,0.5959285032172719,-0.6102003081110227,-0.548252097171269,0.654
-1.3249669708525367,-0.08669357454816451,-0.00908112850333451,-0.7583993641955452,0.20919946933359823,0.522849865186024,-0.09290603965603013,-0.430330866688331,-1.185209240848047,-0.43020212665037827,-0.6208793717423265,-1.169949826337123,0.5665454416133193,-0.22346101395775342,1.2065415269448485,-0.4219038563028261,1.050708945830798,-1.035072210424599,-1.4444541615654083,0.2312376019049156,-0.9910515059531444,1.7973017522737196,-0.7737249339112344,-0.3834675251302412,-2.247619218416273,0.12185811574104699,-0.21766682643697507,-0.21832210925860815,0.034045590493194715,-0.1688714920508388,1.1843919700053724,0.7096512951720202,0.3158773295634338,-0.667668937348566,0.598313116447482,-1.2363207595245065,0.3178384826492959,0.7755058886368049,-1.904514718708092,-0.8680539846470593,-0.9907767622427759,-0.5946120534996259,-0.019219952579306695,0.27068191557214255,1.7530357843355617,-0.4817236806905477,0.3435509582048865,0.9944872166052507,0.3705793088349802,-1.5517251765330653,1.6555065799502924,-0.2997406586339918,0.2512902664749768,-1.7104039266095368,-0.5067613047216027,-0.9336359415663013,-0.16941076882752262,0.5880730004590841,-0.5466301402462334,-0.5723749428103477,0.656
-1.3541509814348558,-0.09719426231366897,-0.031313609219968584,-0.7093453993025955,0.21255242007389957,0.5297494278159731,-0.16672945628364477,-0.40266461690215427,-1.262038789848057,-0.3782876034815207,-0.6285162652513455,-1.1290789446028708,0.5947938309678622,-0.23374754264518943,1.2425910718121076,-0.44276792429385387,1.0411493332138024,-1.0142979046354632,-1.4065510384492041,0.3028162628688176,-0.9911305778688361,1.7933648986617916,-0.7677383131395693,-0.33846751393464,-2.249048285870376,0.10078262469287087,-0.27252077537637465,-0.16907900434442674,0.013777036834962349,-0.2505428050607745,1.2208133675513495,0.7621225169062615,0.29641552699477824,-0.6523111830703234,0.5606530772362254,-1.2715275523648921,0.3438331121760964,0.8376639088994385,-1.8398979428617086,-0.8388611020132775,-0.9331916623379926,-0.5806522503828321,0.004279693034905534,0.22470812417466804,1.7959798509653575,-0.48613709957919765,0.31036980391179575,1.0547452241257047,0.40596949470620197,-1.5769681658177397,1.6573242793031129,-0.23923545348656852,0.29341839665915603,-1.6678232917524356,-0.3697418785431365,-0.9340077855675742,-0.1593318025325386,0.6172293097344155,-0.5854666551715744,-0.5638057171114945,0.658
-1.388417857192983,-0.18341372881010037,-0.028952328583513466,-0.7787031841825373,0.2215408504673101,0.5699890448446021,-0.22520144677825776,-0.39450819043187213,-1.2468434813334948,-0.3370442977146115,-0.5846923307693536,-1.0908126602352333,0.6691337360500802,-0.21922710500994053,1.254943042460347,-0.5150415449689635,1.0457807260333907,-0.9067779862126732,-1.3085015785990843,0.28158800872427425,-0.9699167356062719,1.8367136603984628,-0.7413508898505399,-0.3623610879288732,-2.1646910672479667,0.10243891056747015,-0.2872107837203412,-0.17207493529951323,0.049669773927850276,-0.28704508682414565,1.2449996030230455,0.8100843099845393,0.36237528451475887,-0.6184841422626601,0.48455246155510967,-1.2119991789286666,0.46779328215417304,0.84429666767666,-1.7941214395042195,-0.8559976821172913,-0.8806573427400677,-0.6044875746804763,0.07708561794595765,0.22029268744290337,1.7749811918457687,-0.5481693935344607,0.3272024206828747,1.0959230670062285,0.37939148548104396,-1.576231691490493,1.722289193302145,-0.2307937147059879,0.26331816963658483,-1.7395152285571371,-0.38007109517720195,-0.8824445896326929,-0.10561915064780517,0.6656526088875578,-0.5808411143789033,-0.5777174049431544,0.66
-1.3731622563376469,-0.14549842595219287,0.02202144779378671,-0.8048854157888821,0.26115513501681115,0.5492355381387315,-0.30280057401922167,-0.45088436009201127,-1.2429810622000066,-0.3104194821503888,-0.5409037838466998,-1.12297168598924,0.6414484550521481,-0.2177640522086037,1.2156872149724096,-0.6205064529963207,1.12535242205762,-0.8436440339947275,-1.2578045481308353,0.2827178797570938,-1.0179365192752774,1.8225364988886832,-0.7799096970562511,-0.3942311338898398,-2.203880924741962,0.07241603311176696,-0.19968608115319086,-0.10121171324765368,0.06211871755305658,-0.26682688913576325,1.2892146964606381,0.8181044136927415,0.3542436789673972,-0.5357741915779384,0.4907784033969549,-1.2323331250096154,0.48471915486075406,0.8518911328658658,-1.8490058854455942,-0.8006559243366057,-0.9773190560796007,-0.6720292804461308,0.12981891092533365,0.12272480729326143,1.8275030039090063,-0.5622822976458385,0.30844252742312683,1.0099161371596281,0.4006800994948523,-1.5281006271894357,1.6782334102455927,-0.20735891669647813,0.1915571967741982,-1.7976302503479469,-0.28159237191102865,-0.9051876017046485,-0.1647167002002103,0.6155197568452472,-0.5949838003309339,-0.5852961177216167,0.662
-1.4306359570956855,-0.10521677148214117,0.02221064698562061,-0.8810052375703328,0.22502013572735596,0.5435954655940838,-0.30565593686667947,-0.4264779968756861,-1.2168875266504722,-0.24283728906415664,-0.5660183926603848,-1.0744371172432057,0.6380606375928116,-0.2595982077892543,1.1575314641594823,-0.6751669655044354,1.1253044751405494,-0.8969258940493418,-1.2165056454800975,0.3023986386774556,-1.0142016251795152,1.8374017860342637,-0.756774229861976,-0.4346463583561731,-2.239713687754238,0.03908799972544257,-0.2924680151404247,-0.05791474087807967,0.07339219370035048,-0.27478192477564956,1.2625914815549806,0.8633010766909278,0.2654528184452297,-0.549736006496227,0.5284808725751233,-1.2801239875209978,0.46678913756155205,0.8404899911018754,-1.7673982745482584,-0.8042698185152939,-0.9745909020173675,-0.6878697987401209,0.11082927403044435,0.11521153262622574,1.799280776531371,-0.513736617908428,0.2878587081887083,1.0214651263332464,0.44288984993198216,-1.5522101218448638,1.7033347631183609,-0.19528932987920228,0.16910935283359957,-1.752628400822753,-0.2246993973320825,-0.9208285583625486,-0.1804915803612214,0.6497167132105768,-0.6037593068842696,-0.5660172636762035,0.664
-1.4095440991029167,-0.1785244175620601,0.020654224275464962,-0.8805852508318688,0.21448006529961777,0.5235274632758721,-0.369656226380074,-0.3943482245222532,-1.2487618443202522,-0.2771180543762033,-0.5964601074825823,-1.0428984188189308,0.5851886557674847,-0.28706332130775497,1.1332557037676638,-0.7299542109308309,1.030436331213725,-0.9642556832109577,-1.2265229014576895,0.37349078497578225,-1.0560299794536065,1.83704229849548,-0.7948628519384179,-0.3538777312556124,-2.233627958137464,0.11299077071911554,-0.30540471798931323,-0.09933389802683526,0.10951744714154216,-0.33285697587316904,1.259275205806416,0.8569286773101129,0.21115931750196085,-0.5364654953604595,0.5733807998372138,-1.2906097126802651,0.5127662652310445,0.8133296559790628,-1.7961223054239819,-0.8346316386105941,-0.9403265622550461,-0.6103373190820129,0.09885004493061739,0.052894051554023346,1.7564846227946969,-0.5182418134202555,0.26818253346362747,1.009797990436198,0.436674030262187,-1.5961880226007037,1.7612202731295221,-0.2539273885242303,0.10851722836918587,-1.707985583574663,-0.2677143457719446,-0.929125844354509,-0.2359494573248828,0.5916112194683546,-0.5637967153112856,-0.5999570981513924,0.666
-1.404443528025868,-0.23850646869655281,0.015505283379441348,-0.835263360604438,0.23870151465149383,0.5260535701151312,-0.278632657796146,-0.4450296344464555,-1.237936259012354,-0.3057762752197608,-0.6155117950005905,-1.0943155639772948,0.6264231422686809,-0.3039121120005006,1.2353973288175208,-0.7077225972824183,1.0000648907242093,-1.0286508254254112,-1.2184132587053538,0.44451139852161303,-1.0120107394749271,1.8532962217394968,-0.8093818970992269,-0.3374242498405874,-2.2553018316997235,0.15620303541369,-0.2966674926599621,-0.11423217365254364,0.06879279107364716,-0.33477094259701695,1.2734657494527355,0.8203354513009341,0.21909759334080772,-0.575478287979884,0.5689623238885697,-1.3549097265533603,0.5326934910213416,0.8169791580357985,-1.835382796309204,-0.8587461665872589,-0.9575362031212094,-0.5633487337675582,0.09703508800987834,0.05944315500888801,1.7220745844993641,-0.546194435570251,0.25586254248021634,0.9403328807336585,0.47640397025159487,-1.6334825829148079,1.7656203499224168,-0.22092350255490684,0.11842889685120388,-1.702473571270533,-0.2734470901369737,-0.9581062664838312,-0.2074921273809012,0.5370552151676963,-0.5611882504893293,-0.6479324127466762,0.668
-1.4661829487493498,-0.23269379059269618,0.03511259776607023,-0.8851209052342969,0.14354529946629802,0.4607495194583802,-0.2337533151110685,-0.36767146975852305,-1.2851300369390388,-0.2609642842644557,-0.5750423773671337,-1.1012762122343265,0.6322431083152712,-0.29741664573236704,1.228595663425928,-0.7105538130092353,1.06041903255338,-1.1058946077326646,-1.2009423001802202,0.4693635836056329,-1.0313613792683165,1.8460168580900491,-0.8462733548794555,-0.32257654012722237,-2.262485493643485,0.16885202563250845,-0.3459711822911868,-0.1764708030327612,-0.00926866065029737,-0.3271818208798265,1.2228400629764653,0.7533555725359588,0.16195821722366519,-0.5688073553006416,0.5862075866654177,-1.4001775685467082,0.5489076435629411,0.8205493635310698,-1.8381159923869281,-0.8466574173684449,-0.9623571311367728,-0.5758371639864744,0.0032335591725251717,0.11273591891818831,1.669859159395087,-0.49612655372770276,0.20923724187194626,0.9270535920673644,0.4815568865773908,-1.7463615801504166,1.7205701091044212,-0.2248176863331289,0.15812726249882528,-1.704107613615859,-0.3030136276031169,-0.955909159569713,-0.23525221220689788,0.5680775741124382,-0.656179470554882,-0.6474161438154893,0.67
-1.455351292148501,-0.32743993333074956,0.027829604988178124,-0.950256283318113,0.16744761784903558,0.48230835146501216,-0.1942370521701796,-0.2944037465364317,-1.2673514473199041,-0.29859278748611784,-0.6743775100303327,-1.1416444731972466,0.6155561172696583,-0.24701686962297953,1.2038186472628385,-0.6878132813119102,1.1201335650911575,-1.1933542792654788,-1.2056849637036504,0.42489473988175364,-1.0236347131579662,1.87348989057252,-0.8668642643020953,-0.4070813202084413,-2.346131911187544,0.17557814207227995,-0.4193433130452517,-0.1607520978512852,-0.022285809138460212,-0.2805999875727213,1.2623736142325412,0.7704291414455579,0.13090342628022975,-0.6354362287098447,0.6389635524686448,-1.3606967457615782,0.5539986730867792,0.8643978863446776,-1.8226624603486374,-0.8654381790100129,-0.8783717508067824,-0.5000057407244666,-0.04806492829718723,0.22000386381416942,1.6885098167197452,-0.5092166945598385,0.1784288079857117,0.9235952597006911,0.4755422487933251,-1.8175403983002294,1.7797156591573353,-0.22396949478893644,0.10925696076174553,-1.6597159018401155,-0.33452110027553084,-0.9649102118208294,-0.2132777787754817,0.6122267949858098,-0.6275610543057675,-0.6665805452254892,0.672
-1.4110380960287106,-0.38292383089847315,-0.036004300586562905,-0.992663335598301,0.16217692853083868,0.5301929408434952,-0.18909766658208138,-0.3384056952695138,-1.3427534975839617,-0.3016593780316119,-0.7429135859834893,-1.149407493468694,0.5511177481921912,-0.2749350188360703,1.2259176799141476,-0.6609705794408336,1.0837590391474439,-1.2200841113236316,-1.208684240594028,0.46234376579457737,-1.039899715886879,1.8793938014202423,-0.9214023965481352,-0.40452342166367694,-2.3552431806609997,0.2138220801184503,-0.5361794733445535,-0.2082534443523083,-0.010970845365762925,-0.3192442521593783,1.23684039528924,0.7729213639129128,0.16684224194337377,-0.6789107924280374,0.5777077193460635,-1.2942233422750278,0.5700095303611876,0.9022046991906654,-1.7728150500024855,-0.8323101375371718,-0.8745530045770465,-0.5559727338928689,-0.017785350412628815,0.11899236263307962,1.7131311458082685,-0.5804959049979908,0.2505570792245868,0.9043864557432647,0.47659124351651555,-1.7549379102938543,1.7373008112803976,-0.20945277519678202,0.2534287931454137,-1.6923937021401803,-0.38216981984731424,-0.9712645576763438,-0.1658815689904997,0.5870233441949139,-0.6717083920013839,-0.6424310000008707,0.674
-1.367028029276646,-0.438011127095232,-0.08377432133270801,-0.9511624355114638,0.1289623801030712,0.5357278743180608,-0.17514311936700813,-0.31827665199215655,-1.3323336942914739,-0.21590375636776224,-0.6651531059474213,-1.177949728650297,0.5203833322654801,-0.3127359346283174,1.257264870109535,-0.6273182507830852,1.056327725313434,-1.2221126029624922,-1.2172249542706755,0.46611590577983625,-1.0292845222068618,1.8760184110646236,-0.892675882649566,-0.4267408567755038,-2.3667750732582715,0.2811272621768494,-0.5504552826585251,-0.14993497659727942,-0.04156098068283832,-0.271854851077203,1.2686180080776273,0.7531308716149158,0.19347650229638344,-0.6714542732633143,0.5365092798205455,-1.2054729183299562,0.5705558632132209,0.8825212693299721,-1.8127954097982963,-0.8804454317232068,-0.8295144926494509,-0.5884253187445485,-0.011005417769426897,0.16103341791959708,1.7114492775610615,-0.6465079072063921,0.25660717252488435,0.9592450193598472,0.4469984080815764,-1.6948694786955172,1.69709856463532,-0.18843585334793442,0.27112496214714515,-1.684730603591503,-0.3472958448666025,-1.0048226237309361,-0.22879346927130978,0.5947230981124926,-0.621861562183922,-0.6623660227179731,0.676
-1.4345787525854372,-0.4405007656015069,-0.0473514713170458,-0.9548144328843825,0.07020291891773389,0.44685438372127656,-0.19454917694724458,-0.3403790932886884,-1.3752195494550705,-0.26465956193521795,-0.6573271487820785,-1.1369043873094398,0.5143441664373797,-0.32293098172346707,1.28344147907312,-0.6420084334360666,1.0465100784317496,-1.1868453369476555,-1.2212646518562904,0.47240702816414626,-1.0198755375696429,1.8356834903493096,-0.8892642028724709,-0.42194226020403575,-2.457168930022251,0.29545803873437654,-0.5965544365267592,-0.09625699761237641,-0.009464152291687178,-0.31730581837943866,1.2359617791088866,0.7013943397696637,0.20456481711379684,-0.7146988849850818,0.5780859896382545,-1.2016989696074065,0.5601430226136024,0.8226693361134219,-1.8524301255488083,-0.8846911133582862,-0.8597410669499697,-0.5662598654323472,-0.040290497151434165,0.24839859817144466,1.672984185186168,-0.6795106627271558,0.2334730746316574,0.9618705719488171,0.47643286793025097,-1.7482799109268468,1.6655487447800243,-0.22085402467475757,0.2983370718917787,-1.646697912954626,-0.3770588535267998,-1.0047843246882697,-0.23479732237677672,0.5304367459388882,-0.6348924703969526,-0.7056953822041306,0.678
-1.4289001364402913,-0.3800779565352667,-0.017528318027790733,-0.989603174182247,0.08247783895942047,0.48226208675008975,-0.2288484078539883,-0.323859377374883,-1.3998927391383225,-0.21212541007297725,-0.6612494278449437,-1.094876882558838,0.4733447811820696,-0.28876568554373183,1.3470508268677155,-0.5355993680518796,1.0260142458607915,-1.0904902014728524,-1.1901257280620656,0.4614889659640837,-1.0312721415619972,1.78280104662181,-0.8677072860563733,-0.43041187213595794,-2.4290311802252065,0.2710860211960785,-0.6355310595910886,-0.019758630709527172,-0.0685673754774839,-0.32000124783802236,1.3022474046569057,0.6855336980817256,0.17140657942336096,-0.6875083693191415,0.5760590230440191,-1.1794284304985396,0.518058182834527,0.7360025933770522,-1.8625475099486668,-0.8939146172708595,-0.8317824237419135,-0.6152870950493454,-0.07128924944628368,0.25818063810074415,1.7375898471955509,-0.7033540850683471,0.18429426203858087,0.8785105021759441,0.45295044501523324,-1.796629238606848,1.6576564789547004,-0.24604104830885354,0.33159255395114345,-1.594067931834075,-0.40933784760875563,-1.0427914067055566,-0.19164082453971026,0.4925432543955191,-0.6065904454110693,-0.7003939661851067,0.68
-1.4087768488800787,-0.3974868007014003,0.010144501379583403,-0.994136884855458,0.05789605448525112,0.5099352373545348,-0.2479603301505081,-0.3387961381766932,-1.3555468463727696,-0.2654576894261993,-0.6747838999246626,-1.0617372819129338,0.5118134493705556,-0.33975195797671975,1.398004233902589,-0.5491127616922481,1.060047467923167,-0.9827438453075555,-1.178564198880293,0.4534592310842218,-1.0241176907107035,1.8162625153139291,-0.8487803057364971,-0.4077081336772438,-2.3926340709250966,0.3149270961844845,-0.6427537667509915,-0.08899438569832596,0.04129151036305731,-0.3178048189626893,1.23893562885252,0.6541424631033603,0.19483490693417232,-0.6886678304933218,0.5704737606267452,-1.1911912499654413,0.5220837976019228,0.7323168667313147,-1.896348709740097,-0.9408852069087343,-0.822292621532908,-0.6637293512524427,-0.06453689515550759,0.24258764288705048,1.7729511089552894,-0.7639238466499371,0.12008653854308854,0.8511856011477674,0.5011402207048485,-1.8207921278398755,1.6392939100046093,-0.2895103413222243,0.328034086645991,-1.6393132164135884,-0.3963746488305572,-1.029190048267705,-0.12214185027705936,0.5670105301330461,-0.5759189709493787,-0.7406771032336134,0.682
-1.3838903594624437,-0.4328185046234244,0.05293688827528428,-0.94223521676844,-0.013635019835185225,0.46425786856119117,-0.1873943048397363,-0.286706353764166,-1.3395716052287028,-0.2982068809537271,-0.6505860754554558,-1.1228087541425862,0.6102349182538966,-0.2986472070403825,1.4250886031146521,-0.5614495476454539,1.0277257691339745,-0.997751997340448,-1.142641658077859,0.5097928053315566,-1.0448435257649065,1.7530458674812495,-0.8069495566545419,-0.411624926755358,-2.406054577093227,0.32617933563602675,-0.6178416361357134,-0.024753767726591866,0.04279980727088582,-0.3024098490541593,1.2801033344759727,0.6182618665817076,0.14645883042393504,-0.6264861636909518,0.6035265359319809,-1.1230917553662438,0.5348367593006433,0.7031717403126422,-1.9290589955967026,-0.9226752569313859,-0.788716789390161,-0.7072182575068491,-0.0735407689794881,0.21019522157763693,1.76790638485113,-0.810216381609887,0.17279664319234445,0.8816541216911202,0.555940086070465,-1.8029292292830426,1.6218990818624934,-0.2321336850586643,0.3378071278368098,-1.6375129824872328,-0.38242277847857986,-1.0223903246262391,-0.10269555989488575,0.559575084715365,-0.4795335774957324,-0.7356702604272806,0.684
-1.4302383114755917,-0.4491996505817402,0.038984501512733874,-0.9844179399088065,-0.09720366565822142,0.3736339817705229,-0.15084096229373178,-0.34903943812188953,-1.3446971186676995,-0.3084945029728575,-0.7599228133667442,-1.1836233983514712,0.5804929768741357,-0.22799524719233882,1.3952496044949878,-0.5863970223240613,1.0300354071691216,-1.0176577566752927,-1.178975979848816,0.4946224859938275,-0.9232363562440509,1.675168487919171,-0.7639144210125959,-0.4443557517181383,-2.406160599942069,0.2726778289519162,-0.6915066520077959,-0.05313665402045102,0.031185380956966196,-0.2605192331168734,1.2497032938889576,0.6448125517078758,0.1863783963592514,-0.700369631729144,0.6048195035754026,-1.0887723521276111,0.48729733055502655,0.7484341621927135,-1.8743632181090537,-0.993901668481796,-0.7500450290295259,-0.6871757529997569,-0.13319842947415172,0.17359246401376288,1.7351225303448217,-0.7751755781040657,0.12351060017254101,0.826619783915754,0.4558787136845232,-1.7035911474309382,1.640685371639494,-0.21399717933137505,0.3316873470943275,-1.591441465708472,-0.43503803283400677,-1.00599271683451,-0.1420784620186728,0.47500376887534207,-0.5124247619230281,-0.7100219920324935,0.686
-1.4890655397176857,-0.3705550802441406,0.054602915193011546,-0.8928936903421653,-0.09444994569987272,0.31166531723019614,-0.11654422598516312,-0.34179143182188704,-1.2929443513501653,-0.33251671403372957,-0.8074601954411272,-1.2006126708328784,0.6283755538974789,-0.29625678131412797,1.3251045793374843,-0.6934119427523708,1.0093051207981873,-1.0463817438224678,-1.2064137540509103,0.43647149699379595,-0.9091966684682488,1.6337848019545094,-0.7503447812431825,-0.558607764214597,-2.376936971405595,0.258106849750969,-0.7117784390929106,0.0022787440165627365,0.018855583941720017,-0.27994663435925465,1.3435739615896196,0.5937302598746846,0.11513326775762456,-0.6933565960295516,0.5668648574086145,-1.1061834652346054,0.5063475677533119,0.780435619299411,-1.8788656693597106,-0.9925466608769937,-0.7283491840188836,-0.722382937375709,-0.14068992096859465,0.17482266371665448,1.7442736595875012,-0.701525822998012,0.11262770635209436,0.8012607869921415,0.4735202930887979,-1.7619158086894713,1.6882165820640298,-0.17915894644799157,0.2835645673903339,-1.5949656387109934,-0.41207298514862906,-1.0273913298914932,-0.07711512006155356,0.5280359549023759,-0.5477789221648487,-0.6608999158672321,0.6880000000000001
-1.488622393755404,-0.37518779621582454,0.07607398918641159,-0.8793153954620916,-0.11762472984186709,0.26774477131925445,-0.18204792018701926,-0.3084360075415237,-1.3922674623435853,-0.36717015338671316,-0.8349463621667997,-1.2560761388682065,0.6435291494594022,-0.29145037923433287,1.325122540669081,-0.6832184632866358,1.0294666372993566,-1.033501816609495,-1.3533114808499729,0.49527487840570417,-0.8384833008789859,1.6975700379356762,-0.7062538627421898,-0.5021247007890263,-2.3642689141849793,0.2618509116139095,-0.7550003568945601,0.03051852301454741,-0.06436646367647425,-0.18734700609494825,1.4059273900204263,0.5925705883575794,0.11436271868150158,-0.6772457152380303,0.49481215934904293,-1.0791592441192475,0.49929230283518367,0.7950732543590738,-1.8553369525755279,-0.936748574608097,-0.7665906014903092,-0.6526406587419393,-0.16305264913663203,0.1847073830866096,1.758229028858405,-0.711182161045727,0.12980606609328563,0.7299313804087701,0.47826092133301773,-1.803047705986913,1.6943192022917966,-0.2349998729029219,0.28199569586580325,-1.636789908809309,-0.42026186429212614,-0.9941754242259433,-0.08991314611632226,0.5310801687711176,-0.6066866177407554,-0.6954746081405093,0.6900000000000001
-1.4867942325608239,-0.4473933244959547,0.01593345712411999,-0.8588205825289071,-0.04811238574450265,0.20655447810508754,-0.2337827384777274,-0.2782725226115213,-1.422344616906424,-0.34881091544163034,-0.800123367703091,-1.3725877677250191,0.6279230277936395,-0.1863872037271129,1.2584838069784603,-0.6737081167984468,1.0175499841762023,-1.0096049714970923,-1.417914328346934,0.5705523563388676,-0.8788632748575046,1.6771015145444115,-0.6187788564540084,-0.4852605162148381,-2.390647850732464,0.287023010805954,-0.7648917090073296,0.09342223007979673,0.006714229730584845,-0.13024467032782605,1.3755456527058227,0.5897584351239649,0.19242880588938815,-0.5727121011777654,0.49835354292427153,-1.096025901578502,0.49330778136232817,0.7732728564951412,-1.8785427601494562,-0.8432048168405175,-0.7426937190365722,-0.6321732744515132,-0.10341044303973296,0.22331447737002175,1.6764649017729574,-0.7003471203387264,0.057991592823334825,0.735537493323682,0.5123824107881504,-1.8258033802036975,1.7494882474580984,-0.2348673739658425,0.24992660667045727,-1.58155240208826,-0.36801282443342953,-0.8600318720991323,-0.11112559508836797,0.5116103109367329,-0.6844011218785996,-0.678387386912651,0.6920000000000001
-1.4932101698023132,-0.4096784520826568,0.09878911191169974,-0.8583216664536041,-0.0678675876824885,0.16030945559406173,-0.20060422702233677,-0.22173168225526943,-1.407033908799558,-0.33549656804164946,-0.8347012673747545,-1.3833263286872652,0.5931201158481537,-0.1573906143331091,1.3154104634094723,-0.6191372149709856,0.9674878575506731,-0.9726661331460439,-1.4742192088718737,0.5687666833322716,-0.8507734594985382,1.6151749854230408,-0.6217857495894203,-0.4334233021983169,-2.33964312357227,0.22830657228144957,-0.7253436322956919,0.09930279520709992,-0.01101213438463763,-0.14335234648565637,1.3281631438442263,0.5809962248983351,0.18630536585476304,-0.5366345436730314,0.5296821066913551,-1.093337856768073,0.5314396599868686,0.7757999721177619,-1.90725242847574,-0.8272725142304299,-0.7821093314919021,-0.6754538294180682,-0.14341485450840272,0.23999638872561438,1.697337603806762,-0.6601788928982799,0.07875997203846616,0.7421919790256291,0.5469238034218803,-1.7869443557382605,1.6589569114751568,-0.17181593011105736,0.19755720030015442,-1.5953638730626574,-0.3424270844796311,-0.9171287477971626,-0.11825511728702037,0.5072869748430416,-0.6910316343315495,-0.6912633535297267,0.6940000000000001
-1.5205953390832512,-0.5231519870591539,0.14656579606002673,-0.9129461179138417,-0.07225470949840021,0.18282777761691804,-0.22743966069018817,-0.18969667354383493,-1.392844874833715,-0.31933098976879265,-0.8523641006332019,-1.4224451232617192,0.5716781096193329,-0.15795847836264418,1.2824513664570891,-0.54383623541343,1.0544011063985532,-1.0080903511754242,-1.4097298296856715,0.5387663919279098,-0.9527691720955944,1.67519542368499,-0.6118757617107541,-0.4726212344423076,-2.2718458064478595,0.2050779332700897,-0.7302672261595354,0.09044018639881043,0.017689164760065233,-0.14068417819675424,1.4120823746852689,0.5276488444529888,0.22014337568935002,-0.5229294811510055,0.5425576710748924,-1.062986896104695,0.5507306251843666,0.7843545355668611,-1.9292655890818255,-0.8544621774392647,-0.8057309939529178,-0.7147785236806649,-0.13276612557360415,0.17823455798018306,1.7348691484345298,-0.6780484542860109,0.003587575620529443,0.707567966253326,0.5465183583866495,-1.806068341070226,1.7282750228598884,-0.23213350507773578,0.15997246177424643,-1.5284538976207527,-0.35032688707275356,-0.9494392936492039,-0.1599575610314179,0.5232920748569078,-0.6697406676697092,-0.6706296441753984,0.6960000000000001
-1.5784539772229205,-0.5951357768755771,0.2047222761783424,-0.8583140474710891,-0.08337238432423746,0.26162700226926355,-0.3061092991929704,-0.2561703059906522,-1.4083578558810825,-0.3080355851979585,-0.8547391859634699,-1.4521783825546282,0.6109561039921219,-0.13001776934269746,1.3316900407316397,-0.4800081596947482,1.0327970912931848,-1.0500831553363095,-1.4370491417884461,0.5197367701576605,-0.8937832268184851,1.6574827601972189,-0.47158540813247835,-0.4311685597434774,-2.2441221288316564,0.21853925089260165,-0.6806150466264288,0.04048282968888053,0.12076732369378704,-0.15444146402002384,1.4661407271217721,0.46344783474311113,0.2311677563292245,-0.6112257972048933,0.6428346851618089,-1.117644951942877,0.5012784974017681,0.7873296148664648,-1.897930755156077,-0.9156500451858558,-0.8276807930521052,-0.6423126828866265,-0.053858631903076076,0.18779714180247267,1.800598569404277,-0.6964036554099499,0.041392640886075964,0.7066904412786449,0.5036802707027103,-1.858543839595248,1.6861467226561766,-0.21313764312942146,0.17290473776206247,-1.4879778542778748,-0.3308674320003349,-0.9749839516413082,-0.15728549389394705,0.522739729824947,-0.6512808574089455,-0.6174384165650099,0.6980000000000001
-1.5526023899270862,-0.5869916071433104,0.20802661229279437,-0.8246335018120448,-0.12407729624228592,0.191711732262632,-0.3106024728429191,-0.2917957950788682,-1.3956653110400403,-0.2998061455145073,-0.8121346817277035,-1.4218371086791994,0.6853489283751387,-0.25527394423489935,1.3996655565197755,-0.4415301518778887,0.9196433841894903,-0.9823249189706929,-1.413590553501534,0.5496157009041754,-0.9605182527964363,1.6439353408067394,-0.4965983937241341,-0.4178134165130913,-2.233850991573926,0.1973239507488959,-0.6373448986822311,-0.004109216810442989,0.10800421427872034,-0.19117130617411435,1.4316272433508956,0.37384175177210965,0.27736642699201264,-0.6672450077046227,0.6188815448469068,-1.079073021158048,0.468369030167045,0.7488337687046005,-1.9277590085058804,-0.9668960894624791,-0.8451272948758187,-0.6606994980416048,-0.05711977920327343,0.1929758593898282,1.7808595865176693,-0.6317144902288211,-0.0002884528126681843,0.7526307763594449,0.4581245322145417,-1.8366398217383244,1.7288181961287412,-0.1473059634545688,0.25626607250956274,-1.482247908162533,-0.32811893748356186,-1.0174132214551412,-0.14933335926117083,0.5108993624970427,-0.5756023462129569,-0.6528208060140493,0.7000000000000001
-1.604418081991052,-0.6027380495890152,0.18248824654421447,-0.8692397833593449,-0.16209193111278425,0.22472648726190378,-0.29914073906996524,-0.25778022702501757,-1.360943268277743,-0.3119855638939843,-0.8401399936535302,-1.4196423724040592,0.7244268837943499,-0.23826007268705113,1.4887459063171715,-0.4107378084004684,0.8721132447387998,-0.9827690766553802,-1.4470073039647275,0.5654552982804214,-0.9417632522223358,1.6188901602043684,-0.5153913874203054,-0.34637171230488484,-2.181485701196975,0.22927323532919477,-0.622970988508653,0.05056828634305254,0.0664969782779685,-0.1353461037403517,1.466795871544757,0.25841590558570615,0.31371883960857067,-0.6601934536879823,0.6182743376316004,-1.0661936724424097,0.4499380930759954,0.7844045947224051,-1.83709016241709,-0.967292271247363,-0.9038768183639221,-0.6233085126204402,-0.04864445552385521,0.18358786365833363,1.7685368974875069,-0.572168556245261,-0.025946197239495865,0.811035026101977,0.5171414421341484,-1.7819028241693042,1.7276112292781167,-0.1021629181162606,0.1946303324955096,-1.5105892150268536,-0.33671981623401515,-1.0409031010658896,-0.20261173963538415,0.6203679158269619,-0.5711957264394544,-0.6276124329097748,0.7020000000000001
-1.6549568831986332,-0.5877729506603472,0.15883125647676702,-0.8682879911308675,-0.11529008944908173,0.18325141185881608,-0.2904623135186683,-0.2637410405095681,-1.3123286752794177,-0.2964534579955135,-0.8541484794664664,-1.459389754847037,0.6846331083163513,-0.2096481129541849,1.5167038240760782,-0.39738671447831964,0.7850562220901107,-0.9486054832161727,-1.4200988178839054,0.6196367235335118,-0.9195189864132716,1.6452031283810673,-0.5312850946451938,-0.3771588615307009,-2.233128811876768,0.20295340168687503,-0.6305140407424711,0.08856572483306993,0.06393925796545746,-0.14150640638547096,1.4133124259666499,0.24590591361141023,0.34466043322560963,-0.6341290551443866,0.5482940468955247,-1.1081624183239762,0.48085452273477486,0.7702082293697683,-1.8656635848197076,-0.9370870106875091,-0.8887290868955251,-0.6243490065349858,-0.05764403356152874,0.14662612005291506,1.7275632349392467,-0.5670084067358548,0.04032041265682682,0.8065866320967138,0.5071340039768657,-1.6790663683150373,1.6689458281317775,-0.118156597845408,0.23628598605757684,-1.539990909916607,-0.345581861217469,-0.9909962344511902,-0.12423115373084745,0.5994524163496144,-0.5690144831414984,-0.6251097698804378,0.704
-1.7121753357745728,-0.6236280440877605,0.18003667108191834,-0.8336701437393486,-0.19348706555956136,0.2674059023965797,-0.2992229849377119,-0.27736899278526517,-1.2834099732354045,-0.2088379262098616,-0.7648263658676029,-1.4015037939809496,0.690194994548113,-0.1910110031481242,1.505543039421677,-0.39102350604241476,0.7426344572008166,-0.9724620677376419,-1.478024781076725,0.6331108418153485,-0.9467572498967619,1.5695404926546312,-0.5107290868207426,-0.39043944863943947,-2.2152646872195847,0.2127494576102275,-0.512466992267258,0.021754537274824196,0.060230821412302196,-0.1965431356302339,1.3059449715378917,0.26230419006669314,0.35520391287518754,-0.6600435183854259,0.5582152108799586,-1.178458769745399,0.44272812031214814,0.7741673537271686,-1.9046957537267706,-1.0082876013851836,-0.8222986859383423,-0.6618707535036986,-0.028524368957701045,0.05855476122913249,1.7235148774689546,-0.6359079809518027,0.040910337031684944,0.7353783068892887,0.4931647392563203,-1.7457058644219552,1.6492786168887863,-0.11670608165663059,0.29129612306419106,-1.5609810457249078,-0.33423833277707227,-0.9461721375517834,-0.1507452926203025,0.6747951373094045,-0.534039657233567,-0.651804287572996,0.706
-1.7289657167670824,-0.5623171834637897,0.12012564226234027,-0.8343995336509381,-0.21891419832962022,0.25805309330151754,-0.3310939285619443,-0.3164319997471772,-1.3139682989468187,-0.1955502668908967,-0.7945606489591993,-1.3322836736554795,0.6692353564755854,-0.25240934457566977,1.5420538662104801,-0.3939161297131122,0.7828907396139879,-0.9487824970837213,-1.4292350513671213,0.604370662594347,-0.8495126601538796,1.6242157814961555,-0.49893726547626177,-0.46912202068848485,-2.237501843209937,0.15761160163468974,-0.5828390952531208,0.09614615708924049,-0.015888032575084365,-0.1924118663107461,1.2611971384118703,0.2395443337368675,0.36167715131185313,-0.7258723908712368,0.5772778289448974,-1.1747121609553832,0.5143371848665284,0.8209876702418633,-1.9583217256149705,-1.0152181922255998,-0.812951404633206,-0.7045732473035188,-0.005310109887580773,0.07941078140888465,1.7649188395697963,-0.5923510963627316,0.06910520869867696,0.7357415357808774,0.4716679665442666,-1.6785336081708908,1.6664180957508044,-0.14307896443764578,0.3050388362919212,-1.4791524974313177,-0.27481237059779684,-0.8505054490867909,-0.20725966295120646,0.6856013032652915,-0.6187256236048115,-0.6542669098207612,0.708
-1.673259421751662,-0.5649472696285442,0.15820149380313686,-0.859869659721213,-0.18841219831375314,0.2846511244750305,-0.31000485914134335,-0.3293040807293318,-1.3368107577688793,-0.1248751923253688,-0.8177298014420544,-1.3906533995988288,0.6521374274644225,-0.24083212410800955,1.5311771201185647,-0.41081246442132024,0.7606155372061785,-1.0048001949298948,-1.5327243998952862,0.5110686134690814,-0.8416840422834075,1.5266613881542952,-0.4944446926018355,-0.5050399877345884,-2.2462616516888025,0.20802441779027941,-0.6299361413689606,0.12691563070399856,-0.03346866483137295,-0.0740146984777275,1.3085767203277208,0.2891614220388452,0.39235868766167953,-0.7360366246720736,0.6133058569640306,-1.1518083778053825,0.4570482520048847,0.8316175712182287,-1.8706330759987568,-1.116287040975578,-0.861847600446138,-0.7165261104478919,-0.10818078575301299,0.024805037275141287,1.7523012022350908,-0.6121204684183323,0.005517066580531416,0.7288818291074542,0.4752885151764102,-1.6931256502193146,1.7323928484020452,-0.08740182701998805,0.28532440080261856,-1.4543974307823888,-0.31158814854246486,-0.8286449962824534,-0.186453344823293,0.6866182475289441,-0.6714707796210636,-0.6857757175863306,0.71
-1.634548404973793,-0.539069802084085,0.1795297617940913,-0.7808205668563586,-0.18960152688303783,0.27242084779365705,-0.2643747308679683,-0.3424725732306031,-1.3134367663568336,-0.05504977098469914,-0.8621475626516865,-1.2968587509926304,0.6636843681482627,-0.18119217147835706,1.5028976011094843,-0.349547662635395,0.748885774740843,-0.9554851664380579,-1.6243886205482545,0.49266061588668786,-0.8129761563842226,1.5077201707462824,-0.5421864706287248,-0.5699849053599235,-2.213884992164704,0.20560311819128316,-0.6979270464924069,0.12404372034861766,-0.03657331012977218,-0.18736599169750662,1.2822271341817195,0.35045119036504263,0.500673708207079,-0.7491744288009632,0.6318639510221983,-1.1793790183441857,0.4065438317482974,0.8275652539145788,-1.8469840920396678,-1.0522096840859383,-0.8085121916443476,-0.7388802600667552,-0.14917114818139632,0.08814798427025622,1.7479204053428374,-0.7041277317585466,-0.03629686734802371,0.7487486112742282,0.4887016899309283,-1.684081082990365,1.642187998622602,-0.11356158905785352,0.23712560043757597,-1.406056957484032,-0.26030582832339794,-0.7928306218047065,-0.19097319970778343,0.6370065107103083,-0.6571935181693951,-0.6938410916519829,0.712
-1.6562860501924042,-0.5631115562404909,0.20772824828001457,-0.8277932983238933,-0.12413926949616906,0.2061895853371339,-0.31241296237413424,-0.3623193184670153,-1.2780265416326404,-0.024567617175281765,-0.8370063010134988,-1.348320697288463,0.6295611553623289,-0.0602333975807271,1.4499830435792322,-0.34145029693753004,0.7790088338050496,-0.9220388431672963,-1.7062233020652569,0.4668361465661875,-0.8241501359109252,1.4833202847034155,-0.5149475631499815,-0.5673407752688194,-2.113477215395017,0.18636119611801863,-0.7290948889579174,0.037049581419876715,-0.03713814856201121,-0.2179923220661809,1.2506078420910127,0.3889258090451797,0.488020517334888,-0.7714868321511071,0.5796582819980585,-1.1865063250522039,0.43093365460068683,0.7404387984672995,-1.774721524342051,-0.9332325700544002,-0.8168136708250608,-0.7313178629925087,-0.19640670022834522,0.06795821212190901,1.768981447740134,-0.6519832859913769,-0.07975608436831629,0.7318973149803314,0.5818182393419113,-1.6633077258571665,1.5855299449537532,-0.16019801912511644,0.22549360285877768,-1.4455094021579813,-0.2786618288792736,-0.7906704153807089,-0.10889323939106889,0.676983573291961,-0.6492414239357664,-0.6220254067037697,0.714
-1.680252086784414,-0.5447913741960299,0.21100476974574892,-0.824662906244769,-0.14345237610350056,0.296808853696138,-0.3263181300930818,-0.34690422742522836,-1.3224478670746826,-0.04950064504981329,-0.8797661009616161,-1.3977076019382701,0.6549398362527652,-0.027236753252390444,1.4128719223441906,-0.33868762816975934,0.7538155717113333,-1.0169416420459336,-1.665131168641243,0.5009093416523278,-0.7910320455863581,1.5104719419484007,-0.470744449545655,-0.5992859736923715,-2.066537986779771,0.2095918427041887,-0.7248471418362696,-0.004446662222117689,-0.09227804128622266,-0.24619524968758438,1.1712015289470996,0.2914029435892456,0.40067035654859817,-0.7631479364451124,0.5217726315902524,-1.1873435095666158,0.3626144122097383,0.7945022237952207,-1.759874850197734,-0.8727739132651764,-0.8631343406613903,-0.6731921773954713,-0.1931204664214102,0.09427680624173217,1.7898543141211007,-0.6282496879349888,-0.09857663887947382,0.7174251538751478,0.5503639634472638,-1.6910890571947548,1.5435379294657652,-0.2346231518129503,0.18454907715776742,-1.5150034531177443,-0.2836007601295663,-0.82789376810767,-0.13066385329622898,0.6948512914344688,-0.6125037601077172,-0.6492857263930063,0.716
-1.6309824258298018,-0.5493354456764593,0.20509308646752084,-0.8567825930729573,-0.15860763954049847,0.3088740612964931,-0.39106828611641653,-0.2904545661600289,-1.3568787075535527,-0.01635385615469774,-0.8421852689321595,-1.3539411322240515,0.6849084323389165,-0.058615712072938767,1.3029536961989667,-0.31516351015070126,0.8112703380538959,-1.032024703379159,-1.6827719087172184,0.4135079534428658,-0.7735054776188849,1.5143680997992826,-0.4935091123911287,-0.6083280519395579,-1.9949474904984448,0.2233427579146229,-0.756611508440572,0.025809531084330626,-0.13841268582701863,-0.1984719639902833,1.2064030995772865,0.24232948211582248,0.3723249879883014,-0.7598361414802844,0.45116690082113503,-1.111800449476893,0.40763070449121586,0.7469350908694107,-1.7882876391846607,-0.8541449322555967,-0.7616372313640928,-0.6940261757665174,-0.18418677373292197,0.15824838064690333,1.7179347372791476,-0.6421885458781623,-0.08373591251439969,0.677601889467809,0.5840913018735884,-1.7268750308597733,1.4940750826588847,-0.3157033924672791,0.24481574460738192,-1.4996421737552825,-0.25196433626687864,-0.822059703688267,-0.11355900522973902,0.6783244447499946,-0.6443246694787204,-0.7180772100886575,0.718
-1.6790297098056055,-0.6177553149342573,0.15372531432676712,-0.8951879885931343,-0.17193216351614476,0.31625405253264105,-0.3551305363461387,-0.27859426518218317,-1.406421827377617,-0.0321640152946128,-0.7703292973693214,-1.328492049707433,0.6475141703822369,-0.07441025867663062,1.3316648782730733,-0.36489932092311245,0.8101616753255644,-1.0003663164631234,-1.6542836542172616,0.3919328505761466,-0.7682470824734946,1.5510970650492757,-0.4428823487014766,-0.678385840629131,-2.025208475973492,0.2569198996249119,-0.7199764998798295,0.08867098763064941,-0.08625627722326802,-0.22328828571936676,1.1888390592535176,0.20237443112154144,0.390145298496789,-0.853194198150803,0.4474197010227379,-1.0405150015542015,0.4932139164711066,0.8171273641187524,-1.8429712608630824,-0.7974206463414003,-0.8221040074396547,-0.7258318085885362,-0.15529067758338524,0.1747998152038874,1.7480588180821222,-0.6454028166675939,-0.19596529617370928,0.6562088551825459,0.5159689405237589,-1.7805306708356554,1.4783962471005792,-0.27816264757139886,0.1420023867979992,-1.5125165631481798,-0.1762652007276489,-0.894393266016887,-0.11222874962590636,0.6990423389830307,-0.6271643725125523,-0.7693766687018424,0.72
-1.6456258191637028,-0.6708646146133895,0.07722777702973528,-0.9241964705639766,-0.13608131330397313,0.29745242590511034,-0.3226793589648151,-0.2605103117087749,-1.2832791906385352,-0.03257922558714353,-0.7789287234496062,-1.3809555983419661,0.6865921850913658,-0.06422897395970409,1.3407214112755779,-0.3938327298403008,0.7497758651124028,-0.9937589296387264,-1.7005256796666028,0.4010488114228232,-0.7568372762953047,1.5080328614420722,-0.395833717254971,-0.6093822114135293,-1.9914138335301752,0.34093879083936957,-0.7461201054824278,0.08676351687720217,-0.09503601406564614,-0.15862888197248573,1.1643216486065604,0.2300670355877014,0.4027655845342187,-0.8125421121764482,0.4361259824697518,-0.9812310150596033,0.4422273780144692,0.8499874511957067,-1.8042351032886874,-0.8234216110431002,-0.8109729935595482,-0.7682462842581523,-0.2058554181431363,0.14899446311114248,1.7935119679975196,-0.655082254427631,-0.20545258743472639,0.7463354308925427,0.4467167732210267,-1.773388464139558,1.4683521899870704,-0.26954614174683644,0.15354262555873688,-1.515292315444879,-0.21992238078204232,-0.882427021561233,-0.1979189234534267,0.6834121283943294,-0.5420517190692103,-0.7254719480913397,0.722
-1.6389837881754514,-0.7109950990748184,0.12761475573128467,-0.8998317514009629,-0.15775192444750608,0.2538695545108557,-0.3179093816725302,-0.3313554942985489,-1.3094951038871243,-0.04645266519153155,-0.8054656818194238,-1.3100979542470472,0.649346205049857,0.05286250178473503,1.3271568792492805,-0.3623233474025206,0.7782949536251303,-1.077352568159466,-1.7400598946005745,0.35672534853464166,-0.754454223852886,1.4449390415879897,-0.3563719276997578,-0.5826664286502974,-2.0259547139537766,0.35059019306920713,-0.6999913161836191,0.12175253202443075,-0.17028653657740866,-0.13590336474740597,1.1964314708326362,0.2342502194380516,0.4442580207853406,-0.8107758605438046,0.37025095358884613,-0.9261028297370753,0.4326604684678537,0.8800319038760872,-1.8714217250446603,-0.8210237400378363,-0.8430199121982342,-0.7673231354653335,-0.19186013173847058,0.12540782062495584,1.82232213442721,-0.651703061349652,-0.19580073097801448,0.7182268431965578,0.42833194910677314,-1.7714527524201784,1.5022499971743077,-0.26893541585688624,0.15871287233681744,-1.5094648320649018,-0.18884350785309006,-0.823405185595034,-0.1682651861701685,0.643673785026614,-0.5841154399694023,-0.6841804834752198,0.724
-1.6418098757764599,-0.7012124242282431,0.08992907087579405,-0.9025680549922652,-0.2235307676371319,0.31533603342476574,-0.32706733717826464,-0.3837808517261079,-1.3580093569488314,-0.11521873138980301,-0.863529977776584,-1.3515661546662179,0.6025445573201688,-0.024126819624562423,1.3064522999835864,-0.38109792504134865,0.7056704766732045,-1.0320295280358358,-1.7254825050865557,0.4715880523535976,-0.8347606367006082,1.4609302455479023,-0.32877289642907503,-0.6572248539713985,-2.031985198207101,0.361772698876646,-0.7295741806755246,0.16372650831131125,-0.17159390686259685,0.0011283963036824163,1.1442450771986268,0.1855663854246746,0.4336399895099978,-0.8054432191333495,0.3832482637205474,-0.920103436035242,0.38226610474708306,0.8541301638113277,-1.781438070020002,-0.8516752812481029,-0.8565487154312217,-0.7522556948847596,-0.18160583472497555,0.09512112976457754,1.800838690683159,-0.6556985755607855,-0.2534291560341261,0.7525873430751172,0.4356156827076117,-1.758167261435332,1.5050446216750326,-0.2809783326140546,0.09331597041736002,-1.4994289077037388,-0.14858014047037116,-0.8153755402007175,-0.1744725079200442,0.6616097625496828,-0.5681602517394594,-0.6703723187399734,0.726
-1.6138591293320241,-0.7153427290705284,0.026814611225940088,-0.8805795018748525,-0.30339388489192715,0.25154934322885725,-0.3695848020663388,-0.3935234205634034,-1.4251684618271043,-0.18672306768573044,-0.7748591589959688,-1.3279191096154352,0.5483997009598038,-0.009802997302390013,1.391412309840793,-0.3989816825755625,0.7138106075806229,-1.0605505674241902,-1.690097801334794,0.38670622380797504,-0.8289632067845248,1.3974182801561703,-0.3232151939315367,-0.689380445284021,-2.1251200624292985,0.29269946066240543,-0.7224857322420725,0.20488629955171653,-0.1602150270125101,-0.004719066970096165,1.1052860376533649,0.22962034630903738,0.48050141148695574,-0.765064158922052,0.42371838913976,-0.9164123467685142,0.3572038066719053,0.8623030246729568,-1.877879165609476,-0.9248119076871686,-0.9538427254633544,-0.7634481396667275,-0.20892995099996786,0.13751500589075305,1.7974464391257303,-0.6480341363219433,-0.2997369177020237,0.7345999574763327,0.5473505706976529,-1.733740529980813,1.4909657042725086,-0.3308822232341217,0.09850269620123725,-1.4654956123529805,-0.1767124574965635,-0.8182522368064706,-0.2352976072375289,0.6570298074027289,-0.5258350956852698,-0.6206523077160595,0.728
-1.6761976249789714,-0.7511137582570258,0.06326623050231858,-0.8485601579440942,-0.2971981403426689,0.22822051251744108,-0.3710800185339206,-0.33540051195386117,-1.4575465086996693,-0.13399850743551062,-0.7661182520048901,-1.2929812741562534,0.5584847803302311,-0.09340750197372548,1.3941364515575356,-0.3662433322263372,0.7626741434893115,-1.0242667981522982,-1.688257193238902,0.40256010876917026,-0.7195390083609473,1.3963062641189585,-0.3543077271994959,-0.6902381980334654,-2.0496945366306147,0.35685963805287996,-0.7246571390596329,0.15304238413596605,-0.16738187071607477,-0.019625931652440136,1.1107911449675762,0.2702870558730823,0.48954185198216393,-0.8545965847308986,0.46705397478640853,-0.9486971918133126,0.3665573237733169,0.9088635639805616,-1.9313224763376804,-0.9399480504882688,-0.882836035852433,-0.7453040914890084,-0.22991923719678717,0.1443902600580215,1.787975865668372,-0.7048783585055891,-0.32383001755251123,0.7292593349483713,0.5546925836833824,-1.7477127412357203,1.4667463579278885,-0.33831404967262946,0.15494389166693248,-1.4480051544380417,-0.08955802581047634,-0.8527195665483344,-0.20990797616759851,0.7196460411987389,-0.5003048920207454,-0.599856720640394,0.73
-1.6981276601750832,-0.7852049649595052,0.08446887977921697,-0.8526839334456169,-0.34067987381544507,0.19686005404127443,-0.3482683738958734,-0.2955566758532268,-1.430235620968213,-0.10112194205028803,-0.822003877333543,-1.3350578502898482,0.5778573418369598,-0.17725050993773495,1.4752711779585828,-0.28306449169893977,0.7409921283659621,-0.9977812255452351,-1.6158479494153954,0.4319377070849877,-0.6093200509472775,1.4387462290148927,-0.2888816280380051,-0.7159138829447084,-2.090380080170436,0.3288166157668134,-0.6886892658516568,0.09868128999510645,-0.1299939068056895,-0.049763232725010736,1.095643285689885,0.3033411951024396,0.44891747211198846,-0.9714745277558203,0.4751341850471893,-0.8682026702276187,0.3970218364262401,0.8730039725755958,-1.9516608770113988,-0.9089651336488763,-0.9831111763551964,-0.701712747155724,-0.26962606404427847,0.17016254308212195,1.753328800622537,-0.7132790447058276,-0.26305603481827744,0.7249808213726393,0.5417051022352669,-1.7563135702902979,1.4304833877390308,-0.3771812315542936,0.18771768622767762,-1.4362859521920681,-0.10740889237050899,-0.8348684268175206,-0.24483003642502346,0.6825925050687605,-0.5156711633503894,-0.5819479827772513,0.732
-1.786907397707469,-0.7400133811267955,0.06348121837806506,-0.8463492359026225,-0.3431847160836375,0.2669458860488813,-0.3371687794486149,-0.34356707378868373,-1.4643660641176375,-0.10238076633949392,-0.7682367889244169,-1.2897549537028126,0.5649276907720288,-0.11236126661327178,1.5316257102537338,-0.26328756082975224,0.766949313662667,-0.9374885452404781,-1.5149347732523912,0.4303511368571444,-0.668111416435918,1.3905552878236418,-0.25004761213209425,-0.616806027781884,-2.1170730794545896,0.33359476447093844,-0.6811596115700747,0.1117076390374416,-0.18618563975868876,0.002367482049759416,1.1392728617956833,0.3502253004080467,0.4395942885918436,-0.9854296295729563,0.40813642616915125,-0.8821717308991969,0.4478818689359303,0.806690285476644,-1.9998145054100829,-0.8511664955043512,-0.9494148269076361,-0.804073789583594,-0.3399151585080131,0.2302614850603191,1.76971331303524,-0.6676506108373181,-0.2702859256074792,0.6446444168115844,0.4586944075562117,-1.6891673534017135,1.4739592553838392,-0.3056029600421528,0.18313101969215403,-1.471226750071378,-0.201712642308723,-0.8123611940689857,-0.2890434742936572,0.6881571931279361,-0.5676021680988221,-0.5374797675565878,0.734
-1.7271783446617095,-0.7625646792958715,0.03867563581182132,-0.7572244047568564,-0.2739491686196993,0.2550655348486014,-0.37575071964732876,-0.2170569247382501,-1.420622443379865,-0.16801626131209857,-0.7137997677472403,-1.303712477408962,0.5242525075350307,-0.09579313876267868,1.5289884511707186,-0.34372026134765815,0.7815973602952417,-0.9630244690841312,-1.479475199127804,0.4854701266892684,-0.6417020114847994,1.4502550093197708,-0.276350441851007,-0.6280545694131738,-2.111270564724239,0.36099396073814893,-0.7110835171401425,0.1455987096489499,-0.1998860691543028,0.023232581155701728,1.1947637461889788,0.3343233590392672,0.48504782519539574,-0.9736698690481442,0.440716909302118,-0.8416328831016205,0.3784223534941949,0.7921961539895581,-1.950070009977846,-0.915410358704307,-0.9403692240132208,-0.844891296305725,-0.35641414851566355,0.2104088321122776,1.7882191101604632,-0.6655254866594207,-0.23610907488428517,0.6170138885416903,0.5139955189699191,-1.6464121151804458,1.522755210636973,-0.3379437044120842,0.1716729640834347,-1.4793492083657827,-0.24702730842878529,-0.7640357753216703,-0.3622377354593815,0.6806136214577675,-0.5201420804943251,-0.5427448772547778,0.736
-1.7164471069844616,-0.7041926640485415,0.05719724074446418,-0.683695699800406,-0.31194128297796847,0.2981660365860464,-0.335882949050286,-0.1840469733355688,-1.4559228443120575,-0.1648127231550209,-0.7234915547992133,-1.3301907129800745,0.5537724263673398,-0.130229060574429,1.5675953408665544,-0.28990639322754064,0.8072512974328637,-0.9159643357343183,-1.463683855255455,0.5325936361491054,-0.6481320940538805,1.4058318915138537,-0.24573371700261332,-0.6829926330385885,-2.097523156114067,0.3443739749929327,-0.720412937126754,0.1153524087484383,-0.22610927938881265,-0.06508159236649946,1.243256070331586,0.36455147077147315,0.47636351482192973,-0.9993113120876268,0.4707891382541992,-0.8317887863788146,0.4194526681993249,0.786586987002537,-1.9198053359939953,-0.8448677977198245,-0.9653833086316131,-0.8236581844753426,-0.3529224628139854,0.23861869079612041,1.7918726569927466,-0.6649072223115392,-0.22644882204886824,0.5634053317221034,0.5235996235036204,-1.7068730792822122,1.515683248678541,-0.30178881835504373,0.22252215023771313,-1.4749708754606474,-0.2133893899993943,-0.7994151737981677,-0.4362886044426942,0.658384376025831,-0.5107405953281252,-0.5106904654351028,0.738
-1.7446256515419942,-0.6801263220717725,0.0767737462191238,-0.7256122751361499,-0.3235539122900457,0.2966902240335647,-0.33653714215646907,-0.19239287894658716,-1.4562736070056408,-0.1713028628433376,-0.7518928641699332,-1.4381908227857843,0.5377760209663043,-0.15831579954075378,1.5887524599134102,-0.259729818602961,0.8639767153841174,-0.9322291465939997,-1.5821185439958434,0.5795200880892565,-0.6542340403461367,1.412173553404668,-0.23700433726253192,-0.6732918727810405,-2.088527731452312,0.3093891584499774,-0.7520289835488418,0.11256338941854702,-0.20589303034264278,-0.11763793004594186,1.2627331054203428,0.3853964492456791,0.5591449411436072,-1.016785281361316,0.4217011736468259,-0.8289702386021345,0.4161083722876704,0.7704958710272212,-1.945629845568437,-0.72720941816551,-1.0175700665546412,-0.8710485181737118,-0.3227934758551651,0.24331373283483546,1.6964237396351114,-0.6399755178038904,-0.2235510063990083,0.5419442859250615,0.5135473803359263,-1.7601096569550205,1.424850309512037,-0.2594593431123343,0.19659214302094274,-1.4683158861745655,-0.2158952667340818,-0.905629682488934,-0.41986352173068314,0.6427231922685348,-0.5692638877011368,-0.4891139759682178,0.74
-1.6736042050032043,-0.7386235572088157,0.07539810616581387,-0.7204515276678727,-0.343823748807185,0.26199795720610575,-0.3071964820644965,-0.15557123086987457,-1.4697400596318695,-0.0781411159815026,-0.7109598591515469,-1.39610482587623,0.440775213374463,-0.197174371089021,1.606318397237402,-0.2250721403952875,0.8036894884389595,-0.8933369698257977,-1.575941942492904,0.5168366093240144,-0.6871404066451424,1.4212306637627685,-0.2401000693466897,-0.6884563412157169,-2.019827678529999,0.3631821576507313,-0.8116340292421199,-0.0337562957154644,-0.19172183893821296,-0.13720999459557098,1.3352280472574245,0.39644927876721636,0.5372696671272513,-0.9621590953379361,0.4773645788937437,-0.8547200433521712,0.3969123681087049,0.7977842538164286,-1.914437504164325,-0.7641533375176307,-0.9863509815764802,-0.8933912745078165,-0.32594184157733935,0.28558732102053597,1.6070630428168236,-0.6240497426833352,-0.21102720579502227,0.513395018918029,0.5576249192186372,-1.7746744495783955,1.4330911417413186,-0.21260536270313726,0.20876102472416017,-1.4688310946959586,-0.2548009696264376,-0.8956109268386927,-0.410883056609191,0.7179096257575234,-0.6110676199288058,-0.48441808988569096,0.742
-1.6642480739845296,-0.6820687855630442,0.08669237535523466,-0.7269801660517128,-0.3200078540782986,0.27782496756038194,-0.29718042241698217,-0.23539871476871801,-1.499184571081523,-0.08642537673203579,-0.6762973762554194,-1.4139841781250269,0.44776641405254775,-0.13622004740957366,1.6623080055811315,-0.20057187052150166,0.8455294725159067,-0.889454179732944,-1.5133976138523602,0.507338098663734,-0.6789144472343827,1.427694452643504,-0.2844759921782508,-0.7031590318532305,-1.9866745755501711,0.3680248920430406,-0.8269509695590161,-0.1311689962581899,-0.1876572140532081,-0.0636781755683297,1.3083089728460262,0.3495637060914799,0.5166986623765455,-1.0238743707781635,0.4952386579372176,-0.8003524140480509,0.4305064058388943,0.8825391008169627,-1.9898559113434164,-0.6875753189674882,-1.0773144187386159,-0.8941281962604385,-0.30925235081142205,0.3328931665015086,1.6222661861041432,-0.7566022088120055,-0.24072197778743717,0.49431577302856555,0.5850813960930247,-1.7737400779728063,1.4397894458605953,-0.21223184919626836,0.21886432146030224,-1.4442857895601517,-0.18572830235634172,-0.8888298800519692,-0.3879115936795405,0.7229256290379636,-0.6593450471664476,-0.5276974963392645,0.744
-1.6294030662180488,-0.6624766584117916,0.1394707395678487,-0.7585175192623422,-0.27295746343913113,0.2954818635259891,-0.29677290184697336,-0.20249734887375995,-1.5015891958333663,-0.06696763822686554,-0.6981728192301606,-1.4238319957016692,0.4377850203997263,-0.1251516278881165,1.6331773421668103,-0.1778168644943554,0.7789731029780762,-0.9034713908161597,-1.4883189357668403,0.5535832623498594,-0.654849327765065,1.3912040973123576,-0.26702352330622947,-0.6596838720873087,-1.990343280959503,0.3622424472255461,-0.8380643584508383,-0.12483564080429009,-0.20781862908852927,-0.0861793033595613,1.251507245283132,0.3573124127658415,0.4578879551019628,-0.9927387960058034,0.4175328583291045,-0.8038023520524962,0.4254056298784101,0.8712996393984798,-1.932569915929929,-0.6583360747761837,-1.1168074445885858,-0.8922374068300101,-0.33171075954419227,0.332626696886304,1.567702972535745,-0.822842844053648,-0.26165699065553516,0.4972069856690448,0.6249012367082809,-1.7630374780630467,1.4800159263376482,-0.15050943460880606,0.1974360341766201,-1.4916898708737243,-0.1663462905623146,-0.8555968866831984,-0.4492724133449115,0.6903878450427843,-0.6927909550353872,-0.4805986969391592,0.746
-1.7087591836826865,-0.6706696160489986,0.15956795691725392,-0.7458657493936116,-0.3383514311210969,0.2761043659995502,-0.2650729832581489,-0.18162920217676953,-1.4054748550303466,-0.045931263371890255,-0.5918360872898027,-1.4185409811727574,0.43903184907003817,-0.1461856927113157,1.5657564961879826,-0.23715411362233638,0.8010717156755839,-0.8539747218724938,-1.5333467359578439,0.5235715631285062,-0.7195965410734115,1.4936047003598831,-0.21361268406646763,-0.6480982646526745,-1.9640410033880586,0.3690017712794326,-0.7840037113130564,-0.07720077349647383,-0.17376191958675696,-0.06576922612048583,1.2258574689846742,0.3613296038634301,0.4702676808957612,-0.9701364531697694,0.4019948033338224,-0.8952776618970213,0.4257312960829901,0.9437408291710401,-1.9987323881108303,-0.6444020310431142,-1.124030827717448,-0.9070349950059013,-0.3474934193810922,0.3090061512043153,1.6133798623077524,-0.9247778838116464,-0.24499820242577766,0.41455196318270393,0.6761182162444315,-1.6452037103194908,1.5182949386322988,-0.13300892959621496,0.09487013604109167,-1.4246520578069344,-0.17683669055334444,-0.7826487077560771,-0.390223078862823,0.6817332355208295,-0.7123576981785061,-0.4633711421160414,0.748
-1.7328007669481689,-0.6637060881534809,0.10361279101964942,-0.6725440321469979,-0.3006605578248555,0.3515201131464867,-0.2825723388920818,-0.18487062851445357,-1.4188726374207032,-0.07412592300318024,-0.5589397834911763,-1.41663267808771,0.4498667973789049,-0.2508159384103508,1.47473009093917,-0.2678242977606239,0.8928960909059038,-0.8768379910931047,-1.5170528587764662,0.46432840376376666,-0.665138778761869,1.5057182871997508,-0.23938481567297137,-0.6792796240499486,-1.989139176500403,0.4470820535743696,-0.7702771885369015,0.00960893290139242,-0.12609892289253785,-0.05513922961067558,1.1105186740297297,0.32082453233690306,0.49978081657603635,-1.0143792682479027,0.33954248749671473,-0.8948688827857041,0.48502071596420326,0.9003070969310278,-2.001000283018118,-0.5872547320707047,-1.0815596388715265,-0.9170415221590655,-0.35574825116892017,0.34909437509067653,1.6143295941893572,-0.9648748437762555,-0.2100240358523941,0.37340727116730354,0.6831954228960966,-1.6529104464773634,1.5236469067781875,-0.11357928729012506,0.12512465258565394,-1.4584018840113704,-0.17093604720042102,-0.8239847374914446,-0.40381163251303354,0.7620440981145735,-0.8415398058080863,-0.4443838187871139,0.75
-1.76840515741042,-0.6400099287134688,0.09166739967804181,-0.6656734822260216,-0.2641164788522518,0.327620829730007,-0.2841785241707609,-0.23931448840851374,-1.3349455437988667,-0.10804702619916526,-0.5504303223489598,-1.4643039813894714,0.4104059619333972,-0.258271259205607,1.465794028946598,-0.2542062714175517,0.8891220285655571,-0.9183801917063418,-1.5921836173223503,0.48376381896827436,-0.6247175743553244,1.5385948520040156,-0.2918065970383418,-0.7162011413453686,-2.0234266786585704,0.49314559143644693,-0.7378869019708595,-0.01083039459074225,-0.12900628217565657,-0.03312865712499692,1.1248058118618842,0.22702350943092306,0.5005516082332615,-1.01148467557572,0.35103822469519463,-0.9335810894535611,0.5219852846569701,0.8843100732492734,-2.006922498714441,-0.7041741544849649,-1.0688273820099394,-0.960047669763883,-0.4114121507583501,0.25884000925850636,1.5920018767331419,-1.0016600518060412,-0.2325939344735195,0.3848885128441225,0.680268658043112,-1.6571076669945572,1.5518802145108797,-0.2109436842158487,0.12674174479686132,-1.455678270060638,-0.1844980551268094,-0.8533933068628003,-0.395327337343172,0.7301145584726814,-0.8224158017588256,-0.46535841888795004,0.752
-1.7157073550608872,-0.612233741069998,0.1295731381870437,-0.6041304030761859,-0.2949133718577125,0.40358559875707334,-0.2753102642925292,-0.289789826522544,-1.2969737520731985,-0.08078199007604664,-0.5419469140948763,-1.4772462425989938,0.44545053625466496,-0.2716621646182594,1.5045345278486637,-0.23803137703970145,0.9062012181617229,-0.9234615562253645,-1.6136537451650483,0.48577264616138,-0.5909736741762056,1.5033742138441333,-0.23467558505160852,-0.7212138127688156,-1.9838343604214246,0.46493975714767,-0.7357411830788148,-0.010054188463691334,-0.16325989254731188,-0.05198530240840818,1.134282218591521,0.2268605995367707,0.5322997280062246,-1.0320704166401526,0.2903106216852466,-0.9434357154568208,0.49449783352990273,0.9253858805801808,-2.0064645159236343,-0.6833614064146134,-1.0740095964016738,-0.9956168642925349,-0.4065136013512992,0.32341930337471186,1.5852738699431492,-0.9951588671836432,-0.22784016672755925,0.41260388207626786,0.6887863941496556,-1.645913452854743,1.5561038890719454,-0.24226392187517426,0.19985802025791077,-1.511849065581957,-0.14636249339284135,-0.8307679478299864,-0.40852133013805186,0.7319959677010757,-0.8100441889166755,-0.5293315729024746,0.754
-1.680787500127348,-0.5850537608244378,0.1375465574892538,-0.5311159631668395,-0.2577156310565993,0.3146147481448989,-0.2967883665055652,-0.3317105731388866,-1.2478351487606265,0.021873350769606975,-0.5911938632726228,-1.4352618120124603,0.38520347343229083,-0.2999408213674074,1.464401039923925,-0.14211958006998088,0.9209361178024351,-0.8928203456009535,-1.6607160023240997,0.48491078700530205,-0.5599985003714109,1.4756450728111128,-0.25681859273717866,-0.7218572825069799,-2.0151488441900236,0.5287981812359117,-0.7819345316984108,-0.05211065112666598,-0.20833786210484423,-0.047516157793950284,1.2313235656520827,0.2556151625522123,0.543838813267361,-1.0539648620607223,0.2755373584912224,-1.016952227943542,0.5502481013959031,0.959874206702604,-1.9903309627468952,-0.6842198077193619,-1.0628185046844483,-1.0326101688172513,-0.43775952614053726,0.3593781849573694,1.5514020320800133,-1.0244738375172164,-0.22025767016327802,0.39332122125993024,0.7058188354807212,-1.6967658668160992,1.6352530349062044,-0.21823211708740634,0.20976023582359646,-1.5942824939414615,-0.12062369585371314,-0.843196625249617,-0.37475683565297396,0.7004885183535495,-0.8909984077046298,-0.5131274848287559,0.756
-1.6607608433474539,-0.5861978858103293,0.20730762514917805,-0.5691474955957041,-0.23679477923252967,0.29160022733506885,-0.3192537782083562,-0.3339309678211515,-1.2056539178152796,0.04427827740848665,-0.5590041604498077,-1.47309110263313,0.4708866749985404,-0.3188105609281914,1.4101676729926182,-0.19907647549514712,0.8811880501215992,-0.8450451576175432,-1.6872061817217066,0.4391304198637113,-0.5107032645967321,1.4995892727872122,-0.2841617980101666,-0.725131239420777,-2.013524151319251,0.5071824750281182,-0.7565882420625144,-0.011540358124331636,-0.2499804611421429,-0.09064717429894628,1.1631650903789126,0.22869715400685048,0.49385365179573665,-1.1169007897821617,0.26494318379682874,-1.0240998769447764,0.6428200122862098,1.0054280212551323,-1.9395166482531254,-0.6552331344587167,-1.092009424617912,-1.118896186408701,-0.40855769410005216,0.38589119770543484,1.5671952471737944,-1.0944618710614777,-0.24755828140205696,0.44160894739340684,0.7194559774682756,-1.6811146458499429,1.5847798033022977,-0.35184758584406706,0.2371594187813575,-1.6497923840667108,-0.0840280690549328,-0.8270429379105283,-0.4585222622308217,0.7332013482695696,-0.8749071086075683,-0.5622911830788682,0.758
-1.7013333702249285,-0.5902082705742108,0.14851719290338022,-0.6561027239287663,-0.2505025519262941,0.23595924640536126,-0.3699248770214887,-0.32795792078157265,-1.2891117642657914,0.09552100286199275,-0.5559789506914203,-1.5347508971204247,0.39611122460544085,-0.3093067680060532,1.3570917367444877,-0.16844887391043922,0.8873085722795018,-0.7831626438097534,-1.6743322841284,0.5671801439899138,-0.5737189149218191,1.501021049404107,-0.3221696502744932,-0.8000475511004861,-2.0032447576079595,0.4968241307105248,-0.7783859716783647,0.006494248536913352,-0.2724709127424326,-0.08921520731398147,1.1644637325073497,0.2145560975132785,0.48242594618218904,-1.1771912823094863,0.28451427551180386,-1.018317499921342,0.6399825838860066,1.0645550494225404,-2.0025766234680673,-0.6686789023011741,-1.051580282453596,-1.1242232214765329,-0.398046430039791,0.38779889198414946,1.5780312401673555,-1.0702274673059864,-0.23576580823023263,0.44964704519929644,0.6597642095159516,-1.7161256242744807,1.647024732487009,-0.35361021148572724,0.252274657349811,-1.6666756886881964,-0.022756377181148486,-0.8125166200758428,-0.48983141219711884,0.7057528514632416,-0.966622498920514,-0.49947318149668063,0.76
-1.6444467802620693,-0.6167984209294894,0.1423544232957903,-0.7096900075328496,-0.3059976110763533,0.22949395551590368,-0.4381921744115222,-0.3333680048443932,-1.3007053102300723,0.2302236094758518,-0.5033715768006178,-1.4808350373618249,0.39173150513447585,-0.26078613583883126,1.387731925317188,-0.18626565414794163,0.8890084754794162,-0.7685134100459065,-1.7641977394298969,0.4800251671086762,-0.4699507623154603,1.493893969209534,-0.3111867016361092,-0.7911516551900615,-1.9463248014547403,0.49229710711749086,-0.7492169400425466,-0.030270221656190695,-0.28943474772209177,-0.19201442150020653,1.1773503630240512,0.15462518367607467,0.4834214542637068,-1.163761904334232,0.3225305363910395,-1.0428002147002342,0.6480477175602958,1.1821431377573692,-1.9913703556470868,-0.7057238959358196,-0.9943234345530674,-1.103595772904146,-0.3600635378490684,0.3911917723586735,1.5083501294880746,-1.051811906466289,-0.2112125193513759,0.35348220244667516,0.6602552289091637,-1.7325627726268114,1.6334282011070178,-0.4012523917652778,0.1952556887130591,-1.6316412376982743,-0.0680311502239222,-0.8203492513923754,-0.5002864527912394,0.6896190933112708,-0.964684917314571,-0.4832518953263585,0.762
-1.714569200526723,-0.5814861651995784,0.14121347884237684,-0.7333656729704817,-0.37410931224394883,0.22793871279225858,-0.4902226142923739,-0.318112099807645,-1.3387868633933266,0.20175773742585082,-0.5739982979492234,-1.4798892162138284,0.4171554273740952,-0.25599466135167187,1.352190575218294,-0.18384313254173407,0.8508865654932823,-0.7295383385042102,-1.778235896537653,0.45726925591790224,-0.47565368281969594,1.4486990237488486,-0.23134864508488379,-0.6730029388536636,-1.9886850637869529,0.558658732561423,-0.7739158504407986,-0.038491416783140636,-0.3527310213452101,-0.11105951738668965,1.1548981116752377,0.23600131080053113,0.4953285900099259,-1.2322284587792955,0.3623473523890313,-1.0592564105259132,0.6181041422787893,1.1398306682422963,-1.9338452237035184,-0.7332582556578083,-0.9567159633267434,-1.100074697141809,-0.3325796921706432,0.3199921104935495,1.4931985655261923,-1.1038780265189534,-0.22856596588061154,0.3541692165451447,0.7206039250332498,-1.762259009657297,1.6739075219970259,-0.36307452512718424,0.15894365948914488,-1.6087901882612006,0.019988543450838447,-0.844974502821164,-0.5488759069400906,0.7551109698699093,-0.9108491843162303,-0.48090007944881685,0.764
-1.75387334228359,-0.6463246133548524,0.1662338060924963,-0.7145961692156391,-0.4126454873382122,0.26514383230974037,-0.4583080998110798,-0.2452072602235551,-1.3575286479186766,0.25196190929336443,-0.5744771117577666,-1.5282184699330748,0.42862400644407256,-0.20735015228351358,1.293414834013653,-0.2301276695420274,0.7794722677929523,-0.7043925870000511,-1.7911581594918415,0.45985950447800866,-0.4932757153388548,1.4884776020847843,-0.2540126974422178,-0.7505659003092884,-2.0128393164340133,0.642022335568768,-0.8654270347214947,-0.020757965692229,-0.37311493546182645,-0.033146495857529365,1.2019416251726482,0.2176746129736385,0.5249706812438106,-1.2303113252336404,0.3746052345287302,-1.1204075320965257,0.5719737816943837,1.1357212816139957,-1.9407460061535218,-0.7334387652822936,-1.0068987306804609,-1.0607956435739736,-0.4223539150709888,0.3517326057699002,1.5280815710439377,-1.112546040825601,-0.1939557049691895,0.38987370030902874,0.7943460920623188,-1.773129602991361,1.652408371916819,-0.31565692919356597,0.16181488702600225,-1.6342438570970133,0.042246597459965604,-0.8432174833079056,-0.5441449954322174,0.7774518854794015,-0.9524471964931008,-0.5498666535014537,0.766
-1.7687036217325782,-0.6286740870294865,0.21493175866836223,-0.746338440297732,-0.4107327880999135,0.2874636606991698,-0.4092102884742615,-0.2094731716282733,-1.3799775383826645,0.2420757011351907,-0.5565951374858579,-1.584697036658634,0.41343600968102695,-0.26707502812200395,1.2293039778995685,-0.2295666390640811,0.6882001236672438,-0.6976300465851647,-1.7975196532519997,0.40827971142798875,-0.5290012989186893,1.490138716250925,-0.2611130116481906,-0.72315200363966,-1.9961651358434447,0.6984079078527239,-0.7784354952122831,-0.03990766998648869,-0.457411385274801,-0.028969172302761186,1.2231006635944337,0.21796568734950675,0.6071344898955143,-1.2107295523083448,0.3036482528614786,-1.1368819294672687,0.6193513651204162,1.118109196502568,-1.9687648418946775,-0.7333165089085334,-1.0006783510517767,-1.0435087233659266,-0.45124809661493714,0.3411330567840316,1.531287250685691,-1.1774545156296605,-0.18263497136823148,0.37334647354940176,0.9113749371684282,-1.8228978429735396,1.7498777389446087,-0.35700177064707844,0.11534139792643333,-1.6076583938521507,0.07289379155396561,-0.8532719657094164,-0.4658687981187418,0.7782607658285501,-0.9361439856910283,-0.6066865485235855,0.768
-1.7825848070853336,-0.6581357359685952,0.22659304293300525,-0.7320103143391655,-0.5210078374825361,0.3381054584545746,-0.41871093768501705,-0.2146495077045552,-1.4724205432074504,0.17722327613553757,-0.590633392718006,-1.5651549553424464,0.36664366155954065,-0.29611547062958493,1.1252507095194617,-0.1685434303671271,0.6979298174049087,-0.7179895798867262,-1.8026344082587653,0.5095751841645124,-0.5806768731017612,1.4449510153158651,-0.2885545509884807,-0.6862701849274899,-2.053461321217459,0.7477020474685849,-0.7539428189124252,-0.07334469072063152,-0.46624863831766516,-0.061918444466132275,1.2812764139402186,0.2216611920361351,0.6314739198341788,-1.291905918393918,0.3125366256078612,-1.197613236584791,0.6461794252907878,1.119333057890413,-1.9476846142133726,-0.6760443144293627,-0.9408860474058212,-1.0021140887328632,-0.4547012538056078,0.32573009641976697,1.5311869566105996,-1.2251548169227435,-0.11947441162286877,0.36857528186022154,0.9517640142583308,-1.8469907310919025,1.6834160524237336,-0.2881856830338396,0.1281849470373262,-1.5232157328474774,0.12285955838518031,-0.8741126560895579,-0.44082131542443115,0.7919059489487539,-0.9104384874637081,-0.582590034194406,0.77
-1.7404614855036005,-0.6690734953959778,0.2115747681807923,-0.6862824269496094,-0.6086785368919998,0.3839456459673832,-0.38476823383884123,-0.2320328183485713,-1.4534566989175504,0.17983252102448619,-0.5886471371104341,-1.534837335542994,0.4005471998338175,-0.27198082909889054,1.0466002156476257,-0.1656853925346823,0.6904685546588153,-0.6520087414698162,-1.844217495006459,0.5597900468709704,-0.6131415691594485,1.4481299776171106,-0.33445172067169554,-0.7431985116068414,-2.1164043249436295,0.7308802116595515,-0.7713502794925426,-0.016298379231651346,-0.4767400331827441,-0.03485284955639535,1.3111746375636524,0.25488518807232113,0.6242720311106722,-1.38713849577782,0.37125131185304006,-1.1647959093418476,0.594439683851949,1.1094724906143882,-1.9201772281910086,-0.7335476166424769,-0.9501606500580432,-0.9654484846079238,-0.38416874967854253,0.2580531617057231,1.5947413593894355,-1.2047860491718547,-0.10019228093151628,0.35418747620593305,0.9306452385258497,-1.859866818213562,1.5473092796805297,-0.2509622648224984,0.14316434800656655,-1.5830614590115943,0.07166414563955123,-0.785797467578571,-0.43619227223424967,0.7421298285319138,-0.9509514596392821,-0.6002108588070015,0.772
-1.7400632847330755,-0.6943052287011144,0.12180841238163324,-0.6536144744834101,-0.5918364470986537,0.3962515815847318,-0.34382237864454884,-0.2147988357894307,-1.4705711953467562,0.24688507301437063,-0.5807987861294451,-1.5338920432402967,0.4064720897915195,-0.2519569878555252,1.0767429084611209,-0.1791799235605759,0.7310847672494823,-0.6734087610887777,-1.8788339425989422,0.5432809121142419,-0.6481986015256743,1.4628054241049122,-0.26480894562963564,-0.7637432404490809,-2.119919332555374,0.7512625220853311,-0.7603900517756164,-0.061716108188141196,-0.4704255335989356,-0.03782839849889484,1.4065301892017823,0.2589104129060359,0.535886865838789,-1.4698420069886464,0.3374504952413713,-1.1866232569139075,0.6115148043094524,1.2207176121844696,-1.9179398943194677,-0.7416557922089164,-0.9717872564245925,-0.9427620159894335,-0.43564530367825316,0.3073184155366999,1.5641881697559965,-1.2438073266520224,-0.1696010024251468,0.33631324312785243,0.8501028696209904,-1.719302008540696,1.5555159771171985,-0.35334769225772833,0.030536883810210413,-1.5842624049661087,0.13662378909844203,-0.7947386364655286,-0.45256020778421246,0.7489636032799466,-0.9885640741053638,-0.5640572817306748,0.774
-1.6825511484969238,-0.6797011350900007,0.10414711604234717,-0.637052543294483,-0.6116747571151758,0.40010678660791427,-0.29714649616745553,-0.2531087579097538,-1.4896798526860733,0.19307140386701518,-0.6133923208763076,-1.592371250069581,0.4150862809867431,-0.2770194617707924,1.1375984939308104,-0.13868872958200626,0.7102996162674117,-0.7382967698711037,-1.8485634285772494,0.44584800640798466,-0.6771732620122768,1.4190678864015212,-0.2685227012869071,-0.6220722346354599,-2.156404568968951,0.6911003917115792,-0.7580037376980386,-0.012668225230375023,-0.5156876154898361,-0.023494365092349957,1.3672736650077377,0.24717488984731698,0.5539343500469786,-1.4572381815652369,0.33132619389725493,-1.1453723204118444,0.6355568106465106,1.1715126747423468,-1.993222915687854,-0.7118125503743338,-0.94721025417546,-0.9145552593555671,-0.5147528590838486,0.2886396533206756,1.5954427895578165,-1.278621810329202,-0.16571892282592743,0.3640014421769715,0.8885253411824331,-1.7025221723998503,1.5452324957435553,-0.3047392205521228,0.015737766438998668,-1.6410098046517363,0.17893627280695062,-0.8027782557752795,-0.40562000886392924,0.7642541670899984,-0.9954738388148306,-0.5793712899474289,0.776
-1.7474322829512015,-0.6749809999784943,0.11138956392327916,-0.6579959088568832,-0.653953240417385,0.36993679425572684,-0.27476111185772933,-0.13926092655402073,-1.3900535185375618,0.165482405406878,-0.6201377299761875,-1.6141418731740202,0.3615029679874132,-0.26248796824876197,1.2062014976880804,-0.09385830547869764,0.6764476959055044,-0.6890131046038941,-1.8576592570170256,0.4204416947875663,-0.6297440737795058,1.4307276760507612,-0.30706637187031893,-0.6519232038174928,-2.1465013786426232,0.7618031261212452,-0.7776659867337152,0.03947018884163912,-0.5145461816454764,-0.05654388631427383,1.3471021444516362,0.27954229795070823,0.5479381678503077,-1.4303681252633438,0.3128215882611251,-1.1670533323269803,0.6589522131800838,1.1954524965107118,-2.0510854135253402,-0.656886816076247,-0.9038854852792707,-0.9813850186781174,-0.48350619860176075,0.2202465515273589,1.582775437609788,-1.2530775503435303,-0.18254224024875754,0.37130267754986473,0.9080487679909498,-1.7343907551375792,1.545976729928606,-0.27212461229376383,-0.005733005003156166,-1.616834134749211,0.16561621816377398,-0.8384684588697099,-0.4363516690279704,0.8151807480100012,-0.9964959014071765,-0.5824455589811811,0.778
-1.7553036870973162,-0.7217551671205917,0.1137515093025601,-0.617399948942548,-0.6240677309823802,0.4342984479379409,-0.25494123977705796,-0.1651746633348724,-1.362446934191611,0.14817776800881205,-0.5967915022818765,-1.596090739797569,0.35606428071535495,-0.20019862022846285,1.2239395317174062,-0.11401932416581977,0.692962571389972,-0.6759097226001777,-1.914991027280563,0.38411798784941115,-0.6815829016584382,1.4578484934434368,-0.31986353932913364,-0.7615539309902795,-2.1913344276794704,0.7741363846756253,-0.7739288732668801,0.011082206774170527,-0.4746416767371596,-0.07536481845949944,1.3751952657029187,0.2703013385240884,0.564389063790713,-1.4464274066962146,0.31541491716742176,-1.1486878764652182,0.6415810019532001,1.148503429030085,-2.0429416395243365,-0.6706612527302392,-0.8881727328980922,-0.9098873613586815,-0.5360355944603483,0.2881779370209787,1.5388202462989664,-1.2367182637772207,-0.1543764383915288,0.4533799007032498,0.9614888444384351,-1.71706598278604,1.5958640311291314,-0.2777526459160512,-0.04387496747016249,-1.6155682263565156,0.117639065789099,-0.8382661227202204,-0.3552513954884168,0.8260523496016641,-0.9958090910940941,-0.5545853720058392,0.78
-1.703922825265221,-0.7142071192935249,0.021703974556948585,-0.6383896735936497,-0.6736950354940585,0.4692573404921328,-0.2966089624980195,-0.13539390029924203,-1.335133123806567,0.13999877678839662,-0.597118018409799,-1.6912714806129077,0.31573482757122084,-0.1440426686662267,1.2093674201334006,-0.15197715087864808,0.7101996714888689,-0.6092795829840024,-1.9793511520468718,0.45861092026107303,-0.685809838757112,1.459814201660743,-0.32276026850508494,-0.7426914714076351,-2.137597326100453,0.7045510001884095,-0.7701938584576802,0.038970651588170216,-0.406658576774424,-0.062448294648427945,1.3378013831483109,0.33677428011558025,0.5567462841394109,-1.456676484812976,0.3508235650840892,-1.0997972789858295,0.6253114022189711,1.160033633026238,-2.061763300687592,-0.6625787265347958,-0.8785867971316055,-0.95817017535964,-0.5217467271956241,0.3004329309575435,1.5975972082184784,-1.2536544861311754,-0.15971995770557176,0.46921990310880146,0.9673015352742744,-1.7098097807081118,1.5937882934750116,-0.2419152420684025,-0.05968496444957734,-1.6022926834702715,0.14510551111432368,-0.7909059272190088,-0.3919734194432305,0.803489024531758,-1.0768363337713382,-0.4927851928796103,0.782
-1.7516560792318283,-0.7516745466500752,-0.06370879162074758,-0.6495127051945266,-0.6899224872182221,0.49008298151132096,-0.33268931754112374,-0.12301747054158257,-1.3325705624402566,0.09375381744504785,-0.6493233042051957,-1.6539727091429839,0.2642195853466824,-0.14693362991996223,1.2536351430461445,-0.2160661222948977,0.759694839605999,-0.6468438151566555,-1.9569072430921826,0.414427215145279,-0.7131035626311758,1.4790209504032412,-0.37549725229367925,-0.6885639481562305,-2.118527717113857,0.7711714741770507,-0.7382179519608517,0.07957622096516129,-0.43090967392125196,-0.08150250764235631,1.3206664657202918,0.3423676287539445,0.5895798964385686,-1.4359557382833255,0.38772104338398367,-1.146614322182181,0.6990450835120766,1.1733457174004585,-2.0623237453009935,-0.5678525746403891,-0.8942292764328217,-0.9861919892813795,-0.5577878939304468,0.3226059708222038,1.5801431702217084,-1.251786733208419,-0.08269012520776182,0.43409200826768163,0.9783327660903547,-1.7561298191510186,1.5878430582166108,-0.2348363505932118,-0.09486735577486317,-1.629987128752125,0.06784417391659207,-0.7961031421074105,-0.4611691951547613,0.7817335263932563,-0.9977087885513393,-0.433371608141031,0.784
-1.7752850808270735,-0.8162947262289737,-0.09952479283502895,-0.6511855517880607,-0.7330819649217359,0.4844572145730651,-0.25777679798255504,-0.12171528129441449,-1.3760733003421253,0.05497699052906231,-0.6234907774314563,-1.6134428276584143,0.375960596991796,-0.18984170266816142,1.3213396983492018,-0.20879822273592102,0.743314159178631,-0.650929317962861,-1.9557014595223357,0.4099699674182126,-0.7710208464245345,1.4953250809698473,-0.3479582267288426,-0.6682230668048311,-2.143692275698845,0.7400243323477809,-0.7250020435808293,0.041897176438900785,-0.4066771537364987,-0.017943255358431845,1.2773639729458879,0.28736059277970444,0.5955030199265221,-1.3840064472369764,0.3404346254862005,-1.1059382865267002,0.7090281912176959,1.1782772929432428,-2.0551443638150158,-0.5764045164701322,-0.845997159497217,-0.9124999407861337,-0.4383126159897673,0.33282697406127093,1.538791796279519,-1.2514936498897709,-0.11560925415059081,0.41546343138830405,0.9756907614328987,-1.7959929884199366,1.5224132384484088,-0.21960890857704288,-0.12049592283122468,-1.6444599645725453,0.030167895250954146,-0.6812130661573003,-0.4311485590644203,0.8475121202472377,-0.9451067813710609,-0.4303260995334433,0.786
-1.8086212444424008,-0.7771244030655375,-0.07848274676868228,-0.6864261120671814,-0.6869171388643169,0.5017540857078848,-0.1613929715545682,-0.14074298697774573,-1.3440834004860418,0.10437920811699195,-0.6007287576398657,-1.676598602279701,0.4052400282632005,-0.16392905510068162,1.3124891839406905,-0.16183126478421267,0.8074216866152932,-0.7061538921716505,-1.925594522891977,0.3623216248653647,-0.7372081772421475,1.4883664734134228,-0.3189186724731322,-0.6972725707268149,-2.1843237739267702,0.7367843414187893,-0.6353938681260426,0.0022495287009885387,-0.4673658501377925,-0.016891153213644428,1.3022100016083635,0.29956774078775805,0.5614139126908094,-1.3707761026112693,0.29071996741304723,-1.0837328946333624,0.7285883683534696,1.237448288810075,-2.1110303372408237,-0.5848416391750586,-0.8705241629820976,-0.9128123678275877,-0.3976575651358907,0.25815712420536974,1.5563969578572423,-1.2692969383960333,-0.06306793152502092,0.3995264465277316,0.9704258601046615,-1.7542760584248192,1.4644216306987852,-0.231083401228943,-0.1300525375511644,-1.678978674757341,0.0035313272041505514,-0.714103030200817,-0.4574477569697888,0.8674826886116128,-0.9652568444422297,-0.3750003834050809,0.788
-1.7563348485723527,-0.7257265769616201,-0.11774443722267383,-0.6433939075626753,-0.7005868378634627,0.4886235651564963,-0.090652832880965,-0.1797876023689733,-1.4163279126923984,0.06761265067340158,-0.6059715324199326,-1.6658169792000197,0.35421921708429344,-0.21944569149441132,1.3260024039798421,-0.1839719457786408,0.7493479830944905,-0.717653524554858,-1.8711005348269132,0.4028449303779596,-0.6946052085269983,1.5396360941166076,-0.31833793002935323,-0.6805105533479738,-2.1463821555233156,0.7992485929992968,-0.686355768159183,-0.07518708982841166,-0.35423809626158054,0.08082971304339721,1.280342344591647,0.28811811671438814,0.4679826493799977,-1.3732568533570484,0.24161858057385724,-1.0278166804746653,0.7486077434699974,1.1242029661279314,-2.0280594301798947,-0.5985445293676132,-0.883838591440182,-0.894295273828978,-0.389766132183671,0.30793363459650036,1.5499186010310178,-1.218202779972216,-0.05219696510324642,0.3267700601072686,0.9337853004705263,-1.759383494761428,1.5238367313020391,-0.23646756227927368,-0.11631707828008696,-1.7625203634810935,0.006621117177487439,-0.7502214399144619,-0.4673102223508113,0.8405595156043574,-0.9740885806557733,-0.49132332394214107,0.79
-1.7237389621089736,-0.8252174027864315,-0.16596770598988192,-0.6974493589656053,-0.6809896808116479,0.6195736662315984,-0.11005993623333467,-0.1589602096698331,-1.3304335596207046,0.0310335448819829,-0.6281150743916136,-1.5885343183829614,0.40894016679988704,-0.21246723793955746,1.2841205390202353,-0.10537949848995795,0.7824444177273211,-0.710275552937383,-1.8610850519507451,0.4423777091229638,-0.7516292541413144,1.5809179206799597,-0.2556627900422688,-0.6613105616264568,-2.079323345626301,0.8236008205769385,-0.6589840641015211,-0.07361940675858596,-0.4392857985856385,0.07637475203891839,1.3284336748117282,0.30232653149647754,0.4550233289327334,-1.3215171476692347,0.28250294480100024,-1.0522190974705072,0.804314941922996,1.08723364715369,-2.1142556605829093,-0.5676981036089487,-0.9171460972651446,-0.891407489318082,-0.4170351512682598,0.27372091254633996,1.556245571465613,-1.1550952790370863,-0.12311535849083187,0.24628628114996767,0.8713126538596857,-1.81223579069966,1.543329452170135,-0.2897683058376467,-0.012122396228947938,-1.6842583730275273,-0.012725281811403486,-0.7572730503138972,-0.4526282163832236,0.8164061944517702,-0.9722195499279463,-0.5453628323619114,0.792
-1.7954312614342878,-0.8250696246198145,-0.15813064415549005,-0.6826570623305771,-0.7457302685678047,0.6483375674941853,-0.0959257460778058,-0.22535569880585904,-1.4408508640014026,0.018110854852825917,-0.6901764505240267,-1.5526134712694444,0.36409696415350834,-0.2546510435280669,1.3070647895086145,-0.12394639690268199,0.8005095681934168,-0.7754999344756064,-1.8429516959363126,0.4240250238889619,-0.797885782058456,1.5271972424513969,-0.3141661460177102,-0.6275701357173387,-2.1071249005714274,0.8597779433085395,-0.6307553385059321,-0.0609171867653331,-0.4215312944918439,0.03241801652985437,1.3717578202842813,0.3471025786289346,0.4511883508464376,-1.3048210206367936,0.306341217988337,-1.0797214604677892,0.7906538950040125,1.101170011232373,-2.130800168340969,-0.5441688293806561,-0.9588136542034902,-0.8256829200226709,-0.43611563465222847,0.26074033751018943,1.584500370203876,-1.1119737872934112,-0.17731572698568543,0.2998329556368161,0.8972026923904056,-1.843295453790961,1.53668096403868,-0.2904572301719023,0.11558402399215083,-1.720150877364371,-0.03741948150596286,-0.7984160873785356,-0.46969005628609534,0.8096415285970698,-0.9732975810558447,-0.4549034006834617,0.794
-1.8306455145284801,-0.830349835286247,-0.12866795395901498,-0.6872779503986185,-0.7268282036053487,0.6329346328672765,-0.1863043546162736,-0.23336714260984287,-1.4437930108953587,0.06448919118299659,-0.735656881226814,-1.5283862456355402,0.3320885363675342,-0.2886317204836246,1.3002252393015765,-0.13789760805099435,0.8637616348223334,-0.821896685735286,-1.8978991100622085,0.4028468008363287,-0.8168056864574063,1.4913286498254177,-0.3269240241251062,-0.5803985695177584,-2.0675383069492,0.8564074770438179,-0.6764452955830509,-0.025133893089330984,-0.43744039562755477,0.02228391788980595,1.3411374539976362,0.25317108870854804,0.4424148206478014,-1.3999712212397095,0.3063529693707381,-1.0715409930291961,0.7589246831170138,1.0889557832141292,-2.215636824845823,-0.4509161050523645,-0.9496586338632038,-0.7570271127954779,-0.45857593918468725,0.2299964739017404,1.5927581500346668,-1.0470941391723774,-0.16355159107412523,0.282340633462883,0.8628178969372535,-1.8711723176944643,1.5692963268626077,-0.30366316571154517,0.13458778522499262,-1.7009647993820738,-0.09445110854867828,-0.8286374040360466,-0.4592000326478602,0.7731671886886629,-0.9859586142706043,-0.39016319095183166,0.796
-1.7926860794923145,-0.7954319414126607,-0.1328287749809451,-0.6466418960139537,-0.7753955027314017,0.6656892216293866,-0.12951159627169387,-0.2958583476027692,-1.5613001995875517,0.15602251580608212,-0.729101054955729,-1.579459684940104,0.2988882639636029,-0.3063405359656378,1.3269974562808213,-0.11696169816192967,0.8824375757981137,-0.8226159015012741,-1.8910386052527666,0.3291474707903622,-0.7943714370643609,1.4610719703975446,-0.269244333007906,-0.5799527905535166,-2.0455831253384966,0.821970582806232,-0.714809145001331,-0.08353979043409823,-0.40299333472477755,0.04535586249978926,1.3694779706515618,0.31675005553339874,0.492376100917422,-1.3955415995519687,0.23185870686501597,-1.1590780605555844,0.7759565046044977,1.167290994230136,-2.2374399565137972,-0.5089409715823365,-0.8965078941722292,-0.7477177156951299,-0.4893970125157539,0.3408795855004675,1.5951122000982836,-1.150120160668575,-0.24465405452771538,0.3376983207810834,0.862103943660987,-1.9083239753386199,1.5663249983067977,-0.42331400061901225,0.12305883699789724,-1.718045559174028,-0.07980085449277488,-0.8500894303825257,-0.4610296261697485,0.723435607067486,-1.0922760374051963,-0.3518607750929329,0.798
-1.762486925227575,-0.767378414247433,-0.17526704170703142,-0.5974608016172532,-0.7301887009413913,0.6970508485384103,-0.04957074317594026,-0.23869200599187754,-1.5605350852803557,0.1055974409255247,-0.7880003083085361,-1.5753899591641771,0.25944223198321087,-0.3428540733777715,1.2152791509143808,-0.16846702196250563,0.8137610631144975,-0.8212485248419603,-1.8585744616462245,0.4001872945422503,-0.7744658257778593,1.4722211352319157,-0.24353033347123296,-0.5970037591952483,-2.0801842425193087,0.8468382229491727,-0.7209770908289541,-0.1294774779228568,-0.36174790801557755,0.004835330716647171,1.3307624783275975,0.3476319747561644,0.5327377776461768,-1.3816793838101646,0.2236177630149166,-1.2454038561781748,0.774067415523207,1.119400570222601,-2.2007395287604785,-0.47373447205596314,-0.8580331167825006,-0.7451593062007869,-0.5036981707333386,0.3143310778462627,1.5278256755222543,-1.0915755021973823,-0.1750370870439949,0.4018176082013449,0.8467982005700856,-1.9086917309081126,1.5172800898814944,-0.427217540193858,0.09518865753551284,-1.71824662858958,-0.22351716842562255,-0.8826426082152383,-0.38128889837931346,0.6512958901177025,-1.0833420137185341,-0.40468857808455055,0.8
-1.6348192061071476,-0.7272258505419786,-0.06428506095327781,-0.5467791208350636,-0.7140468173676863,0.6813077284015944,-0.02516202887038311,-0.1594361155972122,-1.5924850808565427,0.13328266173137085,-0.8215293526899252,-1.5095164451526348,0.2735317481822206,-0.35915627713669207,1.2091764745430011,-0.14441903518321011,0.7886674582166736,-0.8929639129829042,-1.8512200863787551,0.46314665065316446,-0.7410822648423905,1.5268293583338974,-0.25136397488239365,-0.691595475020145,-2.073446635327399,0.8365007877131991,-0.6944924402881101,-0.18067389570613882,-0.30280068092695356,-0.007192027872905543,1.328780417669182,0.2940086679683779,0.5461916319893759,-1.408013322230823,0.09593812945430724,-1.2608174359762059,0.743332090979249,1.0653551388618268,-2.1802778512823693,-0.5267909093928593,-0.843873817087665,-0.7873721386125208,-0.4923674662603045,0.29246535925247225,1.5388930308342283,-1.093261907654523,-0.20907407851293433,0.3589111210749015,0.7874284208196063,-1.8928313910264414,1.5328270981656524,-0.4602400927333645,0.08226140211053405,-1.7139154870638542,-0.2024530820478764,-0.9157836468828746,-0.37062727788921584,0.7054057982074469,-1.1153093432995322,-0.4370138774245001,0.802
-1.605149837093928,-0.7312576016082212,-0.0865193241525701,-0.5209734154291753,-0.7507258714832967,0.6652862913338807,0.03688514608770673,-0.07198486759180264,-1.532395414637817,0.12333222947172938,-0.7518353802377262,-1.5283132737016503,0.29394991625049277,-0.31306270647954165,1.2274813501221407,-0.12762347956716047,0.8240402873396115,-0.8942652786117821,-1.910125697773244,0.39065371446569286,-0.7453175740390271,1.5723449399266047,-0.23624014853080896,-0.6635012179761359,-2.0890719761562346,0.8514426058898998,-0.6802381735340617,-0.15923839431879824,-0.39683473639784794,-0.10963739478204498,1.3593861326455314,0.25318353661373016,0.5741785936719027,-1.3291492204075412,0.10961327110356511,-1.28501567703983,0.7627493187004708,1.0984548601393087,-2.163846326502973,-0.527743855077543,-0.807947199762352,-0.8076177153605004,-0.5290172088583238,0.21919798424411358,1.511494340555748,-1.085816020206501,-0.2049771829828581,0.44954812888869045,0.704949930867276,-1.9221627080773909,1.5444915182486005,-0.5156283311066879,0.08518767994805836,-1.7292740316773325,-0.22109868291013218,-0.8865809919647637,-0.40295548942128395,0.7028115626697139,-1.0854058664513317,-0.3829492489733385,0.804
-1.6149196906838952,-0.7225933904724626,-0.08595390371559411,-0.5522076792345231,-0.829251437774443,0.62687248131154,-0.012007426353821973,-0.01944902287912348,-1.4895974655078916,0.19908104167616175,-0.7633498956729527,-1.4831222736731835,0.3043210944259408,-0.27910703308323,1.2732807847843113,-0.1645257046370141,0.829067288848014,-0.9530772612418085,-1.9678357312475772,0.39169492342558837,-0.703830464289402,1.6094168633583061,-0.21211810692772878,-0.6946128861264818,-2.0786225935449,0.8364700547434195,-0.6877491221548471,-0.11579687467084626,-0.36474480684504057,-0.07125947924512999,1.3316759374158178,0.23682062394778958,0.5940787921575268,-1.3514569970145163,0.18703524833636492,-1.3094665932539142,0.7031950256964644,1.139785074004764,-2.120824258681452,-0.42913402087235786,-0.7631496594093649,-0.8485265327210172,-0.46443504546633846,0.17309510834486244,1.543046179845324,-1.084082427574657,-0.13469150171790684,0.4660374606772214,0.6017532109785678,-1.9645113602495585,1.5647624571816177,-0.5552941808233576,0.13934895335614672,-1.7793698739937194,-0.17184571981789407,-0.8718261448811055,-0.36833183948701,0.7129439485121845,-1.028130890163239,-0.43856056249303127,0.806
-1.5879195219133653,-0.663945341512137,-0.060081867583784726,-0.5356958013996487,-0.8300226622575788,0.5827508776164524,-0.05637764540443914,-4.2904677934364754e-05,-1.488652638762631,0.11246428545861098,-0.8440919000005226,-1.483765064848626,0.2995011213072604,-0.2920649959517728,1.318725577553391,-0.12038230789102815,0.8461531766822818,-0.9882479325932227,-1.983729330779225,0.44691363547526475,-0.6782008025365439,1.6881303235288774,-0.23319471548615248,-0.7345262164358471,-2.0974227483584884,0.8967050310466427,-0.7372449675501507,-0.11549848220571324,-0.3110654295458927,-0.10079997336731279,1.3029490390199447,0.21185648878241867,0.6077668242541227,-1.3602686753133153,0.15400963230856823,-1.323612506069101,0.6597134820879984,1.130975460641168,-2.0980540657510938,-0.4606059877383316,-0.8377013084730907,-0.8380504813559725,-0.432429460725088,0.20837363040107673,1.5400651443971762,-1.1169373738874386,-0.1687262147338793,0.4745627403687963,0.5740739022730735,-1.98242812908696,1.6094867629897474,-0.6156566619716705,0.10942074023120309,-1.8083368194351939,-0.22129786821558664,-0.834494820483345,-0.37362914114699813,0.7254395643464941,-1.0204021873941818,-0.4175659025397514,0.808
-1.5537860806272692,-0.6907419237568245,-0.0766485684616549,-0.5164708054548395,-0.8097676207537442,0.5477387407730134,-0.011180111573485911,0.06806594335710053,-1.4958244533773077,0.07177083016049755,-0.8060833049559358,-1.474495754696088,0.29974708321923565,-0.22508658066316672,1.3779790099979956,-0.1486999945539472,0.865600356516302,-0.9504341609731328,-2.0202150073318603,0.5347347934952149,-0.6702767109543051,1.7692826397368597,-0.29976280479017914,-0.7248934882508972,-2.2207258030871055,0.957219906577091,-0.6621514165880649,-0.12800357502999452,-0.2716381582945394,-0.10676418006304296,1.2902936480911185,0.1621921490972432,0.6077938139350111,-1.3325161925510305,0.1530256443448195,-1.3293656971483565,0.711511732498077,1.1552839265474406,-2.0606899000785126,-0.3827829022594899,-0.8214462521025687,-0.9219227538322867,-0.3679634559855258,0.25422273948798146,1.4878808077266708,-1.157974546087705,-0.12873051492880505,0.4127935830978851,0.5759212437051887,-2.044398820548372,1.6136438651055511,-0.5454012117992736,0.12169353324453845,-1.8308207492407413,-0.24516440881655874,-0.8872961088146728,-0.33294506884533426,0.7637896345371367,-1.0510706745421863,-0.358144145518014,0.81
-1.590462467567377,-0.7489930548157786,-0.036191176397378205,-0.5476096374571194,-0.818287414765052,0.5353877647013638,-0.015988259264198505,0.030413629688432912,-1.4677999422014996,0.0890009438882308,-0.8989801805658771,-1.444040934246828,0.23951920558621922,-0.2699135924361505,1.3293030058363011,-0.12364346833331105,0.7898321145809277,-0.912496411041554,-1.9792335166509631,0.4610894331184388,-0.6401104564913573,1.7639296164227272,-0.2854509451146756,-0.668640646435832,-2.2533891007397666,0.9027989215122668,-0.6905016366016822,-0.13035074844134184,-0.28703596356153394,-0.09226727781313557,1.2962669422561455,0.1622787156380498,0.5392021427901579,-1.366704462304384,0.08548475361600409,-1.3795952163848053,0.7875866273964157,1.1330715745331368,-2.0109099058996893,-0.4292495496684943,-0.875479096033505,-0.8868170858302027,-0.34269942094045874,0.26739486575956783,1.563714721155723,-1.1740739149078814,-0.142898401889532,0.36440003920210545,0.6255327688582322,-2.0263691363340364,1.6859732955785331,-0.5947065331953305,0.11470769765950757,-1.7754436046974549,-0.23095209983514853,-0.8715584145514997,-0.29672412515120444,0.7965045004954281,-1.0545875090385248,-0.419705779777597,0.812
-1.6063558960657873,-0.7399173313538281,0.07097136518278438,-0.5784787944320843,-0.8010218586584881,0.519201368700064,-0.05151235534117053,0.10831309046017135,-1.4236974961231978,0.12330274377304765,-0.9104676050057866,-1.5097711375108405,0.21849636370822037,-0.18689592794103824,1.2914089551365546,-0.1164607040082052,0.733399563285843,-0.8944305888826085,-1.9331538032370092,0.41322467551562214,-0.6814072827369022,1.7931399392683152,-0.33034211064694347,-0.6580318362986869,-2.175227352732479,0.8951338224875531,-0.7348828296375994,-0.15645728782125023,-0.24308426028704616,-0.06245631063244815,1.275402561962375,0.19914121779599908,0.5351471036174223,-1.311877002333653,0.059663011263327535,-1.3986182918829866,0.7568081496264529,1.1145472719729363,-2.0843145719066385,-0.445647617299669,-0.8679168115584732,-0.8391719232822381,-0.36230871913403856,0.29912175807595975,1.5622926697664408,-1.1591869532199859,-0.09201961973676924,0.34203351421734385,0.5286285127736263,-1.9729495350315056,1.6734251187346492,-0.5342071885574257,0.1567005633329519,-1.8361888081885733,-0.2627372138442425,-0.8987496957349542,-0.2575650247533985,0.7841279770852254,-0.9958531701334786,-0.447870450233795,0.8140000000000001
-1.6380200910661902,-0.7512829511979505,0.05699963471314361,-0.5626891463040843,-0.8417169482562449,0.49014446779070714,-0.013856166014404217,0.1427710972255366,-1.41054925874853,0.1435724789508405,-0.8849476960621483,-1.5022257675467632,0.15952392186980643,-0.05081386658878578,1.2152363360821181,-0.09349283253496948,0.7058916718019072,-0.9215174753401433,-1.9154650305871388,0.31061040668668827,-0.6327988689261524,1.8674171880219377,-0.2957018682837901,-0.5625912125366977,-2.2162461323726275,0.9327393123413992,-0.6925847453501337,-0.23013947341674332,-0.24890347445255512,-0.07010600892242863,1.2679607155186798,0.1343306323951211,0.509594445888146,-1.4089156649232804,0.05262480416377629,-1.3772643080432707,0.6789192154830913,1.1405363413639362,-2.0975886573003923,-0.42279475962808843,-0.867780434402836,-0.8880328213280823,-0.36506870336884634,0.32669104098852547,1.5435329873237842,-1.1874227074208048,-0.04523396627964609,0.2861836089482701,0.5472084423019192,-2.0536682798331647,1.6920029966916528,-0.44116908623122514,0.14093628615506104,-1.900107530863517,-0.291269277110261,-0.8641875852291184,-0.3159904929343797,0.7976633369187011,-1.0978273961040135,-0.492079477856479,0.8160000000000001
-1.6785845531942014,-0.7577107723510322,0.10420266460224425,-0.6026441537069471,-0.7534072595618884,0.49897012896884624,-0.020964764365021225,0.08714638688736684,-1.4710922988338058,0.1359016010456444,-0.9020914816364863,-1.5993616951405478,0.14673499885048139,-0.03499299180628582,1.1652469413127846,-0.15794148994278354,0.7014291853103244,-0.9196400289587621,-1.798864078955677,0.3572524696041154,-0.5743734627640358,1.88391510119999,-0.3445359971486192,-0.6017216150832247,-2.1580371308662576,0.9262124368808198,-0.6969753920450553,-0.26454206240089195,-0.28016421026025623,-0.024048744940039814,1.231955187601525,0.11506735181273972,0.5325820700076863,-1.4091412703443196,0.08713094734213504,-1.4191083804952072,0.6681241453083809,1.166577782895365,-2.1481001041090972,-0.506257271012188,-0.9468632423094209,-0.8383109587635679,-0.3169542135136499,0.32253131191040124,1.5238948915332555,-1.2562072621931528,0.008944503396555295,0.3177919288493274,0.540712043036612,-2.0781881101958524,1.712315229203615,-0.5119383984351418,0.1364956909797563,-1.9817338520015533,-0.2947556798216864,-0.7949293469953088,-0.1940975711225914,0.7648303166465988,-1.131687649772755,-0.516175987106301,0.8180000000000001
-1.622037202028583,-0.7367018614144811,0.09226845307744325,-0.6129680034921775,-0.7708948558593447,0.5105181396080162,-0.03870165698355629,0.12466181278029059,-1.4839168607253652,0.10390850027227538,-0.8739284078715038,-1.6411809521718959,0.1263959190107452,-0.08458197179576885,1.1726229230314362,-0.17272133130403983,0.7549086772759701,-0.9405311836518772,-1.8229811080341716,0.3751438250788045,-0.5699684190869007,1.9327024732035911,-0.3350245813207277,-0.5277666192570267,-2.0648005673999323,0.9420451833817262,-0.6544756444698048,-0.260757871826744,-0.3137296969369475,0.0006321341415860063,1.2517791221212005,0.13281792210599738,0.47064428244584006,-1.4150202970661803,0.13866123626528945,-1.4493966217432115,0.6770018372515089,1.1722967099381736,-2.2302153309000405,-0.49865514646211395,-0.9896203308430428,-0.7481071560494177,-0.28305667049728284,0.36845106876199457,1.5443065380886611,-1.297957700631346,0.05646319883215983,0.3036607924032996,0.5980849720116943,-2.097890793771141,1.6849965623513472,-0.6242730468609089,0.1514152827483691,-1.9897167825141897,-0.291808082082573,-0.7282392938675393,-0.1798971433704717,0.8003601918313786,-1.102243657757069,-0.47472499985913114,0.8200000000000001
-1.6775612558017412,-0.7355928682899352,0.09380848102998651,-0.6241870163773284,-0.7401398922512784,0.564320308337718,-0.009604841474013876,0.08853396473959245,-1.5173393434849654,0.04289317623009235,-0.8860003614492664,-1.7091175655933535,0.09480273165249731,-0.02511620289352915,1.1210248632153068,-0.22705293071908625,0.8323893074755018,-0.9511256239486534,-1.76570741074141,0.4249157915988453,-0.5576325460105914,1.9746526784438854,-0.33509244397647053,-0.5079637454315601,-2.0035670087835253,0.9544837256324149,-0.6348649974580222,-0.22670741244476394,-0.2847842108474354,-0.015533341194378773,1.247852824342804,0.08467331593476335,0.4810755691927757,-1.4046997637639613,0.09224275929666875,-1.4888863635679077,0.7277538719129979,1.2346547133401458,-2.2172348933583383,-0.5294140170522671,-0.9297539380596824,-0.7147352151437487,-0.26225100872718327,0.40318437506298843,1.5371832417061895,-1.2670399304880104,0.1258982151295982,0.3076745083895206,0.5835253852515643,-2.091711412061811,1.6554912716273804,-0.6366794138220587,0.13121538434081265,-2.0508524744322587,-0.25765060888522423,-0.7413297108901832,-0.17015815228976128,0.8764285613604701,-1.1267253865353375,-0.4233605210397204,0.8220000000000001
-1.6852741918939145,-0.6889171099885858,0.09740627231893073,-0.6322382276323517,-0.770973443360324,0.5655217588089216,-0.028621910857172455,0.07979406869489586,-1.5125552830330953,0.004350605168353491,-0.8448754158742025,-1.6648465315773953,-0.018232495867608375,0.0032613491473783354,1.099183876048192,-0.2683699353879259,0.8138556622103594,-0.9390154364749562,-1.8243894849284454,0.4541395723262308,-0.5684816851688473,2.017018378902388,-0.3715510313874727,-0.5746509538840848,-1.9970018451551979,0.9743101410754185,-0.5779141335485426,-0.27822301267512084,-0.25876351284783633,0.06072732196103563,1.2572818228770906,0.1265531593680339,0.4822053463084841,-1.4618497152975123,0.07096733044370401,-1.480491325625268,0.7057448906097571,1.2073411063355581,-2.217799138928131,-0.5999085620026111,-0.9025382865489431,-0.7157183845488684,-0.19828618924167976,0.3742384390358283,1.4890974572422928,-1.2554116860721143,0.11706904525125818,0.27741404071048203,0.5305169343277956,-2.0812649184622596,1.6692564856058933,-0.6550694682993633,0.15617784112145258,-2.0444608778899314,-0.22396224482841495,-0.7291447545463222,-0.06735852045194723,0.9505756514540631,-1.1916506636414876,-0.39979499185879186,0.8240000000000001
-1.6882827804133824,-0.5764165356981168,0.01355887565688256,-0.6401825289871506,-0.7907616546788591,0.6157459016352526,-0.01900110972554954,0.0437631237847412,-1.6342663806485156,0.032425291042681006,-0.825042203153287,-1.6813435451451904,-0.08688407198444265,0.028282305063916855,1.1560524372111016,-0.32116645563553853,0.816689062195961,-0.8715248453577807,-1.8182664992571544,0.4643952890908771,-0.5278245832049004,1.9317819076816842,-0.349939363759572,-0.632981953487514,-1.9847468775711379,0.9940064181303728,-0.6304864561994604,-0.2547633261080106,-0.2545561750120815,0.03914261960747841,1.2764694770128082,0.03926745095966906,0.5014992942733071,-1.4618005978328892,0.04924430058872284,-1.4658886278504706,0.6588898492409423,1.1911648380035926,-2.2314578280294586,-0.6222883061415794,-0.8738145516632008,-0.772005363813992,-0.17822193711540724,0.3798710571925685,1.5240880666968615,-1.2692032659598875,0.08767308725600098,0.3069978977065812,0.49903205548654583,-2.113475875769979,1.755320687599881,-0.6927606671849008,0.1936177909628723,-2.0517433062008426,-0.15998947748353437,-0.7389951074344525,-0.22805068279176266,0.948993023891887,-1.1685210057712707,-0.35280717316470767,0.8260000000000001
-1.7530919736218595,-0.5558359915730948,-0.04761397312399786,-0.6526681422715491,-0.8149187439544144,0.584570070245727,-0.04688825727121142,0.04151936737275812,-1.7258149018204594,0.05963511130201986,-0.8526877860639063,-1.6365796649467792,-0.09363993528430149,0.0049684226569755435,1.1955686492749709,-0.37179874977810395,0.8065942138502157,-0.8821140517002366,-1.8417025887083749,0.4891019715479433,-0.49975778003043236,1.9171432516566764,-0.36514811380505074,-0.6211489267491832,-2.0303417732415605,0.9405099609277997,-0.6621144342562546,-0.24709573894500966,-0.32702970289315547,0.0662394652123856,1.2507069434242613,0.028251680823623455,0.48398277072872803,-1.4379804779479883,0.10461877005526642,-1.517132986576716,0.6629952718905867,1.1745076436936732,-2.2677326487674083,-0.6529961100574699,-0.8876435951106418,-0.7216208074449,-0.1194892982110754,0.3522202326626594,1.5183487094403696,-1.2311901223491226,0.03386021466717314,0.30487862314925657,0.4125358694946883,-2.1062324795933454,1.8079403531696532,-0.6910916486700226,0.13637295956392026,-2.027018873596277,-0.13984723071270544,-0.7847643892109226,-0.25804405313929335,0.9872152106028744,-1.155459523444401,-0.29384435021824523,0.8280000000000001
-1.7489266140912225,-0.5653773115033168,-0.15114116976291522,-0.5350461977837373,-0.8206337264006932,0.5281846278840309,-0.08179311984910775,0.04717749012785954,-1.748672369859876,0.010845985031204465,-0.9351915266967951,-1.6433054381589378,-0.0673673206728018,-0.032207134415083376,1.2335166546965273,-0.34704950043533545,0.8584428226016378,-0.8410333028745678,-1.7919524943645562,0.5252127613534625,-0.5194036550644667,2.010548800847897,-0.35550920375431544,-0.6206596842203201,-1.97680253176414,1.0618058668495745,-0.7069759815414844,-0.27596758109959113,-0.3677307995700314,0.01648828054814451,1.1976343662855746,-0.03057677748527246,0.5276305428097735,-1.4062440075171603,0.10086157180227771,-1.5087961522609203,0.6369582981593372,1.1811623220126395,-2.2697049063228665,-0.5799325148543049,-0.9011230201694032,-0.7289056408174387,-0.021719022218187223,0.3159162495794871,1.4835750313659717,-1.2063959237387867,0.040403470097582196,0.27974180254208997,0.4366845327351215,-2.1555122938838114,1.7991448166114412,-0.7051122114827633,0.1498911246922317,-1.9931811265694261,-0.20309244595692977,-0.7959382745786822,-0.2966414797221891,0.9767248405128125,-1.1611303698735895,-0.33402898027357747,0.8300000000000001
-1.7394493089109473,-0.6210609670565995,-0.124857476573903,-0.5987607669922611,-0.837692004883658,0.5028038469193973,-0.10735861786059991,0.1390700986852804,-1.7953015133374954,0.006192887338502958,-1.0100195858028065,-1.6613510787371768,-0.019359520060692276,-0.054936780806911,1.3601597574257827,-0.3541943901139395,0.9077816163735729,-0.841894788827149,-1.8078145122631317,0.5426219118432002,-0.4575209079395544,1.9616196729692976,-0.296860586182745,-0.6063637929331823,-1.9791032365391354,0.9967079696429356,-0.6129426944669714,-0.24144164876397037,-0.29856472160745595,0.11039915582505469,1.2150015764203257,0.005708380665059187,0.4372190513467075,-1.3994284314466632,0.050736645243098184,-1.5541493409537825,0.589701051378943,1.252483311306121,-2.2573275102447568,-0.5281124206292238,-0.8324714903206604,-0.639635869346636,0.028489644850731244,0.3225194601601951,1.439499953609271,-1.2156610992559052,0.07313374075349835,0.36924777549791354,0.37284336752927394,-2.1882406206163716,1.8005274231061543,-0.6592640722586272,0.14512830938050802,-2.0300260467083726,-0.30678196956978504,-0.8137483725325468,-0.2698867172458574,1.0523576395950618,-1.1240822468930987,-0.417695096426269,0.8320000000000001
-1.734654001258307,-0.6119750271341057,-0.15844153600573094,-0.6178302406948546,-0.7309996005682647,0.5421645645240423,-0.12680539114853906,0.11116356239964362,-1.8136164807938484,-0.015019796132497524,-1.0193482827836509,-1.7018226102780953,-0.06933220450617664,-0.06552822265172359,1.3005827368971015,-0.33087474208747003,0.9564002431555179,-0.7618138432514846,-1.78931539980882,0.6069620156496541,-0.4808836082222466,1.935424484637229,-0.3224756777811566,-0.5862308755843244,-1.9394467627371756,1.0129327170760167,-0.5703529500758903,-0.2650450366553204,-0.2861796231613697,0.1639441675004808,1.192382299347502,-0.013607803619638776,0.4109139380750013,-1.3723336192406648,-0.006926717593567618,-1.5513488415653718,0.5957445029851134,1.2024725805741594,-2.3075008183547374,-0.518905808262276,-0.7774089653257064,-0.6887110409152758,-0.0037590726868190275,0.283505705805572,1.45916335451724,-1.2126885417681763,0.12239672794357405,0.38721487988948056,0.3014020322833283,-2.2354187985007123,1.8086710099097316,-0.6050083599019996,0.12320617135971013,-2.0072501685385378,-0.33709898458374676,-0.8570293679502484,-0.32548880816094805,1.0335299920872163,-1.0214192996973632,-0.4339797056044939,0.834
-1.7451602540676698,-0.5595747687099281,-0.17416208757611695,-0.6596524494251423,-0.6447909468195308,0.49669727123102025,-0.12963445756641293,0.12465103834114216,-1.8168914354193295,-0.04304617012761245,-1.0996905396413057,-1.6951519251040394,-0.018117124563112923,-0.0025324113306049445,1.3057018994957506,-0.2509309208639209,0.9881001476595409,-0.7535007227857922,-1.808206925292714,0.5318988867180104,-0.5444323298391373,1.9233018008772382,-0.32795170153028785,-0.5352225372412818,-1.9923980844179563,1.0673355259071542,-0.5077173312807768,-0.30482268464092693,-0.2571399454483339,0.24343094365354778,1.17295907952796,-0.03924200363899813,0.40988745980184066,-1.391878555693585,0.007113833461640235,-1.4966442566186386,0.5752604428460226,1.20830516280074,-2.280058303798017,-0.42078536022645907,-0.7520015123427398,-0.7100208493299758,0.013056708016003924,0.2679680524927517,1.423912619796974,-1.1389604097040278,0.10584920637663006,0.40385212037480084,0.25925296957429467,-2.1983652034334615,1.8227920520002836,-0.5688176482027238,0.06536735140011166,-2.0499055164188698,-0.29525446809245093,-0.8607713868736866,-0.3177097457410462,0.9300832438817865,-1.0010797352914569,-0.47960549916870315,0.836
-1.6929306065808372,-0.5438665637569634,-0.24436765504244945,-0.6266000313566157,-0.672403299309417,0.4630886972172771,-0.24861735343933666,0.11386102279583421,-1.7914705610640609,-0.07151661619359004,-1.1009808075250904,-1.7672537189650632,-0.05772462610815272,0.0015777765665560307,1.3144504035653848,-0.22132770194146206,0.9835551474271405,-0.8184315208217066,-1.8187851843717069,0.4725339326459873,-0.49560671780013305,2.00762013458479,-0.3493138000321309,-0.533902882581495,-1.9976883101141205,1.0390423758228375,-0.47408266385502573,-0.3186983030286239,-0.23457733007207038,0.12835644611500546,1.1690997164995907,-0.08284799384030392,0.3980349441735811,-1.2529597564222807,-0.03019947616417707,-1.5484191447967746,0.5815815494937222,1.1868309462471318,-2.3065312315263715,-0.4669366226926849,-0.8179968724410368,-0.7327916287642657,-0.05339826359718167,0.243901088482205,1.4452250025934463,-1.187772672516049,0.007726388019798233,0.4307374892563425,0.24457502341535461,-2.1987054205390453,1.8607238544455793,-0.5246112806535747,0.08564066039409797,-2.0785922144856,-0.27106525944395027,-0.9325486633081724,-0.31070922133337026,0.951111641121163,-1.0027535241562864,-0.3961504174545648,0.838
-1.6796658993661195,-0.5891845198811102,-0.2552788603529824,-0.5428716563086696,-0.7009226262859477,0.5060507264598665,-0.17843461999142962,0.16323729284850375,-1.735859402109232,-0.12195130689346374,-1.1357265615602812,-1.7446900522103075,-0.12323658707572346,0.08026851826466251,1.3158239546395827,-0.17646555813356435,1.0360740551356833,-0.7757846221533933,-1.7760900263607589,0.36797882158094164,-0.5336813646433569,2.023439327719834,-0.3621098467331423,-0.5372136264412951,-1.9562299630619178,1.045904451259708,-0.4306893046710141,-0.32687110724003304,-0.309433606706649,0.1341146155165217,1.1810380754520329,-0.024258171047330378,0.35736801074868757,-1.2606703319054873,0.0076348698281214905,-1.5042169431617534,0.603184764280389,1.2367258038901532,-2.2379356794169203,-0.4101447472780677,-0.8594177657012169,-0.7277004612448086,-0.07720203975828331,0.3259564810504349,1.456216303538785,-1.1990088048343641,0.008627647185116168,0.3843187508051548,0.17360805936144552,-2.144878440472128,1.8378547785580988,-0.554645006641338,0.07564501428348158,-2.0325215695086327,-0.25143401104729673,-0.8648367820568587,-0.26525568064961735,0.9276112209635442,-1.036870504771385,-0.3994030997755909,0.84
-1.561152891377189,-0.5398342325496949,-0.2963251290280496,-0.581597002531597,-0.684174950750507,0.5562596145360543,-0.2318075005669142,0.14027121056915204,-1.7192822725063373,-0.07261819175576109,-1.0963265655125387,-1.7214688742081643,-0.05423668331812373,0.041775730928308004,1.3306047806331542,-0.23641267309575134,1.018106445640971,-0.7887241423785034,-1.7611100478507673,0.30429073204282975,-0.5291608372176697,1.9393690858383852,-0.35899481149156515,-0.4529779918232582,-1.9670892860793106,0.9612575209699086,-0.40028342838319625,-0.3031399061963281,-0.2593406034534197,0.1661082366082321,1.200267400445301,-0.05417248456161912,0.3778496883944953,-1.1961893569785707,-0.056235593567520406,-1.4523243034804687,0.6442075853003699,1.1110448078390274,-2.209303183347592,-0.4334303994604096,-0.9231635548336706,-0.6950802018468583,-0.06680871788124398,0.23858375122114028,1.4311079372732285,-1.2354992842814014,0.012544242733154631,0.3649139662201943,0.15328902625277444,-2.1861647205741233,1.8336402070703666,-0.5655935373185682,0.042102192555081915,-2.1129120509553982,-0.32621584886564925,-0.8679734969611389,-0.22491823857663132,0.924000108492601,-1.0042262321595694,-0.31568213133402245,0.842
-1.4771930906767672,-0.5213238817224435,-0.30776355007587325,-0.6048856728215035,-0.7672508078209316,0.5432613370239666,-0.24281556991335462,0.12410302493892826,-1.7391025129083846,-0.08331028235556552,-1.0572256391359,-1.7435256283073022,-0.03818833508404128,0.09026296212678678,1.2851941065703174,-0.35342068212476774,1.0904876547982356,-0.749401915453964,-1.7668345884992858,0.25380150868332674,-0.5355898668500055,1.8400967313065146,-0.45924312788713867,-0.47750488860580975,-1.9370549715128635,0.9310252239891891,-0.3859064708764172,-0.29517563168465194,-0.28741103085252845,0.2308437334064893,1.264939239739929,-0.07208959696146369,0.40813011363164936,-1.162920261821147,-0.03647785306505779,-1.4678784817725243,0.6719042829554582,1.1696684956937884,-2.2287856428885187,-0.4291926679241937,-0.8071697495737216,-0.6686181330739168,-0.10095725923471281,0.2647477666377399,1.4890683317316105,-1.1966240061052127,-0.0471715924894177,0.48581293467407116,0.08423186193777407,-2.127716102965048,1.8535935297341972,-0.55803840798206,0.11079537905567041,-2.1261569012823998,-0.2895170261498336,-0.9845899964788208,-0.31455918631092866,0.9779353563724462,-1.0829720403472334,-0.23457247405733683,0.844
-1.419690293359601,-0.46435359589214703,-0.22458141128271492,-0.6346763870158993,-0.7360888723940013,0.6087687504539219,-0.2410919817886782,0.18238861823493033,-1.752837468646539,-0.11394309711095013,-1.0806394005357218,-1.6901056660020761,0.05193037838704691,0.09420187909942106,1.2747971673722394,-0.3119756659279527,1.059039258259348,-0.7182589239063993,-1.8759446313348351,0.26114810646917697,-0.5462759825120393,1.8413180388350299,-0.49345375883679715,-0.4387994216597395,-1.9774998673109483,0.9516249577801801,-0.4179013789796667,-0.3405916382799762,-0.25275522588611726,0.2638156768171721,1.287847498741304,-0.061759297339993594,0.3943096277061406,-1.1267266459074021,-0.04984489267537797,-1.411617876568988,0.6589368774707671,1.1764332732405358,-2.1745278779116655,-0.309365973313195,-0.7792680240284052,-0.6952761191217443,-0.13661625783252832,0.2235707606713449,1.4416761278673516,-1.1797083960172106,-0.06169156836504601,0.43033953037252987,0.10554953506682567,-2.1556278981413404,1.8658959481146302,-0.5736737868549551,0.18159116815786974,-2.142394148824174,-0.3186005124601208,-0.9711096020325835,-0.324143715867716,0.9694562945246846,-1.0497596201699892,-0.24990834060141573,0.846
-1.4463662880173265,-0.4043080216001424,-0.17592089657371218,-0.5605862681039948,-0.7459441152331171,0.5980294860367373,-0.29582571756823967,0.15413700936597294,-1.7634134522835767,-0.13118584166866679,-1.0899149971345066,-1.7475488133552297,-0.021545447456981087,0.09216237590943946,1.3693625184480112,-0.3111358566841484,1.1230810620010419,-0.7389542490734979,-1.9031773452175558,0.24851088664622872,-0.565497417428734,1.8403733898938563,-0.41894063206922283,-0.4051620771050361,-1.9700060436225408,0.8978897057908609,-0.3695500554630973,-0.38481179925107306,-0.24648114494690945,0.19976493920522076,1.2901519748432524,-0.09796901515602996,0.3985810298219602,-1.1054339195559166,-0.07051011186887504,-1.4884191942617175,0.6976966767132093,1.2403193911315042,-2.0786117735369065,-0.4160080916632581,-0.7791915489277955,-0.6431307266210549,-0.16526461534796952,0.16243314445240392,1.4083790900304058,-1.1927081541296296,-0.042768338249773635,0.38401538754556247,0.07530880752316066,-2.1327006245942406,1.867757604639538,-0.501409682080068,0.243889152632525,-2.0972616428095385,-0.3057310562475789,-0.9131194903894017,-0.3452838710991145,1.0057726208961957,-0.960476717344466,-0.229673751305877,0.848
-1.4867495721697013,-0.3761497525072831,-0.13152738072464723,-0.649952796005597,-0.7528381449486372,0.6373234265701865,-0.24127016737430954,0.16720162664461719,-1.8243202468391548,-0.13448435001423734,-1.066876060172304,-1.7529574680580806,0.014384640172608695,0.09054609711805721,1.3410198251130405,-0.29862779719470856,1.195474073538826,-0.7215057923932198,-1.9154673356910243,0.24566749595074366,-0.5562580115130807,1.737459787383123,-0.43089116591229476,-0.4445027720696231,-1.9963933904364928,0.7844956685060701,-0.33229592452207507,-0.4116301918865279,-0.2583300260984281,0.20123722741906047,1.3542753735646835,-0.06695672653603241,0.42637856418939235,-1.1685916347295813,-0.11153935776723922,-1.467096869391515,0.7375763915605029,1.306016963367075,-2.0364457466960606,-0.4484354073905298,-0.7151225259954334,-0.6680257270991744,-0.13110090805199892,0.09618034712897201,1.3789189026587725,-1.20559962426949,0.007967278638819984,0.4197827057235644,0.1320500387305062,-2.0992779387171665,1.8557543894823139,-0.5160941409685871,0.2441885173599085,-2.123787641116743,-0.2662324543973406,-0.9288983373819085,-0.3456001628279036,0.9919772370648651,-1.0021021567446247,-0.23056625038146294,0.85
-1.4556792390824542,-0.3556221619883245,-0.20425925809318274,-0.6425795457295863,-0.6620071890813808,0.6980476985896211,-0.26905709121139687,0.16420682449052842,-1.8160828673986533,-0.016017660281989865,-1.0749014388489067,-1.7069507227847123,-0.022490685254367662,0.055195107254338155,1.3466298820346112,-0.30170354457156684,1.0764971174631763,-0.6752265464388878,-1.8937405018218987,0.16955498414277684,-0.5824727182055925,1.759195811942332,-0.46646287972009726,-0.4554801330888902,-1.9594780183694838,0.8098526038125816,-0.3377444738138501,-0.35420060776443024,-0.28058776896307025,0.1901159255928525,1.430918858830911,-0.08733800121967744,0.40901704613403056,-1.2388660499075292,-0.07078159434659861,-1.4789647755196373,0.7861181345194035,1.3755357832497945,-2.0051156291499117,-0.5512511065517688,-0.7004829807417224,-0.6834737449779987,-0.1420439276457216,0.12704118052956262,1.3674395227580158,-1.1730566799636077,-0.019200099891106354,0.45769571330742426,0.11179957333375362,-2.1087761705097843,1.8151485495065303,-0.560519985397717,0.3374625927323402,-2.1279070830248568,-0.2763607747638589,-0.9431081042087405,-0.3942398943230207,1.0776411614972474,-0.9257164670132573,-0.194289334359315,0.852
-1.3842987064179781,-0.32973567335872606,-0.2823381262011989,-0.6510929744156312,-0.6742151610600009,0.7598819729998407,-0.2878170702342975,0.14876497753651677,-1.8467944813674566,-0.02025926774045783,-1.1699100754559963,-1.6934580127166718,-0.06442998571467647,0.08128764808560816,1.315098099526401,-0.2909045312686912,1.0630539251878006,-0.6746764889207437,-1.9018991909748764,0.18727772149517444,-0.6792451728154686,1.7489969238434542,-0.4800170914084741,-0.5138962684375372,-1.9519515650963193,0.830947223534254,-0.3132340564726303,-0.3865977556127155,-0.2943227310481554,0.06981257347792362,1.4336203884303487,-0.02886767120870832,0.45663207247266835,-1.273972200267649,-0.05341561552641231,-1.4668861508081745,0.8747453318266439,1.3794424373037903,-2.0023186599874436,-0.5343543483828053,-0.7054767786748793,-0.6929849277919242,-0.17207686592991067,0.019216722949803908,1.3671038522931822,-1.096608144068053,-0.03765079542532609,0.4151490907730001,0.09989402243538542,-2.0209214362015215,1.8049840215427417,-0.469841414922833,0.332064328298904,-2.0562146694956236,-0.2951602048997043,-0.9667252912164732,-0.3769513108652594,1.0287574270735493,-0.859334191187827,-0.1950840667247643,0.854
-1.3821175590119508,-0.31020443288584854,-0.2230942757087369,-0.6484426994592086,-0.6793671488009717,0.7340240724519098,-0.31926571906004686,0.10600485925280431,-1.8965122998010073,-0.01359015258131286,-1.2561250947378428,-1.7039126023110591,-0.018040187356562466,0.041212477830434954,1.3062124323663504,-0.2550630684180237,1.0806579666410014,-0.6896238659885464,-1.8772246799846815,0.16590548137800756,-0.707952572219448,1.8323826574597988,-0.42112692168992155,-0.4930161568936982,-1.9757615241951818,0.8207327395418945,-0.3079282713505401,-0.4515502690167072,-0.28926675357909887,-0.009028510819811361,1.5900154066070404,-0.029113772776895003,0.46430347803776806,-1.245567288366778,-0.08533981831143395,-1.4956399194893073,0.8662582146900281,1.3835195787847656,-2.0085692323566136,-0.4764202328778429,-0.7696861330706811,-0.6596056483153867,-0.1794247162583312,-0.04248562619622887,1.4344798566219428,-1.0553006461325256,-0.06326330316668885,0.34779067081233705,0.12907491532424145,-1.9901076346595084,1.8320478061299221,-0.4227146300758518,0.2847199300082516,-2.109554219649234,-0.3140155422372166,-0.8945108323023098,-0.3618087984616007,1.0301095059187932,-0.8656393901331216,-0.14875256646179752,0.856
-1.3923468542259754,-0.3762683546695919,-0.14167695163991162,-0.6867578574863054,-0.6237571897927611,0.7285007952191022,-0.37133819696079395,-0.0030950380764041413,-1.8869289111306646,-0.024558629221005407,-1.3352316406729936,-1.741278269314261,0.0076690798397291635,0.04498656213723519,1.2478215982127068,-0.16531864492319287,1.0793239444484508,-0.6095117585853697,-1.8992027175374673,0.16886047330550383,-0.7316501627124758,1.8371504399688954,-0.42902044729429606,-0.5190992874435988,-1.9930592154837625,0.8716490013895613,-0.33556011099215155,-0.4552208210639517,-0.21174061518887996,-0.08720485114379191,1.6404332560597528,-0.023634360787698663,0.46970480020625854,-1.217544785237096,-0.09722274044714224,-1.4199856236989064,0.8434792039076354,1.3819203546765109,-2.023856892473529,-0.4604716934629578,-0.8023226209988654,-0.6312120684820374,-0.10461647078843096,-0.060321741464479675,1.5426466798643788,-1.0315223684718873,-0.06333392338878788,0.2926309514218566,0.1220675320396099,-1.9610135792167038,1.8663696392571576,-0.46802722946969993,0.2497951948530347,-2.025418909126895,-0.3553889535590314,-0.8327529991987466,-0.2999528703236155,0.9825861870143601,-0.863797030996594,-0.1817421189858258,0.858
-1.401515682287945,-0.4211521552883569,-0.23574035747712635,-0.6769012018308317,-0.6203860653782823,0.7032092325485966,-0.35214030758224424,-0.1187416450582103,-1.9681136237922272,-0.07463096460152982,-1.3119720694398285,-1.799777140804279,0.007309526764584561,0.061471993738591385,1.2271717783076401,-0.1474317305256218,1.0245479166630251,-0.584836316565266,-1.8278202165482018,0.12261015693542437,-0.7211891378639599,1.8164638877931414,-0.5220760999758705,-0.4866000192636707,-2.0422751207365346,0.8682972666724472,-0.2684790625871081,-0.4390319026096445,-0.22966317371520772,-0.07336669698039622,1.7089758231187258,0.06078341551538559,0.4419683910395251,-1.2445251562180377,-0.08614982049192985,-1.5047481921203691,0.873941628062957,1.3857065347203303,-1.9589142639555843,-0.4654693167760094,-0.7759891244665976,-0.662344919286079,-0.08369397850233737,-0.04310741708134584,1.5488882413018656,-0.986562566073206,-0.10565229536267823,0.30976040210985034,0.10173598837150104,-1.96774686672261,1.8518771324837304,-0.48194231288551026,0.2064112474463609,-2.036877157647942,-0.38010919963630274,-0.8425622673942778,-0.28519712952581255,1.0396691400446796,-0.8776347188071646,-0.1119021395618696,0.86
-1.4131154260369312,-0.3318231152081222,-0.19837070359911707,-0.6438114195828486,-0.590209290974066,0.730198655149802,-0.3847471810764994,-0.1252202068356019,-1.9626457092023577,-0.060724830232697494,-1.3442530747855845,-1.7536117503267086,-0.06807285516325978,0.03312328209424854,1.1913194395107691,-0.10627041561083142,1.0022528530426282,-0.6257615910658924,-1.8351028756362573,0.16563089715949486,-0.6546493835313523,1.7755956212518134,-0.5872688995299108,-0.4576482430861723,-1.9928380971355484,0.8265286489920982,-0.298324589947558,-0.5033993698873336,-0.2459466659941136,-0.050113370493955894,1.6719081382631567,0.005920745209075207,0.4564961910158138,-1.2752761265857895,-0.08248897802284132,-1.4951824269460596,0.8669300589929425,1.453740891024255,-1.965419627134516,-0.4008020650757071,-0.7196548658259379,-0.675223376188184,-0.10254840503753161,-0.08429564688038513,1.520403290469813,-1.0955241628888688,-0.10497871047259959,0.29892054633313003,0.1567208435262425,-1.9261023594501383,1.8567164809786363,-0.4887073945644541,0.13382307774477598,-2.132403690667821,-0.4197849785027005,-0.7508174146731911,-0.29167057343044883,1.0007372557310599,-0.8611735014211787,-0.1629723212689832,0.862
-1.421215384396055,-0.3151144614867378,-0.2219251646264957,-0.684090282152547,-0.611354684664287,0.7689159449177417,-0.42146974387477654,-0.034311950029497135,-1.990638322367285,-0.01540628502310526,-1.3454608220905058,-1.8120743488758457,-0.04001810303013112,0.08927501623979486,1.224390163297028,-0.025511869990795147,0.8589737956415688,-0.7020133052621825,-1.8753447456125516,0.07530711420379996,-0.6722264597206739,1.8042725325422944,-0.6125375125868057,-0.437745659556372,-2.048809385739028,0.7676209250328516,-0.27309164814003556,-0.521888194672316,-0.21887725162640434,0.006818665742008789,1.6591121832078897,0.02480937628162932,0.43815006003431844,-1.250489844680929,-0.11520478857235321,-1.5318370955279834,0.8780656598345408,1.4537497581323457,-1.9394131518907274,-0.40843394827568047,-0.7345488426609644,-0.6803758210237016,-0.18412827687929442,-0.10739405344511013,1.5819009406164781,-1.097792209984497,-0.13418150724849337,0.2973837977431743,0.15393306143991933,-1.9092127051561185,1.8253273519654252,-0.4656797809571469,0.15711870731822009,-2.016526623498298,-0.39646482788284937,-0.7171328015012308,-0.2475542032787213,0.9742912733574167,-0.8158296227990374,-0.23531311803269264,0.864
-1.4693158117035356,-0.2820081098586703,-0.2172838401582512,-0.7062665233163038,-0.6089351104010076,0.8092207102314516,-0.4289891766441879,0.01182508115223338,-2.076938041815584,-0.0018311798845384482,-1.2936415405787194,-1.8677831076192528,-0.1173947389539584,0.028639146754548844,1.254260751203007,-0.07198185014993887,0.8035638831955452,-0.6887666228380425,-1.842874880663591,0.013336281411167349,-0.686848858291416,1.8608313830208023,-0.5886099603771362,-0.4704726634027766,-1.9961416650148873,0.752435817222557,-0.1772495285805158,-0.5057145534740577,-0.2085348916504308,0.03203049480473183,1.7033129694890705,-0.009723772905006523,0.399453616093737,-1.2530716557837698,-0.1455975421945553,-1.57055538620624,0.8880736974082323,1.469972214356866,-1.886289033340144,-0.38451631481919846,-0.7289261236334488,-0.6373984266501155,-0.17163602699411085,-0.12347759239452197,1.5979394298794534,-1.1062931059560484,-0.0792221341832044,0.31370640611808276,0.0899641674403022,-1.8799050523622696,1.8246539142674236,-0.48466394132585244,0.2090393014649032,-1.9997940624783201,-0.44059904077916123,-0.7394299295859886,-0.24663314198870764,0.9522494551258461,-0.9007564029551366,-0.21787615409818853,0.866
-1.4732439751405713,-0.32628551397106853,-0.25480810424253,-0.6963132112632429,-0.6082193172366673,0.7954366047272563,-0.40262494439205404,0.03147037321956173,-2.052580212296952,-0.07730954826363699,-1.3584305293601664,-1.906499440184563,-0.1417802155799609,0.02868421954565187,1.3093014134145546,-0.04287529608101316,0.7134236077285303,-0.6551589731590198,-1.868055222164357,-0.014136490126377736,-0.6269080259945742,1.8583940232515808,-0.6041882927355323,-0.5281348546487424,-1.9753306080300592,0.7582823279226176,-0.24134399854698974,-0.5021407780571215,-0.2115751327653457,0.041403081417346124,1.7364840881263883,0.014796880584638229,0.48111746571187064,-1.2887119163623229,-0.11119655634005379,-1.4378475276491103,0.9178501980493535,1.4829898484813946,-1.9031972194770284,-0.3633439587665969,-0.6887977780877171,-0.6733877146288235,-0.22651125395882027,-0.1251539660915279,1.483914181981118,-1.1472074757996864,-0.05451267310266041,0.32954608780607636,0.05521867958174793,-1.943861915275747,1.825020988276625,-0.48220785730052723,0.16792956580253385,-1.9892684978237596,-0.4950710265642496,-0.853418682686873,-0.2730898670961702,0.9275163982157397,-0.8683494116247229,-0.22949955567808455,0.868
-1.4917525141605255,-0.43507774968527746,-0.25588507471791416,-0.7061279673837293,-0.604150491627451,0.7086416876348189,-0.40322053528150914,-0.0360741476635086,-2.0559653646483844,-0.10430655664007273,-1.345045271414617,-1.9126495749499117,-0.09809855998624437,0.01839434671013314,1.3063767689964079,-0.06020956902471525,0.7440861909852412,-0.6856362326684322,-1.922079598337977,-0.10886858689966458,-0.6158542492379983,1.8193571063539304,-0.5643248275326065,-0.5591405336560121,-1.9336003966661028,0.7329358193175408,-0.33287414409318117,-0.4388912117106416,-0.28733125176287094,0.07995017622460857,1.6854968122224296,-0.08664939846825186,0.43340004246954067,-1.1891535555444714,-0.10853534591019492,-1.5649465602558736,0.8940750881274523,1.369491062453668,-1.8234708386188427,-0.34196780384499814,-0.7148378650324009,-0.6952691533817058,-0.24799952931987243,-0.045049566517762915,1.457458570776435,-1.2760570135879628,-0.16094675582616652,0.2860440589761689,0.052576676537705494,-1.912525341682462,1.8338593809629216,-0.5311681122066151,0.2156540260901692,-1.9662806836703093,-0.46653859099411116,-0.8867454424651068,-0.26721109966303824,0.9445857499625993,-0.9460490877782495,-0.26370699533809655,0.87
-1.5125589656787792,-0.4433850366277961,-0.19975951734014707,-0.687795587411976,-0.6159295834963414,0.6700028428101111,-0.3817980611927603,-0.005801296269694136,-1.9950415681961875,-0.050454112723771975,-1.281626900351268,-1.8555783823883645,-0.02019218878668519,0.04332874363251629,1.3295180581996424,-0.05986414990236409,0.7094642439638026,-0.6767128405581783,-1.910227840932908,-0.09116729427130663,-0.637747582231947,1.7865911797933614,-0.5856699776171689,-0.570362141607709,-1.9155116098622804,0.7525947287666551,-0.3172241518381129,-0.4297658554028526,-0.26204223966401285,0.08206779905776425,1.6501099366910428,-0.09263696320906907,0.40990632678203337,-1.1331659997647356,-0.1628485559591619,-1.5401519633486849,0.8960084448704875,1.3526127962240246,-1.7945368165923867,-0.3492345536092723,-0.7488907326050093,-0.6910783279130424,-0.235138792700021,0.003396056240581237,1.4348960942329931,-1.2926580055202013,-0.15569033393645076,0.23862254352006446,0.09774234342072205,-1.9601151581527003,1.818425820025559,-0.5319077803286338,0.23881642036167694,-1.8858194272621842,-0.5144665722175766,-0.9239864047927531,-0.28334592653474033,0.9888489560444915,-0.9685029315847189,-0.2905152252741626,0.872
-1.542043069441795,-0.49337228845033854,-0.2146002988438511,-0.7388162607780632,-0.6471957079257915,0.6693351448750665,-0.32882800501659076,0.03143818206454335,-2.020423128829984,-0.007634200669991015,-1.2520067485565254,-1.843367072487012,0.002776284369209743,0.03430164434468505,1.267619140054572,-0.13313087345098445,0.7150925913578494,-0.6593389260060285,-1.8675163351270199,-0.017060086040232042,-0.6849812483711033,1.70012213162907,-0.5588587334261265,-0.5844372677184625,-1.9586829452353138,0.7963083437062403,-0.4028289800825129,-0.33492114466090595,-0.3109489365671477,0.12567004501522783,1.6426012715633567,-0.12771379772728003,0.45383821199007573,-1.1426843344287931,-0.11881922660391737,-1.5944279943779769,1.0014340332058378,1.346306768800029,-1.8635003342978442,-0.29444450190565963,-0.7413965295321318,-0.6904067505691937,-0.29630661957893767,-0.02879888879376733,1.4132051676943373,-1.2582113931581667,-0.10120081153616627,0.2673575334329127,0.1506731398743584,-1.9634020697971264,1.7428421313608147,-0.5177827430032287,0.24747595529864277,-1.8585335167218058,-0.4999092252116486,-0.8402156874591917,-0.21840243603505927,1.006071560492089,-0.9485362619978557,-0.2678669806350468,0.874
-1.485811094099861,-0.4065826547956922,-0.20553793770123926,-0.6453283305611525,-0.6249475890858658,0.7177227039683501,-0.332588544462763,0.0415440078906316,-1.945780527012639,-0.025151707032779077,-1.252211432596486,-1.7696038300280055,-0.011189301475955676,0.06056506802540279,1.21763679842741,-0.11130952986558695,0.7206875247829659,-0.7171250705245802,-1.8968973808641798,0.02948263487683505,-0.682697131024075,1.759293450591243,-0.5061807304606967,-0.5611333713914555,-2.000672888403962,0.8114021447488021,-0.47253672978896305,-0.30263152033985674,-0.29241243741649614,0.1668458267711217,1.6969128775813647,-0.11906488550755728,0.5145798878018254,-1.1465978045874516,-0.04508285976415348,-1.5078833195676562,0.9600351490808081,1.3501329625528566,-1.9105748460258605,-0.3557406734697436,-0.6504966295920567,-0.6901971607445523,-0.33274216236741894,-0.10711175758358527,1.4013600044579828,-1.2929539854674692,-0.14478905563302807,0.23161914663833502,0.12269630220572747,-1.994113623093463,1.7319853019346083,-0.5123628122186663,0.2505813612349544,-1.7941983340598218,-0.49982706696674883,-0.8264491286240824,-0.22056403849629638,1.0863375563780198,-0.9238495853488998,-0.28518352423746923,0.876
-1.434128619829853,-0.4256275082508543,-0.19629909229187636,-0.60478264825256,-0.6263925216268541,0.7144797440821867,-0.35148325725571183,0.05292713151965753,-1.9046389158339398,-0.02010025982877049,-1.2877916035764063,-1.7980141755822974,-0.1263223027199299,0.08383578038951237,1.2110262159071965,-0.0922782050234653,0.7709178515784647,-0.7129920228374365,-1.8975638702958666,0.03981447819380737,-0.6959862964653085,1.7131168771920666,-0.47549837682356966,-0.5666010812726037,-1.9867992918080815,0.7827647752192821,-0.5370648850330265,-0.31231207646937914,-0.3470230893983425,0.24386608419305728,1.637893248626255,-0.0004319966448832063,0.49999599288880753,-1.156651753729465,-0.03529502998417982,-1.510148988286339,0.9334437407721026,1.4063198989587056,-1.9076460412410259,-0.35025769230030107,-0.7316538689406175,-0.7118578576320829,-0.3612849354172814,-0.031642223271865236,1.462361139806755,-1.2752859289529428,-0.1833418325006492,0.27638969924324747,0.0937804788253975,-1.9816363767419387,1.764375389036867,-0.5226087631002944,0.27116377791727864,-1.8005225817751862,-0.5139867688848369,-0.7638761861468408,-0.2386520579529856,1.125390271056002,-0.94493590028137,-0.3336926756796585,0.878
-1.479912074959189,-0.372778598378245,-0.2090925210662813,-0.6048486193725631,-0.668082552010015,0.6938914763100281,-0.2650346301825425,0.02323818553074494,-1.8921823770224888,0.01783599052474528,-1.2719268941983635,-1.788018278859561,-0.06473240342119337,0.04520791404142931,1.163859916233501,-0.01520387823319165,0.8407572390196656,-0.7257127443107309,-1.9131838292446397,0.08239949509786881,-0.6760058850055439,1.6414850231956946,-0.435164790179702,-0.5168173846323014,-2.070662761807854,0.8293537211430201,-0.49646108355118085,-0.2577608817498491,-0.2867688183741969,0.18806420256184372,1.6730397480726065,-0.0013815760653488305,0.5443514470729682,-1.1462192881083193,-0.061383670526213296,-1.4670217946561475,0.8784178651011584,1.367319621010387,-1.9775571474409317,-0.31324459595828275,-0.7385795982708344,-0.7499976738530294,-0.3356514837561052,-0.03338931443871977,1.5164783990559323,-1.2879920638530324,-0.22547598277848088,0.22709044821043692,0.042325990734637345,-2.018786851740477,1.7303237529049433,-0.6064158376939213,0.19965711033377312,-1.82042824213409,-0.6020862278977676,-0.7633268663831193,-0.24938658290650717,1.158944129368178,-0.8872410747128489,-0.33235033458717933,0.88
-1.493599576787083,-0.29716032692483507,-0.2144221494310059,-0.5688600196949457,-0.7170590799188232,0.6940026896537371,-0.17167517744916616,0.10911637545880666,-1.837995590004429,-0.02139805411234708,-1.2468899458333855,-1.6877133532404023,-0.17536059666485232,0.02362748651532945,1.1441340727196652,0.04236332098872642,0.8938562863112578,-0.7606765461480826,-1.960713031868135,0.05740534280147031,-0.7034358764709339,1.745283935218098,-0.426026966532811,-0.47002500216476034,-2.092808948911733,0.819397273706661,-0.4402719219273962,-0.22622619992843485,-0.2060696579366456,0.20463653879382002,1.6455278916120155,-0.08021473014456407,0.5020918629460125,-1.1464389367176182,0.01807962625532837,-1.4858829156436582,0.9133205565759808,1.3576219071718807,-1.990020233359571,-0.299695378956805,-0.7675373486996343,-0.732327206474904,-0.2916547302609421,-0.04817857101995486,1.527167743184078,-1.347438890632868,-0.2596620885205796,0.22316614530695442,0.0022480164752101267,-2.113578030031645,1.7821546840472822,-0.608729061469863,0.15457298067214928,-1.8675618006860697,-0.5766479626758743,-0.7308166328172763,-0.24417421611994508,1.1683347869046143,-0.8469790827982956,-0.36623414150632355,0.882
-1.4974290007211049,-0.30535379653348854,-0.1901378759429837,-0.5787341291255766,-0.7431916478219854,0.6654312915680234,-0.15309331831551276,0.09826719490962797,-1.8069421634408513,-0.03730419542192899,-1.2605987625496098,-1.6542205343586618,-0.15658483103869544,0.003628163799473786,1.1208353976002874,0.045515304158868015,0.9468685316946684,-0.7716476936289636,-1.8873691890147724,-0.0022855478518284053,-0.7589885826896249,1.8395976683654438,-0.3943528838337457,-0.545826662862146,-2.0810080805682962,0.8303664377250948,-0.4552392665834309,-0.2507712327045606,-0.18096594005980032,0.27277950826806935,1.6991267998519541,-0.02848349101846198,0.5194676409356066,-1.0794910428667752,-0.015316389646660412,-1.4954758397706414,0.90409180890519,1.4320612541880082,-2.0204125851873127,-0.31410649882924563,-0.8020397715184542,-0.7188561844842033,-0.3161904730360227,-0.09736699641307606,1.518987568055774,-1.321144719460437,-0.23185434914030253,0.28763101849329575,0.009190687593319072,-2.091841168516778,1.7611675780397944,-0.6140771653313077,0.15314210518405222,-1.8927191132178178,-0.5588760239626607,-0.8157415803972309,-0.27490053180409424,1.1707780138352943,-0.8418383438568515,-0.29376882098577206,0.884
-1.4522823791899977,-0.31568029827814054,-0.18715543171640148,-0.5926727269388273,-0.7802630213011148,0.5933007536746573,-0.19474642815328203,0.09310835739080627,-1.8174307023776364,-0.036057729870995536,-1.2422452243560294,-1.6588523468587726,-0.16142333314586382,0.05578415128610868,1.0691375171797801,0.018475310750633904,0.9676802543885734,-0.7301282690319012,-1.8921826023133774,0.02205236578351264,-0.7849259524879857,1.870696200093233,-0.4728324932040898,-0.4820578036418889,-2.089105310635179,0.8482042808221019,-0.4448708791190318,-0.284417610065431,-0.1348338569400037,0.2184845495561208,1.717892399804864,0.08804269391450802,0.5608229710897465,-1.0809109769405343,-0.048217320124813,-1.49612049120956,0.9161886557564289,1.3764307671983205,-2.0187000762832716,-0.2968880919361391,-0.9158621878353588,-0.7535155407440332,-0.3471270030933702,-0.08200124972388106,1.5296354327217396,-1.4399121531314398,-0.2675122534438845,0.3358922827507588,-0.02116933608593778,-2.0404993637303916,1.7386113447136706,-0.5411316345488537,0.1614403480998347,-1.8800357350691814,-0.49442854496486033,-0.787844950422908,-0.2817949872784029,1.1879616900696481,-0.8152535885633837,-0.34996792287267625,0.886
-1.449948214936472,-0.35930363462005444,-0.10555916620328201,-0.6580339090398077,-0.7514331198578668,0.5590823987117396,-0.26253049185163363,0.11739751982564056,-1.8234488043518138,0.031293663041586914,-1.3160417137044904,-1.6390562697398021,-0.2346910795638105,0.06955907670554176,1.1427532700620824,0.003674432163760691,0.9148447179094998,-0.7255169736990467,-1.8716655577711179,-0.007903308087404772,-0.7415853128480332,1.8557424605299209,-0.4827194254695164,-0.5592046480284316,-2.061991717902009,0.9211411885441478,-0.4765097481807146,-0.2921546157467311,-0.13707528349042622,0.1713523337604725,1.7270269210682767,0.03550624416543522,0.5302369318184519,-1.0271076911174817,-0.06129574940091856,-1.5115650510834076,0.9581825757224729,1.4675896981071808,-2.0301170331617286,-0.28207732800174745,-0.9463703910925079,-0.7515180277983866,-0.3611762399765934,-0.08350992361561835,1.5433225367924217,-1.4233537804955538,-0.2906970900170536,0.3240595457600801,0.04470376812677056,-2.0320680418380452,1.7148048974027086,-0.44488334107966665,0.08320823328832677,-1.87997344801823,-0.47101968548932466,-0.8396954061988037,-0.28449466092857895,1.1426964374536468,-0.7846919463582498,-0.3912208006417572,0.888
-1.4111497356136689,-0.34631454110870863,-0.004218615122795102,-0.7076708300205068,-0.7941895082873442,0.42478345891563546,-0.29248787145887994,0.16663755022151994,-1.8467015175084984,0.0474426226062917,-1.400869334299479,-1.610925098842372,-0.2274272804650789,0.01891959220056253,1.1569426983654107,-0.014361535138616575,0.8795605662780751,-0.6333227785090197,-1.7934406775202256,-0.10369921112071212,-0.7585138334037762,1.8019059148720942,-0.47153490234938383,-0.5355764553037125,-2.0340669012731873,0.8844175918985433,-0.4887389990235173,-0.3040640973665423,-0.14852125109998401,0.23573291993542508,1.653090984302147,0.053673356830899174,0.5118539382257635,-1.0764574030543974,-0.08323055992237785,-1.4852202423292105,0.9394880741718147,1.4762518253512946,-1.9897589327136405,-0.2691144036115381,-1.0149462426553484,-0.8106842347511233,-0.35712193794283503,-0.06659281253212583,1.5088805501199078,-1.3591368038962093,-0.25495129622137414,0.2809123833094026,0.062966568068577,-2.0565417266600106,1.7514729424674593,-0.42337179402511516,0.08253715633996293,-1.892921402131253,-0.47289061074406996,-0.8775038867067793,-0.3789804052136395,1.1336093385896546,-0.8350572252375488,-0.33506410692828936,0.89
-1.3560644264998485,-0.38248533479968405,0.0017527331019030748,-0.700775364892462,-0.8231005489767556,0.398430953607993,-0.25735641821308614,0.13968571318651998,-1.8363840358861492,0.040088501717021024,-1.473554461369257,-1.5793865139227585,-0.258090626500381,-0.04125243334732038,1.1844504617605196,-0.02649120012611076,0.9626107099903867,-0.5857443558450833,-1.8108526377705851,-0.06202895711911252,-0.8002373728719478,1.7203147872860696,-0.46064088373862666,-0.6217900912378679,-1.9800358427106681,0.8695402546478834,-0.4551439177718217,-0.3247415837416214,-0.15417836569631732,0.2614826216742344,1.6929119101668768,0.10922197976457718,0.5402960588011126,-1.1263312189194605,-0.018932432571406574,-1.4947895106465219,0.9850972661883719,1.4956883279862327,-1.975863252473372,-0.18343728901258688,-1.0301290316214387,-0.8188725380951811,-0.36837988106555164,-0.08239382670443214,1.5482068022323074,-1.3505808288477281,-0.22292591579224424,0.3651897895004863,0.05977240449937268,-2.146561283067488,1.7653532282321946,-0.4566275636030601,0.09815885462043447,-1.8929405286859402,-0.4491715399705346,-0.829910040366003,-0.38778357667663316,1.142325982591963,-0.8507692717055079,-0.23351232029677038,0.892
-1.3700030428309204,-0.3836274504400973,-0.007829775643022653,-0.7268801592261335,-0.8210192353886892,0.4688641235925662,-0.25571015678886827,0.13590615629130762,-1.8321571022973537,0.029089133976775514,-1.479271997234938,-1.5620778670143862,-0.26085588215693456,0.018287622573374865,1.1761792947016882,-0.04266209397846144,0.9958128968386779,-0.6238323390744859,-1.774516935193602,-0.08033352714703891,-0.7514989925645267,1.7565399316151,-0.4319252196573221,-0.5758872459771276,-1.97561996204399,0.9228195766526189,-0.44868452899095224,-0.2516441887741825,-0.0979575300846682,0.16922728665582107,1.6709579204133074,0.06974850510941011,0.4881512076100798,-1.068404515851133,-0.03083668753240644,-1.5468066701319614,0.9925011250061392,1.4390411622873902,-2.0623083272985174,-0.1724211765186769,-1.0534742785579443,-0.8701893992026823,-0.3509115700967751,-0.11522701690099571,1.458638615967483,-1.3267482300932287,-0.16702179132800726,0.3895265342930145,0.11966166288667596,-2.2092226365879326,1.794338625210092,-0.4727764783204316,0.043370548202336455,-1.886191568109383,-0.4999106065187182,-0.8579931777860604,-0.3526338764431986,1.1007086374248072,-0.8524667415970651,-0.23768439047465342,0.894
-1.4010165453882897,-0.3568213895802108,-0.004322288818626059,-0.7303444746265297,-0.8698120792814545,0.38912468501980035,-0.27606583437280674,0.03692268436750726,-1.819039359855847,-0.014981852110059143,-1.5244486066295264,-1.6328765932977727,-0.24937244436473208,-0.015098432916744987,1.1385146395358283,0.025622211558180667,0.9396684321800761,-0.6753487277672262,-1.755027100866609,-0.12570638646314897,-0.7413191958854863,1.790088659081371,-0.37528453809161966,-0.6143473341471285,-2.0152159433484043,0.8955238012678354,-0.3962874174015962,-0.18223547658133266,-0.10045471789310087,0.16071188464350133,1.7281940595027465,0.08328531056782838,0.4866143370896676,-1.051138418303373,-0.0463340466731765,-1.6152273648464661,0.9856849939400448,1.480628006504853,-2.1439345187312124,-0.15348946281680562,-1.060856244514842,-0.8185057051675731,-0.3789722815499268,-0.0632567298465335,1.4535501723026676,-1.3443731743383789,-0.07330385407893482,0.41270364066881915,0.13148983588871724,-2.239941515681116,1.7590821880065723,-0.4134650020032915,0.06467477344792857,-1.8415592675403594,-0.46542668825463257,-0.864603030808545,-0.41366242390005015,1.1240904330230823,-0.8782882007566701,-0.26112560945470803,0.896
-1.3887797209521364,-0.40423740388866525,-0.007648144015283315,-0.6960700855733745,-0.9311291084221024,0.3054612169159858,-0.20163535771078928,0.00877719821113036,-1.8356405652234178,-0.002980102621118655,-1.6143412306300795,-1.692043385502751,-0.19915745327748116,-0.10467314626361049,1.2086733745229534,0.0488922726953937,1.0037728891894613,-0.6948834452270937,-1.7051428377425402,-0.20123068055607662,-0.7650073362253373,1.8617763443500333,-0.35113724147160996,-0.6068004923167664,-2.0057691097192363,0.8711914588558552,-0.3377197119996036,-0.21826905434148858,-0.09697224408545023,0.1387750153880132,1.7275259715977194,0.02185687039473904,0.43047302145722466,-1.0348360157097876,0.017250041412643878,-1.6173512896502136,0.897768379963007,1.4925589501903835,-2.077767557103131,-0.09679789819157461,-1.0518377100252205,-0.8300842644853529,-0.36512269322978513,-0.09635291938061323,1.4599389509002585,-1.3685332874835,-0.14033008295125726,0.4752484872051781,0.11567043075638955,-2.2458728408844135,1.7370495631975904,-0.48833570898846484,0.000860168794992372,-1.8263477599347222,-0.4434078754559235,-0.8196607950762225,-0.35873021766955515,1.2078534244833885,-0.8975857135423712,-0.28139778154693595,0.898
-1.4016825280891694,-0.36823167838586335,-0.04146538352579002,-0.7255843783149978,-0.9472861344771261,0.34065461551153065,-0.22461831645617902,-0.03590048350778331,-1.8279718276045782,-0.023699004545601372,-1.5582165449381553,-1.6814512274117601,-0.21497081379980088,-0.06962104139655789,1.191050912030179,0.09466275610243388,0.9531764346896597,-0.7777616181114845,-1.719854697116038,-0.2086245609726025,-0.6621780789262933,1.8399177093848214,-0.3034594162628371,-0.5466205392458132,-1.9846572840227683,0.8541319463083069,-0.3883608283824726,-0.26893811463726347,-0.05622385289745103,0.10334720730466476,1.7429342059766233,0.03741546054078048,0.3497659828755735,-1.0482871715864304,0.04846780423048409,-1.6505164147182592,0.7999198843223665,1.564364631439808,-2.0748601736071564,-0.062333431406736486,-0.9865909943139497,-0.9231248749110013,-0.3413591386317859,-0.08040972934342752,1.4999058190107957,-1.297753793982691,-0.13103612231588058,0.4822108702196665,0.14409582111871447,-2.2295794737628234,1.6602264250363312,-0.484282990859883,0.0211503929571777,-1.8446858209066648,-0.48361296738240644,-0.7817951148321769,-0.44052169286457743,1.1910142736933935,-0.9219684085178516,-0.3079342154643823,0.9
-1.4057432435102237,-0.3489693095921764,-0.0006951571921738967,-0.7875724096984098,-0.9001302263887563,0.34746445944251475,-0.2953862195709631,-0.02104339829457226,-1.856763969765866,0.05024115088701183,-1.5470404959033295,-1.6198991434051864,-0.1393487460052857,0.01200672375225871,1.1885802489044575,0.14131027821386719,0.9942936739765776,-0.8010154692170695,-1.734565645234164,-0.1962975707461297,-0.6742484686267574,1.8292372864100617,-0.29999401075990917,-0.5198685936357857,-1.9917009287753684,0.8649153698896417,-0.42913549880356927,-0.23380279851830382,-0.11559085833512447,0.17991634527129624,1.7374307106004867,0.0554226424679305,0.36046031714781074,-0.9968523599781922,0.12786865605167236,-1.7698561592942776,0.8155589769392539,1.51467817208566,-2.082332688517722,-0.05793791746147396,-1.08750310993442,-0.9535613285645074,-0.4062796943361099,-0.07636582511556332,1.4614021056066724,-1.2424139075343168,-0.15049784744602923,0.41603525671084407,0.16164562982004851,-2.243433474837706,1.6585395825825135,-0.4864600867282083,0.1003829845353882,-1.9435330818596968,-0.526475694475565,-0.7732968032442874,-0.46630083505059955,1.1050916098488013,-0.8994343145774577,-0.26462565809620126,0.902
-1.343740707941664,-0.35124694158970304,0.021579863407630646,-0.7411606671141886,-0.8752359561638877,0.3994365968289796,-0.31049842424345886,0.049408628008153654,-1.8809355806540102,0.09308968482127308,-1.5810454527336337,-1.6445249497977152,-0.17522087808554557,-0.02491671234223425,1.2434603314541748,0.08782043135575546,1.0660505155837576,-0.823999834023838,-1.7816426400529144,-0.208185615725312,-0.626705713193812,1.8048898393420325,-0.3401102770314335,-0.5163784810393468,-2.0015314615015067,0.8974272430359088,-0.4299299902943839,-0.28317495917317104,-0.12357585281110885,0.18113901984720845,1.6604405715596864,0.06650808911705859,0.3825650977186261,-0.987798298068711,0.16194370755649812,-1.7742686552667761,0.7884400518646579,1.5117241584174947,-1.9803952595976964,-0.13953121055559864,-1.0287937982040058,-0.8651066248892699,-0.41217306522267216,-0.06746508597526552,1.4377627883517219,-1.2428626192790688,-0.09014520882658764,0.4432237830459925,0.14134722743930106,-2.2945484777396383,1.6225920135936465,-0.4622134336548538,0.14945079791029464,-1.9082099062703184,-0.518082289312909,-0.739727799382902,-0.48707575821938026,1.1134566577707856,-0.9594530992035099,-0.19823595244883463,0.904
-1.3657119056915914,-0.351157666454101,-0.01967531119519249,-0.6646065449658097,-0.8674440024801413,0.3365480412210215,-0.3400368693754108,0.12261623160157918,-1.8879667268334472,0.10811236383507088,-1.5104732923344877,-1.6795983943908377,-0.15581758216269795,-0.022856895374592207,1.2615832296980092,0.08056798494100982,1.1253383394705467,-0.7759471980936928,-1.7606963919247953,-0.21942041478365285,-0.689854000694878,1.9314952110451502,-0.33383782870939877,-0.5381572003580404,-2.015428111805207,0.8481300588915878,-0.5130636306994203,-0.23978577916050836,-0.21764906026319708,0.16942693130312067,1.6371053943715055,0.04223985807085011,0.36626684817385974,-1.011236214037635,0.10697210085497319,-1.7294206648436912,0.7901755598332592,1.5149829926410456,-2.0047524554329264,-0.18605909282769684,-1.0691706921485238,-0.9107694302867475,-0.3231243050011796,-0.10468536932175454,1.5065124423306282,-1.2084168654382825,-0.11122895330614645,0.42122075246301877,0.08252344028497627,-2.3602651550815996,1.633030843206891,-0.45771595176578816,0.2126804109864664,-1.8828230697729187,-0.5566235113589196,-0.7025064959734952,-0.5320627224295097,1.0975668620375632,-0.970056724417778,-0.18917750447620713,0.906
-1.3316593614417989,-0.3187602959321458,-0.023318445748825006,-0.5931944550994714,-0.8235726647314225,0.34450619219304807,-0.407354989812456,0.10766900114507849,-1.9261193205215756,0.08672744522535207,-1.5301177127113084,-1.6507539491874825,-0.09941111000068943,0.013812527329173464,1.2921110101601792,0.11171870477836864,1.1406915752456752,-0.7697858390393543,-1.67888428347392,-0.27912807519213995,-0.6887436100404178,1.9140843313523603,-0.2833311688560425,-0.5235535788522903,-2.0486858290693752,0.9441185612068664,-0.48768179706454984,-0.2270413824923977,-0.15430268620427687,0.12283583379607045,1.6405418249702148,0.054481470196240056,0.33578700673933815,-1.0127596347070253,0.05854022906042359,-1.7360637043985814,0.7876746110554683,1.5407055040554642,-2.0914211044940645,-0.21764076700380594,-1.0099464556434472,-0.9066830242537307,-0.3026934252136717,-0.08813222692875869,1.4984082541600656,-1.2764369652099226,-0.10876776230105759,0.48348190716238937,0.013916744472310144,-2.357374531349222,1.646823857882591,-0.4772142092846296,0.2620594387248112,-1.933625608265419,-0.5598086437085629,-0.7173310230894805,-0.5775956081269122,1.0837415444811576,-0.9752702024717138,-0.1869163825915193,0.908
-1.323863488040729,-0.3112515984643673,-0.06390616394049549,-0.5283108657196036,-0.7999602572663876,0.368156773385845,-0.4215291182729017,0.11676306247691438,-1.9286772916373305,0.12408157796327571,-1.5292371510507283,-1.5950415244796954,-0.12461176934528412,-0.07104718897358644,1.256772690407834,0.08696958973458142,1.122858482883691,-0.7757449027460596,-1.7417383790532746,-0.17787371098431698,-0.6547261839147475,1.9694366524568525,-0.2466015050666734,-0.49358918599020496,-2.0480868563836214,0.9461344449972704,-0.48927619060588357,-0.3071486182645559,-0.2331580572697302,0.06859824748988497,1.5618911185904736,0.0574519029389681,0.39156054226736364,-0.9872495373716891,0.02613597435580034,-1.7314240892967816,0.7845842662576361,1.4963405430963135,-2.1398616786764917,-0.31132981515977587,-0.9722314910779506,-0.9021242569609808,-0.31736399218409067,-0.16579022967117796,1.4475119227655755,-1.2778302529918122,-0.0559126793558163,0.514268237471786,0.030687178850713436,-2.378421475517165,1.7109287715764299,-0.438767209977087,0.23931424626031986,-1.9602674242763187,-0.5870087668127717,-0.7106248240890454,-0.5494602161766697,1.0884250971423746,-0.9079574168188121,-0.2125029643444038,0.91
-1.2929142393124875,-0.3152489640258033,-0.14040722209739173,-0.5377263206035291,-0.8569723370042379,0.34977027536708705,-0.3788593748209543,0.06487699337514717,-1.9549094084453535,0.10216608294770438,-1.5323216641673505,-1.4905353599864655,-0.10913128543311304,-0.07080464400092454,1.1768086127103867,0.004842192546586632,1.0719967209113952,-0.7366401623272477,-1.7486209053798634,-0.1679167013473539,-0.6785594975103687,2.0363809688646337,-0.2360788473124292,-0.5511358407922577,-2.0849312442392267,0.8793909982479643,-0.5323622562305734,-0.3497274273973989,-0.16409357412060935,0.13310365849607708,1.6014933944733654,0.08298296552038181,0.34619446327925624,-1.0367504421804803,-0.04915700652563644,-1.711545533229026,0.8195352472446666,1.445008777538405,-2.19434608805407,-0.3420193368922866,-0.9588780921158843,-0.8635470334760702,-0.2997870587437662,-0.161888535452102,1.334757484165639,-1.2344952193303524,-0.12764100496575304,0.41817243850270397,-0.02306376297761591,-2.3325944037726902,1.6821107170972853,-0.40443748900506976,0.26414059703623355,-1.9666010174466133,-0.6370560151155297,-0.7183388383694991,-0.4766008461221096,1.0463334958967083,-0.837819030175812,-0.2897243094214047,0.912
-1.3405982092854005,-0.31847615467405194,-0.19661173198396312,-0.5500773694339985,-0.7954084335562,0.4010376064593226,-0.3858436714915161,0.08010532655159944,-1.9455644739904971,0.1547057436904849,-1.500865029540505,-1.513790167309317,-0.15104520268698018,-0.06884616713952943,1.213719218634308,0.04359072451743079,1.1077109144074504,-0.6834512977248657,-1.75528524240385,-0.1531299698394956,-0.6542556652828337,2.074598750114716,-0.24906220271100143,-0.5316184855720927,-2.1360934040792183,0.8499978412503071,-0.47371501688311474,-0.37178524181442235,-0.0637904761062837,0.2053757833266512,1.5606014592886877,0.1887230540506033,0.3096898362292107,-1.0025923082459458,-0.031528222043223544,-1.7964082209319545,0.8038496032560023,1.4188183327496626,-2.232110030932109,-0.3354512919695955,-0.9264459773543886,-0.7480989012269303,-0.3394280777066028,-0.1370653325063753,1.3464155149966082,-1.2146327838001247,-0.1771655745863452,0.40574095333130794,0.014198461699124556,-2.30809284309049,1.6867022517052277,-0.38049342932942903,0.24252233896689643,-1.88675716538668,-0.6018916100290896,-0.7349319105283384,-0.5160840109280191,1.0607144296465774,-0.7550541489643607,-0.34298721389579917,0.914
-1.3390056615403934,-0.3126736204635471,-0.1766437879032374,-0.5242019296200545,-0.819395850242888,0.38281632138793237,-0.3916929438538573,0.07011296170249945,-2.0231438973591533,0.1760760935752647,-1.4941661841730367,-1.4524060424313834,-0.15695583006087818,-0.10653572850286908,1.2108149788990823,0.026527393858684505,1.1422173923585655,-0.6618601256349579,-1.7387335107251323,-0.17915371397015062,-0.664573717218744,2.1033126219367366,-0.3006095374755839,-0.48785603456254056,-2.0553327518820192,0.8720585167278087,-0.47600451995607923,-0.44733182401929195,-0.11403941007048729,0.0953312514741011,1.4665875378380466,0.17803171439468085,0.3138939595237069,-1.0258126041128302,-0.04311355890988461,-1.7887239440110134,0.7807772219282597,1.4035219259478933,-2.2069902477133687,-0.24410502184055577,-0.9666014425511593,-0.7655250801048039,-0.2719051181687692,-0.1498499771772275,1.3799501140719213,-1.1563873376070475,-0.14210040127634233,0.4421925771934186,0.028814432427445386,-2.288020492658895,1.6772884133953914,-0.3712866301608356,0.17716883745115242,-1.9327566364728794,-0.6029736773647676,-0.7910868963122784,-0.5006394004497299,1.0465865077618366,-0.8282409110405193,-0.3261580759516844,0.916
-1.4348338434421601,-0.26805063392627765,-0.1136264158838024,-0.5457974197965321,-0.8559850997719555,0.4681258447407341,-0.4174359753016833,0.021293441113805683,-2.032193875965987,0.21678216908642367,-1.5175859626329604,-1.3946047347144899,-0.215836125769707,-0.1268265242727916,1.2181820963105088,-0.0005752261849699854,1.080380705689441,-0.6613968446239888,-1.7849581047260956,-0.19685058089570456,-0.7263454119880859,2.00992501186831,-0.3647159474510491,-0.5344858292030512,-1.9723066268502258,0.8201958766110752,-0.4721597304407126,-0.4422522840269682,-0.09843448397584131,0.06176482879575557,1.4216406536777317,0.22915339050954836,0.32598303514689536,-1.1041407184384124,0.0381593281652768,-1.7999612192646668,0.7113888335235252,1.4087860967993713,-2.2330916782720096,-0.2736958086984261,-0.9893916425394316,-0.7794328323277668,-0.33375803086139766,-0.22678598302118397,1.4029159203408716,-1.2166125982487517,-0.13284683425858015,0.36450856318989777,-0.0044223337396419315,-2.295679482754006,1.6727468428316634,-0.3701893373377682,0.10145922135726054,-1.94835338680625,-0.5100221739703452,-0.8048123328565027,-0.4000656086401333,1.0266073592649527,-0.7676262719618836,-0.3991828863463528,0.918
-1.4166914790485632,-0.2625954982652984,-0.10317473350767194,-0.5200638419057071,-0.870001960359029,0.47883348943629644,-0.34606376840067116,-0.06995085797447215,-2.017426791744139,0.26671240180214373,-1.5604697396962566,-1.361690919856461,-0.1727418554001428,-0.13081596667297213,1.249357271253438,0.0479377561928048,1.0681452115867884,-0.7507309694317533,-1.8762296386626802,-0.2105251026656534,-0.6731395901490292,1.932028540508346,-0.4142380163306612,-0.5566716452408905,-2.0113372334212167,0.7916366464854867,-0.3298911929197772,-0.46230350038933227,-0.13240822535179156,0.03830522959422099,1.4656958021802757,0.2149339613704472,0.2819494196831156,-1.1435519771224574,0.04684972889454296,-1.7791101998571963,0.6955598908654728,1.3928850156848633,-2.24316696790856,-0.25857313078946736,-1.0135876955248246,-0.7092777571006608,-0.3935753218816102,-0.2212510125427974,1.429836161497185,-1.1908899039854148,-0.14294986251343136,0.3421926238556308,0.00939753321981912,-2.27167091757918,1.5992216324608892,-0.3601812420564324,0.09842581621150316,-1.951348763272434,-0.5186560633091778,-0.8129759701222538,-0.3799779757200471,1.0426506488156382,-0.8308376380633286,-0.3665865824998369,0.92
-1.4173055661702856,-0.28893544667358595,-0.07197229507255132,-0.515808470164417,-0.8333140930036369,0.4559459717782542,-0.26942924360196546,-0.06923100514838862,-2.005442400569393,0.2933784465698395,-1.5919022388480564,-1.4167148410736135,-0.2710961717492961,-0.14058462477912959,1.2566452791032514,0.10064513325452779,1.111306734783899,-0.7529430048208897,-1.8891909210411362,-0.12551370433349832,-0.6806612501125053,1.97737192265353,-0.4249395844785324,-0.5669880950752253,-2.003215924010061,0.7433326034583575,-0.28414460954502396,-0.48662201852725234,-0.09503617592632256,0.018314047772477218,1.4159482028390604,0.2425242420354003,0.1998178357584996,-1.075059863023615,0.1344776416414453,-1.813514046038654,0.7464960541163667,1.408755979330313,-2.2464025950134663,-0.20610062682670877,-1.0784944794497786,-0.7855236069471812,-0.4588489552744828,-0.18639296338291947,1.3879568061237209,-1.224627672701557,-0.1499057630038541,0.34975819337116937,0.04964096374038722,-2.2291688352541343,1.637396109965286,-0.3888328332485291,0.20464913633840495,-1.9727005842004919,-0.5627292431058184,-0.7548799824510644,-0.43030097643876675,1.0042761302354601,-0.8455949122624343,-0.4152506789393279,0.922
-1.43719643477039,-0.39412998219633005,-0.018602765900233645,-0.5175471943270404,-0.8469469497220302,0.5511719566693968,-0.31635606705306163,-0.07645090122658518,-2.093515538724295,0.20262187617819583,-1.6594686782862882,-1.4063117488108254,-0.25256535187070694,-0.11758585114326776,1.3255545071715948,0.11184162021365955,1.1053601498230181,-0.7862515352592796,-1.907521766987133,-0.13764324501443737,-0.7268067471360316,2.030313249022156,-0.4324989401076398,-0.6173218598059002,-2.0121961283054586,0.7412380650999338,-0.35492700415775413,-0.4905498584174621,-0.16585561048687306,0.09273629518542235,1.405690885387388,0.20099362028131618,0.1707879990899495,-0.9778644730463653,0.1626689966797917,-1.783959718546487,0.7377850932194119,1.3909245278539275,-2.237392244161349,-0.1800413551415374,-1.0205901798828192,-0.8248048569287694,-0.4803861756558704,-0.23714405757894985,1.3796431725048823,-1.1500133477319296,-0.17924809305730555,0.2972414501375264,0.07548879399931627,-2.2073992485048612,1.6883846064417314,-0.4184436896175183,0.13289248418728739,-1.951632471920985,-0.5250012737417582,-0.8356953178631898,-0.4189284200022059,0.98949555457973,-0.8689353797910232,-0.4125926664023546,0.924
-1.374666308697431,-0.4075273318786217,0.009906145962036404,-0.5032316869797386,-0.7215980719003766,0.5538937866902972,-0.25562887131861906,-0.06998732471284003,-2.0443038992363105,0.2739617802728241,-1.636350589362439,-1.427855695602156,-0.21970598984070017,-0.17230457361246282,1.2613152197505602,0.06623683578176763,1.0966140557771273,-0.8063707331183151,-1.945167241214735,-0.14490700036859297,-0.6548973836849857,2.052267749245922,-0.3845280380096102,-0.648392713604873,-1.951128799473617,0.7429336303135285,-0.37605312807003455,-0.4894915907424643,-0.22139682336338629,0.11711635044141316,1.4170922774573522,0.21264266977918783,0.10578182492461065,-0.9571128969146316,0.1812337457542348,-1.7915804533810782,0.7561351417891712,1.3929428666306607,-2.213182744133814,-0.19369186522388226,-1.0127584684081394,-0.8040790723027011,-0.4831628631362152,-0.1534081100605601,1.3896554236654077,-1.129885430399004,-0.13305719726213916,0.2878773141685821,0.11334259080428319,-2.237968428112129,1.67552406794781,-0.4524039113601109,0.16529616700302185,-2.0843592136397397,-0.5941320488582235,-0.7847674240745581,-0.46077171324079025,0.9908600170506258,-0.8040829716057796,-0.3902734164467511,0.926
-1.3684678588174959,-0.42038372422098863,-8.01697978305288e-06,-0.5669000561563274,-0.7013761567203158,0.5864399619377195,-0.21804970781251065,-0.04054196227131927,-2.007702961730868,0.2568490024489282,-1.6652525656158654,-1.361025458095511,-0.23739021172640304,-0.13220317451789235,1.3067205124204186,0.08292789014640552,1.0828905347554938,-0.7828255397357238,-1.9120045090863145,-0.1684453890216906,-0.6507897208141296,2.0257316908923797,-0.43144582079221616,-0.6488821708629169,-2.0311676628768827,0.7778147838521837,-0.43375717002068415,-0.48510563530466777,-0.24349667404372316,0.16757562521619576,1.462646392670611,0.3070531783378393,0.16657421988534457,-1.0065058375423743,0.15527223268737503,-1.7632954776638334,0.7429058290851457,1.3383635810107755,-2.1547090609494703,-0.11859561310534718,-0.9247759960616501,-0.790260832813918,-0.43900275995801863,-0.16954533938363808,1.416389961908609,-1.104366572850293,-0.1308338237232351,0.2661154305527283,0.1911508155140562,-2.1194354487888316,1.675560322685661,-0.39290215132521616,0.16899604182701097,-2.05765332171577,-0.6156673822835234,-0.8572059917018542,-0.40448319651230774,0.9300633224052917,-0.7457325268320252,-0.3728655512077167,0.928
-1.3225298072253717,-0.4301149262101369,-0.04263123397282272,-0.587913510257607,-0.7120874145489573,0.6417028575161547,-0.16905357700597623,-0.12015978909013127,-2.061927931955517,0.2855880975613119,-1.5996593675820006,-1.3063262104491138,-0.21779769296208495,-0.11128509144626708,1.286209416530696,0.10312453325451304,1.016715650711936,-0.8240571212504306,-1.9493343706749435,-0.17706997449068887,-0.6231564599459108,1.9804038046169234,-0.45653399350639834,-0.5909964868754763,-2.0058507932356724,0.8486411279089778,-0.41822757907438285,-0.45602455263585145,-0.28010305534371915,0.09643596509985417,1.4952435850648045,0.35613862446282196,0.1632443600713464,-0.9702944154088297,0.10966038034319478,-1.7834513412201807,0.75098952611349,1.282968038123065,-2.1381555505888183,-0.12507860365697002,-0.9811834381893951,-0.7952298331700328,-0.5366832226053603,-0.08590086220936495,1.433505679137023,-1.0005152423569301,-0.1134544017170071,0.31941238506971575,0.24025936968752487,-2.099979397897541,1.6296675656672328,-0.43317074193411415,0.08470423467830702,-2.090013156870292,-0.6219772108932018,-0.7889972944687211,-0.382874594374904,0.8857964317501783,-0.7033262569606125,-0.3231740384776546,0.93
-1.3052552592983728,-0.38682407098470595,-0.035313866026124345,-0.6151566824004959,-0.702510761315277,0.559567539139413,-0.09539589385642777,-0.08884447723950238,-2.0768336270482064,0.22276375669212095,-1.5727555553129646,-1.2702954516036886,-0.22504218014630584,-0.05533206736122366,1.3372783469601375,0.08686917390970061,1.033058570539538,-0.8969296893386487,-1.9655058298168786,-0.22530158595083155,-0.6244590518581631,1.9013525268922562,-0.5095552754644127,-0.6327188798649718,-2.0518488698609216,0.83657667778667,-0.41604032895317533,-0.45667815285574487,-0.30251867238274743,0.08600248947091191,1.5327621389273838,0.4182276205774207,0.22935282596011203,-0.9974825509246705,0.13141421085456645,-1.873280305398492,0.7169753854622447,1.2277354855559395,-2.155910162343224,-0.1069142045616889,-0.9142914740960599,-0.8011998683604886,-0.543065715294248,-0.07103488820955092,1.5074070550738052,-0.934455438934739,-0.06206898434482709,0.3254233595329229,0.18481057811768759,-2.085532367186035,1.6575924414905214,-0.4122425338493063,0.09446943056714939,-2.162893034356821,-0.539453905769093,-0.7123403482046474,-0.43403757288290346,0.8577572226727799,-0.7347655945716609,-0.3431374242438183,0.932
-1.3242194996299699,-0.40504241368871735,-0.049038944353285596,-0.5713804805448978,-0.6627767767259068,0.5360958627110485,-0.11853166484324727,-0.0733980649918444,-2.138761817600512,0.30469177874807074,-1.6549309902353104,-1.32464182321146,-0.2500874721769998,-0.10246425509036591,1.3697138107231146,0.10884158710823127,1.0463233949675819,-0.902590170877271,-2.0631293618682185,-0.24817297086984821,-0.6792167186892362,1.9864642267087933,-0.5432809948110225,-0.5905528689780019,-2.0848609651538568,0.7889915645285647,-0.47463863686190905,-0.5543355202375022,-0.3868394977415898,0.06403822484631348,1.440027844778688,0.40313680958344933,0.18256006950133594,-1.1089260629525088,0.19434421645685707,-1.9528985349628418,0.7607101006579057,1.2030670590479542,-2.1123975668407944,-0.07789413357320837,-0.9346308091434382,-0.8476432136763771,-0.5479413012182639,-0.09658342692173655,1.5413958841559148,-0.9622206234620414,-0.028453674348997093,0.360920744599558,0.20615861519302098,-2.04164626661239,1.709691540215869,-0.4449545390780443,0.09187265890682003,-2.263295470927855,-0.528518312897307,-0.6463278713347622,-0.4064506517081913,0.8402560161981003,-0.7338134436611223,-0.32531466220096666,0.934
-1.3123222843195694,-0.34419806344583304,-0.033045763275928945,-0.6784378475029843,-0.6674719112519636,0.4481143263482453,-0.140235899043627,-0.1870733866570433,-2.0806395052688105,0.29271333647542824,-1.678402964648419,-1.317251240697951,-0.21599179986781605,-0.16830333516651996,1.3564157790967402,0.11555209163434414,1.1021677036345485,-0.9152866014009179,-1.9702909863015952,-0.1834708762864778,-0.6609215035503825,1.9406613713967988,-0.5678856669927321,-0.5646353787008678,-2.0626817872700896,0.8103014707757078,-0.4807129409337434,-0.4936912707157098,-0.3805680539312331,0.13753693959102611,1.4571901627395982,0.3970167742012037,0.19624065586356984,-1.1309957203244587,0.1516883820228128,-2.070788144335005,0.7784132267969325,1.2913077810973779,-2.041035097389346,-0.1145994900285314,-0.894723109717084,-0.8226614273676988,-0.5875629517973601,-0.10536368044940778,1.514456756932709,-1.0206371045963514,0.03438617158251424,0.4091677713754788,0.13718315225470978,-2.027866424364578,1.7360265940348674,-0.4538713543843697,0.09582906880493482,-2.2229170939020797,-0.6067629305402343,-0.6140935804331866,-0.3692922391350492,0.858270509085862,-0.7066077808607789,-0.3668668498954135,0.936
-1.3207202952016377,-0.3112221261850383,0.018661552512216927,-0.6349648862209777,-0.667224339460618,0.37289347437109177,-0.11436921646773583,-0.16505421603795223,-2.0662950563713642,0.35317307819722765,-1.7058316162738545,-1.294221786479815,-0.19561787961933336,-0.18488881429642534,1.3229333128279215,0.1595040011947273,1.1727202229096587,-1.0056856224764208,-1.964735853129328,-0.22415854104029267,-0.680509177287385,1.919867502467011,-0.5437552135306608,-0.5891603494137448,-2.064889199388671,0.8221908065393569,-0.5135543731274307,-0.5069836766638497,-0.3415783943898634,0.16404299767640343,1.4328503241435822,0.37510547590851767,0.20043785124220242,-1.10904293403419,0.17815765228843122,-2.0265009938046226,0.7960218365832429,1.2570940788417582,-2.0550196403974708,-0.17561880561060256,-0.9968299904630173,-0.8285669953992216,-0.606458878533939,-0.05230832093871744,1.4826913776713164,-1.01279356196537,-0.07317474113193294,0.44271635341717464,0.12383972249776531,-2.062115497846873,1.6577563745757466,-0.4867600234488553,0.07476277568093888,-2.194424373797914,-0.5624090945942224,-0.6148005314053283,-0.4505775219075656,0.7734193072145252,-0.6587573788650724,-0.31859705524284865,0.9380000000000001
-1.4057053241541029,-0.28737453125693085,0.0106793713387424,-0.6049072312139108,-0.707547338360172,0.3577522542587748,-0.19533423889774326,-0.1668420654716236,-2.1097293512633226,0.33526888120776777,-1.7040493047681937,-1.265029659509267,-0.17643262175336658,-0.16260416672971414,1.2471654717911833,0.13769399341934196,1.1565988113096517,-1.0459706371941555,-1.9774356534836537,-0.20130432147905872,-0.7097789514144462,1.8642140426669789,-0.46978894293173434,-0.5859877341010655,-2.1320588907319737,0.765740551770586,-0.49573104327200646,-0.45423320530822026,-0.2821306402870589,0.21550114454095243,1.3554087045985619,0.3443287135705591,0.15996496318835954,-1.142155708062111,0.1406592168794808,-2.0467092867733885,0.8672713938217423,1.2235411211251341,-1.9887671766772759,-0.2330468146986421,-0.9887173626257071,-0.8265891609613281,-0.5750072048810263,-0.04136942845904344,1.4500432385472533,-1.0950804340119333,-0.1259120402994951,0.48074494203010754,0.11999313086307375,-2.095871013375136,1.6444035150424274,-0.5200046482213538,0.045784373521647326,-2.1754575689958098,-0.5657285750004126,-0.6343261188260095,-0.508098243553236,0.6777382951657438,-0.622693226208695,-0.3459557797381885,0.9400000000000001
-1.3666099320995557,-0.1889190738149535,0.024168943138856598,-0.6288147096644926,-0.6370550994891787,0.3577444159210079,-0.15759346235819904,-0.1807230882327985,-2.120711202136794,0.41503890595861126,-1.7327593560336598,-1.255438472058639,-0.22641143924777826,-0.18423292090124677,1.1767985299485706,0.10318214009051818,1.1594603874153122,-1.050835890201151,-2.0665999770276557,-0.18682356775055056,-0.7062685726461615,1.850675258252879,-0.5340892042261127,-0.6171958552422858,-2.1808802742152786,0.7467734008301743,-0.596164542874106,-0.4393635879198083,-0.29890294570948456,0.10869717764508575,1.38880257727386,0.40267796803434974,0.11559559347407991,-1.1684310854032067,0.1586281454319357,-2.0505346970005385,0.8605350274783179,1.1819398654091597,-1.9632372731791545,-0.20449220993455927,-0.9716757511435445,-0.7881900430611668,-0.6113523690049424,-0.015146685142731285,1.4284285878900376,-1.136941231354553,-0.13917942496734723,0.4521502404837433,0.11991324992630233,-2.061330713631865,1.6465479922875226,-0.5012750028793279,0.037208065180091246,-2.134620246856333,-0.5407564768302592,-0.677079486072947,-0.4291717760313436,0.6599394004094876,-0.6264434807800867,-0.36548884293425676,0.9420000000000001
-1.2999711666023928,-0.09969923463597151,0.11900699281124849,-0.626683630677322,-0.6835989301481725,0.3887216994432909,-0.12135314549677545,-0.16762401977925495,-2.0578482758744263,0.43904777625360936,-1.7293383774239772,-1.1940770369486153,-0.12980783907815996,-0.1255993065171867,1.237721542888772,0.11260918046601748,1.123494400480718,-1.0160890257662487,-2.1271471755984366,-0.08334578992965187,-0.7862813883580592,1.8340200187109432,-0.49795321621081623,-0.6583886343336159,-2.090070219504884,0.7134126413957829,-0.6309523245361635,-0.4384527886077961,-0.33208755546425006,0.04600598889121289,1.4102388916457063,0.3837676786079329,0.14905607287044476,-1.2402660516043296,0.23637885253201846,-2.009820131142855,0.8498487280548666,1.2165172154224695,-1.9646984979856987,-0.2567995747013943,-0.9397925883706477,-0.7723046147567485,-0.618864949947329,-0.014937459677755905,1.4628505773933378,-1.1852430506157476,-0.16055963418944538,0.32572708869476125,0.20301068484862672,-2.072703545216682,1.6709570700259577,-0.5263484764670082,0.07393428448807637,-2.1144588251316545,-0.600368894416883,-0.6529387480067833,-0.4170604356089925,0.7227435140160876,-0.6010613335133365,-0.4459668009430226,0.9440000000000001
-1.2199596987761043,-0.033180437278673064,0.16464108637821584,-0.5985735650795166,-0.7271318681168888,0.3717471353139075,-0.10816750582348332,-0.15853895133283874,-2.0807991460400577,0.4343320953963678,-1.7099592113684325,-1.2337120110202282,-0.1540662632573851,-0.21270870506405826,1.2520153884844134,-0.0016655166913617514,1.1119156935043017,-0.9934478334152501,-2.1779240233744845,-0.08922442937064931,-0.8156778904475218,1.8093824847302526,-0.5283710514318744,-0.6858194464151894,-2.1067022389328263,0.6992712896004176,-0.632769668766107,-0.5335644158670019,-0.3103614064377274,-0.043204129808728356,1.3822200155209012,0.3787137938325374,0.17270601372145672,-1.2394901121440944,0.29711527758151435,-2.06303093767523,0.8433524981846612,1.2729364447541993,-1.9731195047433283,-0.2745682854306671,-0.9094798199809604,-0.8369623151351988,-0.5466631983925686,-0.06066662759277489,1.460673731401501,-1.1218236296642945,-0.16758220693593234,0.30330913852948105,0.2815289748989981,-2.0531301797110793,1.6400515001120906,-0.5779279415589457,0.04448226954055231,-2.1041195627572287,-0.5390973236544401,-0.626151447164694,-0.3675804562878296,0.802454881264399,-0.5110565538173212,-0.45029379883546733,0.9460000000000001
-1.2394054752433439,-0.06485673648791046,0.13813801468851572,-0.6196870994365001,-0.7043450350347862,0.426030991404724,-0.09188041945831457,-0.134812251565106,-2.0665369174277175,0.4434293229091523,-1.693869776658928,-1.2550881258827884,-0.06289950114359907,-0.2511290357772812,1.2530739857558635,-0.02623010072749888,1.1758157106846796,-0.9833499050874323,-2.129015526892894,-0.09037663991536274,-0.8472935174558008,1.818864697636094,-0.5898096244897874,-0.6437609939247324,-2.1229767928012926,0.7426492269952334,-0.6039436379151362,-0.5021851422636464,-0.2602854715447889,-0.08578500204054854,1.3717955975151042,0.3074520890336089,0.17723068669328731,-1.179772875439302,0.3176880811297907,-2.042683067267239,0.79049059479499,1.2392990743928456,-2.0362504465934004,-0.27884108804894464,-0.8981944542731015,-0.841464554068178,-0.5890801176690086,-0.08557990308862753,1.5109893495647717,-1.0370749661589815,-0.14888053912848373,0.29412644391535,0.34092974789878083,-2.0621767335140833,1.6750040729133193,-0.6098033127838023,-0.011657102035295498,-2.1273908350003814,-0.6249553610757241,-0.6142878127825142,-0.39079387517219133,0.7908527558237453,-0.4373395966201399,-0.4715101020902437,0.9480000000000001
-1.193608525254873,-0.07190759860174797,0.16134988509920006,-0.598304106215098,-0.7496245619673325,0.4760241185650174,-0.1330386018116709,-0.117859794786384,-2.0943965078560325,0.3810244889346411,-1.771778010264955,-1.2418117447190486,-0.06648171615023722,-0.27962506846675034,1.286390710103838,0.013386796367415743,1.1514706945846076,-1.0437144202734916,-2.1402079374051985,-0.10338577141508078,-0.8293058354564143,1.9418023121854633,-0.5838102905683297,-0.6815052895076781,-2.0949193284504855,0.7842891097003211,-0.5439514599889246,-0.4833926064899856,-0.24893808030715436,-0.101215130762985,1.3241600952673922,0.36412460286743376,0.19333455084807907,-1.1509165042379386,0.20125326554923767,-2.0770216001172943,0.8083197692994097,1.2586846288663276,-2.1362462951160874,-0.2782653500142777,-0.9230145480511253,-0.7957524367197929,-0.6173932786441605,-0.10630798393455099,1.6166726465553605,-1.0759723856841725,-0.11445350948569465,0.326965810537907,0.4565129419497038,-2.0747827929284846,1.6961116972181445,-0.5948622407528159,-0.12077932522697488,-2.1044580899633045,-0.6023038580324789,-0.6417384322357254,-0.4064251680771705,0.8424442246718413,-0.4170086170705416,-0.4748948994221204,0.9500000000000001
-1.2558059336172163,-0.11590241937642576,0.23880048827479755,-0.5333667473786494,-0.7948455693710036,0.40626745438859324,-0.20138554041968543,-0.15222198462262004,-2.1205203182119883,0.3524857336469503,-1.768499412450469,-1.216097544353208,-0.06636406383842369,-0.2353545489885064,1.2400450066806086,0.07398328621879159,1.17771410267179,-1.1308057369822762,-2.1139071941810874,-0.13247954384384547,-0.8297413330539858,1.9140687181781142,-0.5978211854977018,-0.6691744393545463,-2.1188685079084237,0.7485417473716326,-0.5505103500176086,-0.5202661780174077,-0.38931214414206816,-0.05865718163193649,1.337739364475473,0.282278031476517,0.2335510501573884,-1.1273851698385413,0.24053594962746724,-2.0340652843857105,0.7044313581980692,1.2850346099405192,-2.125185641163634,-0.26797503822994173,-0.9312300563556267,-0.7924199005111046,-0.641256864305843,-0.04075089615599824,1.5760249691131099,-1.0205251170450853,-0.09014013158224535,0.34941687797511833,0.41647554474626525,-2.0400125365625925,1.6269118197424506,-0.5732679844250683,-0.1573320141567971,-2.1065480762837,-0.5705577219614274,-0.5928557828181448,-0.4980932859390383,0.7655515007817705,-0.3358225665658363,-0.5141819634117775,0.9520000000000001
-1.203033995628193,-0.1315736256987366,0.2607439976479493,-0.5109498588930071,-0.8456439100524356,0.4414138749076717,-0.22628751968669117,-0.1421603290508208,-2.1816323438442886,0.39227809956714527,-1.7895779343442955,-1.2076954192148421,-0.06700738881285638,-0.23509712913293,1.2417698273730895,0.0316850977664176,1.1729781500570493,-1.1146536230260031,-2.132926840564898,-0.1399820888381119,-0.8107614770332039,1.9203702573569223,-0.568275460011038,-0.691371540049501,-2.086116545399406,0.7534087644049993,-0.4928504051269682,-0.562481420434482,-0.3354864082431949,-0.037383460287743225,1.310743292103294,0.2915947346419027,0.2472010325048211,-1.1626289567128296,0.21494438996752868,-2.045759535830351,0.643763938694345,1.33640815459163,-2.094209082770463,-0.2918967939177798,-0.8559851242271216,-0.7927320233581637,-0.6904597958323451,-0.006301034424725835,1.5664544831255707,-1.035819892974909,-0.026113434917697645,0.4054149128941282,0.4750107404862501,-2.050211805527836,1.6101895604613345,-0.609407515393471,-0.1670371170645383,-2.141734681584033,-0.5545595678407709,-0.5598848426403136,-0.47525487411603806,0.7632653144136466,-0.33342891724903445,-0.6003807177321442,0.9540000000000001
-1.200745997065337,-0.12668638255482298,0.22733681023321253,-0.4995277748336305,-0.8585535698012484,0.5399486808459918,-0.2928784653990606,-0.07458021593082059,-2.150087390487865,0.3966452939326379,-1.7941285522884642,-1.2017218053435679,-0.06115818276062596,-0.23927143082115457,1.2302096501541928,-0.06335258015437067,1.2351766441458003,-1.123999948708143,-2.168404817179294,-0.22209728831932285,-0.7686643423521846,1.9775591001024178,-0.4828086601605189,-0.6425971466273211,-2.1516820999758832,0.682540865718231,-0.42975164869239596,-0.5183559594412243,-0.2947609265791569,-0.014808826644737223,1.2680871719631281,0.24106477918405267,0.24620867466005256,-1.1652739277192474,0.20794539559563333,-2.0262752528562107,0.6458148996973138,1.3240265099087636,-2.0639735874870557,-0.3577007111177879,-0.8495455177606197,-0.7520155776654415,-0.649678250097299,-0.02202274043360768,1.630194243050862,-1.0117239776142959,-0.02811544889820346,0.39760761383909404,0.47215606740682875,-2.083439706623835,1.6629958505480391,-0.5753742614141915,-0.11995797369331634,-2.120733657793757,-0.5739214551753469,-0.6362599166735733,-0.5015948987990406,0.766887204267152,-0.3216381001072726,-0.5555549403340897,0.9560000000000001
-1.1400808463457957,-0.15328821923041994,0.2145353342122481,-0.5331006583639263,-0.8364711381367129,0.5475822174345546,-0.33940506001870857,-0.04582460594835258,-2.0632397701313936,0.3990992521692575,-1.824635742073213,-1.1996207813285364,-0.04973115836569197,-0.19923474278417877,1.1375197143577396,-0.09261833722230856,1.230620654275805,-1.086602558485449,-2.1618472101705026,-0.228777455673605,-0.770070841971882,1.9598700773358508,-0.4734234635093696,-0.6741710992943163,-2.180731443340599,0.6720881373300733,-0.436461068137272,-0.5308054108259975,-0.34369993747093414,-0.00490001445491038,1.286449824400648,0.2414832361894179,0.21179518909343278,-1.1540172995493632,0.21917277708013846,-1.9858814324191814,0.6204849121467627,1.295697142959902,-2.039826184755761,-0.3814909806886893,-0.8197924212397733,-0.7009196008958706,-0.6353598168063664,-0.02510429912080698,1.633273504607303,-1.0414839112982424,-0.05657088786271798,0.4165492027406911,0.4229199891126491,-2.130473864609959,1.6305039789054836,-0.5857678266590332,-0.11974762636397371,-2.128071430258357,-0.5674318245537919,-0.7290444366145427,-0.49409234053725004,0.7921955711186888,-0.28856173094137744,-0.5038396395135474,0.9580000000000001
-1.1076814558286785,-0.1361681936786755,0.2301822237686099,-0.5081217803216711,-0.8104620076743989,0.47094388050577357,-0.3633596810166287,-0.10948793569503922,-2.020920019845368,0.37374397208684024,-1.766801742056935,-1.2181674713771884,-0.05926001544655194,-0.19491664300389855,1.1017071361815152,-0.04205664493832042,1.2208414882762695,-1.0731469192635439,-2.1631098833687865,-0.2279554786701339,-0.7112990679166258,1.9907203785439447,-0.47067171143169423,-0.6490620250478853,-2.194495421780853,0.6350951532932548,-0.45876482458809054,-0.6311891955607718,-0.34030254068838195,-0.018639384740633085,1.2536445337959778,0.2513482062000648,0.2680032942479359,-1.114357103426152,0.25256529409458034,-2.0049501671582903,0.6104636847840843,1.2733643064634643,-2.0310361013558667,-0.3232287578735647,-0.8176581451226806,-0.6678340159440559,-0.6012419595408083,-0.08747497376915589,1.6042205610533784,-0.9642199878500051,-0.04371790868004673,0.38606429699106326,0.4530415429955976,-2.151592086971098,1.6958709069861042,-0.5488728422957848,-0.1296367949780943,-2.201943279545489,-0.5930092761769784,-0.7405330787123144,-0.4580311716032639,0.7529335942440246,-0.36207912809496107,-0.609897718663204,0.96
-1.1411424474738805,-0.11122421948243873,0.23125929160172348,-0.48889857562549005,-0.780694094315867,0.4312086467973485,-0.3849796723364179,-0.11565118530500984,-1.9951466979207315,0.36273957175138855,-1.8220088275750057,-1.1871100242835386,-0.02373156683743139,-0.15981023426782343,1.1552252933928182,0.005194043021727809,1.2114904760924026,-1.1618739242688545,-2.1026277649772953,-0.14407009596451764,-0.6771063643857427,2.016311534811548,-0.4656738083753491,-0.7176984299859166,-2.243897717855419,0.679562611416558,-0.4335478419198491,-0.5975886526955136,-0.38653148748155985,-0.0005660279168329015,1.2395215731077642,0.26154474462396826,0.287368498013602,-1.113994459019498,0.2673847643409273,-1.9517908432501276,0.6363336802879158,1.2683671277164499,-1.9686009418355346,-0.32284868040676157,-0.7853057876242933,-0.5951851206162875,-0.5452858225044571,-0.030161809285690407,1.6654167043713801,-0.951865631668949,-0.12087910655324828,0.38362374684489603,0.49447489417436624,-2.150933454924396,1.7412007712947997,-0.547557472686436,-0.07485698769402815,-2.1972891890592328,-0.582090967239571,-0.8119115581514952,-0.4716308663859482,0.7453879832843369,-0.2722053660618797,-0.6216840565492351,0.962
-1.1530555893123768,-0.06860326525170422,0.3244974103861417,-0.434277805273077,-0.7872293312577976,0.43025459957668366,-0.3015759242511113,-0.17835645957476695,-2.0279215259380674,0.3899886106483182,-1.8006314360925961,-1.1965666151189607,-0.021035480745214982,-0.26012485285584436,1.136676131092967,0.05155167117567734,1.1659172063917358,-1.1799305762188308,-2.016816201706733,-0.12453804265306301,-0.5983134844240563,1.970255116671536,-0.40463305708906044,-0.7442846544845313,-2.3010487928028533,0.6741631575423331,-0.41783051879066624,-0.5867793887967173,-0.39135292904929697,0.07284207171148534,1.2626942964289383,0.2253589653195707,0.24261654839856056,-1.0749695097885994,0.23931758154239754,-1.9424075797838583,0.6044021729380111,1.1921138079151927,-2.0014832932065425,-0.20334770436249983,-0.8108845638180369,-0.6100974494631178,-0.532693885534674,-0.05397429287025979,1.7316937007644384,-0.9703026037404862,-0.08350131246902577,0.35478048047075567,0.42258073997968437,-2.1400088467237572,1.6908678475436683,-0.4698304703270851,-0.11224539891085496,-2.2533110342486258,-0.4859608242504251,-0.8551772744439023,-0.40885073509115166,0.7869500464391969,-0.246035509822911,-0.5966266385699333,0.964
-1.1709028940312485,-0.060279262546798294,0.3473583005909865,-0.4680130959922726,-0.7130329166346686,0.4909565990890485,-0.26782806869109715,-0.19761119772061567,-1.965163772460425,0.41624704015766223,-1.7804129388960623,-1.1508389054019958,-0.0528965231282622,-0.27586973497948625,1.1147918710250047,0.06194439320519269,1.2067540062485869,-1.172853307102058,-1.9295227939537263,-0.10754481408208981,-0.5745964176880599,2.0204170223639992,-0.4050468442011905,-0.743222741289342,-2.346641204010277,0.7489033970432848,-0.39397633181817604,-0.5309471630224676,-0.3421745832920054,0.08344695278064164,1.2367724290506352,0.2108486982010694,0.23222710287561582,-1.0919724878521027,0.19050884032274248,-1.9174645186505548,0.5906210568870718,1.2271753190537158,-2.032041853812544,-0.12479834398580009,-0.8685010656344236,-0.6391502962439605,-0.4685738270722672,-0.023142439134622682,1.6634310196522628,-1.0022358275231564,-0.04103647998318143,0.3380506491435977,0.4173140020531965,-2.1921759434699033,1.624779215189426,-0.42982765306266524,-0.08307729238181007,-2.1928276123256207,-0.4946474940329138,-0.8525807327164393,-0.41817824365404727,0.8074563686330886,-0.2816663678789746,-0.6185937268516855,0.966
-1.14414459736915,-0.055121672001880576,0.28495190888686817,-0.5501979933714027,-0.6494475404973225,0.3992535907126797,-0.18702367282063592,-0.20097582438501038,-1.9363245349891178,0.45728835295753184,-1.8189852254214869,-1.1658759201895816,0.017166801391480684,-0.29783353792136,1.170683093569207,0.07451690511568088,1.1572144864659315,-1.2141331414404308,-1.9129104207389314,-0.06844438027334462,-0.5624353144819146,2.067485072557161,-0.41666579218844313,-0.805745143865775,-2.385141716070995,0.7365600488831299,-0.40012875471271053,-0.47465845870110107,-0.3857107158210941,0.06159410655522053,1.2085135941847076,0.1973150226742732,0.2617652104499344,-1.1195650020157875,0.16089191225134863,-1.8832686201382975,0.5655684912861078,1.2584387327909885,-2.0244273638899326,-0.15983743887507473,-0.8640751548444237,-0.5870619588500693,-0.3870034697754376,-0.05696901207439361,1.6449928342777362,-1.1129554460611966,-0.01870334258824853,0.397810125184642,0.42618466861554183,-2.2278632775390044,1.6039936043046086,-0.40429566357977076,-0.1081834268197091,-2.1449472065196944,-0.4731822293772597,-0.862623078498013,-0.40620487766706553,0.7794671987741602,-0.3085873022900678,-0.5484811955753701,0.968
-1.092045682305457,-0.05931411696842152,0.2216302653270203,-0.4908960825989544,-0.645392784631074,0.4250407548797902,-0.1489535232212918,-0.2290006900525946,-2.031850199089664,0.5612755560841989,-1.8321163820129887,-1.152725736244053,-0.06490931191522212,-0.25380809422826944,1.0785021910317616,0.14439786172278324,1.1947629813966252,-1.1750008603536979,-1.9443185562121164,-0.1035678553275771,-0.5307106537819668,2.063378966942655,-0.4657919921982685,-0.7868740961837704,-2.388855868195743,0.6778899111833514,-0.4396720620819598,-0.48301303737302725,-0.3966459513619364,0.08803861061221217,1.1515309797344846,0.21284770713134932,0.24277677972339332,-1.088423542606465,0.18301260261256666,-1.9190506863334402,0.5445018536019043,1.3684080482707797,-2.0096832447563053,-0.14803716002779854,-0.891817174491772,-0.525250242224556,-0.343083778779523,-0.05131394518200964,1.7031103580224611,-1.0837969165183887,-0.02976707925193324,0.4186576331700622,0.4138824953344217,-2.178885213100461,1.6438974878427797,-0.3949219995423023,-0.08223770937746001,-2.1021166904809547,-0.47970863262362784,-0.852713497220771,-0.37636028126697063,0.7766624495859663,-0.3231142501405851,-0.5463661676299615,0.97
-1.1640622362337412,-0.10284641614230267,0.1443707580798057,-0.43242742376881665,-0.6163024771737937,0.45569581851061014,-0.15553331846370208,-0.17559976738256494,-2.093528440423163,0.521918024181638,-1.8576202739367644,-1.1432875548404249,-0.06077747247096501,-0.3014703484145079,1.086456304487302,0.12853035257553483,1.2355323789283466,-1.1842698739924158,-1.9719012109516287,-0.027043468508073695,-0.5038157281949945,2.013251400918804,-0.5150333052571008,-0.8204417048938423,-2.445545242933403,0.6789013906605035,-0.46522955559601514,-0.5122186467184013,-0.4029348388525991,0.16776007884769073,1.083220656657839,0.24211210087433518,0.3077283296388117,-1.12161463220717,0.2614760380314298,-1.9308484533914092,0.49186699006649076,1.4330254438883017,-2.0033118759683783,-0.19225583818928504,-0.9663096501633454,-0.4988795466951094,-0.34104721691457274,-0.04619854465537401,1.7477673404511649,-1.0790814315869675,-0.007914043507420095,0.44518790046472273,0.3672169994400352,-2.0891454964593663,1.614742590181105,-0.4355709365863723,-0.07818067594406297,-2.1306481830024153,-0.5314308071742002,-0.9248043562260595,-0.3247553978970087,0.7709962759023082,-0.3574617816919581,-0.5419888763688738,0.972
-1.1946813883801013,-0.1131025267888782,0.1307097791940364,-0.4845812199918384,-0.5802856742540773,0.50424270322771,-0.16387437896517507,-0.16656676909931736,-2.0758261164334435,0.51550510238752,-1.8114169577200132,-1.168271853295154,0.00427505026775369,-0.2689297131842235,1.1350032278248068,0.1194223369938833,1.2839757029398666,-1.254942979551463,-1.9629251481338077,-0.05246391079904924,-0.47260601090602805,2.02156186594096,-0.46942010073739054,-0.7565863377497599,-2.536212863702368,0.6788011878958556,-0.4715327189735388,-0.4914446239940145,-0.456256210189924,0.1363150351574776,1.0556783949624866,0.23816869170953897,0.3452165641260689,-1.0641814377019883,0.2732750724852532,-1.9360430267278352,0.5091891675450289,1.4044768330485762,-1.9621453946627263,-0.13635047613483944,-0.8907601912534335,-0.5503145590564678,-0.33783996650084813,-0.13182797726353504,1.6589987081298458,-1.0896713832447615,-0.04252264472662138,0.4896395045444507,0.2714189523785407,-2.17112825305912,1.6717144379279805,-0.4676434607996318,-0.05335254539864649,-2.1474096470001216,-0.5058925702718444,-0.985854272689564,-0.32192819661607225,0.8019310784947163,-0.3140165322984939,-0.48410857935002577,0.974
-1.1753795263440947,-0.12719945529901516,0.16862885632150906,-0.4175762574630593,-0.5672665571597704,0.48103984661541666,-0.21835102414531676,-0.2015365427347836,-2.07449375759006,0.6091990813453143,-1.8275465902085921,-1.191194314049729,0.05476228568282178,-0.2892015552962511,1.123787814480279,0.12472714368389676,1.239563503169228,-1.2638875294277734,-2.017909496896577,-0.08530459920717268,-0.4334144167012048,1.986875722334718,-0.49859536594332476,-0.7698971578331941,-2.472069705434957,0.6631008099292268,-0.44200307578707565,-0.5547527985579291,-0.47582679363841685,0.08856295041845258,1.1045535044434893,0.15433527756574272,0.3628190374866342,-1.0233582502334486,0.3218173913063197,-1.9479741718377719,0.4767057113200508,1.4201424532838738,-1.8508535184715167,-0.21042261578314453,-0.9439171152322272,-0.5417311472220402,-0.36617958232226916,-0.1392431537560311,1.7040640391842734,-1.0274576356517533,-0.003286557876472078,0.4787694545973653,0.2510981453309421,-2.208617196249511,1.6765279709626768,-0.4114318848330752,-0.04104906568674149,-2.151770668046717,-0.5479678808968992,-1.0240640562869812,-0.2595623365932029,0.8191096653287276,-0.2998206174021207,-0.41130038131251456,0.976
-1.2021127149775703,-0.14496370002518566,0.12712387597739275,-0.3768278970305548,-0.48074384504504697,0.5494143584894694,-0.22508619866262614,-0.23550067984547485,-2.163284818550611,0.5610942765784662,-1.8870833259927071,-1.1351172236798337,0.13360662082799496,-0.2729967446349907,1.09689018229623,0.14474052927571915,1.1886644541307458,-1.2334433980790669,-2.0252757340113017,0.03116475535937442,-0.44252283166371953,1.9818891269086483,-0.6116068991813837,-0.77062761549957,-2.420191230290354,0.6347425033630165,-0.4497328067737506,-0.5082966490238803,-0.5058369194567511,0.12285240326374189,1.0725406746051929,0.08642225665555632,0.38985728186031854,-1.0095859347635936,0.3486552896962982,-1.906064685058674,0.5046338031631756,1.532822518802125,-1.879714561055738,-0.2061118317609076,-1.0178668275415086,-0.5389045794960328,-0.3729746195993815,-0.15691026846519515,1.7567954825244956,-1.0183993668332312,-0.05612050965084633,0.5426462787834077,0.2753486469964435,-2.2429823214842126,1.7118914466787718,-0.41698285062578766,-0.0533184773498862,-2.106088990919177,-0.6313076307151818,-1.0871184194938373,-0.2924803535657775,0.8433618049721712,-0.20089393313488313,-0.5048259142812069,0.978
-1.2102783640353612,-0.16865776443366645,0.1390295554045638,-0.4338614329646067,-0.47856451613138307,0.5076195945690128,-0.2401768205807313,-0.19233537883790747,-2.1039510446223204,0.6392150793418956,-1.8863023108854629,-1.0485421787006226,0.09796993423297945,-0.2855295737796637,1.1868117633867625,0.17077877869150146,1.1784808340800415,-1.2016308879499573,-2.040266865140943,0.020426371233046917,-0.483071824643487,1.9976235312970985,-0.5473771811660311,-0.7555936967092411,-2.423980740875636,0.6145999376125438,-0.4737316267466672,-0.5486461619352445,-0.4834674058039544,0.11557405431795405,1.0678888620646563,0.03176443122281617,0.45717107824468134,-1.014197751992275,0.36807189894917847,-1.875053091830114,0.46788182414702434,1.5862379672744404,-1.8832609538655,-0.20855930490247504,-1.00428032977217,-0.4007092861568079,-0.4017124449953345,-0.1291622157534872,1.751079458018147,-0.9485611052733043,-0.09341866070649091,0.5791940695129463,0.19282474858923676,-2.162943943130984,1.6859582734513716,-0.38970046563819255,-0.048371602631373856,-2.153214428442618,-0.6155425231464917,-1.0629811193904202,-0.35053523635974915,0.8291574108345457,-0.11522640285398214,-0.4468315471356653,0.98
-1.2131437437403363,-0.18115237395300857,0.10653553741917914,-0.46084130942926343,-0.45037357451312515,0.5492203134912589,-0.25403146871228593,-0.1795612153294411,-2.1288540631228896,0.6249989513994912,-1.8825833890055526,-1.0881573515075744,0.13432519417076916,-0.2306430736939445,1.2075043782221917,0.11461570853260589,1.2228843280837793,-1.1534683180420735,-2.031313184747752,0.03653975044743159,-0.4204495284122832,1.9813129394819449,-0.582011879164388,-0.7287368141109405,-2.42845418317038,0.5836419143399961,-0.48364881124855197,-0.5483975874672286,-0.4671782983250912,0.08221700344237098,1.1030540733405263,0.009381103166376671,0.48084225535662745,-1.0345755729589432,0.34115161364443647,-1.8621007504592946,0.4969637943642755,1.5883494763459305,-1.8569852623286032,-0.22395452855775105,-1.0278435193026492,-0.36588771254076313,-0.4113367770718728,-0.22742508649757315,1.7960881643934297,-0.9235730621491144,-0.10867742267472373,0.5959007086302702,0.2302603898821301,-2.141162530332857,1.7282161743218778,-0.3625613469366541,-0.08771396653049476,-2.147556445450214,-0.5529449178837338,-1.1187890724954688,-0.3528153547217115,0.8234461713297075,0.0036364980827806592,-0.495400365439092,0.982
-1.2039557000710306,-0.13097891250644236,0.1185537819335836,-0.46250951822010156,-0.3951065116016151,0.5961086349698793,-0.26868742606468066,-0.19447101273321257,-2.0790268071657723,0.6834321275678237,-1.8890902074061926,-1.0735233538911746,0.04643667090121743,-0.2472386210112703,1.2051696109770074,0.16052869591841862,1.215322702411988,-1.183329391494268,-2.0168282075275963,0.015610341729629735,-0.43496007661963126,1.9640116430768544,-0.5407195235735748,-0.6975905565952022,-2.430031398624019,0.5200880492716705,-0.5677864656195611,-0.5780158231138002,-0.5309125106063509,0.07257609715834369,1.1234354006576763,0.03050641210443314,0.4583520284333968,-1.0364487278329566,0.3379783092421108,-1.858616751450112,0.4770625172500367,1.6001819248365459,-1.8682312509650303,-0.2653962668407913,-1.0396317033261573,-0.3677262040390713,-0.34700726320780717,-0.2572693102027345,1.8259518837555178,-0.976602327613845,-0.16661331194126236,0.5989490756289289,0.1426469886980118,-2.0930246570659645,1.7119678241226186,-0.43025975464293,-0.05560461846364661,-2.127270572505883,-0.5225976878388257,-1.104617411088713,-0.4214729786499295,0.8243342441752616,0.009064390127631054,-0.527707894104357,0.984
-1.1799578937407809,-0.12161963180534613,0.06260226472602215,-0.44687819106107696,-0.46307028529540945,0.6146952931980483,-0.34346497623567296,-0.2190375120917523,-2.0823726618921854,0.6885717092100611,-1.971686242619816,-0.9917346595479054,0.08307289988106559,-0.21467312310299785,1.2744105635360357,0.13098126251656741,1.2071722171678367,-1.1101095558838958,-2.0591571485564657,-0.008936805202419185,-0.45140925486890066,1.9066958194726416,-0.49022722776777106,-0.6724969005215016,-2.4027654154736453,0.4761758201010464,-0.5714661346739608,-0.5676733053364315,-0.5888815358619972,0.08922597524380407,1.1169718070543209,0.08860383922191033,0.547923765436492,-1.0477523971001077,0.24329977469863026,-1.8736329558013565,0.40745282107718045,1.5834717636408107,-2.0458794011682966,-0.30669694849964313,-0.9392728946885719,-0.36162684500009057,-0.38171403207315935,-0.2648995125438267,1.8823554049788875,-0.9675349542758032,-0.17290541222729308,0.5953936213920774,0.17962773065980178,-2.1326055694627506,1.7548565028860663,-0.42321411842878703,-0.08218377982881246,-2.1356795208402426,-0.48727867585628487,-1.1991206666666443,-0.38276737556375484,0.842802803717633,-0.026048417078893372,-0.51035077297969,0.986
-1.1829173781396343,-0.12010058258959824,0.02149333178739557,-0.4483853315430987,-0.5079914888753898,0.5671939628904329,-0.383852946743636,-0.23155777645345252,-2.1280483702025936,0.6228652916610651,-1.9158684776702417,-0.9941554960019984,0.17416901547043911,-0.08243419228893517,1.3471253944712867,0.12231093151279068,1.191966579482354,-1.1386138452858963,-2.0694427992533986,-0.022316676573992663,-0.46495176108779507,1.8020187984274227,-0.5031106600956383,-0.6334520862838809,-2.4262760166145876,0.46204843099353915,-0.5467889769654611,-0.5897771779530359,-0.4663534242932872,0.017985654419657077,1.1395129097791659,-0.006552876671947552,0.5243863880938978,-1.0496865063236012,0.25310167850136794,-1.8944580031876976,0.4316880401805481,1.5263686583476515,-2.039185156969314,-0.3304180836720432,-0.9308329670986911,-0.3669993433637774,-0.4154021221931625,-0.2593176101340718,1.9008216644095597,-1.0101840614239348,-0.11913304238879555,0.5908524355681607,0.1564749058161805,-2.0541208372326683,1.7595075258594466,-0.36031790820044324,-0.14926533361373687,-2.1185298979711784,-0.5290600955662125,-1.2177340026666046,-0.3853144983062254,0.8216149333334097,-0.04490548970097534,-0.5053213452752878,0.988
-1.1630997780309293,-0.14682910076012962,0.028676472843579583,-0.511330314800976,-0.5099682394506639,0.5561155860282105,-0.38862804491847996,-0.2875368013291013,-2.1762727213312703,0.5951564405881775,-1.8971941151661413,-1.0297218539463373,0.21983450754516648,-0.09130671018519208,1.326173975901311,0.05676105095530368,1.2670363457555862,-1.1136117701705182,-2.1192266993047206,0.05374987977514628,-0.5631499550755621,1.8092055458070748,-0.49290012553784296,-0.6734765396635981,-2.467819789330851,0.42189896478234673,-0.5497381564147733,-0.49208796653023346,-0.5363545970437525,0.0008325793328782076,1.1854743051101841,0.06277674397956505,0.5358650543645309,-0.9991037539756177,0.23851306149367932,-1.8330802564480437,0.40624913618422664,1.5333784338681606,-2.0120510543405628,-0.37260015704737526,-0.9190721716452765,-0.30480822896461884,-0.3642374463085133,-0.33048758025731373,1.9155568660460027,-0.9982678446843976,-0.13973550382418576,0.6133238073501922,0.15601064573725604,-2.0485910843170094,1.7514948521752467,-0.3893067000195826,-0.1379863690249489,-2.077814407632131,-0.5733381374019935,-1.2703979359274686,-0.4598635585266071,0.8843819553426329,-0.13582217996815985,-0.5522202034312707,0.99
-1.2152519643742001,-0.14567041044726428,0.0043743873308754525,-0.4775813048812042,-0.5951687759778842,0.5527650432933893,-0.4105648863662281,-0.3217661717260293,-2.15590727167647,0.6582114580038753,-1.9052355702484902,-0.9267228253154254,0.2554199566908754,-0.15050205248181364,1.2576898204897353,0.08201370836228355,1.2397707452595959,-1.1350581723974655,-2.162055328477785,0.17035799836529608,-0.5810890023080351,1.794058037249034,-0.527401104660674,-0.6399788948373584,-2.489421850903782,0.4828843947336842,-0.6126494250476717,-0.5482276733099348,-0.5696204573077657,0.003570637664462509,1.217988069007518,0.05311791185422315,0.4399244230628227,-1.0201887479812406,0.25708411046473906,-1.8651718422391348,0.3888238791140074,1.5214823457339821,-1.9355589987615776,-0.34226993505366904,-0.9196217560554275,-0.33932232575177146,-0.4029920599070435,-0.41835575141195513,1.9592553422649759,-1.031141502553295,-0.16619780764178485,0.6343155710561713,0.2584106456764539,-2.0787625368192852,1.7754750665686723,-0.37199093037886094,-0.10185575555279112,-2.1172449913274134,-0.43667409874410135,-1.2919472311614624,-0.4425567076659563,0.842027761552721,-0.11775642572611465,-0.5813894248829232,0.992
-1.2331650343571974,-0.1734261159316297,-0.006928484579792955,-0.48172145473404143,-0.6542420852091236,0.5864034934614438,-0.4616684571704624,-0.29746982270494315,-2.173420392029175,0.6792251379938441,-1.9092818061528094,-0.9146774142876537,0.284537262935926,-0.13250647700041668,1.3314415894180542,0.036429187865191455,1.1767068255934752,-1.155126728219093,-2.0541842473009178,0.11230825302857092,-0.5843941615991255,1.8131236129836128,-0.5066229208478188,-0.7404570801066542,-2.427250569963615,0.5721850606984631,-0.6941395991059066,-0.5582537804018056,-0.6003745506381032,-0.04744131157974964,1.2327485086058454,-0.0017725920253898603,0.366942083901436,-0.9297368555714363,0.3168659458067586,-1.8819895155790158,0.38402423647784,1.4716220397004924,-1.9707723499009777,-0.3399630386937183,-0.9232601922373231,-0.32608999830226143,-0.41128453691467853,-0.41836149271244766,1.905385854358604,-1.0576070989039716,-0.15812645923244759,0.6249181513837352,0.23474537771534265,-2.070704613645551,1.7756479947555828,-0.3132341031702498,-0.14855984632855246,-2.0607943941878863,-0.48775524089668715,-1.3100945366075993,-0.38336665206984594,0.8807772951295749,-0.20099224957783068,-0.5351127425322094,0.994
-1.2573012710494171,-0.19170481725419253,0.047412554433542246,-0.46770061764237586,-0.5989406951033241,0.5662906319724488,-0.5347270516544631,-0.2927877362506699,-2.1262769951402896,0.7829105875285474,-1.9013936440888435,-0.8983056103277693,0.3148521304288129,-0.1386856074551091,1.3127748086011786,0.037437061475550676,1.1215194933143144,-1.1630012354298118,-2.067970173143047,0.09765134658295918,-0.6663352318459825,1.816091543726204,-0.5480440207478208,-0.7130013417783067,-2.4267591717933383,0.575213081940338,-0.6873156288054305,-0.565542548037354,-0.6185016524452954,0.048532069416085136,1.2622323590808133,-0.0354590280662936,0.3240436817945881,-0.8800791367035822,0.38691066195590784,-1.8910360153576198,0.41050021396133696,1.475102529209154,-2.0121863381920386,-0.338652135049116,-0.9324645285108406,-0.2803267012205505,-0.5114435976308147,-0.47087986406487653,1.9031974706635724,-1.1163483214506635,-0.2749055464366782,0.6908485165281222,0.23123388528736402,-2.0607477899561593,1.7498697839394868,-0.3064663380071382,-0.1543008140939812,-2.060613197178727,-0.5189300576667446,-1.303529013690683,-0.3962194901981328,0.9185751002024612,-0.20269574717042851,-0.5612085587934649,0.996
-1.2153611788217573,-0.18519847093218605,0.14151905241687143,-0.4379375003740724,-0.5921853015870118,0.6028852206708895,-0.5464348070528948,-0.3038535028288558,-2.13405917864552,0.8304363412431885,-1.9558862149601373,-0.9159746062499038,0.25470254403610054,-0.2183000693964004,1.2974991511668805,0.022061001701998123,1.0765438383844885,-1.2075520617144617,-2.0442181999755027,0.08232415167352976,-0.718682259040769,1.8165930937793018,-0.44247901648724897,-0.6601266698419214,-2.4489989728506614,0.572426585329824,-0.6427632627193361,-0.5826392629444458,-0.5535560953705927,0.08839355618315528,1.2728417330642638,-0.04935648548164544,0.3816293935047204,-0.9036116699207918,0.3328943298157936,-1.8958212765966467,0.4006571917536548,1.4953188827164594,-2.0239824238509256,-0.29942035704284126,-0.927190087007823,-0.2326998666829799,-0.5466163567072854,-0.5088101881791595,1.844868058275956,-1.0572097883349918,-0.284285601388641,0.7908072213923529,0.2310435347388943,-2.091787434267793,1.7823679530452174,-0.25635344835859686,-0.1739718400685534,-2.0843593996381817,-0.5872088961769779,-1.30840816199948,-0.42437942217694197,0.9028119795298347,-0.17280829443856566,-0.5886631072233299,0.998
-1.2254143538174667,-0.20157035454064806,0.162038776088741,-0.416059498172609,-0.5840905295751357,0.6280556391878362,-0.5591240566866612,-0.28621228151683,-2.1276143297030234,0.7996378004878186,-1.9324819311877892,-0.9570336193021175,0.25633244233671537,-0.23226858268184386,1.24873371370595,0.02197769730186375,1.1279423865530351,-1.1897067000690644,-2.109226878292577,0.1990183239185806,-0.7425550278340418,1.788105406073876,-0.43056396994030494,-0.6451292172470751,-2.441093181459892,0.5641661948809863,-0.6417522949604595,-0.637951222745852,-0.5624089261882917,0.09808034617919617,1.2571490618902486,-0.012298566256711461,0.37270958094798046,-0.9497696408842495,0.40342259109468354,-1.8340537461565167,0.3867767489594375,1.4899971324881487,-2.030795933578328,-0.28404137154500697,-0.9996457845154975,-0.22621751125941444,-0.5191733308640336,-0.43306651273858343,1.8652117518130817,-1.039737763383478,-0.2734113887902003,0.827989281123301,0.2513601987302592,-2.1080769195710864,1.781282469312828,-0.20362542131652248,-0.13426368491068918,-2.063984347372349,-0.5599627826343581,-1.373485855031165,-0.3564432888580795,1.016743648106726,-0.19541913692336343,-0.551314912271516,1.0
