p0,p1,p2,p3,p4,p5,p6,p7,p8,p9,p10,p11,p12,p13,p14,p15,p16,p17,p18,p19,p20,p21,p22,p23,p24,p25,p26,p27,p28,p29,p30,p31,p32,p33,p34,p35,p36,p37,p38,p39,p40,p41,p42,p43,p44,p45,p46,p47,p48,p49,p50,p51,p52,p53,p54,p55,p56,p57,p58,p59,t
0.0,0.0,0.0,0.0,0.0,0.0,0.0,0.0,0.0,0.0,0.0,0.0,0.0,0.0,0.0,0.0,0.0,0.0,0.0,0.0,0.0,0.0,0.0,0.0,0.0,0.0,0.0,0.0,0.0,0.0,0.0,0.0,0.0,0.0,0.0,0.0,0.0,0.0,0.0,0.0,0.0,0.0,0.0,0.0,0.0,0.0,0.0,0.0,0.0,0.0,0.0,0.0,0.0,0.0,0.0,0.0,0.0,0.0,0.0,0.0,0.0
2.6364197421338423e-06,0.000650570584874687,0.0038121210424913034,0.0013745902043909653,0.0005218272111849472,0.00047824765669051875,1.1804911798672912e-05,5.296614678675427e-05,0.00036573706670242173,0.0013151161529365513,0.0004612380197683715,0.0012804073386532733,0.0077247705475226485,0.0003923625265444624,0.005247767663276092,0.007172384676721586,0.0004717163359977442,0.005245317178373319,0.0009582580727691518,0.0008915567693522663,0.00023802076179276234,9.60609342319994e-05,0.0013681998882792764,0.0009407735282282065,0.00011294959654238277,0.0010852231170324798,0.0013495199963323755,1.2226133064404724e-05,0.0028629628070119054,0.004288903265320418,0.0046182910547395055,0.0006264757888115182,0.0007495236717398658,8.343882934462827e-05,0.002600081823792692,0.005431210852330594,0.0022992348159843377,0.00026259699291338186,0.0034576518952218237,0.0007308883620144627,7.835169952471376e-05,0.00041983842041615557,0.006582991726436343,0.0001265251536637042,0.0008783926832297612,0.003377724125949789,0.0022124897496455256,0.004071276821423749,0.001549662270078814,0.011528513912062681,0.005245380514676304,2.105215691520141e-05,0.006909385481649947,0.0025733101637549233,0.0002771558667474983,0.0009482602796421244,5.535357446189337e-05,0.0036255151899815086,0.004572188330972195,0.001277271225285428,0.002
0.0003822190347094345,0.009316366571080502,0.003943518986993694,0.010156585320685092,0.0006885338180179549,0.004236075349625115,0.0033309060298082225,0.0007112694325451719,0.0011477377434669,0.007493021124034246,0.014322662254357807,0.003979406465502537,0.008202925962629927,0.003912556770216499,0.006037047854099462,0.007292788328873123,0.0007859500037165773,0.006712916757275519,0.0018087762028488755,0.0017213549767316674,0.017362685215970567,0.002531961658887149,0.0016046854969850816,0.0010300333164599766,0.00040767545776633176,0.0011283389369812025,0.0025214591496965227,0.0007649198080719763,0.004341204861639968,0.004306511400817174,0.004969970188952229,0.0006739794558522246,0.00886889643218001,0.0066098957811903,0.005066696641643177,0.005546448488500634,0.0029387228253594717,0.0011363618244472288,0.003497076587452698,0.0018766537254555125,0.0001974696380026919,0.004290984003140083,0.006826396809602326,0.0008651960746063009,0.001074611197183801,0.0033851038579181636,0.004186347118953069,0.006658534496081654,0.003937044860856346,0.012544968997202371,0.006543717364340236,0.001729495743386861,0.00845813162847846,0.0028623716271789427,0.0013150560217693955,0.0067705033872086755,0.0010264736859876358,0.0036611229684007677,0.008105579325074162,0.0012829653737327844,0.004
0.0016014531827901008,0.012988028304911857,0.006088164085373911,0.011288221530377368,0.008217729707800964,0.004825784183273495,0.0033314886496849687,0.001760298598035006,0.001149454369287326,0.009014298446226997,0.014324064842053296,0.007190212455612389,0.008543219050437806,0.0039330450362557706,0.008831365209461962,0.007995505351315395,0.004731523580038193,0.007787910707272631,0.013437357164220058,0.001779314339538508,0.02563293367296142,0.00274156005849526,0.001622024774749493,0.0022042265891950488,0.0047428806357009065,0.0011358409290843957,0.0025643298017978683,0.000809750466924432,0.0073885159321524126,0.006277847528059843,0.006033355346920722,0.002127656647541031,0.009011727765227677,0.00915080107607393,0.009819752912545998,0.007474093489218677,0.0031874904994561703,0.001198981585009973,0.003502203059881149,0.0025934382543864286,0.0048718639473167985,0.005818822869308054,0.0068558266907783405,0.0009804919266399807,0.006769256668016971,0.004448540510151474,0.006603953061411152,0.007628863706349766,0.006719841553149658,0.013970651235631867,0.009872432669995856,0.011296130073049526,0.008473107608362236,0.0028686287079653923,0.0022387461189392233,0.011007257730946178,0.0019430568329894926,0.0065007796982429235,0.017850316840456806,0.0032498815069202883,0.006
0.002467508347267981,0.017599754361499485,0.00608817144877387,0.011294472288763206,0.008218329722766739,0.005960294961721007,0.012830470662579956,0.0018322768244150908,0.001149909165816439,0.009210345462421232,0.014447578071107144,0.007521124214986963,0.008748914574952166,0.003933476761260069,0.009220887904494525,0.011388442838455061,0.007268187950128433,0.012952776055801283,0.013589492443927443,0.0059313572783339435,0.02752869211564021,0.0027495016080300357,0.0035258048083298106,0.002259694318547001,0.005177691440865067,0.0028487532927447047,0.009885154834463398,0.0019454025952762753,0.008133696916118635,0.006309446764645041,0.0074254898539106145,0.0032574155809572173,0.02416810681482793,0.009397355521360451,0.009985890098642012,0.008491634620381976,0.0032014317858075165,0.0012273441670573274,0.003534752355200458,0.0031007577656465514,0.005625203037075192,0.0070575521999958705,0.00696228803701375,0.0033156850107747826,0.010094207589186567,0.006154035022565618,0.007271085828893821,0.009170645412483937,0.010601144068496743,0.013977147278490008,0.010160066708492904,0.011671236049939308,0.00874714308567532,0.006108877741082137,0.00232402282394732,0.011121534420737749,0.0064455701429733765,0.006567315028282529,0.01840319986108861,0.0045546964175214736,0.008
0.0025884575719417515,0.018189987280305145,0.0064374448696599435,0.014362600810096094,0.034139481198020336,0.009976660388957028,0.013085467881946079,0.0019498718384680566,0.0014495132347488449,0.014005166724538724,0.014650570089883148,0.012654477338450112,0.009104114714340408,0.004371495265070128,0.01238213862029241,0.01491185434170926,0.0073615842196842664,0.013455982955631262,0.01359546034277809,0.005944753253241825,0.02856121818827313,0.0036636239167817906,0.003832971197075428,0.0028768600084413073,0.005659721668285231,0.004694198065207784,0.010084358365497183,0.006028590061754399,0.009441456780344689,0.0070112124275068695,0.00847214147746824,0.008551606017988137,0.027084297884233912,0.009538929891462202,0.019159804130612013,0.01270455350164273,0.011106852786183452,0.00977971424123341,0.004780977353287113,0.004091604431537888,0.005650628453920377,0.007243299309125483,0.009143866820181397,0.0037261346142995542,0.010542191371721325,0.006208640275888638,0.007351348736088913,0.0119618105085388,0.010832769362119516,0.014289066775269789,0.010682405378808952,0.01357921743976433,0.009680712551764663,0.007250499930391109,0.004986761812159951,0.011181178423870343,0.006447181522502361,0.006567772718385981,0.019204548848465806,0.0046332900860164995,0.01
0.002596836411981638,0.019295147451196922,0.006838108056300258,0.022947056951077835,0.034145481620919425,0.010370310958897082,0.014684071356185394,0.00602986662452886,0.005884015178646591,0.014052916471926795,0.016376620233551666,0.012660460743430333,0.011651412681793928,0.004430514426854216,0.021823150272283133,0.015049884772270353,0.008759114666805115,0.01345826995228996,0.020383890136572998,0.006673183769528761,0.029507042142915496,0.0062546903965877195,0.019458741421925732,0.00290050058390782,0.015739810971508044,0.004996759451682026,0.012130671753770906,0.014296442294970459,0.010714701177429477,0.007804464663847474,0.009075161841570001,0.010028493470880308,0.02811243773659478,0.00988424179564298,0.024315064857635654,0.014261312727725475,0.014246533738197679,0.010840618064153245,0.0053976813388871905,0.004137375040724241,0.010345139222959248,0.011968071532673642,0.00983774366732636,0.005623686231613947,0.01282442545679097,0.01879891111941238,0.00975499110512077,0.011985788470824313,0.014349876684999808,0.01986550864628629,0.014922986794339604,0.017633703557033212,0.009723289862787284,0.007663651575655513,0.01099995262622347,0.011482075027906503,0.0085652086281156,0.00661069590254712,0.01942119938503323,0.005245891318575981,0.012
0.0038508908982231053,0.019635419215452126,0.013145424909844626,0.024225198970336707,0.040626734164352786,0.010555456893245314,0.018808459928416663,0.006655960031174542,0.006007538991639744,0.01644599165647415,0.035133205415367366,0.014954020373885456,0.014732807663826836,0.006259589616092337,0.022192563144237728,0.016056955874331282,0.008828654295078751,0.02129040419615176,0.024083042070713243,0.007493461754194014,0.031145454325308512,0.00703485108105987,0.027628401890763724,0.004267887522135406,0.019313535617521766,0.00556323270361017,0.012131374714284212,0.017707461340037273,0.012983293527848331,0.01056869600038702,0.010841740883889837,0.015599505590088228,0.029831994751375466,0.015122823694994155,0.026168378186388844,0.019482996779213696,0.020514962889733267,0.012109377377422138,0.005430950228744376,0.004852981962463267,0.010366666019828165,0.03218590775377614,0.010204903054385586,0.006032521002341446,0.012859970171961176,0.019428141800471897,0.009918677046062358,0.013467407667668916,0.014759157617437643,0.03839248960450059,0.01546546440448573,0.01932041705722406,0.023644564842096025,0.007722233045213932,0.013796286226090401,0.014199018221955887,0.016611634749739382,0.007504994666176474,0.01950985081412642,0.005673921828965314,0.014
0.004520219820692577,0.021099699049406645,0.013165520169499852,0.024461706339692118,0.04154825795099968,0.012005950122998616,0.01881980251314575,0.007345125244666492,0.007880974230155473,0.016499578737417052,0.036491761618182406,0.015413211310887165,0.014882665856490077,0.01581431883743861,0.023565125380187596,0.016258968029349022,0.008895584545613434,0.024158812778492498,0.02427942479058562,0.008028832241385094,0.03724963103723064,0.008501162815465963,0.030690605500619028,0.008009206539610972,0.020211475996165386,0.008682380832743176,0.012385423419731126,0.018041031019383858,0.014036939022357493,0.012161677424120006,0.011149287729914881,0.016951978637352216,0.034443808539433726,0.01514753846468183,0.027370008217362143,0.019485640245600903,0.021971659179060788,0.017186907993698285,0.0054407396192103705,0.011623431129716071,0.010367789312972298,0.03391367164297315,0.013222968262761679,0.006497961888419039,0.012859970681850063,0.020246694095743013,0.010101349658912356,0.013691065095756103,0.015957656625814394,0.04180894423147435,0.015686726439403335,0.022638972348123308,0.026071607283380552,0.009795698265236557,0.013816371980048679,0.014554162845065602,0.017251541535648098,0.007510336535153937,0.021953132986946504,0.005984520450333364,0.016
0.005222723858585495,0.02114517462388078,0.016432886213286126,0.025294538423792208,0.041558060427308516,0.016812741025845835,0.024586118439698032,0.009932030368258895,0.013168662143142176,0.018849372412604273,0.038507298689084486,0.019951817996554516,0.017705650399059435,0.01801164616464606,0.023896864846800397,0.017655709045308075,0.009548375561683605,0.024414110064648803,0.025845602208757514,0.00851217979277717,0.037336476441461146,0.025035309782029606,0.030721601965934986,0.009654724940020194,0.021079641832571362,0.02078019499846499,0.012733971991392281,0.01899305499397837,0.014148907599949924,0.016377321910057977,0.011262193271115137,0.019947639712622457,0.03559001169841765,0.015727374550182596,0.031345936097042844,0.019589853605837492,0.022949374258857857,0.017510978827575345,0.0054865497467962016,0.01164123913040946,0.01069266802868784,0.03489337242189495,0.013720086387220174,0.006756457145023149,0.01289685831533956,0.02338913019156832,0.010248363863766085,0.01568433017252302,0.017122869031962053,0.042086448319555755,0.015698873434281932,0.024517055178341064,0.026411367825580158,0.010227938876224838,0.02157550012913483,0.015342212007584774,0.018292806915908285,0.012298672312370123,0.025912309408037737,0.005988052007255107,0.018000000000000002
0.0059170714714477934,0.021535468073792224,0.022441723778150218,0.025977161346825282,0.04476125469781538,0.017661370050307365,0.024595919177208235,0.010399959869251744,0.021873021091012274,0.019736560467276183,0.040690888476014875,0.021051433949434577,0.022789369642664984,0.01844948270243312,0.026821774574769888,0.022326832975368444,0.009866093338382545,0.0271486671561474,0.027350983224240132,0.01150420524808681,0.043193312786991345,0.02615807823227376,0.03444941586664991,0.010793149790655708,0.02223742005209296,0.02317590962113512,0.01621114767877549,0.019085502750945647,0.014164039558683441,0.02390551092965262,0.012329401491135181,0.021218616485965718,0.03569645243216996,0.016631099670179963,0.03381378223132344,0.020400824740236977,0.02302727021861286,0.01778386379713636,0.006229602459790085,0.011648032641213696,0.01085372643743818,0.03666779050405982,0.017827421677234178,0.006792852729694894,0.015540765296543909,0.02358649713800143,0.010384312972374417,0.01568604306545369,0.01736002329483263,0.04286170742254856,0.015752668787643392,0.029215346274160385,0.026972224524658372,0.010307941296514177,0.035181733893906754,0.018782551321806347,0.022781849139148942,0.012432291786221523,0.026733574891852106,0.0066409051433163864,0.02
0.011101227540127729,0.025227733587368458,0.022669104510947863,0.026172059327530403,0.04476339377726751,0.020799888173844212,0.025370323265268092,0.010427839955170081,0.024579796656802946,0.0197495875084345,0.04211961131984819,0.022597022727310966,0.02360535327817,0.019120212514212725,0.027951703316304727,0.023124684154715473,0.018866166358255977,0.027195970868354704,0.03495986606186027,0.012001165926560118,0.04350011441611999,0.026765640281428398,0.03446183916743422,0.010805566616385676,0.022413305811938566,0.023184576764813628,0.017288850481525068,0.019249140073716958,0.017995508722650058,0.02459198360022209,0.02060434233885637,0.022362629753941148,0.0357210237760787,0.017257057902919797,0.03622448101170865,0.025563341142014386,0.023126762021944105,0.017804497519821244,0.006959107902715221,0.01489934077247754,0.01124929635584225,0.039832060787089424,0.0192971178231882,0.0071298874988159995,0.018896922264199385,0.024924707887458625,0.010454384357818166,0.015872057247821286,0.019395025958115222,0.042874551449498664,0.015753455510787016,0.029227688244106768,0.028043770375589524,0.011563491640852701,0.03544471039454142,0.01927698810257145,0.022798868485883958,0.01921354421742679,0.027517159344343893,0.010843038132038347,0.022
0.03039988788274579,0.02635780470208632,0.023717950594599913,0.02895459535801574,0.04801096253615712,0.023532793651296315,0.025494343549105923,0.01206261480010746,0.025936433549906223,0.021538195023119055,0.04223295907679947,0.02555569854114249,0.02565259274612652,0.019228022415836845,0.02824537765715448,0.023125601638055108,0.019282467677390627,0.03428041424401575,0.036825193649227005,0.012452539420753465,0.04667080099544718,0.02676663025757053,0.034758684015164194,0.010842952285161467,0.023649957312293222,0.029485339960452647,0.026790862523295548,0.02831725718589641,0.026080831012805783,0.02938836731254451,0.02061543530746269,0.02321506874320052,0.0357411362499455,0.019312018871350835,0.03624660635383047,0.026254894605792025,0.024189265078578718,0.018256879939734363,0.009926637464427155,0.014900036522237882,0.01200416683240628,0.04095038123024942,0.01941308783987374,0.007577354872263997,0.0233268766780152,0.025693335545031736,0.010720626224304947,0.01699954643903504,0.019977208866960035,0.045689043050498035,0.01672856811425869,0.033185152484185965,0.02902986583238778,0.014537652520201366,0.03942516365505007,0.032464696915700156,0.02401677675629712,0.02552005175239097,0.027667269874192914,0.012054591839606374,0.024
0.030417483643622054,0.0265200904294658,0.02661462962311874,0.029078758954661648,0.04864518249901699,0.02371750742573714,0.030021551862008014,0.01279398145548514,0.02955154952283548,0.02154684819429036,0.04351917911958725,0.030068748490384902,0.02984280668786464,0.019867167895778495,0.02844481378359649,0.025788681337819985,0.019308885426012647,0.043198180773731686,0.03803034427679658,0.01249213012193111,0.0467619241712908,0.027096943349330428,0.03477841852211636,0.012086552145514795,0.02375156771905868,0.029638023244070562,0.03247788082904975,0.029030841745838167,0.02639079830487088,0.03263765689771262,0.02294737027795552,0.0252352274259822,0.03586436203081498,0.020234577807474792,0.04110177149459706,0.02884049956554568,0.026032366715373574,0.01853215439403345,0.010834384843309458,0.016884776618010026,0.012888762461319765,0.04121052052748562,0.020040149435738314,0.008052315608997971,0.0250775895375603,0.02570544059553626,0.013018127471941615,0.01763956841364688,0.020790856009522806,0.04722435651779007,0.017182625569152475,0.03409743100680429,0.02906075655437718,0.014580285860788585,0.04110772845525642,0.0358085723774743,0.026670589697722114,0.02565268051379374,0.02843999112133249,0.012256082048865805,0.026000000000000002
0.03162660399725169,0.02670134822500865,0.027304257197614278,0.03079663122016622,0.04864596195133444,0.02381532880635364,0.030616386742647148,0.013389916755708957,0.035219693195563895,0.02510550729836831,0.043555649424177424,0.03472271438838452,0.032320269320966245,0.02291417925764766,0.029775701428973372,0.025828510488859154,0.019422076373996174,0.04332674949794404,0.038480644531402194,0.013152933702039906,0.04676274456705639,0.02867718850786827,0.034857337712319164,0.012156577409021851,0.024920160473695233,0.030085512845073215,0.033037703715123115,0.03421731375558727,0.026391202261257754,0.044010919295834665,0.023032363339313956,0.02523525908818757,0.03875518109390696,0.027797331825770547,0.0415977810400354,0.02886464105026152,0.03220440690162587,0.01885205898943337,0.01119725468164484,0.019527333795557007,0.01349741145289386,0.041259069137444204,0.020067109151897144,0.013531362359678015,0.02510054914480663,0.02679839759192775,0.01356716685768661,0.019605618443457595,0.021019920062566123,0.047471995822857646,0.019161265601497213,0.03558174856121563,0.029089537575746373,0.014754742222814563,0.041218633370629434,0.03581835264124305,0.02667891379709404,0.026217588842835083,0.028551721629537882,0.013455859912081767,0.028
0.031726275002897555,0.027072342614386777,0.02752061539123021,0.03222713966665592,0.04925544628901205,0.029048142389475416,0.03324024468723974,0.01451884067857441,0.0352991718923105,0.02616289818457477,0.04647670469837061,0.03479909186635898,0.03373989509755941,0.027178192665804943,0.030322220362310838,0.02668766963755998,0.02031425025995157,0.04501882438696045,0.040478800543023864,0.014950068313018346,0.050875677556398165,0.029336450979313342,0.03497181833023743,0.015302014015185033,0.02705334515809995,0.03008960880109536,0.036463895880133435,0.03442167292430051,0.026737674151811167,0.04427766702263888,0.023069069618844935,0.02548872163616246,0.040016992323627903,0.027958461412339538,0.043872556131883206,0.03013414143853901,0.03763133661270204,0.02184399885376868,0.01303682586707349,0.019536878729330936,0.016594258772946117,0.04126314952889925,0.02018372885160321,0.018659591884113404,0.02731757790430818,0.028591836864507343,0.014947490571644663,0.028722391290012562,0.02104274206934226,0.04764407135625991,0.024022339581539893,0.04344466206495361,0.029155652245021035,0.01760571427933965,0.04187656243079434,0.03770990866009058,0.026686941717213662,0.026529318720820354,0.03066991084489437,0.014669525776409325,0.03
0.03205877421796958,0.027615551697012436,0.027655606567050642,0.033468498823676515,0.050720660509652016,0.029509520506639235,0.03331209336229057,0.015359884363041589,0.04060069771414684,0.027249852257885628,0.04654642905821597,0.03677597124459275,0.03515747902668499,0.02748063646726988,0.030361377453489543,0.026719590829844264,0.023689471056234323,0.04825098621472725,0.05240447242180384,0.017348825698045637,0.050886503492830575,0.029506115269893555,0.036465101841046094,0.02627156532401785,0.028088562849560714,0.030189262241988035,0.037311053233564484,0.03504446453049798,0.028056925740718445,0.04430251626622814,0.025783254655321875,0.025533894688565248,0.04575417513573376,0.030657051613570567,0.04387425259472429,0.03192799478698269,0.04251776451174178,0.022561593108993146,0.014596496783469635,0.0260528325001264,0.018179493487178726,0.04126368088610442,0.020719161455341556,0.01953247891671129,0.027770200606946984,0.02859795191660747,0.01864266644049878,0.029611404164345448,0.021046716717561077,0.05527165130005637,0.025425439843787704,0.0465766578921549,0.0300160867218955,0.018607732373128606,0.042359669465135974,0.0390919884449783,0.03196706347291125,0.028580277347651364,0.03163693035931618,0.014865373529441056,0.032
0.03210960350904096,0.027636575826350002,0.029261582724928178,0.03541148525412893,0.05135667049043568,0.03000219671524662,0.03406996574680409,0.01573155448564233,0.0420915933104699,0.028037906789845985,0.04676580824671393,0.03741271357826081,0.038350046286744786,0.028692839900960165,0.031036857599933947,0.026785656186968654,0.025312529338457693,0.050929872940674754,0.052422938935013506,0.01751024967405463,0.051009543131286944,0.0318196864962711,0.03675032682674852,0.026392743332506297,0.028167608028330456,0.031366326540572705,0.037311689374260874,0.03713978095686849,0.028149519267052777,0.044328533507272325,0.026419763497705386,0.026110188140716584,0.04673582271292192,0.031575766279577665,0.04439617487076123,0.03211700649260888,0.043823751257954895,0.022566240112236895,0.015028464619305083,0.03039847199198316,0.018290677921822904,0.04130374098138712,0.02123069884796234,0.02004162553855192,0.03282734818178501,0.03656287286707159,0.018673170748990733,0.03250325801644174,0.02134387209797707,0.05959348083436815,0.02984387136013508,0.04714737635003024,0.030148319515017966,0.020994536241028643,0.04236300153627343,0.039351150596445054,0.0320662966095977,0.030575808682008092,0.03164696618676754,0.014870811189165962,0.034
0.03237042154982748,0.02870009214361673,0.030119419188559447,0.03941440669768335,0.051608743264735885,0.03034469237639426,0.03447220676244062,0.018770688498537205,0.042468555898716266,0.02805889390920517,0.04777151785672743,0.03765120581207399,0.03855827869250987,0.028823459343790568,0.031077952919777465,0.02916559201650676,0.025887425700733505,0.050934342521856045,0.054019002927388274,0.018321083731348345,0.06046724537917241,0.0333650494746558,0.03830467362314011,0.02660624995230307,0.030535461980738438,0.036133533194467014,0.037314735403171415,0.0385604634910904,0.0299514737564936,0.04624522553929645,0.02802130019326961,0.026556737333462855,0.047602565859384965,0.03165577159797519,0.05532736293777694,0.03262051068749356,0.04828881454149646,0.022689264992941143,0.016041645382893193,0.03199481353792925,0.018299234867675644,0.056140421606310956,0.025640393493412034,0.020200562337345074,0.03287116441567449,0.03911864552343937,0.019803909688732902,0.03260721960100221,0.021886741720841277,0.05962125686380678,0.03006549742465004,0.04731095812003362,0.031643285282907795,0.023758911783451568,0.04321697377918242,0.04087561852212235,0.03229843432208181,0.030730057080612275,0.035293561665165604,0.014928018870478697,0.036000000000000004
0.03242679192855469,0.029257735065749566,0.030539233743301256,0.04005129895511824,0.051610106142277415,0.031686049567028994,0.03492015544677596,0.01877512174256914,0.04250143171633246,0.028665078918551076,0.052991918380553546,0.04437951711537812,0.038621530874833346,0.028823558656144523,0.03138887934578549,0.029685157526783003,0.025895928204422346,0.05332208099493523,0.05410174861821871,0.018372765040299065,0.061144568913645475,0.04372910221934409,0.04018703430502819,0.027148742210859632,0.03213651114271685,0.036745710887164114,0.03774862748856849,0.04012765880716295,0.02996398936591471,0.04832355629470978,0.02820391225500142,0.027107257317031626,0.04768130667530906,0.03632169242482478,0.05572429880476618,0.03367414605368496,0.049870818441968875,0.022825746448888913,0.016041710120596627,0.03701876890726943,0.01889526977249449,0.05846984927607344,0.027771862296063873,0.021059309603602434,0.04772568788776454,0.03946173957127463,0.02342667643119319,0.03435548049702002,0.02214165036196985,0.06398511221567418,0.03875429376176521,0.049501902656163374,0.032160893693138834,0.024729843215393444,0.0468700839600727,0.040882631431869494,0.036657386846331776,0.03076963842481333,0.03605417134411159,0.01518613021218429,0.038
0.03332383979101869,0.03335099508743694,0.03059029529092426,0.04028761904988625,0.05201382324063054,0.03901430758879096,0.040448831519956784,0.023689155040447517,0.04340138501532376,0.028673085844195187,0.05568779635193699,0.04529326162273726,0.0407871595652143,0.034149969333177786,0.0314586418287314,0.0305564805512023,0.027537539662762404,0.05344007244368118,0.05491633640669529,0.018613671934526923,0.0616337126491691,0.04372933574208274,0.04019084418610226,0.027324563076280634,0.045167060679875054,0.037138346265780345,0.03853663179841402,0.04056530900494818,0.03284056614158596,0.04847452072380351,0.028217229300707972,0.02857612267811348,0.04851725501419115,0.041302261163069204,0.05584733953750924,0.03402448549355256,0.05923141048484337,0.025702976845065666,0.01694264384857835,0.03990523628646708,0.01907918201252854,0.05907111480172261,0.027981656043994187,0.021692013377268733,0.055523083264055174,0.04064110904559396,0.023868693645740107,0.034817377420120615,0.022626875745490323,0.06398818362525417,0.042002645859071666,0.05104929854583929,0.03277548163424997,0.024745012426361297,0.05018542515571773,0.04138751803590517,0.04179204195287997,0.030893376344793694,0.03644405701737166,0.015570558941539409,0.04
0.0338200151134028,0.04013792305487054,0.031244302015516173,0.042568360522900535,0.053083362667278554,0.04057504976106294,0.04286618923665987,0.023795978838089142,0.04884498265514527,0.029618460619961262,0.06510916666987757,0.05257442045444016,0.0409072964008276,0.037177908463034745,0.03146558708305066,0.030759273398024874,0.02778286940651865,0.05517602344897564,0.05644473428514276,0.018662150730516993,0.07201503429244689,0.04391867783843957,0.04523445306808312,0.030834550932463355,0.04629673828526389,0.03755520956393474,0.03854258616708559,0.04109715050552779,0.03290246403513515,0.048593493182560926,0.028341109055016293,0.029268953723579627,0.05094936955414164,0.04365263348427149,0.05688054452265109,0.03587101261543373,0.059237366225340676,0.025705339342067122,0.01771902827040349,0.040013724441694536,0.01908106989645435,0.06280648687338738,0.028038107729996223,0.021759920294804502,0.05802796079848861,0.0459800117935571,0.024212453258233044,0.03556302059616974,0.022638413856033542,0.06403451672799583,0.0445965816306233,0.05213923450934024,0.037247932496072916,0.029854000930311146,0.057443362059417406,0.04817830712662444,0.041878932421310605,0.03483804884864387,0.038397898564026076,0.01559600621970807,0.042
0.03561214870869806,0.04066845780667495,0.033477390596696424,0.046925519685594635,0.05949606184652419,0.04063377529884775,0.04943553164627957,0.026445491151439997,0.04934416706008615,0.029651121901908575,0.06565151738340927,0.05344149064059486,0.04090802460614143,0.04116105095339553,0.0314944462227774,0.030900396270783868,0.030658313361714498,0.05666995095080381,0.05665377737851085,0.02010798894861812,0.07485514267103759,0.044037500575628476,0.05205033096490608,0.04093072798404826,0.04704594986414659,0.04088782001050525,0.03998548781213089,0.04549605613855133,0.03633998498243478,0.04896667957289193,0.030392141082758443,0.02942675112282581,0.05177371985204928,0.04583472516262729,0.05741233071169231,0.03668870245949207,0.05935859523528528,0.02570613213295202,0.019099291489238928,0.04004424851795864,0.02219684685761823,0.06285378208842254,0.029973491416851007,0.021820438278552106,0.05884520909061606,0.048051076595253414,0.025803332902405593,0.03635943833982315,0.027906280098381885,0.06407220464292039,0.045461041072568674,0.052275411510876564,0.04032171531643917,0.031802644812503784,0.05766435098529182,0.04896677050679492,0.05319620957286824,0.03484161388887829,0.038960745607449394,0.016642708432400146,0.044
0.04150316244714286,0.04088068903508167,0.03347840682072755,0.047271119450612874,0.06067988239663819,0.04662271123686855,0.05799484000818494,0.028626422341661906,0.049557043606357036,0.03089232274366925,0.0656515201156704,0.055727610513426354,0.04529953473242164,0.042646453543888296,0.03791936251319117,0.03312915128109081,0.03069698025295386,0.05689127042391483,0.05780152873898771,0.028850408152248725,0.07505054501259002,0.04513345042860325,0.05255314925584323,0.04095937242012979,0.04830298968853495,0.04831949763075408,0.04021929948473142,0.04598964225688639,0.036954194117724236,0.049914673185173404,0.030567865476089324,0.03242428337675772,0.05200764154020109,0.04628071812445099,0.05761999185444637,0.037868340616825334,0.06178323947734088,0.031041006250678748,0.019431631403800668,0.040492479678051044,0.022197879187030697,0.06431354390694156,0.030178813728960807,0.022900707523449804,0.059150947451532626,0.04825144963581492,0.030079709504617694,0.03806495186128235,0.0348296001775576,0.06407922494483806,0.05485392161400999,0.052351692413522014,0.05055562901461662,0.03199045330843299,0.05997968508662257,0.04903079200463279,0.054633605420060835,0.0363756766414933,0.03961766542207219,0.019473524383573654,0.046
0.04153749775614939,0.04270052198674936,0.03352513222608043,0.05744513963522069,0.06083794241265028,0.05106883399814473,0.05960152175741124,0.03040152134715012,0.050545581537300315,0.03089468505351258,0.06566575648522603,0.05573610562014745,0.05243478510372653,0.04582591336207156,0.03829819072313038,0.03329681131306186,0.03267981584723439,0.058867514496053645,0.058731506148339614,0.03140260517813184,0.07721276318394364,0.048505621616021295,0.05357086367043902,0.04363574798948139,0.04850175979336728,0.0494093837862945,0.04306857604359761,0.04599410004424821,0.03834008179283273,0.05031664024951397,0.03141867196661962,0.03317290025360298,0.052008333223828536,0.04997595651784915,0.0576807701272632,0.03817469623958672,0.07179258758314763,0.0317092122020165,0.022404025578687932,0.04108700629493222,0.022964937785052545,0.06498913695122872,0.030225435556367617,0.023093772547423203,0.061944010924077204,0.05211210795426449,0.03446498729108168,0.041650035601984055,0.037883070896996,0.06507452053970735,0.05780048819375591,0.054484551988719584,0.051230253535677145,0.035042629706976504,0.07074921185515104,0.05875930086675188,0.05971456401616098,0.038343003116208474,0.041750105886093535,0.02029946962851422,0.048
0.041665828196712114,0.04852831388692424,0.036710239653344134,0.05789617452111442,0.06770482784804702,0.05125162441040846,0.06381194055791665,0.03045822566601251,0.05347201429515927,0.03245571780943344,0.06745002113739064,0.05629245713984066,0.05433143184702879,0.04930913880620605,0.03829942849176059,0.034948593576824054,0.038906086674915866,0.0686426238401257,0.05912038957544488,0.031403350025596174,0.07744768751240254,0.048599215431496486,0.054177146636127924,0.044263413339997414,0.049147464099350245,0.05503924572131014,0.04436630358409203,0.04599461782317784,0.03887669015364737,0.05102043169793456,0.03145311091862655,0.03330500973406358,0.054097706829102345,0.05076252143384034,0.05979165899919931,0.039636075047680464,0.07197909385165947,0.033106929586581534,0.02243773700319881,0.042593014310816225,0.027854337386013887,0.0666171185874954,0.03084444600909674,0.024441150523515538,0.06196468631292112,0.05283834534464566,0.039174097064208414,0.0436125210412511,0.03967573038761595,0.07273963571429412,0.058176541810597095,0.06360677626233906,0.05514995600143057,0.03529684785730491,0.07704632242732609,0.06385316952198683,0.05971462876298228,0.04166841426204995,0.04176081236399074,0.024914800052755547,0.05
0.04194338002563309,0.04921842774925592,0.045307591821877935,0.058296279312535546,0.07511086597808558,0.051277425643609945,0.06385710953620594,0.03782141598590027,0.05640774885706812,0.03416087431088103,0.07076918924228673,0.05629966728745701,0.05646841576901519,0.04965588973877836,0.041240234606488076,0.03559206920851925,0.040974176233456894,0.06867653730231306,0.05912462149029885,0.04492869436970175,0.08842704996447967,0.04860237890302613,0.05419316447032121,0.046666248631166016,0.049582091493933604,0.058942431585327984,0.045395220007911304,0.046291861287342015,0.039312057177473714,0.05688621975646811,0.03514234137486588,0.03511144714269465,0.058281505503706456,0.05088886598763712,0.0626081765439924,0.0398753062791316,0.0721165854304595,0.0331821524883913,0.023682460070561885,0.04524796620601306,0.028355988632989826,0.0676775460697968,0.04315478966377115,0.024859626216441652,0.06265378978593715,0.056168666408259973,0.03965237285126421,0.04608423554683147,0.040244000943598444,0.0734153159416944,0.05825159098403257,0.07557093016932298,0.05819684249773408,0.03682053604060322,0.08479764280852663,0.07061432977789421,0.05999892100831786,0.041888589963649435,0.04365695326672352,0.02625586725209145,0.052000000000000005
0.042192533482344564,0.050938115081081065,0.045405089170190725,0.05921317153896566,0.07516302935630771,0.053110450492229906,0.06411157092104841,0.03907586837012104,0.05644660454296013,0.039199304147222835,0.07248283187852618,0.05848143708205178,0.05932728020081673,0.04990737679823114,0.04618384971923591,0.035596990728987705,0.04669997350534291,0.06878935119320388,0.05912546808479412,0.05036882396202798,0.0957366629964227,0.062081789539875455,0.05600667090855149,0.04667582352938815,0.05191124692616145,0.06103753249307138,0.04540309086976814,0.04860075799159725,0.03940831192536432,0.06395281509132057,0.035274470473600564,0.03513384164835862,0.05980055807668999,0.052052209777165986,0.06263821395709428,0.04024176542605059,0.08392440685161412,0.03467338250830537,0.02420400964667659,0.045396175150950215,0.031841617827409144,0.07031786580855444,0.043522612206963185,0.02690012097160967,0.0726125307800434,0.05858933993991758,0.040775238434167096,0.04647580165013248,0.040743383304532164,0.0734655028073884,0.061399482804652766,0.07603247758019646,0.05995198842605937,0.03729440044448814,0.09005172413808775,0.0733761596304775,0.06426237420005936,0.043841363356718885,0.04386400878730133,0.029412826982493843,0.054
0.04390482732954393,0.051720299378233275,0.04874931034070714,0.05950106955892904,0.07598052288148119,0.05350501507634682,0.06705692012404661,0.039261072486101015,0.05857332638667974,0.0442695651573285,0.07480089481855506,0.05868883054223004,0.06301827765349745,0.05025841496209393,0.04907631035621412,0.03814380263232867,0.04674147208684758,0.06953632017010349,0.05929635452798701,0.0568333625869635,0.09741650789972721,0.06364818772904861,0.06019583039587496,0.04695759954908526,0.05207165872039833,0.06106235509661448,0.04546157845893077,0.04872596233030986,0.03991124833471946,0.06750131910674619,0.03846834441010346,0.04001998142663375,0.06520067822320925,0.05323903301192927,0.06460567295697901,0.040815395655086364,0.08432744062963747,0.034687026018439364,0.028505431348337593,0.045979786273404974,0.03747712924818887,0.07167763999071139,0.04483998899339661,0.027008236692952305,0.07271882919234025,0.06317603649035686,0.04192662934169505,0.049071109902337776,0.040799893826716574,0.07440487692164427,0.06439289069216649,0.07635235147831088,0.06588806983724943,0.038698463506520266,0.093305243049808,0.07587277009565221,0.06428676351852786,0.04431355711337196,0.04795527103570858,0.029551999554491688,0.056
0.04427278236111422,0.052708877256039496,0.06499894781825862,0.059590895402685154,0.07616828226756667,0.05351166130325618,0.06993131779440621,0.04149126648623954,0.05949460429023037,0.0442796167782715,0.08481072831483814,0.058696193001838676,0.06661641696843286,0.0503855249783059,0.05112492878352714,0.03946180876385163,0.04926463992557485,0.06968017237835997,0.05980356249380449,0.05698486300199734,0.09750298778501335,0.0647055463685444,0.060231253033843656,0.050899831393134344,0.05213725328283892,0.06999510322511271,0.04549115401326961,0.050943239641277144,0.039926436597750296,0.06758655748160182,0.038795766915152866,0.04048932185091477,0.06537254795747155,0.05334866729539171,0.06863463067078404,0.04366087678885467,0.08709960560432208,0.038572019542856696,0.028747260581875052,0.04750134874445186,0.038489389314364374,0.07370877435249812,0.04625697830903577,0.027064607049606112,0.07338435303591534,0.0631901724559228,0.04455747671574108,0.050046489505448606,0.04272041652654004,0.07441190209967846,0.06536978173523911,0.08715546808213691,0.06602791351809495,0.03915193952341038,0.09676945352277126,0.07587557491753094,0.06438503349001237,0.046771974344021486,0.0490126023713367,0.030324640101658015,0.058
0.04600497027671836,0.05638239616218898,0.06509241693641055,0.0601820646464932,0.07617650267188533,0.05595848758065002,0.06994604107268335,0.04149139933492304,0.060764789863604306,0.04427990526321641,0.08898476436610056,0.05957679271775488,0.06843235592737519,0.06458469707744843,0.055637574349291,0.04186340564301996,0.049985202462881045,0.07536227201929016,0.061040326719266,0.05884105019770357,0.1017595800559282,0.06482102742504317,0.06027484836222758,0.051336413506005596,0.05237726136485939,0.0700755440571272,0.046795382941816996,0.05159924395319533,0.0424846426980375,0.06856712579645187,0.044816790107216065,0.04051817942970295,0.06734691458171896,0.053543242203384564,0.07176215604327815,0.046375156383428394,0.08817306172418309,0.039094402719829,0.029149455417008904,0.04750311094594396,0.0421072734805198,0.0737096427224701,0.046259852157482,0.028286084594961368,0.07364023567498956,0.0648460854603973,0.04840140260627797,0.050254485794413065,0.04411945565651304,0.07849567127278524,0.0656962991030482,0.09039243903571498,0.0692896876200641,0.03938912848434036,0.09803428196675107,0.08001082441822167,0.07006825365524455,0.04727136300851241,0.04905019757442616,0.035238437855922344,0.06
0.047914696586419475,0.056383235393292624,0.06646275422922653,0.06213395646996687,0.0761982840396173,0.056340307386418965,0.0701917524451341,0.04272265990700202,0.0641628498094034,0.04450118588711897,0.09052026247162108,0.060148795529806044,0.06845725146291755,0.06906083350459255,0.06001673349414435,0.042115109866273544,0.05001409882485446,0.07794582890736804,0.061150658023262125,0.059705121654472476,0.1103115225162505,0.06564276061307082,0.06117037307886871,0.051375459468083716,0.052446821118279315,0.07013964532204643,0.05080544272334317,0.05259160075034487,0.042585922868661516,0.06856718920006058,0.044968281831358724,0.04603013907169331,0.06853119599725037,0.05459863429289071,0.07512027625284351,0.04728318752774774,0.09535440707985296,0.03924333473588489,0.02989218317970336,0.060656766582567134,0.045912589448559527,0.0741214032282192,0.04684461704105868,0.028359943857132433,0.07369442704338176,0.06706654284490592,0.04843418558012017,0.0503551486309553,0.044131896814589545,0.07861411309102267,0.06573747263977829,0.09042498613376355,0.06928991079143736,0.03941751339667247,0.098403348631665,0.08040462901079597,0.07034008916263758,0.05039020095522381,0.04905193208171108,0.03529081132997649,0.062
0.04847226378578019,0.05673523574879638,0.06647613349989799,0.06919303575473325,0.0762456428125785,0.057687425923351326,0.07321056914450245,0.043350465251284644,0.07005718555704162,0.04526105204249273,0.09053335954568391,0.06036536749757091,0.07072707723228859,0.06933967398830619,0.062028134031501696,0.043683948282091926,0.050697941155223004,0.07813916940421908,0.0611717720038912,0.07385583702647107,0.1115061031110172,0.06639459677376795,0.07121416907373208,0.056509953245414545,0.05304789447902503,0.07085360341936245,0.05104461757402103,0.05267753190051263,0.054888574995531215,0.07024837973964876,0.04604923514525204,0.04606377043157565,0.0688507858434252,0.055287128101008706,0.07747453516339349,0.04732190112131342,0.10923741910995369,0.03932500467092549,0.03006499646113116,0.0618953774871649,0.04611387442266473,0.07588845757796503,0.0468993603784292,0.028367246483123054,0.07381430739615538,0.07279598711763016,0.050143435141701935,0.05070878727269869,0.049662917563251904,0.07864747461017427,0.06829763606261972,0.09046746779385441,0.06929500315616882,0.041447163702246076,0.10196977649334019,0.08067379351721468,0.07125637053879876,0.05218639967876602,0.04919795458201898,0.03543026106594999,0.064
0.05123790648247872,0.05674680516291478,0.06912857618844463,0.06998167154772354,0.07624629419785973,0.058926801073178915,0.07328800054083996,0.04773661798758083,0.07040952017843431,0.04543453826401116,0.09287236134549581,0.07390059628667815,0.0720456403496844,0.06934798052523183,0.062169714145440126,0.04369704819021213,0.05976779596027904,0.0782416432734829,0.06172474289986424,0.0758546984915502,0.11161004961316857,0.07014731354117626,0.07459062383771212,0.05655085538460483,0.056240393078699415,0.07457869340970145,0.0563424882012965,0.054797711539605685,0.05497168090865697,0.07040378723609685,0.0484150485406188,0.048285621932480455,0.08068516222724084,0.0563526037072799,0.07749037310294722,0.056626112128260166,0.11262394174619626,0.03963973629899081,0.030757156391824154,0.06199197298228536,0.04618163174348996,0.0758894870278411,0.0469865747129189,0.029064792885703628,0.07425606968779513,0.07444692898706706,0.054111888581221325,0.05291096377140554,0.05192750310623291,0.08271770039504615,0.07299675873341283,0.09573785756568275,0.06935148295309031,0.04183130043631247,0.10461604816370265,0.08287166453731154,0.0717418992382412,0.053969990110349385,0.04974824519119377,0.03557966332443965,0.066
0.05836100767974114,0.056767006044627116,0.06958587912801684,0.07027954372651707,0.07725730596900468,0.059149473201772114,0.07333577562881236,0.048435864413583656,0.07256547022957574,0.04555921981742448,0.09333257332665658,0.0744129685005019,0.08565969716855851,0.07190096109094896,0.0651146647306119,0.04844669191737574,0.06066352072356768,0.0905749405048381,0.061826996056780235,0.07663156759044892,0.11363216982400502,0.07405618015340411,0.0746489450715092,0.06620549599740597,0.05679321192439481,0.07474857227242887,0.06230333572530117,0.05701797909436365,0.05498477779192426,0.07221718097794921,0.05210103997219631,0.05195795337621616,0.08145877952593701,0.05730682321444647,0.07841520701322315,0.05716070410475811,0.11304046137596892,0.039678159829473446,0.031113264994242173,0.06265768893113167,0.04646759325862211,0.08127821459389395,0.04932846919353598,0.03771548709051772,0.07444009054277252,0.07886110057853404,0.056479942352766065,0.05296453726656456,0.053624543661647844,0.09086746183113578,0.07304933978502011,0.09573851831430366,0.06983123226609339,0.04304146868987829,0.10490960045877344,0.0885984124102759,0.07235886421814344,0.05415358717317738,0.050838216657041455,0.03751318145591387,0.068
0.06745785654419156,0.05873156487578462,0.07000459045604718,0.07680020401254793,0.07862093131136173,0.0649457858802474,0.07350021960722866,0.04845041755336853,0.07305558322560102,0.05236066846695896,0.09335248021321801,0.07666546516434684,0.08568082325249966,0.07225591751084035,0.06740598085230085,0.04866631546161133,0.06456986731239284,0.09391672288216513,0.06325427979348795,0.07663162431120442,0.11448812617414103,0.07989557327193274,0.07464955492377065,0.06843076536862991,0.057202336886626244,0.07531058434507305,0.06230432655823524,0.05883639127044078,0.055001500511693883,0.07247923725797102,0.054551600691729915,0.05407552697458702,0.08199867807147128,0.05840183951240183,0.0784419615679675,0.06352702299316669,0.1138058052357426,0.04038036702123945,0.031292070179682115,0.06300713089071226,0.04648300036619726,0.08259688494634286,0.049566539087004285,0.03797804421935787,0.07568053806057393,0.0811710573279973,0.05907132572988919,0.05306834500046098,0.05461170933088319,0.10001029254492767,0.07448050084955823,0.09719096063108863,0.07063816246003626,0.04405477489335716,0.10501681833120012,0.08859985739465492,0.07565044341926135,0.05439293867310179,0.05316785135739036,0.040329620606978506,0.07
0.07068497612327072,0.06313096159827397,0.07273367499064935,0.07718007654610726,0.07880369276404088,0.06502253834065326,0.07653048730913348,0.04900557401993643,0.07305974711822538,0.052385401691664335,0.09337225997003165,0.07765368535925009,0.08571103418462786,0.07394643353800512,0.06911728400192994,0.048928438951886574,0.0651881541892005,0.09403908831867674,0.06338287597589373,0.07690816633037213,0.11474249633964531,0.08157431369640988,0.07604584397903902,0.07207546131007117,0.05828254239013719,0.07538210339965526,0.0629117845417276,0.05959875959259894,0.055002077911818374,0.072491620426292,0.055685035920550956,0.056898142730342216,0.08422931542974654,0.05918758624102898,0.10550271560232646,0.06352962819122367,0.11587934401053726,0.04689988094337983,0.03509341979679669,0.06308022253975747,0.04659267480919285,0.08477420251356688,0.05049621762901365,0.03799355867166144,0.0763975919106573,0.0813066906058718,0.05908010120235188,0.062106536044886494,0.056854677775339556,0.10564494901166141,0.07464235579223541,0.09719163429966146,0.07065532532412273,0.052497615605719535,0.1054475054301248,0.09258290758715487,0.07774656195566766,0.058199804018048744,0.05317791837632462,0.04038931370499834,0.07200000000000001
0.07068723149104442,0.06455691265706207,0.07554849352342737,0.07765048543447799,0.08619341254004025,0.065055209359639,0.07660898484801477,0.04923547651281353,0.07982983003740518,0.05365091866145956,0.09594620760135933,0.07768554952544655,0.08707095772303915,0.07679001236870084,0.06973227470226043,0.05067112531063809,0.06534461975030338,0.094206943409815,0.07061634065032868,0.08550685747161879,0.11720187966245152,0.08271032673749201,0.07660383001819268,0.07265627450804207,0.061618292531622446,0.07539728518573124,0.07684256809314968,0.06005038375580452,0.055295472556067884,0.07805898802721258,0.055862820684957695,0.05690119048793009,0.08509684566634672,0.05956868007792173,0.10605823326665315,0.06420744808567128,0.12332729322977923,0.05126178083059745,0.03536401205286301,0.0633194156515994,0.04737662423589718,0.08576859830561366,0.05117842533091136,0.038070283293632386,0.07848794635597364,0.08258082412709772,0.06361270356632659,0.0629451963860411,0.058845508117200615,0.10609426572001644,0.0752954531309291,0.09724989868666768,0.0707595298816312,0.05387632483694377,0.106164986244239,0.09258305911881262,0.07778177103186419,0.05955716281362272,0.061215830037985454,0.04728064628589598,0.074
0.0706932167628694,0.06839540147549295,0.07576005320419492,0.08251504876729208,0.08697962380141135,0.06734403743745399,0.08328784257571124,0.04983508597814265,0.08085685652684445,0.05383030443647241,0.09891494300788774,0.07774757515275454,0.08735796715071782,0.07773079144360559,0.0783014856113895,0.051250837844979115,0.06570471613624719,0.09838265673289655,0.07398217545600323,0.08740167126194028,0.12253816697666857,0.08365110824434409,0.07666394151262754,0.07270806682545203,0.06667831222416025,0.07539746162426228,0.07935427474623379,0.06087820867475377,0.055430263144734634,0.08078896768126922,0.0559901105519169,0.06790685004216038,0.08818247413018557,0.0603718996415881,0.10633030975564563,0.06767244987155872,0.12340963697996399,0.053963123853552286,0.04188359935946977,0.06461393326487276,0.05481791169900827,0.08610737790358175,0.05125212913984872,0.039221321686734145,0.08089571690937612,0.08404668902830341,0.06697715210169022,0.06350816150563417,0.059100077673280384,0.10782284783852923,0.07529799645708109,0.09734630552062899,0.07081660194836252,0.053876603676290005,0.10634239611244625,0.09967584370324295,0.07805375065363494,0.07001366297068791,0.06525907012455426,0.04771012538056217,0.076
0.0707335197965641,0.06888673423493882,0.07851534689765483,0.08601500333059904,0.08883109179430998,0.07285613978302789,0.08375066856450727,0.049957308501570034,0.08485750524054758,0.05512913769668972,0.09920714676753328,0.0796321562109822,0.08978583177326607,0.0795227049777056,0.07904349503915878,0.052427132817008906,0.06581287431032051,0.10207658985953778,0.07520361074381651,0.0885913241699094,0.12296291105410553,0.0846445987073948,0.07736231565025606,0.07373714995078534,0.06808112768026355,0.07611852610470685,0.0793746041859732,0.06255227714805214,0.0563329170286751,0.08105266348643292,0.05599045898451394,0.06794574810056764,0.0904728830454487,0.06144156276383266,0.10682360287029745,0.06777647563419857,0.12457144121719971,0.055199003519907315,0.04257842697319605,0.06468781363547015,0.05556104529882842,0.08983646924789865,0.05368549924862316,0.03922196514631412,0.0881434619024015,0.08538978778551218,0.06923149507252706,0.07181726193769028,0.059101225059407264,0.11053969865022928,0.07627135364648983,0.10241959605440738,0.07117424665122252,0.05394863867195959,0.11036355850793168,0.10625548239170601,0.08350616988807284,0.07189805316641402,0.06534075195434844,0.05125955918407906,0.078
0.07074551640495032,0.07066618234028757,0.08155026273065334,0.08652978073972015,0.08887478516157105,0.07361347742385123,0.08449055060743452,0.04997510314015672,0.08568152543153976,0.05606975348785014,0.10619414626746389,0.08057870358760147,0.09073011090339908,0.0808466981692818,0.08402174907708995,0.05791623952221679,0.0684978342043228,0.10246578897037732,0.07993273578428699,0.088717123919888,0.12351122084914067,0.08464477874371124,0.079812810625952,0.0739246140323152,0.07021295484243759,0.07629523214778657,0.08129372716378168,0.06257157945869936,0.056419612707413254,0.08179591470909996,0.05614578382556499,0.06852789030023575,0.090489577673676,0.06360134537250582,0.10697599794035997,0.06901825063114564,0.125399822532238,0.05559643544556527,0.042901887460205346,0.0652363547939305,0.05959294289962286,0.11130259922325986,0.05594774171911778,0.04126503950724772,0.0903318652220274,0.08564488277111862,0.07004219941427531,0.0719040370202627,0.060488957882773524,0.1116626661364578,0.07631854933402978,0.10564087504777772,0.07162360075238172,0.06660603291673887,0.11050228440266364,0.10785604437371114,0.08456796290752477,0.07628832932525122,0.06545825672744626,0.051772539455086156,0.08
0.082536378587743,0.10301027378138997,0.08300813662412715,0.0874421827458491,0.08944018217019414,0.07450237832014718,0.0864866557861279,0.05010439465958613,0.0860641034415871,0.056085023812430315,0.10717700694718238,0.08165282648389842,0.09083068162209183,0.0817634478640017,0.08492327722656917,0.058846621186801625,0.06983877579850768,0.10258405338649917,0.07993437378048279,0.08885061165768308,0.1250850847648191,0.09266167517197525,0.08046904485196577,0.07392466006794084,0.0726439264127372,0.07882705290298511,0.08133289724570854,0.06579392677881463,0.05693580656181455,0.08184350402660742,0.056440784032280096,0.07142654164979105,0.09362326640853372,0.06467735610600482,0.10708485680198675,0.06952601170069794,0.12549064795430823,0.05785293417267318,0.043780011315568954,0.06882225034277298,0.06415192277998419,0.11257174782187335,0.05972803042758974,0.04344122165594089,0.09206422800032185,0.08650762490003924,0.07007537229231171,0.07203045097487681,0.06193111356135864,0.11436357055701242,0.07676011243732346,0.10564164048535014,0.07294049763261355,0.06660748067254771,0.1113511025603444,0.11067221987107152,0.08761248031406212,0.0764035427339925,0.06585307529913809,0.05182562747057007,0.082
0.08320806013321828,0.10324356310791033,0.08320249885469691,0.08836980371046903,0.08944031271216821,0.07468089894351482,0.0867894261621342,0.0514030363135639,0.08927596450084604,0.0560897799322452,0.11096618282159443,0.08468164806696293,0.09139291462060097,0.08983795645232936,0.0858970027754583,0.060475187354715014,0.0709956053861772,0.10423289309430162,0.09117888170742315,0.09151653083117596,0.12582466938722997,0.09511944437386242,0.08287411341516444,0.07394256419209062,0.07272011323175308,0.07884365572575613,0.08518689578337087,0.06840283780734185,0.06036551821723315,0.08239277664857936,0.06660657484077616,0.08155190531982351,0.0953017337791956,0.06516566106529251,0.1076157870868024,0.07426795926846912,0.12919845563756452,0.05833671187090886,0.04512334106081291,0.0705935425856223,0.06418841641959057,0.11380101589124753,0.06096788481498218,0.04540779293744054,0.0981692576142147,0.11101717863676865,0.07044308084115249,0.07265952002492637,0.06473753167520627,0.11785131973206187,0.07694635944122774,0.10729682082883826,0.07417369610916047,0.06669303309482236,0.11290701621851992,0.11338510627557509,0.08777529583601815,0.07685607852820024,0.0662506932717092,0.05225732704555717,0.084
0.08961115012079655,0.10537713195608862,0.08353985065354132,0.08842882339998932,0.09549643536538212,0.07633111265256608,0.08874083106978266,0.05180614167343061,0.0907141035167438,0.05609013747107887,0.11105520048100305,0.08472714789227785,0.09616840519445372,0.09106606331464728,0.0871135544486706,0.0611985523894037,0.0715050376755213,0.10617216627561753,0.09173019882925872,0.09201807496594036,0.1270407881803057,0.09952943986424538,0.08405596854241436,0.07777585460392115,0.08547494108308584,0.08314471617938948,0.08721338116248221,0.07084091527683051,0.06063923386473967,0.08258895694381801,0.07580009330133189,0.0815740130573577,0.09532108922010946,0.06534177703725964,0.1076431313589244,0.07629318559354399,0.12934048945582116,0.05887890601617229,0.04539553263173987,0.07121872422215418,0.06515564422642484,0.11832988919474435,0.0636180900714616,0.045816982194947974,0.09922839360420453,0.11304170081034784,0.0739704048420792,0.07271612723706035,0.0656793526594739,0.11816551828096238,0.08564563025179678,0.1094627011110076,0.07792047424378631,0.06696005717768481,0.11509403962513444,0.1137274329727162,0.09232120006716482,0.0769345139794342,0.0705079520554871,0.05243742877397679,0.08600000000000001
0.09129518219114384,0.11242674767542842,0.08805536488108158,0.09945349149451205,0.09556415403265289,0.0768528063167092,0.09109218994932602,0.05181157865275985,0.090852929449476,0.05641981069450781,0.11846168174660299,0.0848033408446505,0.09638747192634692,0.09120731683395569,0.08773247241553601,0.062229541558805855,0.07151390121936678,0.10929551773150724,0.09189919941423931,0.10407965039293537,0.12776453318370612,0.09953258081341958,0.08531439480116322,0.0842225303949041,0.08771377490425077,0.08341339992805602,0.0872981512445523,0.07084691472279295,0.061099693229732806,0.08422472473913471,0.07909871168450953,0.0816923890438866,0.09628591386081561,0.06540327015913101,0.1078455833808851,0.07876919305370944,0.13085988281020244,0.05904764644775496,0.04557252072735953,0.07137089117777975,0.06528516998708175,0.12121564412541676,0.06489336778160765,0.055883263260465686,0.0994047557385175,0.11432789188618858,0.07459284473813342,0.07374909116242229,0.0677910733679522,0.12544717338054942,0.0915657762049582,0.11221102980789964,0.07894291055491189,0.06730939650288116,0.11511003512907289,0.11373966937009691,0.0931961877233894,0.07797680108755506,0.07139344589182918,0.05373976250311252,0.088
0.09240458195861016,0.11391891803159383,0.08806647928051729,0.10145575081248467,0.09564861727827559,0.07733303776888194,0.09533796498349878,0.0520118208851445,0.09201417812601684,0.05833671956764767,0.12012258898492642,0.0865768134011136,0.09666999015037345,0.09294367187889742,0.09356903101768486,0.0625712574769651,0.07208296605796331,0.10995172509451676,0.09536510575078337,0.10689023869542424,0.12961582473260977,0.09954902798376615,0.08568138858886713,0.08953281462732755,0.0884461434867285,0.08353628474671182,0.09341659958643492,0.07375690914353185,0.06110036251795844,0.08991178165030109,0.07936869371352787,0.08272724762828099,0.09680271089609581,0.06701751836697768,0.11393376406179065,0.07897352004681814,0.13086286113432055,0.060709496273771806,0.04722083199091733,0.0719121936864056,0.07290544851854594,0.1249017183339225,0.06504690821132318,0.05640840790146673,0.09956038881565833,0.11604260523304068,0.07601887711251726,0.07448327714449685,0.06788314234513415,0.13220555407937196,0.09170639424290454,0.11222214267492309,0.0851209537687934,0.07123505811645844,0.1152743189670194,0.11389374065654828,0.09751499940201096,0.07821359524141472,0.07815957101064976,0.05375289658387897,0.09
0.09276891608481529,0.11445696775665154,0.09047434085008484,0.10153327035254033,0.0962007024766319,0.08440130549640779,0.09888680635974065,0.052333594058993974,0.09300078635520695,0.05962528377616593,0.12038397617875758,0.08878119881284635,0.09874767265608426,0.09558157978613582,0.09449053284516995,0.06276874611583225,0.07615012071280754,0.1099771338785155,0.09805992523405509,0.10705583839146246,0.13595424044624163,0.0997967084035761,0.0869910793789818,0.09766918293735975,0.09097679207926342,0.08385554861384144,0.09361287902872707,0.0739785925625504,0.06403951828993494,0.09005052786540399,0.08933790178705824,0.08352108306416021,0.09721645940984215,0.06706607272531734,0.11409967774785879,0.07903663227905522,0.13095479933447604,0.06118845664737126,0.047245065110853475,0.07470738701112094,0.07320257048898653,0.1250365107299116,0.06748199787685273,0.056515976749900484,0.10015604789430714,0.12094434086518355,0.07684310743045981,0.07473062342529882,0.07116121979171251,0.13292120321723944,0.09171793665268316,0.11222377683160058,0.08512628173490296,0.07231479426299178,0.11527690778875886,0.11396746103515333,0.09841049997570323,0.08134383605537122,0.07962275152316432,0.05471189974084516,0.092
0.09284577233881364,0.11484381760954425,0.09135136682009312,0.10769428487580875,0.0962029458926897,0.08536926831852056,0.09909787113052856,0.052836575287242046,0.09666839925231463,0.05986194138638187,0.12276229516001892,0.08881486036869214,0.09878048306170444,0.09596740344715098,0.09487808262677294,0.06291633654089586,0.07667941782363405,0.1105652489298703,0.09966335167849523,0.10705936593169667,0.1362118434312188,0.09988907026578786,0.08720144154933213,0.10217443843489164,0.09204488179872387,0.0838801324792847,0.1036850040626801,0.07441602212209965,0.066794455645077,0.09058054593208177,0.08934131756973937,0.0837254570025056,0.09811214093463073,0.06967495674572262,0.11576096944060117,0.07931994908254847,0.13110652518506274,0.061262326991848456,0.0487029788107043,0.07529865885437788,0.07321355445899082,0.1274992759997948,0.06788972098591786,0.05652539813508381,0.10217625953361374,0.12493399411191082,0.07762206037903169,0.07486928442111238,0.07180736170006838,0.13297669172531576,0.09183687264068355,0.11711552540109547,0.09037476832870608,0.07274111065737922,0.11552976599427658,0.11477117034393555,0.09879209728492312,0.08326089277350748,0.0796852027499079,0.05472955082166617,0.094
0.09366766975978615,0.1277659863846994,0.09430085626388691,0.1133345911881658,0.09720060984061894,0.0960672746561242,0.10120005127408664,0.05283849114894236,0.09967852518365049,0.0598908442672905,0.12298764093257387,0.08951252038107334,0.09994178288591901,0.09596962587748295,0.0953686473793177,0.06374999200277147,0.07746822694460231,0.11182789221170283,0.1041395276577056,0.10735517782393404,0.1396526187172067,0.09995893770036338,0.09599586968305784,0.10362800119158268,0.09212125498669307,0.08424840783536969,0.10455126091218403,0.07580953924290444,0.0669719533515151,0.09608637092960175,0.0904521852860329,0.08533660202342144,0.10248836849823377,0.06973849677802162,0.1168570929309728,0.08565076995989619,0.1318747828595456,0.061584445778061325,0.048725264502488375,0.07966391496151533,0.07931451640108107,0.1305522570145639,0.07100602490929284,0.0579813507858312,0.10282112333017134,0.12568406880890373,0.0778443782957632,0.07622960331304127,0.07186668356940872,0.13298460653802974,0.09608413821816612,0.12100540035940135,0.09085143495838886,0.07283986595892415,0.11627139160026262,0.1189648356242132,0.09948696805318384,0.08530999464305151,0.07976826207303468,0.06660538063649772,0.096
0.09555069080594089,0.1289312242176599,0.09458086355736957,0.11358523601591196,0.09935615341079271,0.09628588710115693,0.10614614890355249,0.05391350144185561,0.1007380231571744,0.060011795785004624,0.12419387965168671,0.08978644087007591,0.10017773085978544,0.09746877872044353,0.09833354850647764,0.06746793159410001,0.0781148252726096,0.11376309260459362,0.10415276375870307,0.10952182779717726,0.1407087211615607,0.10068664147402118,0.09979069665252514,0.10405576171482131,0.09882585386601508,0.08425414283157463,0.10490917926940417,0.07719423822229447,0.06740455466850219,0.10149630133801396,0.09200119960778269,0.10053868594297312,0.10627181044092876,0.07713511605902697,0.11747613852785191,0.08679030357070672,0.13351180333978993,0.06289832439141411,0.0487366958858686,0.08359374001162108,0.0815680382659208,0.1335913361572324,0.0830856322531465,0.0591442108352894,0.10294371790640687,0.1265131705492638,0.07869205235736035,0.07799945008931011,0.07341784247559123,0.13301866471928153,0.09608427172772463,0.12967647072737126,0.09477927866172005,0.076951570263239,0.11717744711762593,0.11901844065804537,0.10111041272706305,0.08730622985277238,0.07983445150877432,0.07139768369740734,0.098
0.10806906005795658,0.13494718467133818,0.09497468473565314,0.1138052841563711,0.09981341693182326,0.0965274598953353,0.10614799020462765,0.05394997734921626,0.11097580442116635,0.06129764661740384,0.13065066469920988,0.08985266716575353,0.1008382885066019,0.0975520250613407,0.10271797584805427,0.06985292227234488,0.08191996803327573,0.11392152389000126,0.10551825858357906,0.11092153100798922,0.1415338288406349,0.11452705771248967,0.10131523542534597,0.10450712597190422,0.10881107927121922,0.0851422127371067,0.10611654768941299,0.07743830447750288,0.06890887956603065,0.10207951367796526,0.09221398572648878,0.10070499390908305,0.10638433090692467,0.0784020346931324,0.12473261413544753,0.08682894874169435,0.1354767223310498,0.06515748303195994,0.06121835533152419,0.08740671092942821,0.08253989077542505,0.1336804532327458,0.08532466949935369,0.0598755100389907,0.10303390942498343,0.12674883176712692,0.07869289475582504,0.07881503952507118,0.08118150156632027,0.13310733564426133,0.11283582092621187,0.13070128760578106,0.09516632571959806,0.0801880331463826,0.11839726340054395,0.12321896334237442,0.101267799691675,0.09276598435724291,0.07984993928704497,0.07160409547616714,0.1
0.10866778986251864,0.1370132456977754,0.09517800858038603,0.11420608196993812,0.10233038147973406,0.10107164556092724,0.10699516490620069,0.05552985497030436,0.11116742616763199,0.06154972632154135,0.13196365633235863,0.08987530854825905,0.10384507781710246,0.10036081127448672,0.10306546776804584,0.07119351580785177,0.08972688620801793,0.11410248046120806,0.10578194075151931,0.11107346589900335,0.14159462783281626,0.11550753936950853,0.10236646662014534,0.1047302521441445,0.10889197865275359,0.08520638799969318,0.1074755287211042,0.08029747001224442,0.07425400821899626,0.10209142719986103,0.09224644186592121,0.10122456022328435,0.10727158740039423,0.08047042437841644,0.12603319381544426,0.08946275718199952,0.13616263701244544,0.06821359196087674,0.061707869627395176,0.08741881349533917,0.0831774576309567,0.13534855301881818,0.08631643803249615,0.06342772415605721,0.10306003800527136,0.13562064809874652,0.07956746288218808,0.08706766179873511,0.08573783334220549,0.13329960893659423,0.11504694806071897,0.13071144829755324,0.09516805054219836,0.08036644450452476,0.12024884570889803,0.12334707331315248,0.10201917274516768,0.09277767766419698,0.079878278830789,0.0768677809347637,0.10200000000000001
0.10944017912835442,0.13713686925063348,0.09520264435320684,0.1200025481563122,0.1023307170772198,0.10143876132994349,0.10903386235163733,0.05686398673868056,0.11811793823539828,0.062218366251865366,0.13593472143542165,0.09117496865726038,0.10491339828536957,0.10619986432385838,0.1030969933371892,0.07135573941070555,0.09037829878848536,0.11423724343354866,0.10588041350631107,0.11401111269634961,0.14160494195829887,0.11620883473953146,0.10251341541078748,0.10519527507974033,0.10903629212634453,0.088261390346206,0.1087507247482244,0.0811370409680269,0.07632652605105973,0.10230145044372857,0.09276939321315367,0.10325978723378834,0.10762592454217615,0.08138160501019691,0.12651059394393585,0.09081543895509453,0.13729004124849936,0.06909589398459828,0.0625502513932036,0.08742122702294344,0.08780146314005717,0.13550434742211914,0.08981948833525723,0.06382159221932836,0.10311448443591333,0.1371533566977009,0.08006886030189382,0.08743553020830676,0.08697627605954378,0.13707041110684937,0.11601659527066,0.14244686530580894,0.0989434689319233,0.08096855314040506,0.12026502303720742,0.1377788325292282,0.10382070467032131,0.098352568940263,0.08549766037991297,0.07869895270842149,0.10400000000000001
0.10984588397143773,0.1398792712374431,0.09522159605913652,0.1328198601870796,0.10304633652419555,0.10173313839313679,0.11068318421042067,0.0580900307507378,0.12119539550769398,0.0625562677122642,0.14129332710779638,0.09162558186558217,0.11027322333929465,0.106325270090931,0.10606623334800878,0.07699074529031512,0.09236733188069354,0.1157601728920145,0.10685500032882218,0.11444344056426221,0.14597357825528207,0.11628163892896334,0.10495520785404058,0.10920403107885777,0.11584013685139269,0.09033052898124352,0.10958567695198385,0.08132610015114668,0.08755157822865658,0.11267247323008173,0.09430342666551773,0.10516444986251601,0.10762624559154581,0.08483926769774738,0.12746908887471345,0.09109473154605173,0.137291823327423,0.06910543435622878,0.06298044752475099,0.08761792555901478,0.09505218448439152,0.13640054534289467,0.08990588479676308,0.06399143482776688,0.10324731654027046,0.13873804639777154,0.08159400998115517,0.08951036744619048,0.08976962263799358,0.13725794789293994,0.11602177375320621,0.14323255082732733,0.10080977655382733,0.0827495791647935,0.12319268153200752,0.13809476192217762,0.10429000518613699,0.1025892733810952,0.08570778279597177,0.07870017112124886,0.106
0.11256529552772243,0.15088110345799743,0.09582753014124402,0.13438769551233723,0.10304658684573584,0.10271837153255671,0.11471985312745113,0.07997356474237537,0.12404382871944225,0.06375751711505086,0.14137548212557885,0.10633249104301258,0.11132552202694873,0.10655551253229138,0.10769430547724658,0.07754036763432504,0.09430176424918935,0.11576212632939094,0.1150470549651271,0.11652240206791675,0.14794344245390373,0.11933041995167813,0.10495714165498106,0.11696744420560731,0.12441770611223817,0.09036381971510409,0.10958782738186976,0.08132707430439516,0.09062548246192352,0.11329258313238261,0.09453823251705705,0.10695444724382452,0.11033253272939508,0.08737094650460094,0.12856788031370334,0.09109512133131131,0.13774764507367182,0.07262062930530383,0.06375386809045656,0.08767956254713019,0.0963001170706245,0.13716798106094846,0.08993038973196582,0.06508740950558278,0.10402658549747515,0.14346698947869008,0.08190106693039186,0.0897438970940861,0.0929021668852087,0.13746659466448818,0.11751297850908111,0.14404534801487848,0.10081025007955116,0.08386652892923722,0.12319369198167804,0.13940598202357957,0.11009823307886177,0.10269553836860779,0.0859537472585601,0.08136084694902025,0.108
0.11400168361549384,0.1561227331125602,0.09613487708958818,0.1356141680347609,0.1044923922570532,0.10370547274198179,0.11472894116804473,0.07998687429312487,0.12609920192035665,0.06719931259762625,0.14537361070249977,0.10638998637190546,0.1156367040245847,0.10836297683766648,0.11434801219279438,0.07802441439829588,0.09744623773426889,0.11590204330861355,0.11523770222115994,0.11694819298166875,0.1482636079950307,0.12101172318685827,0.10752860777762051,0.11724188527602036,0.12475752592193463,0.09223003508562798,0.11214052569369244,0.08359134206359098,0.09187990156479228,0.11445807215166307,0.0967619217045378,0.10888153975301629,0.11082479791250957,0.08876903677585771,0.12911598749146447,0.09163289288047018,0.1515408588672671,0.07282428986614035,0.06395875858303765,0.09386697283663373,0.09842998877543445,0.13775007353086668,0.09042949146309492,0.0686755130729391,0.10446746516312018,0.14347323338395046,0.09136206726025935,0.09589074886237156,0.09355275367378206,0.13803269413011723,0.11785417073928424,0.1440515310907791,0.10176207990343805,0.08418429769277674,0.12350599949640421,0.1394505493974213,0.1240052821267336,0.10674335168567291,0.09092252849965783,0.08370701871311906,0.11
0.11524966320513924,0.1567746056556033,0.09857173515646624,0.13769802351541502,0.10541517687856529,0.10444406032954817,0.11499404199744509,0.08093165171916603,0.12893729194898856,0.07165125460696872,0.1456906394625215,0.10640881962963436,0.11666644887199273,0.10918393244893629,0.11447356948331651,0.07902387283541976,0.09850885003476316,0.11699745435738455,0.11528882202022987,0.11728135223403777,0.14834051284820668,0.12102500942070954,0.10989622807573765,0.11759323831875934,0.1258636322454289,0.09245482737944492,0.11219100021381617,0.08617663681671923,0.10201514568760578,0.11460878835713244,0.09942288776559481,0.1104923208006667,0.11721519253625007,0.08971235911889662,0.12937256641575337,0.09170636657181883,0.1531361911467177,0.07736977520974322,0.0640430435631754,0.09499323395569828,0.09884397958255194,0.1431308527959975,0.09328108692258757,0.06895427105191687,0.10534376436448928,0.14646241138654784,0.0913636954267069,0.09639111359159326,0.09378173080968227,0.141175533538006,0.11861655190584527,0.1458517618532977,0.10259407752697935,0.08587655567797665,0.12795320637742197,0.14397826721621604,0.12488357620895905,0.10898510546628001,0.0909664592044655,0.0846195173131873,0.112
0.11662063965738544,0.1574851287857004,0.0990190718813978,0.1391283492595845,0.1071515220449161,0.10446301980941654,0.11834367622557405,0.08149873477793468,0.12897971537478733,0.07246185336446406,0.14569378753555107,0.10677028122443045,0.12243851933727824,0.10949739134311945,0.1146911811489251,0.07907767749273606,0.10476084565739503,0.11700906444995043,0.12499464115612552,0.12344060691794859,0.1515143395403401,0.12111896166886282,0.11009868451789863,0.11784674285359036,0.12590150133781042,0.09259789833636436,0.11231119032814019,0.08849318191047273,0.10589899935844031,0.12245462827543441,0.10732466072649627,0.11050269894800116,0.11776228890379989,0.09175555908340499,0.13008883335606633,0.09407108088216855,0.15389631562088066,0.07738316592821022,0.06405669266294164,0.09843667693572643,0.09895212392795769,0.14345425600253517,0.0933049914897958,0.07413968092128556,0.1084877377153779,0.14646334346697418,0.0913863198471623,0.09719738364325267,0.09533911336422987,0.14373423447495948,0.11897639518509992,0.14731944736385857,0.10739637927975676,0.08591144390088437,0.13794783566314317,0.1470943552137177,0.1251041851245751,0.10976735749478231,0.0941548469610522,0.0846491851683159,0.114
0.11803893485033193,0.15911736816231878,0.09906043918884117,0.13980119516725512,0.10781785368941628,0.10487809133315891,0.1286961089626302,0.08318693218669278,0.1295374492522718,0.07284458547597847,0.14684573668338993,0.1134682145193579,0.12371279376608055,0.1144755882041982,0.11476308733392852,0.08096227085472253,0.1047608947815601,0.11739389451225965,0.1257914703181486,0.12363083216476585,0.16297505109299434,0.12128776968518555,0.11009868711051393,0.11819201670402345,0.12669147902621686,0.09312520122363148,0.1138249379592033,0.08891567889839902,0.10590072856691747,0.13119844963209507,0.10917914271770922,0.11078605085898617,0.12096650346208754,0.09896179589125254,0.13013717492434462,0.09849836796186391,0.15588307447761088,0.07797896799566188,0.06478168688357319,0.1008902205841054,0.10257180167442634,0.14548847693437406,0.1092229901099675,0.07555335493256159,0.10863432929911841,0.14938803291030228,0.09145572446486812,0.09727777892454716,0.09534049572450652,0.14444336258510698,0.11965382507756885,0.14775354092755813,0.11301434873664529,0.08605175225897785,0.138064976587504,0.1472376341114463,0.12536266456827694,0.11139052953453525,0.09432712201154374,0.08881484064811639,0.116
0.11849964818401751,0.16145465128651357,0.10081177957749969,0.14480447979673436,0.10968404537284951,0.10558476789636911,0.12895015636114493,0.10424681072857603,0.12989322060082656,0.07357136154154031,0.14685823614129837,0.11368117735375838,0.12512898839874304,0.11462334601774254,0.11477094693112846,0.08098371077009178,0.10476521768611399,0.12088541337195423,0.12651727265506293,0.12372514859720014,0.16335529045022026,0.1216440648678712,0.11031682715277523,0.11821838628682377,0.1382777130831542,0.0952811865447532,0.11435752010100354,0.09201815963489109,0.11368798499593473,0.1332535810023023,0.11540433610078149,0.11082295610271707,0.12561354090242383,0.1005530575243515,0.13031881824987468,0.09979000252239673,0.15608062340949633,0.07959781346960039,0.06728047952858004,0.10296649861670666,0.102572527333683,0.1467901666693531,0.10996014726246608,0.07563434773936448,0.11509947358966488,0.1498983065240732,0.09156372478492085,0.09953327117329012,0.09566617020523444,0.14445352396486988,0.12548955800706932,0.14804358042936455,0.11395305620516548,0.09061715143361933,0.13949789611289942,0.14850424701398499,0.1254702469742145,0.11520482574274557,0.10550884927439179,0.08906941699329866,0.11800000000000001
0.11863664846721787,0.16167772638750674,0.10150152637540288,0.1448707901866452,0.10987241845400916,0.11134450846943877,0.13350330752304976,0.1089049290883451,0.1302960533310986,0.07487217157965789,0.14701264994047805,0.11408199196677725,0.12679783125707225,0.12273412664081072,0.11583639348244613,0.08165131312646916,0.11450004994948577,0.12210203136798357,0.12906381065905798,0.12897876495209878,0.16494799393392048,0.12354097853738512,0.1120225398561458,0.11958909725641857,0.13950679927011175,0.09543447419101107,0.12358140940020469,0.09368100212751872,0.11514058864931434,0.133468872002577,0.115746190705085,0.11434087098124676,0.1349703298130514,0.10060563546623527,0.13032074530287607,0.10223802938074851,0.16279841836974493,0.10280458025446454,0.06793955037747314,0.1053471102138577,0.1039118275181572,0.1471762075769195,0.11444811064461094,0.07684940728901073,0.12637468589318693,0.15294241150803256,0.09156375342948776,0.09961199374034468,0.09566767962004777,0.1475291335179617,0.12602743979411912,0.14903526529442335,0.11593950735641119,0.09157073024182433,0.13959206097679658,0.14859514816418848,0.12548206496639783,0.11523250241255945,0.11356504605973404,0.08939535656103897,0.12
0.11863742107138531,0.1618086714480567,0.10301978717596175,0.14728029029318476,0.10990321978657265,0.11152628171235104,0.13473566903001968,0.11152864848956091,0.13301140982625795,0.08033257445612081,0.14777496342200144,0.12320303599855467,0.1271493188811703,0.12276755184102826,0.11630369743434486,0.08407866854119585,0.11456677748875499,0.12524281938055382,0.12979326316416748,0.1341921749967926,0.1650480952301066,0.12458212041925204,0.11631364612277564,0.11976857373957375,0.13975109083194057,0.10136620036928634,0.12489560681267331,0.09429321837050744,0.12083771867149073,0.13368913946231156,0.12016492934813038,0.1156545841131247,0.1388686318659761,0.10173132218372082,0.13109658596229656,0.1022486686936025,0.1703293158069992,0.10322009220066648,0.06871062929030383,0.11060676831081499,0.10561396254173544,0.1473669333866182,0.1153647889160794,0.07697157203590298,0.1265357273668251,0.15334408529840088,0.09436439706075041,0.11632944938169519,0.0959808561685157,0.14760617858761108,0.12770678823062362,0.15036681701380866,0.12144061926984308,0.09159456404404939,0.14008692250115393,0.1567599780815357,0.12566010097538946,0.11568569254755671,0.1157142382860861,0.09449961116733988,0.122
0.11929299433940017,0.16279018923072822,0.11250266353104028,0.14750479128546407,0.10993444219299207,0.11655726120565668,0.14345698018852812,0.11202574000085001,0.13330919121004056,0.08069678329594526,0.14791828413274666,0.12341657589376198,0.13100061449277609,0.12374537183582317,0.11647125652327542,0.0847091891527329,0.11786074068462557,0.12548741113540363,0.13015362129465557,0.1342309103240009,0.16596360562462195,0.12518993615107796,0.11901685505995216,0.12100444370807568,0.1408571389894844,0.10151606384589475,0.12766158693389046,0.09459957055635768,0.12089150360125331,0.13415613454733769,0.1299714052074302,0.11779666486160811,0.1388812527083729,0.10200746226471266,0.13289567714008346,0.1052638818862765,0.17048174269782543,0.10362659382730145,0.06871243127769029,0.11302809329627136,0.10564294673619766,0.16701463831822141,0.11541543251817608,0.07698508067909453,0.1275800611057114,0.15387482555849638,0.10465370299524429,0.11869050761543551,0.09598099370665174,0.1485474604963786,0.13306401340447419,0.1508043098856851,0.12183822288064945,0.09746278101313358,0.1401010341862466,0.16151693422685362,0.1256810199239833,0.11667696070763947,0.1249871617076574,0.10212007332722546,0.124
0.12060155111832635,0.1643164313678976,0.11279797895939907,0.15188421508191693,0.11031619234838455,0.11950456010864169,0.14376853964867603,0.11215968001212118,0.1338061855092714,0.08223655879004685,0.14808192750651497,0.1234553078447148,0.13173634128731884,0.12384242873910052,0.11655053807533038,0.08533215779526859,0.12288822997078715,0.12671305958114762,0.13196335396067202,0.1342409678627332,0.16814396821847633,0.1252200838784828,0.12827528704889213,0.12182963493367885,0.1414850945851325,0.10152530330565347,0.1293131784670676,0.09539268813167537,0.12184672573909182,0.13419092334616256,0.13176870766388438,0.1230968858913955,0.14004696579678902,0.1085019413668888,0.13290033110948288,0.10711137831904038,0.17067881769215587,0.10472811681348082,0.06939429904803944,0.11526687426067143,0.10765024206191827,0.17155731198627516,0.12071122355482365,0.07732811072411076,0.12776649956645697,0.1553576336862745,0.10524101440425998,0.11972414804173324,0.09620303191302144,0.14880307442981258,0.1399293130635468,0.15300739273146216,0.12400103420532188,0.09746332319738761,0.1425190633639231,0.16216389515199833,0.12792817810652934,0.11979051634125139,0.1255322295685668,0.10342086731047102,0.126
0.1206015883937949,0.16497271462742283,0.1149185337107053,0.16008497500930796,0.11265342583641114,0.12020554138736861,0.14549306627134062,0.11322142802626937,0.13727809434115207,0.08239042917808599,0.15223656640242222,0.12649778224867847,0.1411828156645269,0.12447974036055857,0.12404843888756822,0.08604692694373993,0.12362602773704316,0.1269592202489468,0.13219191991721968,0.14191632972517268,0.17090386904872698,0.12856276993883328,0.13020297025280303,0.12589740239129987,0.14205016281888416,0.10236659728672759,0.1293402108040585,0.09577734665497767,0.12242326552712393,0.13475674155511086,0.13273790165348656,0.12447449550173799,0.14005141277378735,0.10954766023406583,0.13521437824513738,0.10748559800548753,0.17390771265146948,0.11015016568842836,0.07128334752932544,0.11537744908328436,0.11309568844734615,0.17492697043979594,0.12103567630237458,0.07878055761269591,0.12956112933268973,0.1553578786906662,0.10761135222927608,0.11977396094643102,0.0966901077322123,0.14884503617791697,0.14345903870648152,0.15301755613048837,0.1240765810741638,0.10418606945253427,0.14284585677350556,0.16702589817432317,0.12949932471990705,0.12125238942563925,0.1318193331002252,0.10442282969439133,0.128
0.12188905207241091,0.16618925633188913,0.11814735890579367,0.16076225177395473,0.11416400867675618,0.12060254035551869,0.14599309777784486,0.11491667300226109,0.13727882912538114,0.08424662778349779,0.15244659660365498,0.1292864061553801,0.14129605542124224,0.12478635595224212,0.12432510342243405,0.08643888320472325,0.1306364481505121,0.12705400494792438,0.1404299581223974,0.14239550164497322,0.17501187648777666,0.1328721007191817,0.14331198661378208,0.12876175978120255,0.142911641143111,0.10252561865887536,0.13257977945768976,0.09651231346909736,0.1273608501052779,0.1364817402007942,0.1337003879758154,0.1245539001654783,0.1403863005970416,0.10967070397756039,0.13767109229052626,0.10881150013515546,0.17481298665772135,0.11015230151192626,0.07169401083807106,0.12118836273562184,0.12097765729492131,0.17697899646437043,0.1211295435049902,0.08324382468537417,0.13176746448094473,0.15655228285682238,0.10814238275896924,0.12107400752793157,0.09756966989408086,0.15157471581982548,0.1445374937413438,0.15693351347384604,0.1256486529113867,0.10574921685438754,0.1434364314032272,0.16770975624270418,0.13545036797399052,0.122064969282498,0.13770075402809634,0.10444244305627266,0.13
0.1244884421410863,0.16846509185009076,0.12560982333583431,0.16271280976082111,0.11507925913933374,0.12386353091807882,0.14600073052250473,0.11623358374234123,0.13840618933042054,0.08436617040788769,0.15324029648580084,0.13246914032913631,0.1428528009063673,0.1308845829494095,0.12616767297663403,0.08737114416375824,0.13532660580879227,0.1273470298711178,0.14051823989789408,0.14283281353800312,0.17692062068941736,0.13297720292318177,0.14374696884359436,0.12944372609554713,0.14309673194694364,0.10255078799444918,0.133146203738298,0.09943529035709686,0.12842076667698604,0.13684273689747653,0.1338612740570688,0.1255376253428186,0.14109953585503274,0.109868887808925,0.139491963760137,0.11229972449437124,0.1748464100201216,0.11029210321786025,0.07480857892434095,0.1245009250094657,0.12796159335186272,0.17846707561256558,0.129291640469057,0.08499327043555994,0.1318493523898182,0.16108976784206294,0.10986071991658387,0.12107425574676219,0.09763193282713231,0.1519659637364613,0.14491951971022854,0.15744686585143433,0.126006975003433,0.10682031007987594,0.1488850378036866,0.1688750328914303,0.1368977050550487,0.13408437213130614,0.14386750145430743,0.10447326910041696,0.132
0.12575390170753006,0.17052468097077603,0.12569165571522048,0.16384681481568697,0.11656869221366993,0.12516885550074844,0.14761740230958054,0.11660083726305112,0.1397598212040075,0.08488101124837638,0.15333500988645882,0.1356957628382912,0.14466513876931625,0.13099978784699662,0.12636948046617577,0.09053074688306943,0.13533270592535923,0.13269685120827693,0.14052227926306524,0.14437030686065175,0.1840090459247957,0.13841687152702914,0.14413034345747056,0.1322929285203131,0.14350273958338844,0.1043252475485165,0.13392358868165552,0.10005929710511115,0.12842111556111246,0.14499638468079543,0.1361810224782744,0.12620811682676109,0.14543929003146344,0.11110783268977921,0.1400526908142815,0.11437767491546533,0.17486456475428835,0.11064700438242757,0.0778985557289047,0.1246231735940656,0.12944795075988366,0.1788628325450996,0.13138832013163368,0.08506081083625999,0.13488159030823904,0.16381711044126782,0.11710259367058676,0.12112360465144383,0.09781619835337567,0.15224031165196722,0.1450747808641346,0.15924975027667534,0.12703356562668802,0.10704072909664568,0.1542044939669564,0.17035504481328229,0.13693478929293357,0.13592489710586014,0.14640108213094155,0.11145487065984727,0.134
0.125832289646514,0.17258500807274627,0.1256934225854729,0.1648378424997131,0.1167770092658897,0.12913656772960447,0.14793529605544758,0.11665594826036373,0.14095289894463128,0.0875980754156834,0.15381098323052392,0.13571207194891668,0.14578385784215128,0.1488240647896854,0.12693741962140356,0.0905715898300947,0.13556289248851167,0.1348834702087944,0.14145050372023035,0.14456768564833702,0.19577881997770255,0.13975617081492964,0.1496988542718114,0.1323296134587455,0.14664341672829623,0.10647432123932937,0.135567477949076,0.1034391417233632,0.13091083802642073,0.14949384040128794,0.14365106571326877,0.1266600955565013,0.1491351301787965,0.11139659870206786,0.14010653182829982,0.11462963351718433,0.17499862831688318,0.12363694087019428,0.07816462647180826,0.12463321823201813,0.13475945985114482,0.18795441056763365,0.1324273689431954,0.08531195181184358,0.13599720470286603,0.164518993573543,0.11713843591527974,0.12708108820786337,0.10380881514107589,0.153056819241573,0.1489197227369376,0.15985675289965137,0.12740722216699288,0.10936241707766882,0.15433206948142283,0.17060676195287336,0.13904248698246582,0.1388066954607014,0.1471369242431905,0.1133882136746908,0.136
0.13424613207788483,0.17295542637345002,0.12671485604369676,0.16767138687921704,0.1189449839873475,0.12919217480014522,0.14801387564426763,0.11796757371104173,0.15815858129115615,0.08762780119452374,0.1551734568847833,0.1391602315863588,0.1459291973227218,0.1492710432510836,0.1269379582456513,0.09225408811714461,0.13673950223153933,0.13496466682320227,0.14146670660439295,0.14499449282690963,0.2002205956298497,0.14078769645996955,0.14970185344307604,0.13546476332342416,0.14714983785027522,0.1090877124728444,0.13598513770170073,0.10536899959456328,0.13364986544967267,0.14957984365436458,0.14631621252439717,0.1274154018803616,0.16151974503784347,0.11868603322170838,0.14019149163930913,0.11529575403409181,0.17629484867764572,0.12389788221027008,0.07870735543662764,0.12480803219228175,0.1356207157342675,0.19277072391404262,0.1329824060393525,0.08578720593070627,0.13604343423470716,0.1707557059240058,0.12067255622693054,0.13128257938620827,0.10393514339204023,0.15369825306715504,0.15425279089013416,0.16017590073691915,0.12740909059935002,0.11502077349204928,0.15527440107177873,0.1708339430267182,0.14317152553734797,0.13904997337957103,0.14913241201315755,0.11349961533907801,0.138
0.13485362875453932,0.17591270815452023,0.12992283433304824,0.16813439720258705,0.11933759128663811,0.1301415603332349,0.14813301780763782,0.11934979259168382,0.16072116999648794,0.0904840611068191,0.15630449622482967,0.13962634877744282,0.14888283716666798,0.14931393127247058,0.12895609685759576,0.09225627111715494,0.14178163013165224,0.13498438846588307,0.1414675193096761,0.1450975566883674,0.20918961845351083,0.14709362108183097,0.15110542644237926,0.13831681272471202,0.14823587937259053,0.109195700499965,0.13602028214915876,0.11313906471706024,0.13371868438122478,0.15149352137332509,0.1467715499220026,0.12761498531931906,0.16590490714169387,0.11872926465098078,0.14167693405564138,0.11784882855431282,0.17737488404406646,0.12668187109561183,0.07884244243121294,0.12622781538232306,0.13794540024762317,0.1933437497545741,0.13438792708312916,0.09808814916628883,0.1360819739956288,0.17075703786597124,0.1222528894451871,0.13252574497348724,0.10727005886720294,0.1539478866423643,0.154371886709172,0.16028588081550404,0.12832198898016597,0.11793990538238627,0.15635649653319886,0.17769626207735256,0.14658151405166428,0.14017812942935134,0.14959286441959435,0.11367215551793819,0.14
0.1348542331610485,0.17822849059748047,0.12996043220553305,0.1687950065669538,0.1194725320985511,0.13405089261975042,0.14955916718163167,0.11935490182137654,0.16131549674748707,0.09728529033194007,0.1563244159587464,0.14006292823101554,0.15222998384184397,0.14970198872271406,0.1301398964485118,0.09369745976556557,0.14233714075107315,0.1353448204901519,0.14161729125323508,0.14777976075318094,0.21343256053231055,0.14730999728244143,0.15122263312445688,0.1393544768922244,0.1482358796568951,0.11149511449742786,0.13683489892906228,0.11545489647730142,0.1378025204660279,0.15313933220512005,0.14693465157389746,0.1308238446190793,0.17955533886457067,0.11993948321623342,0.14242193961535957,0.11880056278301138,0.1783147964615943,0.12674314400068112,0.0793618164281166,0.12709649400453432,0.1396245153776581,0.19336346692428197,0.139052556768289,0.09808859437304975,0.13615961334113505,0.1732750492390163,0.12473464589535607,0.13272102623064116,0.10874293697650325,0.15395605134333165,0.15651227911432006,0.1612406637616686,0.1353505633308,0.12755200304470934,0.15665437326503676,0.18136715045131993,0.1491378776994347,0.14053941458608368,0.15170804379790828,0.11430946354715585,0.14200000000000002
0.13583525071871383,0.17841368195175938,0.12998037494447381,0.17047064543860632,0.12139727474490286,0.13691574363781991,0.14975523793488615,0.1245477833561221,0.16908083536704935,0.0981190024315859,0.15719776301160282,0.14040688516384522,0.15233851790731395,0.15646116878174166,0.13026560236556292,0.09385938414255708,0.1436657680224343,0.13586191415736848,0.14175529758123773,0.14914573327907668,0.21506212497595104,0.15006762086218087,0.15205816814911816,0.14369742301546026,0.1485511977893906,0.11195139167956585,0.1646333403502116,0.12042654533002219,0.13790098834059827,0.15340099988911013,0.14749258127173356,0.13155744706230474,0.17960432148145636,0.12605098803731446,0.14628635213712776,0.11919790551579273,0.17833173373058714,0.12888681905044616,0.08015818832630528,0.12712786504183637,0.13978476037775459,0.19615573994396157,0.14512776046311338,0.09816125095927541,0.13660850008150072,0.17344411985727629,0.12542970743456916,0.14356603483314767,0.10962266972855962,0.15397670076460943,0.15656639021684304,0.162286806001524,0.13535439587908596,0.12791257617689902,0.15705185485292486,0.18278419261987408,0.151971478205755,0.14057720757968034,0.1518149721197056,0.11629826323438004,0.14400000000000002
0.14076212041376607,0.1786424234110109,0.13003793676712352,0.17173314544262866,0.12468229589770007,0.13933177458389873,0.15061247970049127,0.12526819573850415,0.17284194158886934,0.10576344980030489,0.1572955287541517,0.14041154697832076,0.15234977821178708,0.1580210161594788,0.1358926124770435,0.0938701502426685,0.14603286116933215,0.13682244899772913,0.14188968707669772,0.14917428814809577,0.21531288740619733,0.15019439885145353,0.16227610422677258,0.14508307732254777,0.14965402558672544,0.11265185534194512,0.16489750673582554,0.1208437327160687,0.14170971235680788,0.15646775945562819,0.15751736752180398,0.13176112505035864,0.18550007772159563,0.1372402538993415,0.14640188891845038,0.12239701284211109,0.17876316459388553,0.13191638113367923,0.08069833063032049,0.1287544643610269,0.141853239757244,0.19683970651125438,0.15124295502428603,0.09893055561678091,0.14378659882475195,0.17359059654479997,0.1278601309895992,0.14357045604339325,0.11551118889090918,0.15432218958296295,0.15733218801492965,0.1632906881566612,0.13544272183137973,0.12952726225869882,0.15955554270481992,0.18280943269061067,0.15215773078196157,0.14088778430036333,0.15688557145834067,0.1165926236054454,0.146
0.14099142270645004,0.17958222678021551,0.13503187675433953,0.18620972886907214,0.12660644132644724,0.1405072143643318,0.15287559963054007,0.12651231766397164,0.17724088159275253,0.10743793777935623,0.1573883397619386,0.14170717665884264,0.1534432675628398,0.15802476195328366,0.13592802972931164,0.09389605154443792,0.1467672325779861,0.13859128028052833,0.14434094860247706,0.14942717728031008,0.2154498565558818,0.152684467046088,0.16239825603276384,0.1470861958328288,0.1503053407892413,0.11292469041051907,0.16921888462526763,0.1257981794911394,0.1424855056217195,0.15722100985579912,0.16314284371966292,0.13176709246987078,0.1856768324100304,0.1379163468797758,0.14640224940181046,0.12401762784673753,0.17884757560418715,0.13870470298404647,0.08223205567903147,0.1296659216490657,0.1418615182123032,0.1988885792090985,0.15212369352598876,0.10814128451962755,0.14379060455373752,0.18320478550641708,0.13318273592334684,0.14508218177820545,0.11760107044871347,0.15452683023953667,0.1573612543907385,0.1636861627383052,0.13570564834236026,0.13391346164131834,0.16009984873108948,0.18284380541159004,0.15241528517178315,0.14486734632105305,0.15844987158648843,0.11659488747476515,0.148
0.1412277555477208,0.17959249960769386,0.1350362174767327,0.1884031775515195,0.12717637563633788,0.14097614138274958,0.160260710339904,0.12771926447574358,0.17726910679394664,0.10760307559738497,0.1610210287196291,0.14314574239183303,0.15910225670106315,0.15824003596615524,0.13983666030556607,0.1000077092887761,0.14723949175213927,0.13883073854981198,0.14690726843254737,0.14946222269543202,0.21593687094928965,0.15409241082871655,0.1668777708449778,0.15251271744308395,0.15150954178904674,0.1129990300196206,0.16975702817554064,0.12749587971689952,0.14271269558275437,0.15767452900187587,0.16315048491338585,0.13187626321960214,0.19406880121697373,0.13850250945519088,0.1503732358234587,0.12439534685336985,0.1790900405766753,0.13922847854692633,0.08223217674194404,0.13002499580684954,0.14204548300539274,0.2002523609705904,0.15395580964333574,0.10837807436884732,0.14384028070579144,0.18332345782728512,0.1434806319889358,0.1452717199774226,0.11772490752993604,0.15465046664603171,0.1599485264426123,0.16562359493872447,0.14145791347925926,0.1339302073854088,0.160316767039487,0.1830068497490584,0.15288998941571116,0.14631100455133156,0.1620457054333177,0.11688269180564431,0.15
0.14149195450932026,0.18120986565909641,0.13570314299405506,0.1887870570453319,0.1304471463037629,0.14137516505417974,0.16394079406816173,0.12774662334070827,0.17753415947502352,0.10793976862598961,0.1808163460770063,0.14469099956978007,0.16470588502751604,0.15935456556920152,0.1406308685012946,0.10123814968435417,0.14725186045562097,0.13908917207483007,0.14694324466365222,0.15707327624407363,0.21603477284525638,0.1549149665528763,0.17038985355653777,0.1546384533437308,0.15156253006092113,0.11624720863639029,0.1731751627784443,0.1274995589898066,0.14285622507209464,0.15852855359131302,0.16528689311624786,0.13194887466915792,0.1949650016356608,0.14352046137493552,0.15210240283197465,0.12439943633751109,0.18262350486023746,0.13950443026376347,0.08480342920041241,0.13059510682959835,0.14211275333186638,0.2147307947982076,0.15779984780713613,0.1090396102081739,0.1439090182805406,0.1838472930898838,0.14348075068816368,0.14555241567910873,0.11829501493720238,0.15885617042098618,0.16315786999037538,0.16568942306969472,0.14613282668681876,0.13420939195207796,0.1653158431655014,0.18350069970075267,0.15881273840862442,0.1497567597051524,0.1699138919336021,0.11690063788267288,0.152
0.14454721303327298,0.1874222011358048,0.13571910573259768,0.18913043503796811,0.1304473344748875,0.14194399668946972,0.16397666960005602,0.13028464475415655,0.17871251415061742,0.11144066004148588,0.18126900875858964,0.14471307959156637,0.16717622861706097,0.17195083941416228,0.14082749252780785,0.10132206772741495,0.1473088695452118,0.13943562897065193,0.15417836792731612,0.16444639989191964,0.22501755444906082,0.1554776667482674,0.17050856669377745,0.15545561106562944,0.16153988225559177,0.11706490840008134,0.17371856996821397,0.13058286537936725,0.14323207836008886,0.16024283812367635,0.16624336236790063,0.13200933827763559,0.19718848464744443,0.1436460496567049,0.15217660422475734,0.12483762414967228,0.18346757924980395,0.14038301726484478,0.08692812716797262,0.1312122148268062,0.1421642669748664,0.21660165377352905,0.1672758307790239,0.10993776997451887,0.14410561977601755,0.18384916253399144,0.14417049955020295,0.15831684521326947,0.11902552106309726,0.15887912672775914,0.16480505150743963,0.16690975393346794,0.14661137930007725,0.13448450197312087,0.16721664447300083,0.18361944425937995,0.1597732376694029,0.14986495477773448,0.17248965434416197,0.11715552032091875,0.154
0.14454739631480873,0.18783816617232135,0.13600532401183688,0.18913612003088148,0.132578886030077,0.15087310100171464,0.1651276245248248,0.13254040235549847,0.18049882417938368,0.11254796374980494,0.18395735307327046,0.15563562659821537,0.16735966289554988,0.17210642781762645,0.14083278632558385,0.10421596385089875,0.15148168166196618,0.139613928788937,0.15796942167924413,0.16489235136819475,0.22726012362169137,0.1635906667553725,0.17072356102913477,0.15545633542031384,0.16388995119710031,0.1177649164250271,0.17372125194578023,0.13383296541766213,0.14822878097284212,0.16741496658470764,0.16661953008866592,0.13714005848910252,0.1975032191504001,0.14700384106463935,0.1570293032939397,0.12484415742828452,0.18355585978964306,0.14043977149641915,0.09603775097502856,0.1403189486234659,0.1442600525080754,0.2188291855897884,0.1706526163173555,0.1111267632024692,0.14665526580145957,0.18467206455965274,0.15212862815452372,0.15857222028684648,0.1190260522119929,0.15925769109950988,0.1657662189175094,0.16742827292255757,0.14727034116102417,0.13633063565634243,0.1679498688263632,0.18676306686709032,0.1597908691125733,0.14998342667854456,0.1730489652394805,0.11731395382166028,0.156
0.14464738938951544,0.18814983003431093,0.13754014815059887,0.1915715409423075,0.1330729913536541,0.15195400194037306,0.16514740612459355,0.13268847129890282,0.1812371272138192,0.11522337723948986,0.18683184880263898,0.15563937913820713,0.16737378417855883,0.17383077040632297,0.14156608790054104,0.10601254271639725,0.16186286644040412,0.14200109221983104,0.16141459517978402,0.16825506718124264,0.22759864073623645,0.1636249152510549,0.17073765294267612,0.15581615091068976,0.16391196935874128,0.11778911396542034,0.17430910535498706,0.13512913288337902,0.14896934587303332,0.16840166978361495,0.16700741432666621,0.1371937535042492,0.19841804671510677,0.14700772096009657,0.15787076046672885,0.12622055715699496,0.18475278193470032,0.14767478299209644,0.09648250025822544,0.143083134161982,0.14512945579254166,0.22258382331285856,0.17756223633499457,0.11488499946527013,0.14919468866510527,0.18854641031634478,0.1527716435424019,0.16023235474146738,0.12298068214728733,0.1631448447555369,0.16682640751644803,0.171506850111515,0.1472890386834271,0.13649454461629448,0.1679821925303447,0.1873280487352548,0.16048592300984524,0.1547965767935805,0.17342616612014497,0.12069307172480684,0.158
0.15768880975777777,0.18828113133491683,0.13947586672202694,0.1931563074587092,0.13379265443539645,0.15201095316640997,0.1665338045378591,0.1329707388059255,0.1824759065457639,0.11560331300742958,0.18684264483039106,0.15635050714224374,0.16810641819165104,0.17786568931750954,0.14428212991910572,0.11155480907033448,0.16260697440059751,0.14741440893873503,0.1614166816150265,0.17361481270087106,0.2301955222083432,0.16364130006708644,0.17256751869530879,0.1572535406172126,0.16395909409328555,0.11779178213212263,0.17538216095456274,0.13848701184850587,0.1495712466988876,0.16848209545478693,0.16714294998657436,0.14511852519954171,0.20062524157802175,0.1488468853307674,0.16075363560989236,0.12678421341068352,0.18490856340388134,0.148920340880469,0.10328666760170546,0.14350450029415684,0.1475213879768768,0.2248412296438078,0.1802969472112842,0.11509369261337808,0.1503009307678045,0.1891443975077447,0.15721092719050253,0.16089440528817361,0.122980682643286,0.16384840454047997,0.16757954739428835,0.17181505330621755,0.14812712083665042,0.14072197156966257,0.16964890969178803,0.1883584993440441,0.162854703247845,0.15500629289605747,0.17365438573365236,0.12474005588668677,0.16
0.15905664824091997,0.1928563078440297,0.13960559007394072,0.19542027160716258,0.1357432398753529,0.15719103620463354,0.1675220529076057,0.13474126459642588,0.18366268336160566,0.11595143026866449,0.19342869977669874,0.161300021059476,0.16906544185659955,0.18133506171132113,0.14470116231774746,0.11344325785738182,0.1632898020159762,0.14890633891209673,0.16145000764497164,0.17396252477836857,0.2323432130658296,0.1641935678783603,0.1733246028874762,0.16083354713121198,0.16500210238929533,0.11785218553070444,0.17597976403281362,0.1385507927455302,0.14975574929697466,0.1684981017273041,0.16714378232281457,0.14511961262267173,0.2007560523264729,0.15729244991887484,0.16075906462508563,0.12828270922593976,0.18533215906533615,0.15077185224101425,0.10725464199206194,0.14486253892227716,0.1475945474935673,0.23088935592981935,0.18234381685848342,0.11678613846409082,0.15067538829016974,0.19075242666839792,0.15907342708155545,0.1614794987065684,0.12357432772595509,0.16385542540333597,0.16841691917418689,0.17262849412038003,0.15044688469674283,0.14080454760315816,0.17068999660077194,0.18836029378357252,0.1631315474693978,0.15648351106267416,0.1791059540352961,0.1277544911485831,0.162
0.15906043767337832,0.19285662715707558,0.1403410687672215,0.19552596087500299,0.14129007736842336,0.15735904169300421,0.16752941750245384,0.1347996644854682,0.18561746047726255,0.11641052434569844,0.19578104502553076,0.16360732328037597,0.1736531555278214,0.18349228942947635,0.1453292274563861,0.11344396118430648,0.1633055424765505,0.14898019054273423,0.1638890561154888,0.17439824732678005,0.23577939143711885,0.1673256315251951,0.17679628446496676,0.16141670332198024,0.16504991352396794,0.12980638900371336,0.1778574560835145,0.13971401481718704,0.15027498103368744,0.17269701023263592,0.16850523277479562,0.14521917679333052,0.2034171109386153,0.16164384600934018,0.1607834703685316,0.1309586857143484,0.18771402055365183,0.15119139831673797,0.10894293809449454,0.14653891035587174,0.1503270874559542,0.23089245532513994,0.18266337174771285,0.1189859945443546,0.150676134535934,0.195282845225438,0.15956726729461895,0.16290194568076352,0.12358615457302714,0.16401134533857556,0.16937480496025042,0.17263441777593888,0.16151653502499724,0.1409402735540083,0.1710990795120072,0.18881787246719273,0.165336247306768,0.1564836520215321,0.18206589291660435,0.12844200556033675,0.164
0.15906112017884205,0.19732470214211972,0.14077620057040321,0.19613233824174955,0.14150399802338526,0.15879499167370162,0.16758956083264404,0.13608188265162705,0.18623169206074086,0.13019035967108133,0.19585129792694217,0.1683673773534767,0.17453318478938445,0.18398694791387646,0.1510112733695707,0.11616889400464095,0.16348056859690482,0.14930621346674516,0.16426757715217433,0.1764882285302543,0.24189059244857938,0.1673368752306796,0.17679628459489946,0.1614179705601302,0.1653721275816038,0.12981329035343273,0.1802665215089228,0.14007025310007087,0.15111751777050925,0.17793827684406896,0.16917600276950162,0.1458961230750913,0.20747745011127716,0.16404355109008165,0.16135815843453577,0.1335122968844097,0.18771560805756346,0.15142690557875274,0.11243613483045016,0.14656440191259862,0.15766099558834196,0.2316320344966919,0.18312676494215346,0.12148190931390528,0.15100252030466604,0.19725110049334318,0.1596626629388049,0.16305019157367215,0.1239880577390985,0.16444105186642763,0.17031332825700263,0.17464576448880867,0.16182191715135402,0.14575449818549577,0.17174637973803727,0.19161320537183185,0.16599477169063365,0.1579400569488198,0.18278429359001278,0.1292417157091713,0.166
0.1591902022192239,0.1980782542262863,0.14253715356431906,0.20298060503388057,0.1447050571933416,0.1601475402126742,0.17604705822268085,0.13762699492757124,0.18895220263394097,0.13176213007272014,0.19603206716281366,0.17029618706335672,0.17455243261269426,0.18404534676699855,0.1513699107336792,0.11623150924078432,0.16609143342379318,0.14939245610182347,0.16610638411478937,0.17931245559189832,0.24231798138930963,0.17084325456414254,0.1772915836778742,0.16793063178665468,0.16764065910204073,0.13019261997310164,0.18269039208274565,0.1432362641246392,0.15369996948792103,0.1789528288865938,0.16933554673202308,0.14611826816832382,0.21184401380786416,0.16885388437261542,0.16191579123121658,0.13428864019847886,0.18853657565695614,0.167000050830425,0.11294070904544408,0.1528957959386543,0.16107586151766254,0.2323607882926886,0.18313342760769277,0.12235989101859973,0.15225630298144205,0.20565911746243593,0.15999949395783425,0.16552073643693466,0.12569869027074035,0.17132802732203545,0.1727468474931787,0.18722179070970657,0.16251050063645361,0.1467480264881393,0.1738964292301813,0.19625268134149557,0.1665447278327238,0.15968688035218226,0.18545808175430623,0.12925596921869956,0.168
0.15984438417709979,0.19834253812620437,0.14271644646067919,0.20359140148779392,0.14563475870833087,0.1602319019579784,0.17911350950927904,0.1377391341993552,0.1890430416876828,0.1343328610321574,0.19630901040578008,0.17698626231952683,0.17515767566301896,0.18410688188927646,0.15227609807524115,0.11623166375232487,0.16667292842315698,0.14988952298274114,0.16611121127225545,0.17979911536059956,0.2440715165100724,0.17557041623826394,0.17780782650588411,0.1691759603551154,0.17525965872779548,0.13020471334036887,0.18855171298677467,0.1441532878493642,0.15383573002465803,0.17928027745093444,0.1704648513053622,0.14852666752186286,0.21188353469356325,0.16920344715831356,0.16539436288474263,0.13557380229578261,0.18961410664895428,0.16754939473108157,0.11299839314571743,0.15571953734832064,0.16207441532030342,0.23649270422576527,0.18361536612564086,0.12360406485215417,0.15376177110073766,0.20763868459348978,0.16473616578123007,0.16610229419299646,0.1316810493636162,0.17251385747410547,0.17607610110323849,0.18737826605434915,0.1631626651497661,0.14675547335386366,0.1764024385559138,0.19697077912060015,0.16751296018833048,0.15969464217368792,0.19448623563030915,0.1292584879339812,0.17
0.16000099114259647,0.20067678008623305,0.1466725231776209,0.20420162997751312,0.1467633403000843,0.16041747115825863,0.19168805316431275,0.1385135232768598,0.19014161097048768,0.13830435755237247,0.1963667758675299,0.1775913835374974,0.17720886305883143,0.1849578422839237,0.15228053636495267,0.11757167531719798,0.16668883564662446,0.15045706942055137,0.16745329748652377,0.1813932233834511,0.24420619178198286,0.17628651670637177,0.1800533894709308,0.16962639362238713,0.1760283354471318,0.13032355880528246,0.19259323557837452,0.14464433523207001,0.15528540449284026,0.17990490066717513,0.1731074517069988,0.14885116294688436,0.2174592054103841,0.16934875333663804,0.16557123548492664,0.13597989334028512,0.1910250350647186,0.16763406692735341,0.11980823326266389,0.15718602783426344,0.16340462959809665,0.24259595732166514,0.18380338274831826,0.12443308345058406,0.15619038005936203,0.20764516723895346,0.16510880078747808,0.16642208167905062,0.13180037237810657,0.1741769735752033,0.17661065766214742,0.18864148886129556,0.16408119053836773,0.147016975636424,0.17869666520585253,0.19774445796857706,0.16978571948563193,0.15977908656059278,0.19450765642734363,0.13262208506487755,0.17200000000000001
0.16515651619750374,0.20253948575272693,0.14667361127148928,0.2053608542475726,0.1496869785904051,0.1648509364474636,0.1921058573043359,0.1404506755931616,0.1909889698091062,0.14213364843392604,0.19801065351929872,0.17944680495311793,0.17931186845485517,0.18517582231267754,0.15385107940292198,0.11839447035702091,0.1721963448153411,0.15139834912575956,0.1688182532040436,0.1823998622875565,0.24498646464654575,0.1769516019061774,0.1804329070495902,0.17233407067225534,0.1760425268901369,0.13158724479358525,0.2027631854599812,0.1450399158846883,0.15670107496795227,0.18323580199476697,0.17347483034742242,0.14885447671984722,0.21762383997146964,0.1721159204384238,0.16576541497098252,0.13810092508940072,0.1994894543948436,0.1680692429390854,0.1238446927528831,0.15875656688290668,0.16343467455100558,0.2440479859845138,0.18537087251998102,0.12784013861487487,0.1561955469623062,0.20782259130785136,0.16700116992135697,0.16946230340770616,0.14287269094380384,0.17877861403413828,0.1822354925975044,0.18868081875095388,0.16434624493557548,0.14703315966057762,0.1818922193220001,0.20334269029861596,0.17176537723545077,0.16030045869844445,0.1961486711787949,0.1361841288069216,0.17400000000000002
0.16531031018786022,0.20254650299708302,0.14668350687149978,0.21082379455911024,0.15050262942203235,0.16721343627032806,0.2013290117145057,0.14054522007832063,0.19115777329969005,0.14217965213138456,0.2046229873403775,0.17953156280737712,0.179458973835676,0.18624206431298038,0.1556366882963327,0.1194616130852604,0.1731038362206766,0.15562142306755966,0.17008693930193544,0.18287352115409589,0.2455711544807268,0.1776494642896011,0.18057349539223932,0.17433490012241667,0.18332874481289135,0.13807823387552007,0.20819110641700336,0.14519152678107541,0.16263546792470504,0.18687351010857145,0.1760937802929003,0.15458472542491367,0.21922039195928542,0.17357812477492718,0.1756788483467654,0.14068202442516423,0.20091915682842967,0.16809128346023416,0.12809018408619555,0.15876649650818137,0.16424810611776872,0.2442723275504066,0.18663294867028932,0.12813235954507748,0.1586860192914697,0.2114541917059397,0.1686415900432035,0.17214364868590995,0.14301034087098777,0.17999880645943206,0.18366383701505684,0.19172793601902968,0.1660610540951026,0.14774655510076906,0.1830032503294825,0.21486674030130548,0.1720575269070116,0.16068005911017624,0.19615537933912708,0.1491362756211471,0.176
0.16538283681407828,0.20256756335726436,0.15001159839874867,0.21085478372032582,0.1505333066145304,0.16729390215881418,0.20687648075893056,0.1405464713017584,0.19138570178110736,0.1429873702202137,0.20508843114258873,0.17954284344705257,0.18505579631451208,0.18632050532511335,0.1560572644259727,0.12112197969230876,0.17596267047191255,0.1558065861196859,0.17244880318401162,0.182876525327167,0.24559455559363244,0.17840185728871463,0.18121925961024757,0.17674854459894793,0.18738017238129265,0.13936735074053133,0.20916628551776772,0.14812667212841615,0.16446524700461357,0.1902721523145109,0.17625286928046946,0.16076746545601736,0.22060398107342427,0.17662968740678736,0.17670690712295567,0.14226040187973335,0.2014134209380889,0.16988915880298391,0.13458266843943292,0.16071398435011802,0.1649777767275257,0.24660112215622879,0.18664581421060839,0.12815897738515072,0.1602491850990517,0.21149245043660467,0.17107230727419,0.17306871464657253,0.14338229337436972,0.18372428549234263,0.18806382573485778,0.19274443163174493,0.1717943550866579,0.1479113773301858,0.18334173348711852,0.21887409492831264,0.1737933316252482,0.16130068024356756,0.19709237608303196,0.14927719580459783,0.178
0.16538926919654615,0.2026449588660532,0.15016092089803953,0.21166112830885214,0.15070382013591097,0.16867980489708348,0.20722113623940225,0.14164327428665477,0.19203566570618846,0.14417118402686108,0.21112238499723746,0.17984037252520954,0.1851387909295819,0.18633189917432508,0.15869710758032785,0.12122538070259427,0.17596332138076373,0.15773212165771397,0.17684525129298265,0.1880008133776869,0.24789649098516148,0.1900212366969169,0.18133168308082429,0.17711297978442536,0.18743521950279052,0.13937265394433387,0.2179489728379956,0.14825296799775914,0.16470155426318484,0.19028575256280336,0.17828014756263014,0.16205704471782065,0.22255004088809163,0.182580151034337,0.17800243920529016,0.1456811325654639,0.2024849049130404,0.17854127899430078,0.13729779229257147,0.16091331046000398,0.1664718751058929,0.2469506359991978,0.18668021545099817,0.13018095557495296,0.16627365816334358,0.21241554047488828,0.17137813956759063,0.17317712881868857,0.1515532956911204,0.1903153147476528,0.18810368796154897,0.1935209092917895,0.1724961291416014,0.15395176170279232,0.18479956199718015,0.2213784750417659,0.17380477382146717,0.1614001026961278,0.19710062094074388,0.15351763698270068,0.18
0.16567168358029175,0.20390943497225147,0.1506281101231253,0.2116693977752904,0.1539192757596939,0.1692622225236426,0.20743669100738993,0.14193196413199327,0.19221711803962152,0.14772238966629683,0.21123582400595006,0.1813242004657455,0.19239047306797363,0.18637872569339667,0.1588426932170756,0.12124680079875173,0.17599163171495227,0.1578422602961413,0.1773095176357208,0.188274401045303,0.2505269665872951,0.19405782726586673,0.18421562060508545,0.17820471144708508,0.19255292929032583,0.13957192208409305,0.22189137407750154,0.15211841132130732,0.16656304005827804,0.19185955730086532,0.17833035905096936,0.16210200147909903,0.22255085666088995,0.18266542589391588,0.17867942835477077,0.14919713020089098,0.20372816602298163,0.18019312560129438,0.1379047497843826,0.16209348577289767,0.16989493926753554,0.24897002736962948,0.18678803095505703,0.13133979102175014,0.16927319367665364,0.21303426969820533,0.17487408190550782,0.17323405182677418,0.15194483352912386,0.19070895332100715,0.19609325111293618,0.19358394840357726,0.1726638226020634,0.1555084811995826,0.18528157897002492,0.2234601670963987,0.17487318092345727,0.16193909583708405,0.19926610908108172,0.15372300197291083,0.182
0.1690705668737358,0.20560485080345345,0.15335267786461249,0.21188393194421437,0.15403467521880096,0.16953401358352269,0.20900656991771333,0.1455565548808831,0.19292517734757655,0.14774249667804104,0.21852078130830296,0.18146237762628553,0.1924182776471918,0.1896840683016239,0.1590534818851301,0.1213037946982876,0.176587514100454,0.1585435508883679,0.17734433919196746,0.18893173424714343,0.2505269787816259,0.1991792939897846,0.18752702091969073,0.1868391374105215,0.2003319189285212,0.1415341503171758,0.222554551087803,0.15239610522378272,0.1683116720763083,0.19192909885256496,0.17843556857358675,0.16692683938433117,0.22477710037580836,0.1836012078002824,0.17962404385050768,0.14980072093078664,0.20468717429781702,0.1811605123607263,0.13853314992100219,0.162715925310711,0.17144478418915016,0.2492491470534221,0.18722014154860536,0.13397839450786092,0.17494835521731006,0.21339944564367294,0.1758783617599234,0.17367829271657764,0.15240669422300548,0.19865638481544703,0.19776405667503788,0.193902320242951,0.17289447412027503,0.15559126349714245,0.18575656204058744,0.22429977431333942,0.17604536481407368,0.16193919423065292,0.19990518974445337,0.15508525745170476,0.184
0.1691080379360625,0.20564803626036016,0.1533854403455333,0.2133982185559036,0.15405191699823748,0.17180143392150438,0.2091109601165189,0.14610209846125058,0.19292563141243801,0.15017156470212048,0.21852654388466086,0.18178123234775467,0.19323579854121437,0.1946536247537527,0.15959739425396205,0.12195193428328109,0.17969008417083498,0.1588059243799183,0.1777417417049456,0.18912651531604727,0.2534000587884689,0.20170774515947024,0.18753311664139263,0.18738325353332813,0.20122568514305605,0.1427645441262855,0.22280851262377344,0.15335779655879672,0.16851681325640527,0.1964587001982644,0.1785349010654818,0.1670165621468639,0.22495291658311917,0.186046213126698,0.18101940565957392,0.15018456959499896,0.20476063121657695,0.18259997838796588,0.13860769981554702,0.16275627520815136,0.17144591760296302,0.2492511439366867,0.18725372186954914,0.1343843454082537,0.1757249379313421,0.2160028443588194,0.17604224688862502,0.1746925159277955,0.15241499147130427,0.2030335142537762,0.1979004460918695,0.19390468460308383,0.17294943657432427,0.16682977704026689,0.1857856421855572,0.22547859926770858,0.1814893109180907,0.16350337784500082,0.20224095853222687,0.15558860400430152,0.186
0.17243792364107735,0.20575452579298958,0.15564444708968542,0.22349549958255172,0.15672776296218713,0.1755396582332096,0.2122936567429893,0.14623848112728063,0.1936631305380234,0.15111076213863994,0.21971857638914216,0.18572073725784566,0.19391818138210087,0.19492309885161077,0.15963918388266282,0.12195754534691569,0.18086969943709735,0.16117983868388014,0.17777992428617878,0.1970937828933266,0.26131966993784206,0.20569736471408143,0.18954506935946183,0.18869022288985016,0.20148405264825162,0.14405188641100894,0.22449304781058058,0.15356613924639267,0.18017672680722405,0.19881754004681204,0.17922643847731412,0.1672222162917294,0.22521192902519868,0.1875332469773675,0.18184815386837533,0.15474789933068395,0.204760956667915,0.20619251366851155,0.1498067490748107,0.16333419646057087,0.1717397191934647,0.24927724534731227,0.188673850509775,0.13458682533890606,0.17659425517985106,0.21603664378823087,0.17922421418551057,0.17572091251476463,0.1524672128043378,0.20384608876836238,0.19822146966829846,0.1945983176361512,0.17357409048911154,0.1669738836797484,0.18665233310219861,0.22754989206947043,0.18166841168163628,0.17444377300995473,0.20782959658586658,0.15659866626287564,0.188
0.17461999001374648,0.20683963904113004,0.1592601963055192,0.22360409953465674,0.15672893135315413,0.1755397579845766,0.21231702695135912,0.14643197264050092,0.19699573668970483,0.15314253747689358,0.22213644389466075,0.18634431968029044,0.19548456450330917,0.1960282379527287,0.1599281698040766,0.12196800942521818,0.18108860081848577,0.16462116328293494,0.17857903524482968,0.1973671306727892,0.26134709939321066,0.2068926881865,0.19253324725877097,0.18869828243316697,0.20210545322073042,0.14473861068755864,0.22490443190724416,0.1537652677436768,0.18122700463278965,0.1997599432376442,0.17981267740179085,0.16784958945641354,0.22596104470209974,0.18763223120201045,0.18442975751945487,0.1559346399055176,0.20883500211590156,0.20929322924640378,0.15439013966814674,0.1851615262123082,0.17638681163688305,0.2496837571441571,0.18875540338627764,0.13687679380295353,0.1809081334816172,0.216855452938262,0.18065133670240385,0.1796913659426164,0.15486315884172702,0.20384925373935875,0.19822946666560384,0.20534089075075065,0.17452828860416478,0.16703683018335888,0.18907308210027568,0.23483196580228916,0.18262573403044663,0.17445981986581463,0.20854370403348493,0.15903141158949805,0.19
0.17584866107896754,0.21020992782302392,0.16050386640365732,0.23191274469045114,0.15732668341576847,0.18093496392845385,0.21236597079765096,0.14687637105954382,0.197297873169534,0.15541420704798686,0.22372255030905766,0.1935078387674933,0.1955309255785253,0.19618271500453463,0.16008670451434212,0.12268921181604968,0.1816491047171401,0.16481571294565475,0.17931100287263954,0.19772108630847504,0.26205072515684197,0.20777761747018816,0.1964695796111986,0.1887929244021688,0.2044876541952059,0.14545623382934106,0.2252260297087482,0.15381505945557067,0.18250080907964578,0.20122458746610042,0.17981387725572648,0.1761255740636697,0.2259712524184978,0.18828435207669952,0.18543380077823618,0.1632729749458268,0.20966866005486903,0.21165784454477182,0.1590310718517711,0.18590518396140027,0.1822793302006056,0.25063231894230087,0.18941577567270457,0.1387866469387022,0.18124344437097145,0.21791922521788268,0.18187117904345437,0.18236756345825408,0.1570578385922397,0.20476309558030503,0.19829237359801097,0.20611255786989927,0.17462138225826498,0.16703778721989382,0.18915348287277642,0.23501053456348323,0.19059294952519718,0.1873810943416981,0.21544239497131867,0.16314406520436828,0.192
0.17910972353024443,0.21029335123708875,0.16122551859709455,0.23221653358767447,0.15870667708647085,0.18229945543946996,0.21346693809511813,0.1473376541452928,0.19800018027360797,0.15552978480668828,0.22403546142056208,0.19380498463612628,0.1981034681208153,0.19809263794828433,0.16192896842463675,0.12341071735966137,0.18587820951651163,0.16752915038393448,0.17979863784704087,0.19780963328537446,0.2623041942535032,0.2100996458550764,0.20044646117059378,0.18927647446900597,0.20671254299002434,0.14662716163952463,0.2252262363063859,0.15390777309703355,0.18294503703583467,0.20124152412504892,0.18028795665952657,0.17620198665003545,0.235008424552514,0.19277168366698222,0.18571583035143743,0.1635954843268337,0.20991141776759698,0.2140547632038247,0.15998676645184898,0.19398511175457758,0.18241242323897397,0.25089999925000916,0.1906974112189542,0.13882609303299248,0.1818560701333533,0.21892963512854463,0.1824688572350666,0.18373335590825313,0.1585404435697621,0.20514370028290857,0.19932544640180838,0.21353238849662107,0.17484403268929757,0.1684054875508804,0.19023780889793251,0.23876709733878096,0.19118158351191827,0.18742350104288083,0.2179801607998749,0.16367380320027156,0.194
0.18225338054718468,0.21085031838149304,0.16133920160034926,0.23270495201624264,0.1592314045857064,0.1849328048274612,0.2190121955260527,0.1481297606774691,0.1983695843637999,0.1573107858873243,0.22616014765764375,0.19482264278751013,0.19844501613274423,0.19888213743562044,0.1620669133832772,0.1253931577174721,0.18905793239768254,0.1690875578350152,0.17981699383260005,0.19959174991777562,0.26724598397178173,0.21102865027212966,0.2015195888080959,0.18959955310570833,0.20887623181083276,0.1512807087817579,0.22534013787379947,0.1599736910827999,0.1857483101267394,0.20125774513832578,0.18184126225260658,0.18066512617044087,0.23651225104827348,0.1929311095361815,0.1876188733587868,0.16363529343463862,0.21073528293379915,0.22068103642631232,0.1662950224044583,0.1945204765105558,0.18389717652289136,0.2513377217001941,0.19119529765981982,0.13882747088419903,0.18251661179317794,0.22130600059044955,0.18526785498369366,0.18867780732769943,0.15868559740854213,0.2059966817608245,0.2065978404223992,0.22125788212829084,0.18145268716583515,0.16841761726075313,0.1907940316293668,0.24134208609986935,0.19135635147375707,0.1874481732828273,0.2247825047964302,0.16498952241313072,0.196
0.18551432746682256,0.21266643588134365,0.16135187993592665,0.23474831509689054,0.16334762015661522,0.1850417302857181,0.22153577741723185,0.15596596689435388,0.1985548830337415,0.17010533491339785,0.22936337360464168,0.1962255378718285,0.20076818643479044,0.19908274411552396,0.16215157728750704,0.12557994682608303,0.18984486114805865,0.1711914096919252,0.18010155564774563,0.20300277607941164,0.267278496880799,0.21233159522053985,0.2017366234372749,0.19587626903782893,0.22233223842647437,0.1518011246249956,0.227800545578386,0.16192214310876893,0.18950963039536897,0.20169214600302773,0.18359469471005976,0.18279987075897194,0.2380491687383727,0.19414260819665025,0.19104906064479266,0.163646084293404,0.2108434611691178,0.22538125728351152,0.17063482292581322,0.1968186452263819,0.18454730852785073,0.251989977473009,0.19119540395832732,0.13961298650429108,0.18427118028809458,0.22148661199676428,0.20114246939259803,0.18961835633318921,0.1610818458702688,0.20617202768751416,0.2120660871384818,0.22167243770467188,0.18421563638196728,0.1687561408520919,0.1957676377563163,0.24174322690266564,0.19140167577802722,0.21330821779409181,0.22555758979639523,0.1651630070109526,0.198
0.1880356565860829,0.21290375440350745,0.16223550603021253,0.2347489797233118,0.16382867711878124,0.18582675540431295,0.22155156874075052,0.15611542818086036,0.20187481617561576,0.17241950879843515,0.22944946642912223,0.1967271401763831,0.2016897184375507,0.19975775431092757,0.16601020182758558,0.1256000507763557,0.19157875231701346,0.17164687807642331,0.18039535724325362,0.20346476546224357,0.26802669978200877,0.21370255390092854,0.2073706758672255,0.195903361879209,0.22687686322049547,0.15287695860988687,0.2282396538994826,0.16558367113466446,0.18953992355085164,0.202016540488453,0.18386126225730054,0.1832849717926986,0.2383518861154644,0.19457528268016158,0.19624775265486083,0.16392872813929146,0.21084376961115764,0.22648474642670965,0.17272343576970398,0.20055247199337614,0.18566493120271169,0.2532063624710618,0.193395597716102,0.13978258738414107,0.18428409248154348,0.22149794979056972,0.20155904566284197,0.1959765367445248,0.16488841588409928,0.20811406759634013,0.2162366209879074,0.2311193249014233,0.18426002789432083,0.17008741991424225,0.19578025842479668,0.24181550793549855,0.19264978116613501,0.2147223564764621,0.23090509478826962,0.17015089799540162,0.2
0.19058795874942053,0.2129827434190467,0.16230634072432962,0.2354964275845152,0.16591509604632818,0.18615382133174369,0.22474843712282735,0.1561683292419508,0.20490259541262812,0.17283768341146316,0.23025701562305578,0.1969422044955879,0.2024183376656585,0.20051054246334932,0.1664518361126895,0.12615859627022993,0.19371166512447138,0.17184992813038547,0.18051803636174532,0.20656933443883316,0.2680883865558854,0.21376455536894018,0.20748667467608567,0.19644848813254362,0.22693632761507196,0.16541357363079406,0.22888634922737666,0.16604133865354426,0.1919705008334916,0.20607890413979593,0.18436250476944596,0.18694572591604205,0.24034502521250795,0.19828579991412051,0.1977407646078564,0.16406957313089382,0.217306949516599,0.22693012612379798,0.1771503619227954,0.20084298420392474,0.18729445138651554,0.2534366000892561,0.19462514841453976,0.14225554092653098,0.18447410789964394,0.22403704485117448,0.20184377645052956,0.19641683702525342,0.1693513002071136,0.20958788488707927,0.21843729267408013,0.2370867891756219,0.18446067717472064,0.17082973104273572,0.19935243693977708,0.24190858442268418,0.19501971500839183,0.2170268186131107,0.23092862758052937,0.17240045710951904,0.202
0.19201014921035417,0.21430551391685462,0.1629561252625853,0.2362050635706473,0.16668844457371546,0.18665738267849388,0.225655298872727,0.15618822926909157,0.20574481483134857,0.17284637455273572,0.23625277738915232,0.19835268769671913,0.20242327767530993,0.20099238020009494,0.17008084948408025,0.12683663070588022,0.193904673616248,0.17205059063827854,0.18205957004145554,0.20658527034763383,0.26882537720859784,0.21428982216514775,0.21082698925761548,0.20157104061477843,0.2269458741405217,0.16665715484275562,0.23619778523626503,0.16887675962098486,0.1958388669367488,0.2062257501923701,0.18486334502223745,0.18706778362589366,0.2405150090855138,0.20043045898464842,0.20095729061951698,0.16407367419191057,0.21803157648875598,0.2269357935802989,0.17882079362059042,0.20389178623761814,0.19908066096489757,0.2563462136554169,0.19481011638240336,0.1444684545936215,0.18451184420972716,0.22435531186560168,0.2021278991238939,0.19682222392112825,0.17116288488065035,0.20985049490825403,0.22020754856179925,0.24149145150398565,0.19330351910916083,0.171864588105176,0.20005453140193205,0.24261221499155167,0.1963590467392691,0.21712242217585687,0.230928627770831,0.17281357920280058,0.20400000000000001
0.1921728222384125,0.2151422279611021,0.1672310235212116,0.2369070784776625,0.171827717779899,0.18746197376953425,0.243707534782327,0.1567763231218126,0.21051895378189797,0.1748829867457777,0.2366335993451878,0.19835305935224298,0.20243507932837534,0.2029331251225887,0.1702426627524176,0.13004445368425707,0.2025416532947698,0.1722017691992466,0.18207625672354857,0.20682002635662802,0.2696310353556797,0.2143740188778682,0.21102687848298432,0.2081338936088931,0.22754053884112585,0.16812955972042723,0.24021212908371148,0.17003589076179865,0.19711971799139386,0.2063624541233548,0.1866166258751157,0.190323058127735,0.24162133504841937,0.20072258027612902,0.21187435603741941,0.16518434269043988,0.22037240778110775,0.22717327086065878,0.1799060190806098,0.20440754668389494,0.19909437764069376,0.25644463657975414,0.1978267890678766,0.1447557399994257,0.1863781305166624,0.23102267926581913,0.20447723587580724,0.20054968317252275,0.17122204081232004,0.20986449236851895,0.22075542663439043,0.24293120298285947,0.20430956215951093,0.17609613853161712,0.20312854062603963,0.24268030223492282,0.19715325337351658,0.21790615516523376,0.23217324397356423,0.1733786209740374,0.20600000000000002
0.19220135543622532,0.2158280616474885,0.16863737428151487,0.2373179092020378,0.1727123590819714,0.1880907982571123,0.2589181449068201,0.15883917841113812,0.2105915989112509,0.17489633325856868,0.23791727477264285,0.20190795819991472,0.2033865700738626,0.20293433498470975,0.17063402919583157,0.13483759681904875,0.20315653181748308,0.17229936710366817,0.1838346294704086,0.20685834020668192,0.2697179532866297,0.21482930774205655,0.21157680900136222,0.20817382481226143,0.22875527015849115,0.1684732470457173,0.2502710623009631,0.17250027322817718,0.19821934995132012,0.20718486675085068,0.18705253844178776,0.1922528773018738,0.24194982298772152,0.20804879591649386,0.2118799310719385,0.16845844324289433,0.22245736400624821,0.22910656402191332,0.1871637218211643,0.20724911659437384,0.20372384019182166,0.2600042831972582,0.19995130236035122,0.14936484304067593,0.186849531523921,0.23235955880007647,0.2063206179956335,0.20057283286572475,0.17239288483098472,0.20988042385865815,0.22240631539820935,0.24489492229846024,0.20829232690384095,0.1761208748075361,0.2073789185282159,0.24637133239057155,0.19738541902163115,0.21903642110649013,0.2343701686438428,0.17403462343592693,0.20800000000000002
0.1970162876127926,0.21785271792280395,0.16904142023748883,0.2374293780316443,0.1727493890214661,0.1913464957579744,0.2590879499677697,0.15898112112777357,0.21083226892326642,0.17489798998472159,0.2380449884219568,0.2022612337254334,0.2118382647639675,0.2030321693119181,0.170827351371788,0.136301914401691,0.2032680927724131,0.1785569286536677,0.18384574875154608,0.2081145947260637,0.2699942892708525,0.21544480100730837,0.21305619723190705,0.2087239706786187,0.22962102812404508,0.17139666250187038,0.2624539035546744,0.17650419607671006,0.1998097861001627,0.20980599571306277,0.18707717722804248,0.19225498178445352,0.24208474964501028,0.2085705232245954,0.21208524568290696,0.17068048768030758,0.22266359017582205,0.23244013018933515,0.18717140409535712,0.20774290639705328,0.20450744428965037,0.26001843774993866,0.20014352175079891,0.1508471379904717,0.1873680309378618,0.2353327163678708,0.20780916669535351,0.200635669476105,0.17241929530979155,0.21054650417262993,0.22319829391564502,0.2458549782834277,0.21203276035116644,0.17727055572429165,0.21442127500721794,0.24718894945173397,0.19761229216858736,0.21929372394554736,0.23677860897716205,0.17601734926526813,0.21
0.20196331090204298,0.22042144929507962,0.17134148740703584,0.23745118392798556,0.1729157140086127,0.1927851133434309,0.26201560769660814,0.16251202996440248,0.21154570888548238,0.17639102970577702,0.23953501860052664,0.2023087994538939,0.21467525440953644,0.20820917155065854,0.17104111671015373,0.1371279759856793,0.20326822227613559,0.17878894775629672,0.18476915887913853,0.20865964383229307,0.27230683609331613,0.21566943981192765,0.22320139125141605,0.20879967966517668,0.2305709427679325,0.1729201661971501,0.26273456419229707,0.17817632453738416,0.1998146632319777,0.22343173153913082,0.18748456831218727,0.1928581154652252,0.24255545840420825,0.21220327371905762,0.21326513187855825,0.17099544250674956,0.22846225655547286,0.23254554116962659,0.1902336265737205,0.2178100153155217,0.20594970984113467,0.26370895805595423,0.20014828146790273,0.15254260300761413,0.1881472224171224,0.23666687897394945,0.21058788781607377,0.20063569645683543,0.17300155041992185,0.21099982737531447,0.23113090446140216,0.24598161856903003,0.2120531527067356,0.17751770534569689,0.2149498470832127,0.25669705353382005,0.1984765144584884,0.22044995253430774,0.23681106091148296,0.17738088162232787,0.212
0.2019743466150086,0.22066762499101364,0.1718361956044555,0.23778975269359987,0.174721479172777,0.1935359290841327,0.26212200709796946,0.16705444814848885,0.21222611390353485,0.17664750372155374,0.2437563391763021,0.20290441566359976,0.21483010783149992,0.20942224615365418,0.17390352926800062,0.13727418764056606,0.20513057569585155,0.17924372355283805,0.18477359627576756,0.20943450653982243,0.27362002762386084,0.22080119827763459,0.22320309837764557,0.212494972853657,0.23107203324644335,0.17312151317168964,0.2630167276898721,0.17844455817974933,0.20182181828095344,0.22488299164350978,0.18772113915405075,0.19345076307836087,0.2440656005460275,0.21224247419236272,0.21734799381559017,0.17371802722586188,0.22855424760003565,0.23474085506517356,0.19269588902514054,0.22899955243264575,0.205949861749274,0.2653220568216702,0.20115766243414193,0.15355500003855044,0.189275893462044,0.23693838618896687,0.2146986016362484,0.20222973206703718,0.17300268282873377,0.21101008908629104,0.23356485656039555,0.25054476035133705,0.21674509044051526,0.17985377907741318,0.227106588468962,0.2568352636476311,0.19847697767987388,0.23025120125078358,0.23687511173401585,0.17848243382733808,0.214
0.2031124523474737,0.22125611016834776,0.17314468259912333,0.23896974756714204,0.17489610941916997,0.1950125640672573,0.26392677712757073,0.17924507074478477,0.21232795916289413,0.17693452904655618,0.2525327660739938,0.20551029111047805,0.21485076143863424,0.2094329915271884,0.17525722078745481,0.1373291389226436,0.20521371396066335,0.17973801953938234,0.18526980115994687,0.20997378202260908,0.27410877049041465,0.22117872311845913,0.22390407250126648,0.213461254501292,0.23154486821432485,0.17379830449901099,0.26301676381723754,0.17844457989798046,0.20228584661392657,0.22675470360401687,0.19240306158452147,0.1947378933914829,0.24504263606590074,0.21275494146785665,0.21965587019858598,0.17390848581894455,0.2289344026622458,0.23780856706877584,0.192754944222074,0.22983889254755913,0.2149271619413288,0.2690286384598087,0.20162706301436728,0.15629393524407015,0.19283215520521538,0.23703568419334156,0.21837351327091542,0.20493235089527734,0.17448657378925622,0.21110615944309316,0.2337236418350286,0.2512325535082662,0.22187863341279082,0.1810742967731878,0.22758626446615157,0.2568415724500224,0.1984995556414146,0.2344408618449698,0.24318381160629532,0.1786960663639739,0.216
0.2031973265983691,0.221822403367755,0.1735155895532735,0.24041717986791386,0.17633980749292988,0.19553774055230208,0.26550172379966674,0.17943328581097787,0.21233255560030653,0.18843095546760352,0.25292056929189677,0.21119883558632885,0.21877409409518328,0.20988074385594965,0.17788059850015103,0.1432489737970667,0.20531806693489507,0.179918078798503,0.18527034808735568,0.2136473933659266,0.2809511409093841,0.22459252219053197,0.22405761466909332,0.21371119769272617,0.23154513775285337,0.17447140165403896,0.2713220802910884,0.17987592767167956,0.20253772413200152,0.2275614252227932,0.19291395924220328,0.19522763190835532,0.24666993109284063,0.2131911498680852,0.21966910550464183,0.17420967888371552,0.2291097618977458,0.2380375003420648,0.1927986267375218,0.23489359278272404,0.21492745216424972,0.27190347887897826,0.20237997140958558,0.16432085612346403,0.19384618524494365,0.2373232343615558,0.21933438232327407,0.20506104328778585,0.17572909807470502,0.21963506268217467,0.2340209851797887,0.25691992640234873,0.22187895750823022,0.18202984717078102,0.23555093085890916,0.25717857383081283,0.19915771030467466,0.23909724997650791,0.24388293904346908,0.17888820506304973,0.218
0.20335640569833674,0.22216410633784878,0.17354412227805677,0.2446172913705953,0.17822383875092757,0.1956379308163164,0.2655157587978721,0.1800851331039486,0.21294252722429555,0.19284325627411747,0.2533611238850125,0.21339870693712876,0.21988173015271856,0.2106098562181566,0.17806130594392672,0.1444998948845563,0.21244991513138467,0.18107565828917113,0.18713086983714017,0.21455257739978828,0.2817324948259284,0.22502876242167386,0.226217536048883,0.21574708050739178,0.23170573967254335,0.1798195329988284,0.2715790172880802,0.18460113299821482,0.20276847959341898,0.22795727932425178,0.19299426909609946,0.200801763824844,0.25040949604574886,0.21327241191025412,0.21971833913689862,0.17536165546065383,0.23061218201832404,0.2394752891102249,0.19279870731629653,0.2395495623472188,0.2149919721409916,0.2729753979614625,0.20550658964131677,0.16444436439017657,0.19608150025745497,0.24672272691669894,0.21939567414564262,0.20515936410958488,0.1759951184770206,0.21969634860820683,0.2341674709645245,0.25737975713650557,0.22366135237256582,0.18309919711725117,0.23564387039226498,0.2610937876971647,0.20051613211213565,0.2394151330202622,0.2452607350330225,0.18082534444314396,0.22
0.20523519844830893,0.2247597317325968,0.1740447611985386,0.2458790360997157,0.17990529277192835,0.19712246621124965,0.26554474735916406,0.18053855951165929,0.21668595336484175,0.19319083272919224,0.263246536107242,0.21352437624229517,0.220596248958693,0.21114796152269977,0.1790194534738629,0.15108369564450388,0.21304780183250188,0.18112816411335625,0.18830371472651475,0.21713314343960805,0.28754922089075163,0.22672679723538458,0.22666812058184846,0.21597585334378214,0.23696467098575016,0.17994981406184204,0.2733808704542053,0.19018695400220956,0.20290893207445695,0.22820455193703212,0.1964817428770242,0.20166254893514549,0.25130409093109685,0.21838769299512897,0.22149580193370336,0.18300259241401556,0.23217949980537464,0.2406830880830327,0.19293040300493702,0.2469488121633798,0.21702291933189302,0.27398509337121457,0.20670874282090818,0.1656502207643887,0.1961009440744602,0.24672438368632013,0.21960131123459814,0.20612313658562625,0.1788823682904252,0.2208688601182259,0.23476461961375897,0.2573807933799632,0.22423636641937825,0.19790770440114308,0.23742976619317027,0.26290978178077823,0.20293827550341775,0.23950666352046932,0.24613274729380735,0.18187374791666905,0.222
0.20597778887888862,0.22592529191112257,0.17469907059839865,0.24678267861490488,0.1803961765945023,0.20073965933044985,0.26659741645679147,0.18239992944228522,0.22333853770605896,0.19627216080958576,0.2635463737841848,0.21577164870545792,0.22148388655257167,0.21135548283566885,0.1799177863783195,0.15263567934722025,0.21316880587183548,0.1811442475403113,0.1911862656974194,0.221367400693994,0.28760866222353587,0.2268403120385715,0.22670166634712088,0.21859277751086564,0.2393609561547936,0.18029396408412648,0.27729002396626734,0.19190545871102646,0.20464130663621335,0.22899768999748546,0.19988957879362504,0.21154143969232392,0.2515356206621306,0.22746539388138454,0.22151561959217153,0.18394143481064124,0.23330532469709106,0.24101269600973374,0.1936707971814049,0.24703657765630316,0.21756572669074273,0.27430356223755903,0.2068919438795385,0.16571746979644852,0.19613539709773092,0.24797973552895186,0.22078355406296446,0.20630551866543362,0.17928696057687957,0.22089719780109257,0.23493646838245796,0.2614599865378837,0.22491839709682693,0.199311380193645,0.24167707331189864,0.26291002005325076,0.2045843346834503,0.2408228268471455,0.24614196166993257,0.18562644954856888,0.224
0.20713237793396944,0.22715919485256195,0.17577884735876587,0.24740498256156385,0.18618985967679613,0.20166736145668757,0.2668780534738301,0.18289607850508421,0.22334980929337464,0.1976467324935952,0.2658928885321613,0.21598259292497965,0.2225879598134954,0.2114292161198176,0.18504252554682982,0.15543666272834822,0.21395388181024852,0.18117166265524975,0.19179083538578937,0.22167174812304424,0.2887769964409612,0.2278695451668053,0.24147678689536103,0.21873170042551654,0.24032651831815718,0.18119078201847383,0.2781419480927156,0.19218707797900958,0.20649476077076645,0.23132554115905118,0.2011881532327052,0.21155129525859162,0.25330687921091505,0.22792125679663694,0.22214564078667837,0.18967733361725037,0.2337239384198194,0.2420597228712915,0.1940733591188588,0.24790324208868186,0.21759591683985963,0.27581490659007557,0.2106673277164756,0.17445650644017097,0.19895498933467423,0.2530153504780627,0.2207950434049412,0.20656184949172632,0.17928723903146387,0.22210478071364712,0.23689529230949613,0.2632932423783771,0.22492210707271756,0.19963130349762837,0.24661304052756394,0.26559189906858277,0.208173264207385,0.242314662604207,0.24614913702760852,0.1861398733501362,0.226
0.21287559888407662,0.2286423878556956,0.17654738578604529,0.24749093456537216,0.18621073845383543,0.20172403171387865,0.26699512946429393,0.18717893748429168,0.22664942122310675,0.19941468836055254,0.26589431669542213,0.21681552738742665,0.22262555594186872,0.21248218752723017,0.18517617848289025,0.15543936302866326,0.21407572096972782,0.1819080516591406,0.1921671403901347,0.22325538377955595,0.2894420866418118,0.22813401232293812,0.24205978109658116,0.21916506448815645,0.24060354830357963,0.18247731299978093,0.27829884372870095,0.19218819237703258,0.20660712300898118,0.23404476823241976,0.20156348613786537,0.21217539476662076,0.2538873793100958,0.22834498987135593,0.22237941408306955,0.2024365677762469,0.23372456525018726,0.2421079618738898,0.19444263943073314,0.24868006767930292,0.22848271233756207,0.27587214886565276,0.2109268314846887,0.17747448359469242,0.20079359833887547,0.2531019140466833,0.22390110192420667,0.20718247743000823,0.1814277282808002,0.22478846944412845,0.24008888258593486,0.2635826943507742,0.2253385173535818,0.20293608808569827,0.24754640166253922,0.2664569896217874,0.20883655178341828,0.242326885729515,0.24735308128418165,0.1900359811938984,0.228
0.21537895887669714,0.22885828589798254,0.1827231262555866,0.24771868511390627,0.1862756195023591,0.20172707047282812,0.2670055362255252,0.18798535226666477,0.22706575335626505,0.1995012695876505,0.2794473922255611,0.21796455240550164,0.22402236268751075,0.21476234982180287,0.18524676288680553,0.15818941395753183,0.21414039647762628,0.1954476066260622,0.1938115829231822,0.22702481854837867,0.2921678217865377,0.23133131070475416,0.24233838095117718,0.22495101334719622,0.24137915655670103,0.18302293789198068,0.2786666805745824,0.19219497808417874,0.20663234043507867,0.23464166155491908,0.2030124289251867,0.21234343308490028,0.2549772019499653,0.23335851547018902,0.22260256247859303,0.2024718383339656,0.2341339466286125,0.2431620801212067,0.1945215224050915,0.24975505673918902,0.23007435605129928,0.2810153294160676,0.21555624809837057,0.1782587444535446,0.20932203515109762,0.25316670949407943,0.22599394733539183,0.208914701215648,0.18493480252457425,0.2247884996200848,0.24153880873278522,0.27019191141935295,0.22546833802128283,0.2033625781003421,0.2492010401440099,0.26794019956265575,0.20940942015966216,0.24247986672346167,0.25115875387178116,0.19244357213858285,0.23
0.21747311321176677,0.22891131224855388,0.18294984950759285,0.24831849121909666,0.18627877101663753,0.2025386880032604,0.27352945584262583,0.19157877496428197,0.2293316307383877,0.19952533370915349,0.28090384721210976,0.21924494531755256,0.2240943198579743,0.21476402264727604,0.19354492486402927,0.15937365370035333,0.21595097754001796,0.1963056871223725,0.19504624967585682,0.227086446811402,0.29219690542135274,0.23305330047831885,0.24277185216497496,0.2282693292346542,0.24172034310070442,0.18308198700011907,0.27871907448284494,0.19230337828213795,0.20680175093142975,0.23548455438079907,0.20327446309408237,0.22106752292653928,0.2550059636546723,0.23433130485769027,0.2227238640910957,0.20465060167400753,0.23415068470050363,0.24403628791466198,0.19594229401701127,0.24999178157829288,0.23047126510782315,0.2829129172895185,0.21716853522252913,0.18203557696259054,0.21319109449984258,0.25745620296428173,0.22662994652754279,0.21483831304061013,0.18527609413814541,0.22740795251497734,0.2419326489149416,0.2710065579052926,0.22556306453685177,0.205124811649607,0.2515433581777951,0.268048227771628,0.20941574283475972,0.24248969920600744,0.2543790342058194,0.1928902725457488,0.232
0.22577669439781853,0.2291499441100783,0.18379149183544347,0.24832065070330392,0.18834152856425754,0.20266787011719678,0.2736181628459291,0.19190483676548017,0.23029375081011752,0.20131904360716707,0.2823611898648838,0.22021222455722048,0.22705181769726657,0.22399461764285342,0.1941235102173032,0.1593934807468158,0.22041548602859243,0.1968652080747424,0.19576499677470965,0.23051906175314746,0.2924572565567421,0.23630983022310137,0.2475983662646346,0.22853794024128102,0.24240170006173872,0.18548933588688418,0.2861966693789565,0.1964562743314629,0.20706721450337331,0.2355303918094628,0.20355428071419354,0.22301790463451146,0.2565310492038916,0.24376336361534442,0.2230792536680599,0.2065662908123249,0.23617800217976612,0.24444013975647244,0.19906732665251817,0.25154590742604477,0.23065995119931323,0.2835682906033476,0.2174313671913716,0.18371140929027188,0.21498069916987408,0.25774012530158497,0.24034995035684326,0.21811682636164825,0.18554854265389004,0.22836027865904346,0.24276954454518004,0.2719194958199311,0.22568248951473036,0.21107163166369824,0.25155594367805334,0.2687198732751866,0.21191445473880893,0.24256652294863099,0.2550027713274181,0.19335793675498084,0.234
0.22607902511491612,0.2332488792932614,0.18661461411488947,0.2483713596918423,0.19075679293655678,0.20305701699873047,0.2765110932340219,0.1967142115654933,0.23054769818479406,0.20133573429668195,0.2954573297348709,0.2202668918054798,0.22785430790577257,0.22715887940505222,0.19607535131910242,0.161883523055766,0.2215779627627949,0.19740440104453744,0.1958804272543414,0.23054578481313018,0.2926133524727285,0.23636468552954537,0.24896732079957024,0.2312474785881353,0.24468856227352517,0.18569615932766392,0.28759186165490125,0.2005553948988709,0.20795077225650693,0.2392344255698486,0.20458363150108283,0.22338348717744927,0.25844514763944615,0.24601399595297893,0.22309945750277896,0.20665848396216313,0.23676349747946013,0.24446688431592886,0.2040679655216757,0.252377329146973,0.24839535965426082,0.2839951991720538,0.21971075741806315,0.18381994828322454,0.21556062017159108,0.25777510339929566,0.2431074637576673,0.21854146594913795,0.19032483796197985,0.23032684126698527,0.2428029538571377,0.2778878201916789,0.2257278385165129,0.21715855457401642,0.2531799882497541,0.27292308248855407,0.21286533158754126,0.24499451835259864,0.2550034612642584,0.1933939002577632,0.23600000000000002
0.22918725556215327,0.23521827056084862,0.18688618946455354,0.2495478483962619,0.19142643979014876,0.20336261277596132,0.2765212391359096,0.1968457923493262,0.23141103361330223,0.20141171026252147,0.29547042000432966,0.221185538933978,0.22871650688409842,0.23146677075369618,0.1963386492834671,0.16468018868787124,0.22157798475416715,0.19749375082868958,0.19839771304004908,0.23066572169545618,0.29261461218714396,0.23662917237790324,0.24918501857261474,0.2314990080602923,0.24580651342375157,0.1877257642197483,0.28797002550721224,0.21191548816560205,0.21298052533146708,0.23926758359123004,0.20522150081573345,0.22378148822863103,0.258459303903286,0.2514830176411596,0.22333587569714491,0.20697797251731634,0.24205821841309388,0.24472047085870888,0.20554816815093477,0.2541261488452902,0.2486752733649861,0.2842995106357304,0.21971158308184416,0.18523170476935213,0.21730894037291584,0.25896457522285,0.24792935311609668,0.21854940712416432,0.19405637323402367,0.2318890988727961,0.24326472170139468,0.278106568468575,0.22630651811084315,0.21722020806247874,0.2532526817864239,0.2764784089136539,0.21290878925478673,0.24530484042338305,0.2673353239541092,0.19880390328686998,0.23800000000000002
0.2292449481500686,0.23992118423665934,0.18870380752308638,0.2566841370435344,0.19149714972738083,0.20338762449570763,0.2791105977962731,0.1975211989491327,0.23265833683816278,0.2035518043599167,0.2979305612885316,0.22123935719611973,0.242496493937877,0.23507668302861381,0.19663234350847938,0.16624959173286927,0.22205801439475506,0.2086554471754566,0.19994825526873528,0.2315739538634673,0.300695261583896,0.23663784715538883,0.2516857420256933,0.2500677932997075,0.24718771471939296,0.19004383387674434,0.2891678064874966,0.21193491809423634,0.21359428363986382,0.24026383610160407,0.2120343587203123,0.22382361645092583,0.25846541429244707,0.25313878417914104,0.2285596723979984,0.20700964312172057,0.24206591135042008,0.24473311491973476,0.20659894684355606,0.2564187254167021,0.2591971270461446,0.28450095955137344,0.22401768642314418,0.18546693236972422,0.21799087893724686,0.2640649246478708,0.24806642060328662,0.22141648422746268,0.19529100376986766,0.2397635791572817,0.24910810340987224,0.27811221051035645,0.22701753354429188,0.2172870484197701,0.26128392535669515,0.2764975449245069,0.21292206952725912,0.25944845730321386,0.2705056468683452,0.2011588917266755,0.24
0.22962531873649103,0.2402012460750318,0.19463331142990936,0.25673018917841084,0.1928160291804233,0.20338791020789596,0.2800581340915277,0.19754998004009158,0.23266853574898627,0.20573410672997536,0.2988197611385433,0.22162310217213083,0.24255808187313532,0.2408907105842483,0.20490941590240883,0.16635971866636814,0.22214937917958097,0.20949672861716703,0.19994999458506554,0.23232915605196633,0.3040602966745267,0.23954166179165223,0.253243874185633,0.2538264737526085,0.24719032887106476,0.19005089848544449,0.2900042791629773,0.21225855656542317,0.21427821199303418,0.24027650027711453,0.21204086035994033,0.22778591040255786,0.2611264876584049,0.25694774654984587,0.2318426002943996,0.2074055592018348,0.24235937248796596,0.24563390735423948,0.2074074996678859,0.2564613516953384,0.2619497642145059,0.2905966225543028,0.22402635920064434,0.18596789875983666,0.2180226420738598,0.2710859694375906,0.25091767846747365,0.22229976664845205,0.19549066931789533,0.23992184140676315,0.25068097517799365,0.2790233020290631,0.22701753762628787,0.2199637641059291,0.263667417816779,0.2879254210112063,0.21422297496159246,0.25947811963480566,0.2713121120873748,0.2012345010880535,0.242
0.23307148379657677,0.2440841856215753,0.19867181595662978,0.2572679044001099,0.19363626788433067,0.20378693531413233,0.2873731009166737,0.19887929446105884,0.23559039484711639,0.21755790255546295,0.29885227429901406,0.22164653115035726,0.24485797510321167,0.2412870011563518,0.20591935850358206,0.16870523984119118,0.22314177558355455,0.2116522045867093,0.20018190194460556,0.23237027735812735,0.3055699820744286,0.23974982691699023,0.2533206373221192,0.25992547563941315,0.2500766436646897,0.19189948909472287,0.2902189100362975,0.21225912850800893,0.21548639297287997,0.24090238798784108,0.21249954044603447,0.22907390412226578,0.2616456550081362,0.2631266088599893,0.24559769872055223,0.20773603417283398,0.24528559680914588,0.24570266745612515,0.20770878667814133,0.2564974210249672,0.262079403119307,0.30245574130629016,0.22413410862453237,0.1943594545092985,0.21970181261277572,0.2713560982757416,0.25678123268416575,0.22344527770477315,0.19551594030450373,0.2400511994262257,0.25074299340887973,0.280377053781272,0.22707551621796812,0.220634253191006,0.2665508913475435,0.288654268949427,0.21749276380275934,0.2604735273653619,0.27198928817160084,0.20411340904774744,0.244
0.23328486534535217,0.244302961866924,0.19978203706313993,0.2573993754762805,0.196918373273771,0.2040229895911772,0.2901510124605194,0.20315125267314182,0.23635134342801328,0.2315607818434266,0.2993721780263228,0.22367942720611628,0.24485834896437783,0.24353938199262526,0.2060646759059162,0.16875708215950758,0.22792581389360264,0.21169185773151647,0.20021456762272927,0.23244686516812615,0.30646179215269637,0.2398753425739936,0.25335268953326895,0.26139508539520284,0.2514861366666989,0.1924894645083064,0.29207740462179327,0.21225913441319025,0.2154874973488074,0.2409030657717725,0.21417549076236214,0.23375626959207568,0.2641404528493257,0.2643505144708555,0.24589455679411387,0.20823322404102368,0.2453456155812291,0.24578173074855178,0.21170507725425516,0.25781893699051556,0.2666505470462455,0.3030289012482817,0.22417975083706687,0.19455322962546506,0.23052675841504067,0.27301844634672606,0.25697524441009667,0.2363305625292391,0.19552509932847795,0.2410811523593864,0.25464927316091707,0.2849609313873368,0.22810709449087088,0.22529763604933575,0.2675677020590361,0.28865615611376705,0.22018137245138503,0.2633932093418415,0.2790070088004213,0.2044563740695484,0.246
0.23369422244016078,0.24851072433861612,0.20416815589798565,0.25768722255129994,0.19696167524595398,0.21909344827967078,0.2978264075654255,0.2036699697771169,0.23635461674382197,0.2316000579914796,0.30372267927184565,0.22458336080587105,0.2450470169433948,0.24416622772788643,0.21332862817083276,0.17190117737405597,0.22907711171901815,0.21609209491977707,0.2050173880769572,0.2360645169651289,0.3064617932311025,0.24017845856008688,0.25340307525075895,0.26444149250376736,0.2534633950937419,0.19437446685772372,0.29646550330331933,0.21363224813388026,0.21558902123782137,0.24166138284052793,0.2142424448363649,0.23596396787444898,0.26784623538222024,0.2644630461740566,0.24597999796615314,0.21667082087213574,0.24805117545725322,0.2457818598193718,0.2120343768421627,0.257897407644423,0.26705867228745717,0.3032318386697916,0.23388442738334236,0.19511478728050058,0.23088294192033681,0.2767181139525997,0.261793966807446,0.2363663868197559,0.1976316019654461,0.24111364533703283,0.25588354893001686,0.28502062318035115,0.23125124150851764,0.226154562911881,0.27008604097009936,0.29341911470668264,0.2214778846042099,0.2642390656952746,0.27918693390306704,0.2049620050238042,0.248
0.2337565067351406,0.2593131561180669,0.20476412408351866,0.25821938656699844,0.19773789608855896,0.2208133534027983,0.303051472246012,0.20523174389322132,0.23639794470929498,0.23195189764786125,0.30377784761045,0.22520240997326368,0.24561447163908084,0.2445563381468454,0.21454443481593127,0.17270585575179156,0.23137859550096665,0.2164718369708662,0.20507030604412935,0.2373125266624938,0.3066525977664551,0.24151085751885926,0.2567336340231713,0.2647799653868285,0.25377314182375305,0.1967294122216103,0.2967583394832206,0.21379229952442058,0.21618379351312403,0.24180602111596233,0.21433941330275896,0.23631364680440434,0.2691802341160971,0.2673205858878683,0.24629991843433546,0.218091807434187,0.24807104871044827,0.24579926800858812,0.21240606200299603,0.26004245295724426,0.2706412397821101,0.30539595491112037,0.23449595675655163,0.19772622759225278,0.23343458336945969,0.28183527026180416,0.2625418283254191,0.2386185294433678,0.2023113189641759,0.24360146893677412,0.25605946988397826,0.2861656575997325,0.23181597593070408,0.2291326700573768,0.2700885708273181,0.29341963832394136,0.22689917210545585,0.265562374341792,0.2791885036639986,0.20572584705701916,0.25
0.23379483895566242,0.2599701220892672,0.20482314382475586,0.2583414864692879,0.197827404136608,0.22184464731070977,0.3031019977348962,0.20574171423898774,0.2371710106621258,0.2369858574895316,0.30872784699638534,0.2258948580539968,0.2457278489929627,0.24559363379679836,0.21560216763070703,0.1742319268728923,0.23144318592408472,0.22604288691440405,0.20945366965574674,0.2377041607962398,0.30721906559215234,0.2422560312126168,0.2605744180641873,0.2680391447167997,0.25471614813332444,0.19680706150106506,0.29969191539463996,0.21515513867492822,0.21641884663220165,0.24278614271014023,0.2144517034135517,0.2377348268598003,0.2710631623941403,0.267356527952026,0.24655855005175162,0.21819507392550833,0.255500118388274,0.2530558351865944,0.22091943139507025,0.26211671702719624,0.27280060557521746,0.3194903119300898,0.23449736941012897,0.209426318836612,0.2339467839262048,0.2828343381176245,0.26385569224522015,0.24063754370020177,0.20231564496038107,0.24401650918904666,0.2562515453422063,0.2864430324749534,0.2385000958558835,0.22928013027248606,0.2709137488768671,0.2934337492739866,0.22691689455802636,0.27168152170628856,0.282379601771973,0.20580363992543485,0.252
0.23421020490605798,0.2629914784097785,0.20811110654060289,0.26350624774136805,0.1985118797565482,0.2249039909583164,0.30384595177549395,0.20577474668652648,0.2394844092646642,0.24501241417698932,0.3105042437375997,0.23408954340130594,0.2458479557605404,0.24574756358850414,0.2156676124398692,0.18115665550620272,0.2351339836167608,0.22710728283797896,0.21344258278876244,0.23823325548400595,0.3077674679697022,0.24234960746870046,0.26197001299005723,0.2680397705274774,0.2634907988215238,0.19854582809553864,0.30075179809561414,0.22286903696875213,0.21743090774337948,0.24312101537449468,0.21462894293942625,0.2377611984999298,0.2718081765761036,0.2699047066629265,0.25366568341799584,0.21832863763589372,0.25756959183751565,0.25312566563961003,0.22092787515775855,0.2622941181460244,0.27312057113243643,0.32012440280025656,0.23449820891586148,0.2118900617976548,0.24278107257205014,0.28433633919287055,0.2650366914805715,0.24330287512235904,0.20282725916428854,0.24483189188352392,0.2595003288652135,0.2912146313564623,0.24422316249100007,0.23097729580981283,0.2713537472673483,0.29481689136519246,0.23046060713979327,0.2720012437523652,0.28270270679983595,0.20698895106487025,0.254
0.2357396701947506,0.26762693336988047,0.2083133472321963,0.26584245790539335,0.198644059806982,0.23006400469617397,0.30464063648475675,0.2096098989465489,0.24140428124299276,0.24806377476784092,0.31339764221022587,0.23492098786967217,0.24594913946129962,0.2458407707352861,0.21614669086047025,0.18115871670555272,0.23534170117881612,0.2271254399104056,0.21445813181289608,0.23823372614202204,0.30843800700541657,0.2424125687493899,0.263633594831905,0.26929638924180793,0.2636450047418266,0.1990381883672885,0.30117893596379886,0.223055693773086,0.21752916418564927,0.24773372675089106,0.22438658078883275,0.23955086922587848,0.2718591893104273,0.27140427577098375,0.25582691393749846,0.21880187243523305,0.26917289258643273,0.25478367268134966,0.22157667218075164,0.2628771293126589,0.27318682550425943,0.320765512671686,0.23540425518700756,0.21272328244746802,0.24338417202822246,0.28876024430607583,0.28134423312611,0.24695753411081353,0.20336671861561095,0.24632505165191293,0.260078055014471,0.29121535958413025,0.24489859592736654,0.23629514912134583,0.2713537987837964,0.2965425973176747,0.23293078091639113,0.2758222930078741,0.28880546867713114,0.20737878099144988,0.256
0.2358745489435994,0.2697713906222817,0.20832639398788255,0.26955918161157116,0.20355865163889153,0.23422149681744683,0.31056181193113513,0.20972036664352506,0.2414333672027108,0.2541624457863999,0.33005627457651315,0.23508663168951896,0.2471065191031933,0.24587387190198787,0.2166967557034293,0.18116805062961838,0.24080000944176608,0.22814304529178422,0.21517860955118148,0.23984365265842997,0.3089732335245191,0.24241731764088567,0.2638776932615867,0.2706981496120441,0.2669562423728591,0.19932915098318596,0.3043505562494125,0.22865383821266602,0.21909145246899064,0.24773919737791014,0.22776052458859733,0.24334897469611125,0.272602862813963,0.2721389394631132,0.2627811503128703,0.21923827683234096,0.27001696753112325,0.25749293114055916,0.22168334607171417,0.26334923003595595,0.27353824034085505,0.320927010126876,0.23558241241078462,0.21383312364428217,0.24626109925166068,0.3017261026529076,0.28167998661914845,0.2477947119283083,0.2040455714157383,0.24634559396187253,0.2602125852966248,0.2933321764622415,0.24834864464539855,0.23676172186620711,0.2715436698101106,0.2965543523870494,0.2329640360245159,0.2781276270675123,0.2888094268902535,0.21475566062708762,0.258
0.236641934082913,0.26977343922910485,0.20865618153572202,0.2735526387176553,0.2057373786559995,0.23432656416857806,0.317103909207959,0.20972481180833533,0.24182248725815236,0.25468194654107557,0.3302308826737412,0.2351058540278465,0.24752706717719275,0.246537639852597,0.2176057558239086,0.18154870722321703,0.24704911663118745,0.22840912156805201,0.21544583113170893,0.24506658797913217,0.3120608241509521,0.2432008736000445,0.26387865313400694,0.27107644334945596,0.26985924216107227,0.20025722273327434,0.30870185994934113,0.2330473194760997,0.21931768246340505,0.24778849970159936,0.22793467135628218,0.2436774697571284,0.2726494971977854,0.27229215686403135,0.2753641699925938,0.22330053733908314,0.2706039843687059,0.2587288184009117,0.22256400282436523,0.26627243049173377,0.27358347850943604,0.3226279918261961,0.23711440491779734,0.2174248630805241,0.24674897137226798,0.3085947500859273,0.2818626792394493,0.24880006088841444,0.2060010102639641,0.24732560708971293,0.2660231713924285,0.2958880183031047,0.2490273500402258,0.24098576534516253,0.28030919967681234,0.29655997259345823,0.23474447247171137,0.28052806529530017,0.2897257544023757,0.21771189766474086,0.26
0.23815708570713823,0.2699910554447396,0.21192781224111273,0.27417313592907855,0.20686442268080865,0.23850752332215913,0.3189633497155263,0.20995425853958874,0.24364100278679882,0.25672635470685456,0.33049772838622543,0.24058646204481957,0.24968501829115097,0.24654345971446204,0.2199613122429516,0.181718260738652,0.24732688755882887,0.24027261374819694,0.2155884854565082,0.2454966747997577,0.3120674349142989,0.24388026035300048,0.2639030070857229,0.2731846043056184,0.28142515657675526,0.20029522653120946,0.3113481984254554,0.23452517010583748,0.21994240259158895,0.25547869293748926,0.23260106454661825,0.24374053466262272,0.2733793844898133,0.27328789996718617,0.27588843217020004,0.22346471263633755,0.27085912367642234,0.2593112753069057,0.22259574227192852,0.26727017940344705,0.28144969846114254,0.32287644297105556,0.24097414592009112,0.23287761728619638,0.2472684298208501,0.3087365516481497,0.28231491070100945,0.24880974537379746,0.2060694031660884,0.252517603403713,0.2662749836005795,0.2964892673993279,0.24914332176566667,0.25029204254553133,0.28481450318792156,0.2969751712152457,0.23533322276491014,0.28054599417656123,0.2916478148115002,0.2203229159571606,0.262
0.2404293760918957,0.27081222053498666,0.21222134996841113,0.274191685551313,0.20704637002882817,0.239549072525137,0.32065613957854855,0.21049778182663048,0.2455272076653512,0.2651207965796539,0.33094038263931147,0.2422100991558738,0.2496882805595312,0.24768871540553608,0.2204757084330904,0.1817189106152407,0.2473284793493615,0.24032875858876446,0.21627988409506194,0.2467219139557486,0.3121117800734386,0.24402909893699973,0.264011953535332,0.28495685374056423,0.28176980383969075,0.2013104211526097,0.31632363803767133,0.23740578123900705,0.22079234279581134,0.25582085286471,0.23328751818323182,0.24374062244778938,0.2734203355214622,0.27543713054120256,0.27613794173164524,0.22351177049198326,0.2708882072206923,0.2655238630011948,0.2241442310768379,0.26992335425552794,0.281990712252953,0.3256936967581781,0.24934648253033984,0.23292331928471607,0.24738225090234311,0.3087365746120879,0.284645124257257,0.2511207834605367,0.20661384667355098,0.2562103237526769,0.27498422267114375,0.29651630594469003,0.25857365117185593,0.2504650640444908,0.28525989568802546,0.2971019384692679,0.2355715135147016,0.2809542638254353,0.2938988016019805,0.2206235488397374,0.264
0.24049788229061844,0.27273704157755524,0.22356356471241645,0.28168408930933353,0.2077622754872722,0.24074325976535269,0.33565378489487424,0.21584784721815253,0.2463993142870961,0.265388869244811,0.3334491608184161,0.24223292309326505,0.25210797094799714,0.24987010654838346,0.22052259897062548,0.1819099113336096,0.24740494855732706,0.2403494983005041,0.2164102940794718,0.25564520764693266,0.31491466249816297,0.24486385846279266,0.2640320584011312,0.2849640182505517,0.2819153422796696,0.20204031053519034,0.3166430696521099,0.24993519888196042,0.22083969176509333,0.25670112426263697,0.2363644389269425,0.24406494104730264,0.2758134203863893,0.27666791795676154,0.27954379394275497,0.22589536696879195,0.2808659317593608,0.27578037866234945,0.2242226517672231,0.2797720688847855,0.2845888525336074,0.325730025178843,0.24969965222752216,0.23641899377839695,0.24862652795831877,0.30890633291405956,0.2846515149222654,0.25116441209344725,0.2078937355271879,0.25676482929479144,0.2782868073071596,0.297121575225623,0.25858067942438284,0.2514974946602974,0.2852608358188319,0.2977732547317364,0.2355728081062913,0.2821765704658505,0.2997765323059097,0.22095535404400804,0.266
0.24341409573121908,0.2765608466552819,0.22438013473549934,0.2818277395758788,0.2077730952418629,0.24365048362701408,0.33666126807952745,0.2179605146441609,0.24696641713479475,0.2700575949468596,0.33510387333763025,0.24300499552490684,0.2552907223348575,0.2534903790384265,0.22404937399957103,0.18283832375419137,0.24908187310420854,0.24296895001177488,0.21657993000955955,0.2652509941291069,0.3149449100433832,0.24529115349486905,0.26441829927795385,0.28526842922134615,0.28222403583113165,0.20228719812439738,0.3200832767889885,0.25636435636736,0.22185054723976946,0.25729343269358596,0.23649708750484963,0.24831577628551343,0.27600777083529565,0.28241700340585985,0.2799095512122655,0.2259031105564332,0.28542972440337566,0.27970734899100724,0.22807813514317624,0.2802358482701564,0.2845899817533881,0.3304863917681525,0.2516073155938948,0.23642068648720768,0.24951481891335917,0.3092096793254244,0.2850300561348261,0.2511734880921295,0.2079788891646868,0.2572591382944479,0.2797940825964296,0.3004256284709478,0.25858683216770545,0.25154439534914624,0.29265316803142805,0.30063195051701613,0.2359905198402306,0.28224021728868043,0.29993751588464984,0.2221212602660497,0.268
0.2533135771693344,0.27793005713128804,0.22607434961137698,0.28213036021841426,0.21878506944632065,0.24380516537344557,0.3380536731742271,0.22026137769902418,0.2548786686604799,0.27005770146519215,0.3353176234269632,0.24311696506818245,0.26485822188265845,0.2550289519325928,0.22677336184539945,0.18303859814203463,0.2512097977233581,0.24340892384828786,0.21675580022514293,0.2668329021636679,0.315043234023488,0.24595404699592374,0.2679584775109619,0.28813349889700024,0.28491402428550755,0.20229437021161675,0.3204851873265946,0.2574604756865538,0.22310059046915826,0.25735331905591424,0.2366255129880432,0.2554625264644902,0.27982512075869487,0.28646796734358576,0.28119636602167825,0.22627309794894276,0.309860318099599,0.2839249604277925,0.22840022963913992,0.28033301909938524,0.2848393377797557,0.3305981141950065,0.2580404928637634,0.23739914665158005,0.25930830186276654,0.30937642959660755,0.28616172839179577,0.254500601542588,0.21148828228996355,0.2576942424718261,0.27993357166318394,0.3007095763737375,0.25859277474229814,0.25182986393725554,0.2927165042988283,0.3021199365575216,0.23812864011603543,0.2822443699272037,0.3001860539153613,0.2231957388595275,0.27
0.2536637970078861,0.27807219546619794,0.2300829155563807,0.29434739447554203,0.21890003516489565,0.24531629528980062,0.3381485577503285,0.22088347866386202,0.25488610569017894,0.27044045072651673,0.33531880653684076,0.24478990091113872,0.27154977734264596,0.2551910735518652,0.22682651182047286,0.1840907502874015,0.2556872284786414,0.24947001289405332,0.21742433780675077,0.26686048582367833,0.31999027342949743,0.2461047600534119,0.27019524630393277,0.2883816403796707,0.2850000509973895,0.20518968127740955,0.3212870262158202,0.26281302711766147,0.22450455063605593,0.2574865004691891,0.23697298061053715,0.25576009779435716,0.2812863408277265,0.2882037780812204,0.2812063795260128,0.22842022663996814,0.31027115886986273,0.28403138689673973,0.23017569761367515,0.281675610653044,0.28489356864367915,0.33358466556988625,0.25870256178353235,0.23849552906848034,0.2645091307277464,0.3112458697162678,0.2876227263553206,0.2547987669925683,0.2118896651262139,0.25795191216382546,0.28127355781999736,0.30071869476154484,0.2587743695516547,0.25792443528507214,0.2927165474154462,0.3023897819078524,0.23862012522851903,0.29084729194422426,0.3021424269812118,0.22455904245163666,0.272
0.25380500486362323,0.280124143712436,0.23038711219804436,0.2947516177728063,0.2195554257306859,0.26007608667041054,0.33815037476205806,0.22417228402871328,0.25970209517730536,0.2748917156621091,0.3418598142757544,0.24951519998578187,0.2885393905281255,0.2553033733984098,0.22763965364885064,0.1842170313268928,0.26900446924607513,0.24956870257359823,0.2227536466096591,0.26689247183739184,0.32023530821442253,0.24615342454789607,0.2718285841981612,0.2886439804531431,0.28934455989699626,0.20716656647392864,0.32343662358662084,0.28503019297266174,0.230640662626136,0.2605425864831927,0.23718038023728832,0.25976758055926036,0.28199206429669593,0.3158154114590385,0.2815031998043556,0.2284270068156654,0.31510442627499524,0.2953153694752503,0.23186160600403802,0.2853680249328672,0.28837974497593327,0.3337319290060991,0.2588422047508265,0.2385243170057964,0.2646226427779694,0.3121653692173076,0.29084122943437685,0.25553518748874116,0.21246808897741107,0.25800916665769186,0.282719113303389,0.3008818285275635,0.25883984723690756,0.2606143269996224,0.29306335626622076,0.30274985311905056,0.2389927250040476,0.2925044144800591,0.30214248097704915,0.22459023288862126,0.274
0.26107489844691567,0.2802687238287073,0.230400444667495,0.2988568181649655,0.2206466154928561,0.26143655212749217,0.34179663721359627,0.2287329366559811,0.27999521134837324,0.2750347502115677,0.34281263877947354,0.2509065303767553,0.2889930586054987,0.25551529105552695,0.227654978355473,0.1846453190717148,0.2690175363236672,0.2563216318332517,0.22357011846665634,0.2669306620363753,0.32180040518813025,0.2462019194732578,0.2808292998427545,0.2909518694792339,0.29108722209262233,0.20952741560714674,0.3241880202144703,0.2852645843112116,0.23075475742847018,0.2610956434292105,0.2436898383089198,0.26197769606741106,0.28206267924728673,0.3173302927820879,0.2824146095708162,0.22880515732035284,0.31513754416777096,0.2976578496774518,0.2327432682245977,0.28992667955358187,0.2883816182649324,0.34635480480546355,0.2589121439698712,0.23942941517709013,0.26695356727487324,0.3235143829639473,0.2909455159783776,0.2570045782473181,0.2127250239461081,0.2583481359407409,0.2828516609161874,0.30557607007650445,0.2622435091935097,0.26086282962651786,0.2971103112046961,0.3039184117448958,0.23960764414599475,0.2940035080377161,0.30337891921066745,0.2299483444421787,0.276
0.26759710348659516,0.280268734885729,0.23062841538700998,0.3039165662228207,0.2207474726273805,0.26297383119281376,0.3427553762179772,0.22896698170284505,0.2817710267434031,0.2778973639297468,0.34723592449814733,0.25100414814530525,0.29442168373146604,0.2561059648818707,0.2282146615521041,0.1852608748980977,0.2713714889384506,0.25638179300187297,0.2235701327992281,0.2669338240099923,0.3218952649208932,0.25034522671160375,0.28229906885912387,0.29143064163640753,0.29180776386455914,0.20997097133747852,0.32979113011611355,0.28663013544490806,0.23656933006387,0.2626500574739177,0.24409482703462076,0.26339371774064235,0.28755884797968273,0.31733373271505055,0.28413200893194707,0.23011337800637122,0.3162480572356973,0.297790240551541,0.2412273206383827,0.2913625795126921,0.2886916140174492,0.36316373301458826,0.25892911904317284,0.23943841525153464,0.2670853076070309,0.329376296088744,0.2912334395056785,0.25714249013047585,0.21448035405101543,0.26313226582464144,0.2870002274273644,0.30569511956521134,0.2633691508996035,0.26283835189895727,0.2994585344759091,0.3088545102679452,0.2407682883625327,0.29423597390482054,0.30358662290425004,0.23050835287994434,0.278
0.2675985565863457,0.2802690442511446,0.24505300073617037,0.3086391822746754,0.22075000780112225,0.2657457901012553,0.34309986756430716,0.22899117764572985,0.28701213950513854,0.2784588567911676,0.34852964086414034,0.251074631858599,0.295841964309536,0.25816316119493776,0.22842466802696074,0.18621222549737207,0.27203454445929437,0.25665901039864863,0.22402526301724643,0.2678172257692293,0.3224485954364217,0.2579228343332321,0.28231745336099684,0.2918445381094754,0.292020397607413,0.21007944167463188,0.3371409654701772,0.2868945945104295,0.23660867037798944,0.2630657948028669,0.2473168272224822,0.263926209161322,0.29061552391612067,0.32204374780549433,0.28421010727023416,0.23056892781813718,0.3163097384455151,0.2980704603758428,0.24135115664126258,0.2968344133609988,0.289074915190095,0.36634417391344254,0.260155571638445,0.23954491096036742,0.2689020136595662,0.3298168320281488,0.29173542263565305,0.25918359310832834,0.2152094958695824,0.26338751131825133,0.2872556556000322,0.3099573724707364,0.2704147775017906,0.26475927203972494,0.30071101392735433,0.3112386527476487,0.241598640729365,0.2943175605945751,0.3052082473807277,0.23056548077279476,0.28
0.26914421430492586,0.28474276710900187,0.24536574808990955,0.3100463439887505,0.22327807593579396,0.26588399730959,0.3444835890612152,0.23188929235282205,0.28751184429078036,0.27940746736721966,0.34856820410120054,0.25110787525848055,0.2974961764299392,0.26318000531063823,0.23581729449209485,0.18971208361079983,0.2739346816217182,0.2624517889653784,0.22506078910019894,0.2691305211512482,0.32426604436206474,0.25793595052159674,0.2868511108648003,0.2919299906391765,0.2922162600180911,0.21071705439204436,0.34091963301456424,0.28968956903865906,0.23977508401548947,0.27225415870292763,0.2478902368354818,0.26580481375750464,0.291193341915895,0.3221409561687225,0.28421096778116295,0.23128442924334616,0.31902398473001753,0.2998076499843198,0.24520405047196053,0.2968345329512165,0.28942042014849795,0.36803815750756147,0.2605130749883852,0.23957536741007168,0.2693680713523749,0.3343269746326421,0.2981893920482671,0.2609438047336277,0.21582236099149107,0.2635030516585815,0.2873185258151677,0.31828885557434167,0.27211963544781975,0.27010563215591094,0.3007969057178885,0.32309519176096596,0.24217838786637153,0.2972743878065123,0.31809434355193883,0.23063226660446823,0.28200000000000003
0.26962085173906575,0.2922097363906709,0.24879044767951222,0.3103723367860052,0.22536500404553,0.265990028727004,0.3488770171509279,0.23678461164683273,0.28801046380286366,0.2818163003937258,0.34862305950745187,0.2555782097846846,0.31489355452812534,0.26348894951721735,0.23697397851208674,0.19027340151578065,0.2740510256909536,0.2652974571666173,0.22523398693947655,0.2698056570477133,0.3243430928205115,0.2619748021989133,0.28873910717644846,0.2920972991306835,0.2928132472395276,0.21270380457494625,0.3489885143213871,0.29057653317544846,0.24039894164722908,0.27539108423305103,0.25294606746591913,0.27064223466398624,0.29181192693815783,0.32214148574251017,0.28611580960535365,0.23493244103206956,0.3275455692093959,0.299825258409136,0.2612830304172109,0.3023958039849891,0.29446193449964103,0.37178481325301493,0.26061553316627806,0.23958955284048059,0.2694712602615001,0.3343342277207698,0.3203975039268203,0.26226770127910615,0.21622149904138901,0.2637746453871736,0.2873216910109738,0.3215885310770693,0.2726325423135732,0.27334850093071267,0.30086162554550044,0.32449213244232433,0.24422234496870912,0.29767989986084487,0.3252344168864603,0.2309843034682315,0.28400000000000003
0.2717890524351744,0.29294253817269406,0.24892181976816943,0.31311048139624276,0.22830391229539992,0.2660177643228718,0.3512708258669916,0.2409480005180002,0.2881478635560804,0.28197174528525615,0.34934355303305403,0.2661573460574443,0.31731067627194104,0.26811162854218923,0.23705882777010198,0.20290641150818514,0.2762326113841681,0.2660604747389034,0.22528109319122994,0.27072355882469035,0.3250641197070108,0.2633372203343,0.2904964248883194,0.29403097626699504,0.2944100348869264,0.213588209245815,0.3490076396080607,0.29350113759168495,0.24255392425517336,0.28283440670320115,0.2533491073911344,0.2727292432829339,0.29198422474585534,0.3221566331147725,0.2902600896683835,0.24291447264242969,0.33127510794618864,0.3055799227035401,0.2629295999718691,0.3024131017623885,0.29450544312014015,0.37267567333225116,0.2607546291556406,0.23984124845551807,0.27038334070885456,0.33469188088465085,0.321829925805498,0.2622897365261824,0.22503961873215203,0.2642645018472008,0.2918402010336578,0.32209223951079813,0.27350245206514023,0.2741105022425247,0.3083447385123681,0.3288289078989246,0.245174257578682,0.29834655392128634,0.32557394451001626,0.23103881417203456,0.28600000000000003
0.27195775537417033,0.2982543578392386,0.25211948688077956,0.31348541053079887,0.2296173643999384,0.26686091885714247,0.3513395580295391,0.24096027268211526,0.28842515444573597,0.2821545293729075,0.3532648305912499,0.27158695504728875,0.31733606899685907,0.2700808275601667,0.24077066222149593,0.20293860609050454,0.2783658169097684,0.2660797279046163,0.22653857431011395,0.27259080582670286,0.3284465599433211,0.2635390778578341,0.29081586595735937,0.2941930279502252,0.2950443840958174,0.21383933023390334,0.352804106467981,0.2935043895349431,0.24517856925759215,0.28289581634607125,0.2570289091101385,0.27276255007080935,0.2976170401447925,0.32317574998805865,0.29032250185473646,0.2431092932471379,0.336347139303309,0.3066286962310678,0.26856081626003203,0.3024375956028039,0.2982350219276001,0.37460198044767573,0.2613249223497018,0.23984348678299117,0.2736703232089405,0.3353008096048551,0.3259327338566386,0.26287591513994796,0.22869304908566393,0.26504974925873354,0.2941611691205786,0.322103008640793,0.2755423604551477,0.2744202456092083,0.30834516780028093,0.32980078247941735,0.25391869841268216,0.30391391396066275,0.3305214580913589,0.23176272661712533,0.28800000000000003
0.27481946864501167,0.30153355717624597,0.2522247639481594,0.31593394150863324,0.22968457887264793,0.2763176185758959,0.3513425310728132,0.24208148948556954,0.2912299228000257,0.2823234716795894,0.3553632635901944,0.272049811495745,0.31877215179132373,0.27174996018475994,0.24252889164204933,0.20632787582965106,0.2823434748403084,0.2661393470533992,0.22793650448473504,0.2739490739352956,0.3293174578641117,0.2635663403209476,0.29111597202881834,0.2945702536134906,0.29504659394462435,0.21384076859829396,0.35380902709186784,0.2946171444598037,0.24619770667518015,0.28343248858413755,0.25732419662118705,0.2729399901135576,0.2977612783222433,0.3239594603403293,0.29075801207406,0.24413006754465452,0.33635785291201115,0.3066673010494491,0.26856880717268766,0.30877257878247055,0.2997248879014534,0.3816868013934077,0.2647486408959782,0.23985238622154453,0.2739314608809391,0.3386978340281291,0.32612182403291534,0.2652501671606845,0.22869586148014492,0.26685142214259927,0.2948800873136541,0.32234594401922445,0.276259099591516,0.27442161575315416,0.3114427768091499,0.3302691708750557,0.2560231133288534,0.30461994909239853,0.33254912690400973,0.23425645908844325,0.29
0.27912956491762125,0.3016652490126886,0.25937196270172286,0.3165303903653597,0.22975723022581399,0.27962192720151313,0.3517168981432103,0.2429353369939038,0.2912427332502736,0.28380752164510253,0.35851768064384043,0.2741451286348797,0.31959983283017634,0.2720101683646074,0.24663159771607895,0.2076299754288201,0.2859856462769007,0.26857418723819454,0.22839035923443574,0.27417537867610714,0.32936440934968186,0.2696549603623966,0.2922272312577305,0.2945750504090529,0.29709275211342107,0.21386994467315174,0.354308951927146,0.2949223656525862,0.25017654902671627,0.2848869710603192,0.25776935305544363,0.2733410834728378,0.2990201819806684,0.32415215749625104,0.29093666172854193,0.2506980522175299,0.3363582058886218,0.3078652153424592,0.2687414993303637,0.30969880859375637,0.3010066490832704,0.381687989512912,0.26637852220742514,0.23992682043326397,0.27395910012865143,0.339039412694467,0.33511008854592483,0.26525191704866363,0.2375957531681004,0.2672453939479478,0.29667382141006293,0.3223601261091854,0.2788039397974136,0.27468356135056887,0.31181032154006005,0.3307627925453943,0.25750436220471223,0.307106107859104,0.3357089387453668,0.23563506999599546,0.292
0.2811562625239664,0.30176085160718963,0.259391426336515,0.3199419391160125,0.23324021740358572,0.28484487873419445,0.3517667691155766,0.2451528819392778,0.2970479910276094,0.286001638702634,0.35851793380001684,0.27431612660647864,0.3196192136659301,0.27406792766763016,0.25336997489651003,0.20833850305549778,0.2943922995023877,0.26951977009767425,0.22852162585363503,0.2744727543010063,0.32986231235403385,0.26976588124668394,0.29237868368312114,0.3000999271528015,0.29766196653228166,0.21391298171007778,0.35514192279087015,0.29502895791500355,0.2527638965886871,0.28988059022459867,0.25836291658023325,0.2735521581825011,0.30099514993292786,0.3241658785114746,0.29143162324765565,0.25196890032452013,0.3424818873399434,0.31278201295703995,0.2723706645768293,0.3111886701456,0.30112889180875735,0.38191034829994847,0.26638416613814847,0.2415436963809841,0.2741547165742269,0.34066562902853537,0.3352067209799428,0.26889899876318807,0.23836424911951024,0.2678453146249898,0.29674701971743017,0.3238180068601141,0.2812678036663759,0.2758425455828121,0.31379593506940956,0.33143796256107605,0.26734140975205367,0.30710691295895215,0.3368907682970856,0.23977543656640654,0.294
0.2826063089609725,0.3018255828956571,0.2619744022564432,0.3247374113378724,0.23781794006859258,0.28485058424010856,0.35210462552040706,0.24793866304853918,0.2972863716229695,0.28601558658743664,0.36399116807233317,0.2748460820351872,0.3223764096189186,0.27642784822289296,0.2550918867800473,0.20834451022918518,0.2963996794551335,0.2714356792795789,0.22854207187737643,0.2756712457299103,0.3299704170332608,0.2721954323503194,0.29334607453338785,0.3002625707060275,0.3017479951762439,0.2152663350414946,0.3558630020855075,0.2962264726359104,0.2527710722600126,0.29897222425827685,0.2583647322027277,0.2737722418358363,0.3046872959489958,0.32714292087761887,0.30147397219649436,0.25869250143032474,0.351660834319985,0.3127835005623295,0.2844192951009559,0.31184803217823076,0.301412587869615,0.3835067042625898,0.26918789313546215,0.24334539304942768,0.2745632450972461,0.3409820988342367,0.33669901744836184,0.26890003494069703,0.24725364723452065,0.26812912728712296,0.3019571764739423,0.32430788309739844,0.2814102253221356,0.2765517993330851,0.3137967406230369,0.33172458472859695,0.2750023520689876,0.3073342911997569,0.3390438996694106,0.2436475997486829,0.296
0.2835368224106545,0.3029871492547688,0.2622082106719432,0.32489884995360213,0.24159911198482165,0.2873388544759967,0.3606622621468283,0.24800888292958886,0.29803450451662244,0.2862144296970008,0.364506929111841,0.27532932021225837,0.3224441466274792,0.2765500290702944,0.25707520196856365,0.20901005159920125,0.29645453854847104,0.2723130316401563,0.22876696048890707,0.2760086971651876,0.33580012123876773,0.272434505577967,0.3038304989804672,0.3025495973403344,0.30200352113386775,0.2159555734005642,0.3561744012486467,0.2962310487988238,0.2529515217951402,0.2992163076189754,0.2631236032646358,0.27449232358004105,0.3160381104523354,0.32740762806644885,0.30383349364473994,0.2588371654102096,0.35235662284226654,0.3131312816438057,0.2858206129631411,0.3131029548948462,0.30367834037072794,0.38419816765138776,0.2692318270747212,0.24964431705820153,0.27456325247902985,0.34227704183074215,0.3416141700025149,0.27342821351988394,0.25007293752581394,0.2694865099464734,0.30235694744049396,0.3262378029174107,0.28146448046799283,0.2788040967015432,0.3138837827267886,0.33215557092990233,0.27774832403319044,0.3073759591043277,0.339808515823661,0.24364821331757913,0.298
0.28353696016238894,0.3053893513476468,0.2622445279699329,0.32530488282962616,0.24324523940218593,0.287391679592885,0.36208474681165986,0.2519380322068802,0.29837168570085154,0.2865551189671445,0.3660141565654881,0.27583433802682794,0.3257716007855207,0.27681581969162417,0.25736075974038897,0.20901011598448568,0.2986620452611904,0.27838906576941214,0.23261637230314433,0.28151299745334346,0.3359800229906348,0.27259853124965694,0.3039067440215308,0.3059614382268375,0.3026036522943268,0.21623544224543034,0.3612222480726094,0.30440631958612474,0.25295238493677663,0.29948100498149444,0.263125662245899,0.27549678711530284,0.3170939643169052,0.32817486273692487,0.3042771013796403,0.26104836515510577,0.3533433184135829,0.3131555909952505,0.28719983211247885,0.3132857235761392,0.30462011777296516,0.3843285365064257,0.26979973859957823,0.2502468474055615,0.27462691427367775,0.34256803413078546,0.34308006259909174,0.27606892188745785,0.25007501708169244,0.28264607162207117,0.3026220449841838,0.3301687375100922,0.2817150038813277,0.2795262452496691,0.3207668559374956,0.3322609252631064,0.28332401298775,0.30737599516609104,0.3398290112690265,0.24677629840540874,0.3
0.28354391396226303,0.3136466850137191,0.26224887500823574,0.32531660136595286,0.2450937337800369,0.29069297391947835,0.3620907125914207,0.254721375999217,0.3006180477237492,0.2866185385559627,0.36657835210772355,0.28404625403856404,0.32578000380687877,0.27781765467410197,0.25740351224637503,0.21865041234364072,0.29876687514042016,0.2867048429879197,0.23262885308740158,0.29137395419125617,0.3386208036459645,0.2734063749399343,0.3039279378307791,0.30652233943831164,0.30262761923069587,0.2162355633016566,0.36122656334631825,0.30628482582279715,0.25416485143887324,0.3013183264209794,0.26313544762400237,0.2763051231510124,0.3410720984430836,0.32817719998198364,0.30478781494805623,0.26263779151736233,0.35498712828055445,0.3135598125587139,0.2886411320646398,0.3139414335026766,0.304845310598024,0.3854178290063763,0.26984181757869585,0.25024734197716436,0.2764136911941659,0.3426631321241667,0.34349012049000843,0.28314851388668033,0.2512364245869595,0.28377971763147214,0.30575969562731253,0.33047458822849557,0.2817824614494058,0.27955886292332366,0.3215266707683941,0.3326945615380139,0.2833574409778828,0.3120165191440176,0.3398693546462684,0.24689377019323502,0.302
0.28618000959311646,0.31658374693252356,0.263424863366785,0.32538711212659455,0.24784106310573834,0.29127410320244557,0.3625434963399398,0.2548374282399209,0.31963018539257265,0.290747043134307,0.3767246742530778,0.2913270515938247,0.3308639400575268,0.2813148970030306,0.2592617675343669,0.22151041058736884,0.29939040272942274,0.28679971129527065,0.2377090998093207,0.2915129484253595,0.3398303950204578,0.2739030806531673,0.3151629592307948,0.3072601683266202,0.3028057189068246,0.22089998192711593,0.36292577713094903,0.30806400903000625,0.25417581145688667,0.30153699808580936,0.2637997338756746,0.2766697121439235,0.34108343541205444,0.3288497701521771,0.30490516407215296,0.26326009197499667,0.3565928230761124,0.3150025732371282,0.29092508298739533,0.31420411965600825,0.3066842966981367,0.3861690847428593,0.27013618454446175,0.2509243611943294,0.2765763674536644,0.34845617296062015,0.34376481136272685,0.2837207414940544,0.25403038859321553,0.28428591538484027,0.30595013187707404,0.3378734555462494,0.2840471230829859,0.29177164924336824,0.33038511284153493,0.3333700301408328,0.29291184269640225,0.3160150038096147,0.34466335301675327,0.2473896877350479,0.304
0.28625699175495845,0.32341199916108565,0.26643354728687246,0.3267443117759484,0.24822337722283674,0.2921529884674914,0.36262971109472847,0.25579368115937673,0.3213529528583575,0.2920511699315118,0.37981342585921174,0.2914127824233657,0.33358830274822737,0.2824583758515073,0.25926184672700486,0.22293579611026726,0.3031699128781768,0.28697436783235886,0.2386159026431272,0.2915138725816069,0.33985556191933414,0.2739593482283949,0.31519538543719267,0.30842345006832433,0.30336314356938704,0.22440838370978256,0.36381985344140483,0.3101956348992116,0.2576435567479017,0.3112427160383576,0.2638809866497799,0.27762659051042826,0.34257977792647387,0.3317153491992983,0.3056287893710263,0.2652488531849098,0.3598530566876916,0.3155157963718659,0.29175942441836017,0.31920800465313104,0.30688545370163656,0.3862046342474374,0.27418099499202636,0.2520796008095583,0.2797284999302964,0.3484650327959294,0.34402321903083355,0.28389563731128087,0.25407594481049955,0.28486401414406387,0.3059976914768821,0.33823291421834073,0.284612929167417,0.29490563460789737,0.332618980889997,0.3336626733982056,0.2932945032344966,0.3161565948489101,0.3459492388834997,0.24806566691956317,0.306
0.29014526220527215,0.323706845174699,0.26936133978934934,0.3296229917533217,0.24851554224998318,0.29218447020776356,0.3663957517000125,0.25631614839050343,0.3220061880302408,0.29208679940946,0.37990987302181367,0.29400842109280656,0.3342807813593603,0.28247152188477503,0.2597788845931466,0.2258215584276707,0.30317029117515976,0.2931008790035799,0.24080367464217967,0.29175705209604735,0.3401599784193273,0.27409499235121076,0.315293308443487,0.30954723685148866,0.3033783951260265,0.2261976644317314,0.36436118992893707,0.31413803814777974,0.25776888521417185,0.31323549385141447,0.2681246730923504,0.27838709720010485,0.34271613313589444,0.33222168887834824,0.3076045924869176,0.27028148034539,0.3614044472629939,0.31629914515005964,0.2917653382121221,0.3202132453071136,0.308575697521285,0.3864802358355577,0.27559923237876294,0.2605434383764502,0.2798676376855993,0.34851015622051734,0.34429286590901476,0.28502118286462114,0.2592843729032451,0.28527917642057243,0.3066206418790788,0.3417933670962035,0.28792188124847673,0.29827836524141244,0.3397759314303759,0.3337052024659632,0.2946870311910079,0.316258441748366,0.3475760748378834,0.24856516256834757,0.308
0.2902914196888379,0.3277032915335528,0.2762535631664905,0.32997289205830527,0.24855000063909627,0.2927537286218578,0.3663992535612096,0.2569572605017614,0.32215368644285913,0.29305662999138304,0.3803551452561158,0.2958879744578173,0.33589554538731675,0.2869634883106016,0.260068803378305,0.22647102025480528,0.30475307874001634,0.2932965651694104,0.24454145961979132,0.2942025349394542,0.34046330831869887,0.27628957659417264,0.31529926145012194,0.3095472518566132,0.3086972652796481,0.2312504620844491,0.3645313921352292,0.3155835148382623,0.2582558198511996,0.3132779607587304,0.26815196151700577,0.2863545935922674,0.3427883160765479,0.3373811883506483,0.30843248024027803,0.2703794557641557,0.3622111509222406,0.32549016970273503,0.2930889719784981,0.3203030796072094,0.3087746980857192,0.3864849164040166,0.27652335867250016,0.260595089336213,0.28048448034107726,0.34851023814937787,0.3452162781329242,0.2855945075841725,0.25984356359062066,0.2854161841089161,0.30782819358121405,0.34474539042026325,0.29562672653269884,0.30566617188994194,0.34002464264098803,0.3337611733575371,0.29560985016741254,0.31840330910524756,0.34914582747067796,0.24949381260206643,0.31
0.2904292559630597,0.33180756290478974,0.27775970247850085,0.3448355803152721,0.24970310368071788,0.2935807921091191,0.3678419364451841,0.25989340505869385,0.3222664184043727,0.2931976572283103,0.3809119726646095,0.2969825666905443,0.3366988320334249,0.28845249372431314,0.2602065595913417,0.2279710914284683,0.30493494441078384,0.2933044558405688,0.24503189767726483,0.2955344412324771,0.3406431073681525,0.27730926890233526,0.31530070203251553,0.30966547854038573,0.31013511743813416,0.23151775059198673,0.3648507062474809,0.3160690695850322,0.2589072850590956,0.3133822257287446,0.2730786938784463,0.28804220854286344,0.3438030112423097,0.3381547893484411,0.30870094473646215,0.27105806323430953,0.363400710170522,0.3261352082294195,0.29474972911631836,0.32035886512478934,0.3140665563700713,0.38751090167330676,0.27953734885666515,0.2710601134071335,0.2840008329151849,0.3524290595605096,0.3452683055658092,0.2900891631259118,0.2635748627556266,0.2856735985355531,0.3082438761414749,0.34592291671109826,0.29618349031385327,0.3106022988327758,0.3423409252802513,0.336496349722935,0.2986283341503975,0.31879000192407825,0.3509164819020035,0.24970318392933546,0.312
0.2907139219422188,0.33570385891938537,0.28121740976611703,0.3448561723542806,0.2500248567644595,0.2935932499505837,0.36919490604954075,0.2665220659720232,0.32276786069568186,0.29319917919204685,0.38122261622972176,0.29722845637273976,0.3386578130503581,0.2958172664037919,0.2617586080208105,0.22878379276268493,0.3051804529756109,0.29342867617233404,0.24511731892734365,0.29760588354833706,0.34212157671637905,0.27760342060693544,0.315300959459265,0.310092569108087,0.3261530735841258,0.23444315655319495,0.36504249986095905,0.3199706332610572,0.25979354135204036,0.315555890974188,0.2733698864288714,0.2896483209196473,0.34421262467779773,0.3387265645742842,0.30938182565311034,0.289426445840977,0.36695029434260595,0.3270743170191877,0.29479896883371065,0.32119649965488084,0.31413747260350666,0.3878064065585341,0.27959265243682324,0.2720292807338887,0.28500402839520744,0.3526192030363391,0.3468222317331039,0.2968960816980503,0.26447049414469836,0.28578813381723234,0.3087815325988717,0.3462831679450947,0.29902951499503283,0.3120256057752299,0.34289777074061834,0.34068978781485526,0.2991318552670511,0.31947113037174774,0.35323170273949517,0.24972697235518762,0.314
0.2913268165814269,0.34395682256833565,0.2824045261317729,0.34954245626923386,0.25007039137933157,0.29359662465280356,0.3701242718027348,0.2666203332847245,0.3247288314764846,0.2932255421663224,0.38381568117692333,0.29728479405427344,0.34025450739959345,0.2963897062933285,0.26176313119790673,0.23292361873264822,0.3052810374387907,0.2945316911995113,0.24560621071466143,0.29774242225239417,0.3439744920174551,0.2786658858701587,0.3155756196017001,0.3102816743978057,0.32757883069304616,0.23448394781579673,0.36505552072697056,0.32088368280568413,0.25990319136090645,0.3175586786046357,0.27388534380990887,0.29067650872338996,0.34519135570531256,0.35452674249557325,0.30948407629739005,0.289734824453605,0.36766632714888137,0.3289091782053457,0.29752734266003666,0.32558041223851997,0.3173229178425727,0.3908376320605397,0.2887512100351599,0.2737222125389581,0.28519435777659274,0.35451491456967027,0.3559712632963713,0.29689612948781113,0.26491607332342537,0.29213931099784374,0.31956451238868433,0.34629167228707625,0.3043951946205287,0.3126788909686213,0.343056460903188,0.34081198894602627,0.3027432648452409,0.32253459799003037,0.3532540368630435,0.25383256273350535,0.316
0.2923242878442882,0.3442919312467531,0.2825098585847641,0.3522177425797213,0.2501469176937354,0.3019926463278721,0.37070856318964585,0.26973573342834534,0.32554544596667867,0.29573089587235285,0.3839930391982455,0.30341368149136694,0.3402931244247607,0.2988871409963585,0.2679297312638105,0.2344008666453472,0.30543182763499793,0.294688415714413,0.24563062081276918,0.30059524697600126,0.34398379882029073,0.27902116174399133,0.316674551615816,0.31189463740948037,0.32775695235429064,0.235417103626914,0.36515066781627836,0.32090574790249415,0.26316724514087236,0.3181988265079823,0.2761377895062803,0.2944477884308359,0.3455779251294578,0.35583081706447456,0.3098884541448908,0.28989707495246847,0.37179256625054335,0.3291245489400283,0.2996523340940032,0.32904209634087767,0.317324903605014,0.3914818790264451,0.2889649495593294,0.2737739316824727,0.28859507043465754,0.3564327976182284,0.35779307196695015,0.297464175425301,0.27086772680090554,0.29261863560291085,0.31982869792840546,0.3464169109412259,0.30476106068597053,0.31273156123023027,0.34408187383214195,0.3425645700566451,0.3236244661558892,0.3269508136017486,0.3545360530649622,0.2539593282880073,0.318
0.2942418297556283,0.35218649355266207,0.28299979530902775,0.35227834308118944,0.2503067923289135,0.3067085640203018,0.3741009298467805,0.275301824348505,0.32595043092477377,0.2970051945790724,0.3869136612675681,0.3037080536628131,0.3456528440596726,0.2988950995739559,0.2687988334460331,0.23440966264109123,0.305736178606315,0.29573033657763187,0.24569678196568706,0.30565047375473003,0.34401169082264643,0.2796094369601323,0.31719466791709516,0.3119943698000483,0.33042469847027167,0.23630557336511157,0.3651527719037961,0.3247337734431041,0.2652044160269487,0.318497269249127,0.2762372557328536,0.295958710133132,0.3456032851843299,0.3620211827539608,0.31233440039202853,0.2951614054666547,0.3756276629259179,0.3319992702353232,0.3016490298134652,0.3297640120144421,0.32056092470178416,0.39168233134478986,0.2898409906243914,0.2745279550153695,0.2896120182744372,0.3571325712364127,0.35925623258001954,0.29752295845631693,0.27105991320875256,0.2931396858207019,0.32315366547546903,0.3501072513390726,0.30820832848245705,0.31552860283946577,0.344464269995259,0.34262430332650423,0.3238298360785572,0.32776789950619456,0.35766181241424516,0.2539629973452,0.32
0.2982073020731482,0.35223406755256964,0.2846214778482887,0.35237224879623985,0.25035216244287173,0.30766881836868515,0.37451104063243973,0.2791806079868703,0.32608531304631977,0.2980885018904418,0.38760603314942005,0.31439295661560984,0.3458192245962029,0.30019912447674046,0.268945582811713,0.23661890734507368,0.30668907024156145,0.2982384211179333,0.25232041526911086,0.30810143049494754,0.3477521889386854,0.28065571457896055,0.31790339614101487,0.3129329331070709,0.3305455297482482,0.23908423535511147,0.36815473902779516,0.32928053878867075,0.2653920879887273,0.32010389501829767,0.28068726369077945,0.2961834730668605,0.346563952608307,0.3640297721518952,0.31265733630574877,0.29632692593184956,0.376266730330191,0.3359532136666083,0.30325265170051535,0.33060943768876566,0.3309367197624452,0.3961758454628119,0.28985267156099587,0.2745337575546241,0.28972090907215126,0.3620956041879493,0.3606470231501245,0.2991665377368775,0.2759284935940629,0.29428712439219634,0.3232074111832537,0.3501738276359405,0.30950608079260805,0.3180790091754924,0.35399496435148436,0.3436514239217224,0.32639247955798734,0.3371547494104179,0.3593121202155804,0.2541103029263328,0.322
0.30517445708149005,0.3531198710258382,0.28477846227814635,0.3536653184899014,0.2506691463131162,0.3078806206995167,0.3788745335935468,0.2791815865156591,0.3263121292728025,0.29952324916152523,0.39549687296077585,0.3148757122270993,0.3499903304847199,0.30044510384673834,0.28045300026714903,0.24462579530837852,0.30869871775640007,0.2984523799271507,0.2531361905852675,0.3094524227212231,0.3479146615158853,0.28066115774301303,0.3223479476815977,0.3142363626516013,0.3346144050697565,0.23955746341691864,0.3714960241676071,0.32943866699123847,0.2734944560438897,0.32677562630462026,0.28078894737995436,0.29729767223331305,0.34792252417332786,0.3671786119136225,0.3132904155553781,0.3033572367112241,0.3771434770869705,0.3364813867391407,0.3101505620920053,0.3306925222547423,0.33503807792317464,0.401174042173299,0.29991345595365576,0.27629236169500637,0.2962453831238377,0.36237107128945867,0.3621599787188872,0.2994876466693068,0.27596672400611805,0.29430642365723825,0.32329777973253615,0.35328881971479287,0.3096357232645677,0.3183551328184739,0.36082155021867796,0.34490482191357175,0.3269166239167082,0.3395060168008336,0.3601164584535245,0.25989144534658387,0.324
0.30526215977713766,0.3531577924436329,0.2886657267678514,0.3536653782526271,0.25067534552016707,0.3118475259847678,0.37972024843186386,0.28066925634166845,0.3332765572609921,0.29997155705258277,0.39610501416223537,0.3184894969833019,0.3510582296505757,0.3010319409375735,0.28131045243941893,0.24462841680146338,0.3089737935620514,0.30106951932541665,0.2563452254309563,0.31035442792951967,0.3480180265654066,0.2890648906022403,0.3230303327326615,0.3143288999737653,0.33570577027046844,0.2396079266748197,0.37881807011494,0.33027404728749216,0.2740924671076317,0.3271134806424908,0.2812261809745618,0.29741412580375276,0.3479969938721027,0.3688087722473061,0.3197723919461336,0.30367009421846436,0.3771826082065187,0.33923336354330225,0.31037940178869866,0.3310526885235777,0.33503836830627776,0.40209020812988716,0.3028260859696518,0.2763649746828974,0.2994553102619707,0.37759381426352984,0.362403669824734,0.2995083484084799,0.279653113499902,0.2953470023407431,0.323307229054883,0.3632253210743606,0.31062837612136207,0.3205784440366957,0.36238097739257835,0.344924543805164,0.3273948014115902,0.3450480657542867,0.3647172196959046,0.261736577244893,0.326
0.310111821843659,0.35506830609592965,0.29200357036227853,0.35420193981171966,0.25211034962854484,0.3131350251662238,0.3798078744170022,0.2827613960114511,0.3335988646714086,0.30000573434530214,0.39610540988403453,0.32131491817239016,0.36049434947099723,0.30340549803368877,0.293295362801283,0.24484616614637023,0.3092615280052857,0.3078635500796449,0.25668075569794085,0.31037996136857016,0.349811184285057,0.29127827553630053,0.32336430509787684,0.3151599287068173,0.33962870177180765,0.24072915880169213,0.3796670457210142,0.33848563084151967,0.2756422858287379,0.3352339047850724,0.28134689302263366,0.2977545673298723,0.3529784212152583,0.3709597487554592,0.32286873379683323,0.30431229713356717,0.3772769310355715,0.3395520746772931,0.3145959075842005,0.3318392530747389,0.3350605036949572,0.40567522788265087,0.3076828651851297,0.27699382641558945,0.29995979836889547,0.37779626584385234,0.3653376797168235,0.2999088648895771,0.27980254662015314,0.2954180302664201,0.32345927701597377,0.36427723288687336,0.313066612343539,0.32273391472117396,0.36763668616308887,0.34525162633025047,0.3284080213421299,0.3453072439370903,0.36501413931111915,0.26283670294998246,0.328
0.315655863935898,0.3604987604793941,0.29234015100347305,0.3546966150255054,0.2530083278577835,0.325172567597912,0.3803149622552414,0.28493965095493784,0.3336315943353641,0.3028553635759749,0.39641734093937253,0.3238658176250763,0.3609172382423914,0.30503096605401236,0.29519034832943664,0.2450082443070508,0.3093219092631311,0.3197270761259403,0.2607631811512249,0.31131580592593094,0.3523101124140221,0.2936260897097765,0.3238067144928488,0.3169096812926458,0.3408403059993671,0.24278665686770357,0.3796670503325793,0.35654870415622997,0.27564361338235255,0.33534296610753483,0.28206364949666785,0.3025853139630068,0.3531693952266321,0.37240169390808875,0.32286901817257446,0.3062942699161911,0.3779016493600828,0.3395587777165915,0.3171378026007647,0.33339247376294956,0.3351998802202629,0.40705917579594786,0.31292687848956996,0.2903172151916365,0.299964229150035,0.37785868931374733,0.3681484763687183,0.305101692457475,0.28044684844865936,0.3007507312970259,0.32392839443549004,0.36739653529840216,0.3130675307021617,0.3227523855876595,0.36779596070940956,0.3452930702598238,0.33441361564933786,0.3475933090410373,0.3650332813607156,0.2633779910829993,0.33
0.3156805756424018,0.3674887170851307,0.2924970664311274,0.35542358375366895,0.2535476926915553,0.32518620939546977,0.3806850055187799,0.2854902772034879,0.33363224202072045,0.30996418098967954,0.3997562093223482,0.32396160745025226,0.361978418163714,0.30786495713343437,0.29910170048539436,0.24821689460418436,0.3096233693817302,0.3201809852902103,0.2778819342968507,0.3124366998544378,0.3524327907353378,0.2952829668845449,0.32415626978479983,0.32611026403275256,0.34366682993714265,0.24280345848567902,0.38830512050551375,0.35655951845850486,0.2756440797766444,0.33534842097377177,0.2874248301696621,0.31098536884589256,0.35479816677146137,0.37318335444359685,0.3230870661525156,0.30629482746894154,0.37828196175041945,0.3400780402837111,0.31824359367210653,0.3335030738436803,0.33573591481464027,0.4073176619811987,0.31327357835210956,0.290695805036728,0.3000535379356754,0.3784582409968819,0.36821790731745035,0.30652349124070977,0.2815173903404767,0.30676579079873745,0.32497036163375365,0.3678583875163069,0.31527056833876893,0.32840936565930157,0.3678102719241929,0.3461695932205512,0.33546873472654704,0.3497586784831032,0.3659748147619532,0.2718002417940422,0.332
0.31568057637442937,0.36752550827983194,0.29251730198302195,0.35542817604910026,0.253961269373098,0.3267593525105373,0.3808205056412319,0.28587456536670375,0.3398207614167961,0.315656042890583,0.4000256913254702,0.3239667696348043,0.36977870659528067,0.3083985565948346,0.30123241261189654,0.2495086743227231,0.31429478934841987,0.3201956187557295,0.2797877998747431,0.3170071407382175,0.3524354103388918,0.2988683969653217,0.32823343596257726,0.3274747388703107,0.34366857070667617,0.24281029627428685,0.38910866457979315,0.356771083495047,0.28000787113624115,0.33630551131544667,0.29174326254959193,0.311342249358132,0.36610887155450184,0.3747941764871062,0.32351703378236085,0.30909051654823094,0.378366501936195,0.3407801887242827,0.31989385735025566,0.33499657975318425,0.3366936924999452,0.40867545228924196,0.3219182434118222,0.2924539243299825,0.3034946554226692,0.37932944190515827,0.368291281920719,0.307177829111595,0.2817000240637949,0.3111959602963802,0.32501737990031726,0.3679546339532938,0.31584102538110154,0.33031850841614424,0.3683370828627676,0.3462023294317065,0.3370872977270723,0.34980815370726187,0.3661583294948712,0.27183669606723054,0.334
0.3248487690010151,0.37043409487776574,0.29253408524314617,0.3611779659378545,0.2541389855579839,0.3311985309539441,0.381464645756212,0.2865413743149885,0.3420090393423846,0.3157377401752275,0.406974327103527,0.3240707737479686,0.3701006307887439,0.3085052284683648,0.30493535517730297,0.2499685109324167,0.3148003541300085,0.3202186809496054,0.28056404095327575,0.32020555948565194,0.35244523093051344,0.30696916389173684,0.32917840222731404,0.3285994665491668,0.3505177601734478,0.24738156537079542,0.3911829899466869,0.3577408343552464,0.28085757290843416,0.33960748875314156,0.29174758342637463,0.3186634093408519,0.3661166507289669,0.37577234805852133,0.3235760711515976,0.309176440724886,0.37972687429389995,0.3409189868648181,0.3215293212731507,0.33731244214887657,0.33676197919099454,0.40913380641543806,0.32192412512478097,0.29763189197238793,0.30516446888637017,0.3796262225401595,0.3701706914111099,0.3086821619887664,0.2824867156196722,0.3111959741646445,0.33034985751486773,0.3687842877914128,0.3158882813029752,0.3417632656970548,0.3684994716956628,0.347197798454781,0.33755161205914996,0.3509922993138522,0.3670233032199369,0.27270535722702827,0.336
0.3250197351841925,0.37046632711660865,0.2928078180726412,0.36159889025580283,0.255712056009939,0.332368628254876,0.382180204269051,0.2868464017982854,0.3422787122877467,0.31773591531966083,0.4125006057123303,0.32413665607391856,0.37093651851954235,0.3086608097879941,0.3085392728535716,0.2500519879140822,0.3174336577712264,0.3202896394906785,0.28212962412435044,0.3237810936004912,0.3532653708253921,0.3070702104844145,0.3297556230506044,0.3333848344601904,0.3519078850481774,0.24738889555451363,0.39255722362632667,0.3578048765402706,0.28263395190140916,0.33976386256742513,0.2951580698484882,0.3186793016834615,0.37291408435063067,0.37607862309899265,0.32814544032984516,0.3130478412020752,0.37976228672494233,0.3417088836031909,0.3221181097248049,0.33759501071124265,0.3398616712185846,0.41087307293682246,0.32310450297838894,0.29802752864818266,0.3051650537966846,0.38054231804223115,0.37257221728439366,0.3135673635700074,0.28350276375489036,0.3121926435038682,0.33092319671677306,0.3843742953448615,0.3159584392019007,0.3418013433143417,0.3691400217092248,0.3471988413817921,0.33755228539180027,0.35102007965417537,0.3670348441362374,0.2731749916781281,0.338
0.32503202994938807,0.37451854498245085,0.2946090833990694,0.36571400874904814,0.25626823292017364,0.3502159989125203,0.38451677736447737,0.287322768590197,0.34303077474414123,0.320767859478225,0.41270531805288396,0.3277743654325804,0.371184695773017,0.3088142387814109,0.30987388931783943,0.25034240611092284,0.32132598598484124,0.32119522394847927,0.283878861730008,0.3246246068047798,0.3549808280620756,0.3088476234168337,0.329962617139344,0.334310418332291,0.357710834515552,0.24870331658517952,0.3956291655012195,0.35780665044461757,0.2833987347713703,0.34034088982646155,0.2963180986824453,0.3201515711065167,0.3729724668128005,0.3763949842850885,0.3290384381302626,0.3157298435509514,0.3800841493758431,0.3480683954290528,0.3295128077780362,0.3376687884837668,0.3398846182347212,0.4109545268801104,0.32585947812333504,0.2984579040866081,0.3052375784188179,0.38352123017176504,0.3772315585815673,0.32228320863695603,0.2848559204644085,0.3132035162986825,0.3318138335878809,0.3847059955156402,0.3231044097259106,0.34391327009517153,0.3705739183785541,0.347995687169625,0.3377688679976879,0.35435866538978206,0.3670408467277521,0.27329701672463735,0.34
0.3270282449833565,0.37581021251061697,0.29470894246303186,0.3657316520226334,0.25849664505537384,0.35023395377067895,0.38812646033880926,0.2873558551321332,0.3438293868300499,0.32100170652758353,0.4127117588345679,0.32841708020622506,0.37494193670976833,0.3093881151973913,0.3120631234721503,0.2612963981466875,0.3213262351366792,0.3235034731586947,0.2839339399431359,0.3296986518805262,0.3562083035331145,0.30921771977624196,0.329976321674854,0.3346902082839199,0.35794034337886127,0.24959121790409605,0.3956974361286713,0.3579678303434614,0.28400239725415294,0.3470590333912065,0.2975048420276494,0.3203468703859389,0.3742202261144878,0.38037187802566946,0.33472217718082814,0.3191524922614391,0.38010805534446657,0.34808997468990677,0.3308959328720561,0.33915427990980307,0.3399650859659739,0.4114349300203693,0.3260040421909158,0.29845885578645165,0.3070264286554794,0.38992516690932894,0.37737039187795446,0.3225334830280665,0.2854605118507907,0.3141306496094855,0.334796160660385,0.3853043291558163,0.32346013665590617,0.34407031387841897,0.3706004335881267,0.3482928336056034,0.3404521530389297,0.35517812762239287,0.3729126988649915,0.2745443129183754,0.342
0.32817252979788464,0.37604416992910156,0.2947661718560582,0.36588416995035483,0.2613765945032476,0.35365543711910696,0.3888922091067428,0.28942891789222797,0.3438957148878219,0.3212124376270911,0.4127781960780383,0.3352059479240179,0.37642044106303124,0.30985491096339124,0.32333280783489143,0.26216914110567535,0.3217173990577783,0.3235211539048465,0.2845488213246366,0.3320269711875851,0.35725544722765873,0.3117864238426262,0.3358494850711319,0.3371718142345812,0.3636997853330568,0.25871113178503025,0.3964579471914939,0.3583760882814324,0.2854085490110448,0.3471754964746844,0.29805919289413874,0.3224586037031971,0.3749194557106734,0.380874004857862,0.33638231940348884,0.3192210475117782,0.38088515076060314,0.3550203651951568,0.3311365140679106,0.33946059500166004,0.34010855329627554,0.41915603394568307,0.35285724296645554,0.30010399679982674,0.30757309160737506,0.3904338722171801,0.378986341603588,0.3257861822050071,0.2865054430951367,0.31624433714230743,0.33480148461870474,0.38543346193552164,0.3237516745971002,0.3443531201715662,0.37067001195389565,0.3487208944069641,0.3408292505510679,0.3557380407645916,0.37778223797999505,0.2752247018945693,0.34400000000000003
0.33643405256490544,0.3778009836647368,0.29548062579002116,0.3669057522965084,0.26172876103495823,0.3536632201200338,0.3954615168599593,0.28946418478851155,0.3441629088565271,0.3239842043147826,0.418337618405721,0.3354149749609901,0.37732495627533147,0.3157061668389186,0.3273339445360563,0.26247019506371977,0.32240293369613593,0.3237010378493118,0.2857704910071496,0.34112025601196866,0.35757613372964475,0.3172625785183124,0.3377730224261921,0.3403567081982793,0.36481100880344874,0.25886297011589876,0.40104066627083756,0.3584571118857964,0.2870320105247048,0.3471820931566991,0.30102485115122396,0.32245946287174243,0.37718159686154284,0.38088099347936866,0.34921394785056437,0.32118590673954,0.38146458894722585,0.363283127546741,0.33113852724008014,0.3403333604567731,0.3428421203213641,0.42336980857743967,0.35319758552624253,0.30014676115801,0.3090198419163055,0.3906760819035918,0.37958806651359034,0.3301410217710072,0.28650545408107525,0.31626400540934385,0.3375709974280787,0.3873829540479912,0.32406316276367175,0.3467995045725473,0.37658443882644616,0.3505215362159764,0.3412341839611711,0.35587935240898627,0.3824876213017841,0.2771136374314483,0.34600000000000003
0.34515007381734725,0.37828002927028037,0.2967844366383555,0.36839722475634135,0.26174008377837643,0.353722881598892,0.39713403695073196,0.2950685939120731,0.3446393815817673,0.33437164188200746,0.41840048633788995,0.3384346861998139,0.38152689414908286,0.3173792177073325,0.3273399865331037,0.26311692877066145,0.3245882290096454,0.3239233960224692,0.28590724026951536,0.3424780259080469,0.35905325047648323,0.3174985335616815,0.34006900245380073,0.3403575066360954,0.36489716774405395,0.25890823280994885,0.40538511869226806,0.3591365321716607,0.291598862870232,0.3496685915353957,0.3016052827380339,0.32571929585058945,0.37857528178189354,0.3818769100488383,0.34934576232063597,0.3212717361991211,0.3914299872392855,0.3666013758125784,0.3344643000970276,0.34189104932793674,0.3431787132290895,0.42577465735039133,0.35533111788077476,0.30024610104768495,0.3143583394994351,0.39072291057169833,0.38168912027506313,0.3303679632351785,0.2901785040024401,0.31626409174953285,0.3488226635749415,0.3889405558760521,0.3243511861473163,0.34729078032997696,0.37825205097166376,0.3505265059549981,0.3443274227221889,0.35766513913193815,0.38286235964207377,0.2771840943334262,0.34800000000000003
0.3475091816018109,0.3848341785975895,0.29756704766580333,0.3734639084342213,0.2634966844032683,0.35736526924582934,0.3987946199157424,0.2950978622575484,0.34531775887349797,0.34295159504824024,0.4191068590915961,0.3395495345067499,0.38185764378441756,0.31740845653011474,0.3274173996516981,0.2634155334381155,0.3266002612661882,0.32398614289139815,0.2867198744552979,0.34312226174186483,0.35922967798318933,0.32012553819747047,0.3420416621845441,0.3404999230524892,0.36497163191196585,0.2605958499314096,0.40566462415537136,0.35941760892670077,0.2916184189580917,0.3496706194263549,0.30173575618118786,0.3278650716133777,0.38224306458436824,0.38245140747923284,0.35610263950365784,0.32926828105945466,0.39218042233284356,0.3697596377141476,0.33459516745347934,0.34193533087741973,0.3522466021745396,0.4316836994383868,0.3555362302206282,0.30142584212449386,0.31536344720469567,0.3916644083421994,0.38239054666924754,0.3305509433209158,0.29625946325324426,0.32715301047475,0.3520727211692559,0.3891426541911257,0.32466767803206087,0.3484457687666213,0.38209736483271495,0.350567167212588,0.3443428742007967,0.36043459391023835,0.3861399446866394,0.27845108596175405,0.35000000000000003
0.3478008711140722,0.3885459887134096,0.2978388084472805,0.373476065455769,0.2655828856507066,0.3596661678891503,0.40164317256710147,0.29517228201300816,0.35047393561578477,0.343146434638727,0.4245579315283019,0.33962473964876505,0.38411243711710463,0.31900984639620716,0.32814659138665325,0.26343900068631143,0.3279541786992921,0.3282590444761277,0.28698457797816024,0.3492329035757086,0.3592679968027266,0.32060889093104383,0.34222234862475254,0.3413345953701144,0.3658032034197629,0.26252927030029477,0.4130777274697872,0.36226198706060636,0.29174743831035155,0.3513261211471736,0.30293104721617886,0.3335740007625043,0.3840771721227538,0.3827656523024481,0.35944514288685947,0.33580961179873553,0.39218045456088596,0.37009618643751196,0.33511262038191825,0.3546820818836107,0.35295163831665083,0.43324478071532446,0.35813814787663384,0.3074782863533293,0.3215912338349958,0.3930638900258447,0.38488395027804145,0.33264185155512144,0.2962888426878592,0.3281119098543726,0.3537221103734796,0.3923005286436414,0.3258437965714082,0.35015363596840327,0.382207155524692,0.3507593859022964,0.34639520027149423,0.36086230928846225,0.3929318061548918,0.28201443883472005,0.352
0.349807581027379,0.3959467295476597,0.3014324201390018,0.3735852777731721,0.2661493306536257,0.36164817689301204,0.4018695927204459,0.2979322729557657,0.3508177132500383,0.3454888383023349,0.4285916103782212,0.34237711058164494,0.3892189557772273,0.3191200380678623,0.328220427767236,0.2657807233413509,0.3301414551105275,0.3284180957070013,0.2878078454219993,0.3498109663575417,0.3595247518797939,0.32134035093780866,0.347351915090644,0.3419556547416547,0.36613745031752787,0.27040826779155797,0.41439528964766287,0.36514231198301156,0.29722242735482374,0.3558453904276445,0.3064106680053165,0.33422411717284245,0.39138318497811353,0.3831523618718297,0.3594592802250791,0.3368232954114977,0.3942784232614353,0.370118001411902,0.3444317248698303,0.3546840847292384,0.355030319329745,0.44573189201040725,0.35899762244071914,0.3075032389154089,0.32256715656171786,0.39663256077070874,0.38988166405355407,0.3328037552766723,0.29641956226495775,0.33791583030595856,0.3537603615186809,0.39585563873000607,0.32584773142060763,0.3502115921163769,0.3825947299959545,0.35279199017759516,0.34652583513265767,0.3609772193381747,0.39300578743638087,0.2859819378997854,0.354
0.3511467834470114,0.398554606117365,0.30161723555344744,0.37620495408423255,0.2664441322300612,0.3616498068028577,0.40236468065529135,0.2993280583586093,0.35276746262513703,0.34572387738788096,0.43195678847108687,0.3439595256814651,0.3945860425130675,0.3195929482307919,0.328387997141643,0.26676124454946143,0.33561280563744833,0.32846023186366385,0.2878519617432091,0.3499047357644603,0.3595306725845485,0.3245323451915879,0.3475339852967798,0.34614922103082674,0.3661642634512572,0.270804557423572,0.4257875456613515,0.36619763174403175,0.2979270451546437,0.35956178436133873,0.3066022365954549,0.3344083110489095,0.3919204602634303,0.3834255406629773,0.36014639491657424,0.342788028150968,0.3943709165577261,0.3703211137960447,0.34517067961591463,0.35512370476693095,0.35518270540249147,0.4491892388941548,0.3590275586154209,0.31110742745599795,0.3242256252443972,0.39726815034120144,0.3903308629465143,0.33306116851704815,0.29650603564149247,0.3446340934799897,0.35379505972824565,0.39586329576889584,0.3279790703182627,0.3508567747503692,0.38542182496824784,0.3564531443392853,0.35228703257419647,0.37211347841098746,0.39369006578336635,0.2865558331099894,0.356
0.35800153779343147,0.3996807819922877,0.30199479102825977,0.3763095790340481,0.269798679860087,0.3621172200048293,0.40389152298453207,0.30393023398147,0.3532174053141414,0.3474422903006834,0.43310051864011756,0.3439709499450955,0.3975828200638351,0.31978105217975183,0.3287897345855983,0.274557566819482,0.33562189593286196,0.3285757564736161,0.2934233930919024,0.3518404519245283,0.36016005240518106,0.32595238233463864,0.351424409898326,0.3477643298560059,0.3688600825019906,0.2708103609980459,0.42677060675037237,0.3667044922205828,0.2999722902968207,0.3601182555428881,0.3085252684226162,0.3348375490705407,0.3925351149693091,0.38402342048852484,0.3605166547881487,0.34514147365780845,0.395236720422807,0.3705657040417217,0.34573474895164036,0.35577176305676733,0.3592497520253905,0.45116250876456254,0.36446244109118037,0.3121375907498364,0.32436272945599315,0.4006345206047574,0.3905149281204724,0.3349344681444492,0.2971689956808562,0.3447106793565228,0.35568943167558537,0.3959850981747208,0.32797908781843604,0.35097116517052623,0.38616232168609405,0.3565985004440014,0.3575997038843035,0.38197490598736744,0.4008799817671881,0.28812593373753237,0.358
0.36089271541410517,0.4000463465509588,0.3025824970089927,0.3778578953357581,0.27045862824060374,0.37039920787512187,0.4041607908173381,0.3039302362377935,0.3532399623371979,0.3475550592555981,0.43365559193905207,0.34398410521930695,0.397798578935543,0.3210402641355193,0.330979540151527,0.2750073544108152,0.33828987989460735,0.3288031062544908,0.29373974390513174,0.365574739147704,0.3602380295208644,0.32607270247753106,0.3527335277766515,0.35034758631397844,0.37618121132997456,0.27126489595440956,0.4303067132493274,0.3714142348926088,0.301139852134399,0.36063262497091236,0.3101126638948243,0.33636623281898376,0.39606993933845025,0.38433459591212354,0.3649525021974035,0.34937495162076876,0.4083535781672428,0.37101179517596955,0.34581319140303685,0.3623170090304672,0.3603321389557543,0.4520573982410571,0.36484157914707305,0.31478794705464497,0.32452894299054386,0.4009070331524329,0.39051606271953415,0.34105361093933445,0.2973505743450089,0.3447218998141799,0.3566594515519482,0.39611838878861,0.32869683649538817,0.3514258514967344,0.38783705100159127,0.35806317577149305,0.35943596130328137,0.3826369601870159,0.40257917653008,0.28813800414062113,0.36
0.36467277245108376,0.40079165300200253,0.30277145751691503,0.37809005743442314,0.271671653726041,0.3723306140956548,0.4099141668353432,0.30457962411030864,0.35354505752472054,0.3491885367632567,0.43477738108681147,0.343998520589526,0.39791112767484194,0.32256092545735765,0.33300701648494285,0.27596724689053576,0.3422648912951719,0.3288193972231083,0.2947646133324492,0.36566966783307286,0.36090606052711366,0.3282433232061695,0.3527778110503582,0.3504182561790075,0.3761936672807648,0.2712939550702433,0.4319883608638178,0.37141572000049944,0.3021044528094818,0.3639165575823967,0.3101602444721741,0.3377025852658413,0.39620752152759003,0.39138430581660366,0.36641685595188256,0.3494219565392905,0.40973764168405513,0.3712482945826625,0.34590869206876335,0.3626967946103478,0.364804403065499,0.4520679159795391,0.3650565102169885,0.3157986961991586,0.32472214460195353,0.40093374273026067,0.3954396807807636,0.34330328980013936,0.29982354023996083,0.34489748917346363,0.35779859910283857,0.40233625139407525,0.34057107157896405,0.3520121992232302,0.3968926682673485,0.358075124875572,0.35989949671999477,0.3845895692715244,0.4033910563210734,0.288174896061166,0.362
0.3654314175916545,0.4025882421871424,0.30462669601226666,0.3796597179820985,0.2760810281930548,0.3754905328146833,0.4099241661920615,0.3148821213141752,0.35631054563156145,0.3508253624591034,0.4359859757915707,0.34428881902337566,0.39808354422989833,0.3226409097038654,0.33300705991051355,0.2763172096412089,0.34259052856357747,0.3345496533464466,0.2950855084579192,0.36582756279997314,0.36101660353684595,0.32856699264293177,0.35901012587549486,0.3567883016622521,0.37733638104031797,0.2719030923461058,0.4345588405449358,0.3714539217612324,0.30612271224039966,0.3640000443845253,0.3106271254612745,0.3419156238994022,0.39642248783525114,0.3922611566833637,0.3688439703247245,0.3496106867259039,0.41287271793666147,0.37217504060821677,0.3459412397134536,0.36276480263393457,0.3668395499501791,0.4534089674097677,0.3663896213924311,0.31858911316614075,0.32476167996248295,0.4025644325210249,0.3955291300830465,0.34330403929082154,0.30643718080115645,0.34646396332168905,0.3577999278149723,0.40489193781364596,0.34072857221956343,0.3542531749169277,0.39697268813449144,0.3605336298398351,0.3681583794581667,0.3853184420472865,0.4038262238985726,0.28874888146542355,0.364
0.3659106284919823,0.40563449660251577,0.3097134859299101,0.3804647499126367,0.27694368117022766,0.3776065813210745,0.40994108307276667,0.3150095163758324,0.36395045808318643,0.3519419922311255,0.43623958663628054,0.34487816145870603,0.4002393454486641,0.3247637950862648,0.3342814797049164,0.28120091424054483,0.34536846727936005,0.3359489580874872,0.29536909535871025,0.3663655708645666,0.36467187537929746,0.3292712811638983,0.36020272356540506,0.3576477141003138,0.3781329393407904,0.2722009596306152,0.43456572932914206,0.37315893454809607,0.3070550742803536,0.36485519631374774,0.32118470566721324,0.342479853930268,0.4016386463349377,0.3932100802385435,0.36956675663617555,0.3539132652306867,0.41559164510186997,0.37636572009277103,0.35184660229497544,0.36280677079677565,0.3680868521640851,0.4535377973473853,0.36642338164103827,0.31859902910359533,0.32480671120049065,0.4027134161595714,0.39553903881073454,0.3444573533328105,0.30644785484495984,0.34818005690773407,0.3580673629972895,0.40493873745604037,0.34381716729515566,0.3543431794642574,0.39792998392159445,0.3743234263086947,0.3681650878303007,0.3921782718439343,0.4139743633889605,0.28886239400818947,0.366
0.3668573101547607,0.4129618056308878,0.31271026449011097,0.38096078010972473,0.2811624060246385,0.37760962539426113,0.4115227626621531,0.31509379700166473,0.3696442541383807,0.3521538461875536,0.4364344464204581,0.34488273472660297,0.40077290766268675,0.3304623585265998,0.33447168927003157,0.2813341945626085,0.34872280387361093,0.3486624284284565,0.29549959817094396,0.36645832757561986,0.38294995844483487,0.33269449399503453,0.3642003523723837,0.35794763075244035,0.3781926458963432,0.27367880942123685,0.43474271123354397,0.3733270508741944,0.3084233541244931,0.3703607733442183,0.3212220974243929,0.34497978210648145,0.4025776254826934,0.3953379407424182,0.37074740227065067,0.3541095262888427,0.4160734319294174,0.3779477933876189,0.3522757414952115,0.3637467249926274,0.368774156514327,0.45550970841737837,0.3664302777167326,0.31862995311951015,0.32564710971485716,0.40423058633422204,0.3973341992839661,0.34816671903133367,0.30689725897394554,0.34840134743676215,0.3583942455685483,0.4059479148693301,0.34383981426178273,0.35498729265689527,0.3982079375610021,0.3748030122878803,0.37562472137223,0.39268392524074974,0.41414853192809553,0.2912902171940699,0.368
0.36772838129507374,0.417856299092377,0.31287370371298007,0.38096563920192344,0.2811668732488982,0.3837775979243627,0.4117963651012645,0.3168647226618235,0.3714677775367994,0.35514306895581893,0.44349208535001494,0.3535140075726869,0.401804028870132,0.33151659731821104,0.3408816277197163,0.2828555971114574,0.3527572064566967,0.34945127725675385,0.3101563804753649,0.36742788065298854,0.3836286722030105,0.33307728294349037,0.3644753481364733,0.3626540939386467,0.37839726058914347,0.27843342436455915,0.43497354963105606,0.373753982493278,0.3194492302763678,0.3706007411528819,0.32353939415588107,0.34505742807106127,0.4033690588078354,0.3963581643111941,0.372280920515826,0.35425902464614534,0.4196247817342702,0.3784051183794461,0.35267627030014587,0.36522369579169844,0.36879762429399654,0.4636992649663123,0.36670350270152463,0.31911275901601427,0.32749083222966524,0.40423910471511165,0.40009170497077345,0.35380407152918814,0.3095872984756785,0.35477108157716614,0.35839436392623303,0.40764523553791226,0.3440326984747172,0.3549874689273122,0.3982170536443136,0.374997259041974,0.3760171317522027,0.39786767810315965,0.416643271446792,0.29290064957199846,0.37
0.36794375681951585,0.42670181864290363,0.31360656838743833,0.3831126525706326,0.2817211631437558,0.3837914394452966,0.4125856199576762,0.31766186625365456,0.3726009659949078,0.3562027828983983,0.4442686853913585,0.37192273422130606,0.40191513569842674,0.33290994900344156,0.3430427255947516,0.2833758916715076,0.3540915245384805,0.3501632972400677,0.3104542725776059,0.3709645060041012,0.38496595480535356,0.3330877486121245,0.36928962067425875,0.3629733728496603,0.3800203700845736,0.2788360312073906,0.4350493877442435,0.3737926528969476,0.31972914599514873,0.3750266614069455,0.3266569811151158,0.3453523072914748,0.4034004992439785,0.39963080575221993,0.37247837776723347,0.3557158718825807,0.4206127299614866,0.3786715716897268,0.3590659234060563,0.3656329007194325,0.37066988790527466,0.46416315725720403,0.3679760048701032,0.33027928817187796,0.32926062255112154,0.40453500995943314,0.4004405940655749,0.3543690460619744,0.3098313172809557,0.3551077592007402,0.359579989007901,0.4110377027284012,0.34940095117856373,0.35553177612358644,0.3985959659968267,0.3762979563006245,0.3760173973935674,0.3979377467638494,0.4173101931631587,0.292903177621467,0.372
0.3703245288511123,0.42671882175010695,0.320374860690176,0.3834015763483254,0.28303957135368873,0.38640077900243935,0.4127125429606175,0.31936788738879796,0.37263558650647555,0.35803172511925413,0.4446103960499004,0.3719331191317984,0.4025919869948027,0.3406836204126534,0.3430582456006592,0.28405295793333846,0.3610346699578409,0.35269382078054845,0.31108992682428493,0.37741009244767915,0.39243722257141306,0.33431580594235755,0.3699469057179848,0.36374775279152494,0.3801268228761765,0.27900640482052935,0.4461702726041475,0.37380015571027253,0.32608681441379717,0.37526950625162353,0.32950490564132845,0.3453849751686409,0.4037411535842124,0.4001679896569842,0.3752533365224548,0.3557309186083011,0.42070385480806327,0.3788249947031028,0.3591728421911023,0.3656384187517091,0.37185926992814866,0.46468944465207274,0.3705354618651999,0.33438668872804483,0.33251294782929797,0.405130944635234,0.4025297699052118,0.35625831645441336,0.31006530977189073,0.35799873421248996,0.3657550050258907,0.4262319724391958,0.35122282908253377,0.3609883037621734,0.3991912620413455,0.3764149865604054,0.3776461024303508,0.39967917018144233,0.4237898847011345,0.29959241364071565,0.374
0.3755420954928082,0.42853722287335655,0.320417842457435,0.38455405025001616,0.28527980377211454,0.3956114286174016,0.41355819613291284,0.31984393624906443,0.3755683858517459,0.3640755134876213,0.4446450548570531,0.37261626053534236,0.40788973763367653,0.3432354535541646,0.34308105003075273,0.2873726140954054,0.3626067911580272,0.35530815610501376,0.3139544534613564,0.3778836694256423,0.393136320193116,0.3343571890223926,0.370254822600183,0.3680884780851005,0.3808426548894109,0.28907417591783036,0.4471191390413724,0.3764766627496635,0.327657426568382,0.3755523643460937,0.32954030264237366,0.34571518409615726,0.40388234100565346,0.40540806757413406,0.3760432106265701,0.3574762843617601,0.42221928505908,0.37924812746514414,0.35928506842371455,0.3660735955169807,0.374251693565635,0.4659988983880163,0.37195989182247424,0.3398366844842892,0.33318751640730665,0.40522680450824083,0.40558255046186403,0.37185092479407206,0.3128573624918915,0.3580911845612318,0.3659498959197429,0.4263489331139134,0.35569363646084107,0.3611293243999416,0.40302586348216285,0.37659624028582767,0.3779188014861659,0.4012127433847029,0.4309132951999253,0.3125917373632756,0.376
0.3788975721906778,0.42865266229653026,0.32043079455298196,0.38740669681193407,0.2867624574454618,0.39605828201824295,0.41391349847932246,0.322720679441934,0.37669751824755887,0.3643873079121471,0.4466689838342209,0.3775356124162368,0.40790944110360616,0.34806372033267136,0.34463964813967946,0.29344481541359657,0.36319648217011175,0.356165042790774,0.31434274112367755,0.38818713552751466,0.39316864198229484,0.33678953933684985,0.3779588756846975,0.36825596165782726,0.38107585747693956,0.2893580927288477,0.4510439625398276,0.37664488983723743,0.3277042614729648,0.3766592806206022,0.3295875082132472,0.34858607679200604,0.41176739679131985,0.40570253279664814,0.3764987067869626,0.3576194261784524,0.42223930689461875,0.3885881346801061,0.36160323143798995,0.366618556833106,0.37768550696659275,0.4670592151482058,0.3741331193142015,0.34817667394338236,0.3335446771946516,0.40940772622047483,0.405832862305158,0.37186975336770867,0.31884792781738636,0.3584559451741701,0.3674474030039501,0.43391690655372656,0.35801383978019585,0.3611899808962364,0.4040995259568173,0.3765971420314501,0.389176403007481,0.40249102053061714,0.430981943013735,0.31333429233014776,0.378
0.37915599076632667,0.4286526824531277,0.32049280763548654,0.38836556987883114,0.2869558903080094,0.39708059994339817,0.4139856392227209,0.3243780942160705,0.3824056356026883,0.36478025879472337,0.4466703134054752,0.3775473082933773,0.4079156638920612,0.34807624801315734,0.3472634895379787,0.29365182291026065,0.3636579311665256,0.35751201133795846,0.31730568655171554,0.38819965682390933,0.39338364990924635,0.3504259303472059,0.37821751652014285,0.36871169275097393,0.383554547894377,0.2897598866723771,0.45112015771078584,0.3766913544229072,0.3537764376955745,0.37886902664444533,0.33130134029236424,0.3543004536316115,0.411979082246519,0.40645225528257684,0.3772017259541222,0.35769697570367626,0.4284863054970861,0.38895127380555405,0.36162579056344296,0.3704438166214206,0.37870352540601243,0.4672304583698143,0.3741343841520889,0.3482418805080693,0.3366966175303232,0.41055489496317304,0.40609702473466075,0.37334051726181566,0.318879671524732,0.3585697610516585,0.36942934812217443,0.4345528994707826,0.3625883187546082,0.36741674951244774,0.40415085252928956,0.38367075777029275,0.3927414460946242,0.4031544009238221,0.4320083208411725,0.31407264500969145,0.38
0.37961864523425165,0.4333063897010254,0.32254046808602554,0.38875588171046443,0.2869563548068755,0.3972008629861201,0.4150773191275653,0.324850709104959,0.3838634413593097,0.3653460022855181,0.44684411189552914,0.38300845228106484,0.4132300758492385,0.3485680831837088,0.3472635225470749,0.30263362048388714,0.3650142750438933,0.3589027560385799,0.3174267622962025,0.38821375742200137,0.39473319237356974,0.35054691108269426,0.3788341503825223,0.370300437322837,0.3888957564568421,0.2900523565949137,0.451389119471408,0.37704802301844376,0.3541153791927534,0.37891156727720593,0.33179732111967253,0.3544282717021094,0.412073364144022,0.4095531117529486,0.3773343020871321,0.3590680194299595,0.428527494238229,0.3996085094688304,0.3627495693654054,0.37164142594714716,0.37900865922681015,0.46730917396497074,0.37672276411507877,0.3484200497908293,0.33874106344054555,0.4117481601127393,0.4068802692606233,0.3735384636515486,0.3193003996812439,0.36231131887890083,0.36944191956915606,0.4347990308384833,0.36532675405715054,0.3751122992507253,0.4045678852062552,0.38394071339476415,0.40048810784271777,0.40439194737523704,0.432196580653863,0.3143965048344751,0.382
0.38112030881559594,0.43451167751849634,0.32327024508582475,0.389421091035211,0.2872725253821173,0.39825310815099124,0.4325064249195712,0.3256303724083968,0.38583991599852235,0.36608554900128343,0.4472203667239815,0.3830338036810215,0.4140246489219081,0.34906926201582295,0.34739041010033095,0.30359223977332067,0.36530972502301506,0.3606786502005791,0.3179317392972853,0.38901322875334554,0.40283418718759517,0.3514773268478154,0.3788341608703805,0.3703888341163758,0.3888993282474223,0.29260501998856364,0.45143290808422326,0.378706462970803,0.3544499669879151,0.37928427416259963,0.3318454513831864,0.35630213261343224,0.41414741197500504,0.40971239894605327,0.3774971894755634,0.36168404558530304,0.43151452390307354,0.39981473211734786,0.3632147933417695,0.37327613612360955,0.3796400621212726,0.46733527047825746,0.3832112659075001,0.348470889114564,0.3407387238765583,0.41309167353386345,0.4072573920680161,0.37353908964769944,0.3240476664542325,0.36656150077512883,0.3696399021756719,0.43496108400932026,0.3654404249551263,0.37715080205690965,0.40558622462795735,0.38736912904957055,0.40277631285920096,0.40807482821308994,0.4374877849110975,0.31633740239649444,0.384
0.38800266954566587,0.4349437302292245,0.3242013523244494,0.40138221496921717,0.2875933983802152,0.40259876849388143,0.4325631154566974,0.3256667700370181,0.38689778697715865,0.3697697086006748,0.4502057256176764,0.3838139380262641,0.41416521367427067,0.3495189774927853,0.34848133761688904,0.3037804317036931,0.36569900752616463,0.36086174131049653,0.3185187548203022,0.39286308870869324,0.4039885682355052,0.35274214521161734,0.3796285033655888,0.37050739355104745,0.3893301247415299,0.29879788525844037,0.45178215264214255,0.3788373967230588,0.35466254356061094,0.37929970526908596,0.3318606267422348,0.356975635732701,0.4160154192182109,0.41318189093859525,0.37895012023885727,0.3643051174141771,0.4315876330380856,0.4007043409172697,0.3646524696528099,0.3748308849706428,0.3807123730767472,0.46754864366732063,0.38323433386680533,0.3514536402333372,0.34234032624894384,0.41347495990113975,0.4073507775188292,0.3741378642525093,0.3274710540504258,0.37670719982342515,0.3719091971342933,0.4360541771766731,0.36555681070960067,0.3776853777398282,0.40573250762112933,0.38833318893409063,0.40279763733901514,0.4088503642825608,0.43757214237041175,0.3192155585326317,0.386
0.38805538493024605,0.43867139165039803,0.3244897983917808,0.4035329185187086,0.29425425642607267,0.40274052161527096,0.4365182135805553,0.32907273279111277,0.39336907129743004,0.369837841197985,0.4516113336263876,0.38985828858066207,0.4179547513782523,0.35078729917053886,0.34859973836767444,0.30460209576320524,0.3657076165779913,0.36098243391768414,0.3211188770746566,0.39532986023991895,0.40455894395148256,0.35300699209880726,0.38610292529633106,0.37151589056135753,0.38996419901525076,0.2992659960418235,0.4521995831339962,0.38002921417017316,0.3547089732461349,0.37973436249205755,0.3328768501732822,0.3575366662846163,0.42961893194294765,0.41558622125271577,0.3791818360903948,0.36435688767970154,0.43296541330034727,0.40618357526474724,0.36536934351858685,0.3751780794752351,0.3807379317433198,0.4684075800739107,0.3833280547964644,0.3559174064749505,0.34356944971563796,0.4161333243165944,0.40735202030363293,0.376319578182306,0.32747167828619145,0.376715611326974,0.37373118890194146,0.43878385836335243,0.3702393731443464,0.3780692622678985,0.4065285514048135,0.395738165684532,0.40337169758574665,0.4118220359707211,0.4378418738447743,0.31950203181563397,0.388
0.388122756305959,0.4389370601325589,0.32921083373747906,0.40371828004812715,0.2980082564855393,0.4044590221833804,0.4367732374507764,0.32913232672185677,0.3934303894637636,0.37028817169250317,0.4526978760092979,0.39304109047021196,0.42162681340785274,0.3582684019051956,0.3523940034719083,0.30752174974563146,0.3661512229136071,0.3625148729034472,0.3221984743175144,0.39555847274992656,0.40706604488390336,0.3602528311401332,0.38760876618665435,0.3740429522985675,0.39003262450049575,0.2992904572149712,0.4552776662974073,0.38438769989309096,0.3547300496865148,0.38024367468497927,0.3356785845616602,0.35928245917710605,0.4296404494606901,0.4163395841020654,0.3792974352160922,0.36451905502701043,0.4369453203294315,0.4101034543665736,0.36567899184271085,0.3791637870766429,0.3813145820878677,0.4801825819477342,0.383340339758927,0.3561469397401138,0.3437802121229622,0.41613333851098805,0.4077102690726116,0.38403065908204326,0.3279195058234378,0.3778546302476916,0.375990061181443,0.44353645542685954,0.3828223519889484,0.3831558052674678,0.4065761453935002,0.399813596982332,0.40504423083224916,0.4180293954745999,0.4456996415816202,0.32140316534132796,0.39
0.3884810679504181,0.44016970879240946,0.32954849950628134,0.40446511138595614,0.3031808548971577,0.4044891106052198,0.4368141148228274,0.32967822261005236,0.3963280957066584,0.37037673432772567,0.45275592787416075,0.39685817290875824,0.42179223434814617,0.3584321402803218,0.35245900817888526,0.30837633309670615,0.3667837852403483,0.3639558480797833,0.32247993417267673,0.398512237575534,0.41250327125104025,0.36258289754021433,0.38773465376831434,0.37407205577273384,0.39037470395800294,0.2993433881770913,0.4560175003483085,0.384926054890591,0.3550106614127009,0.38033565727637947,0.33789481277359645,0.3651340836078978,0.43072487457064107,0.42329783579341224,0.38288198478021007,0.3658044807126551,0.4370260716480221,0.4103974739280381,0.36634083964556685,0.37916975330645086,0.3817910784879651,0.4804635131220685,0.386010264844054,0.3579473938066034,0.34395542750065594,0.4171446676895117,0.4077219190740646,0.3847627460037835,0.3280667340720721,0.3813681502551453,0.3772568686888084,0.444083020968246,0.38560113148223996,0.3837170464713262,0.40929165023327946,0.40292927544964513,0.412442032935572,0.41998534440296786,0.4461459601413373,0.3217987910031592,0.392
0.3963347765295131,0.4442850855479014,0.3298494300969548,0.40489411200561604,0.305942912016532,0.40454588105060774,0.4370652726090534,0.32974207589998483,0.39759063968613106,0.3704207209527944,0.4561890674648016,0.40532834583548105,0.42182793441838423,0.36329597810759495,0.3547066681189636,0.3121261143880101,0.36698521168889137,0.36493639939839045,0.3233513602741715,0.39904823265140515,0.41330582181306524,0.36421979759619605,0.38791197011244066,0.3740780428466946,0.3906374028494117,0.3013853489676266,0.45613946533797906,0.3849903448183291,0.3558715686505167,0.3817762136131373,0.3383870267761888,0.37033589142669354,0.43167349576221237,0.4233394585765924,0.3830187748984669,0.3660855568069,0.4370485349885773,0.41404069363940565,0.3664121280862017,0.3792807013618018,0.3850395072582484,0.4859371477416553,0.38660988546004577,0.35934321400770014,0.3460159389203818,0.4201782951235571,0.4114789876065368,0.3886494029148896,0.33186013706036116,0.38205294353060437,0.37834571052311394,0.44595283537510566,0.38563326557329775,0.39090152697936986,0.4123855480868767,0.4049082117680156,0.4132093722304409,0.4251894212155207,0.4463234576729065,0.3249840186955349,0.394
0.3997904624403021,0.4460066625714176,0.3304106965809408,0.4060702602436398,0.306425368038803,0.4049099479197906,0.4380081217849198,0.3299483093028965,0.4015121037812138,0.3719839559089245,0.45647580232111185,0.41125293726279705,0.4222073814229564,0.36342905458755664,0.3663562126140607,0.3162071872379885,0.36699633297390427,0.36543380237813117,0.3237568754318286,0.40498383935217697,0.41404711270221267,0.3645163395586963,0.3880722677796292,0.3750675869126435,0.39066011088718133,0.30187560981020495,0.45620332032198196,0.3856100741663292,0.35943205377687654,0.38608256345813674,0.338857563654296,0.3703923979566495,0.43280655851381106,0.4233408115858366,0.38313436710370496,0.3696103712441505,0.43719397412661815,0.4205353957996275,0.3666896732305341,0.37930997552088536,0.389256140975713,0.49333345992763467,0.3870155561630138,0.35941302097646116,0.34705319630590825,0.42161199124943394,0.4124918930201144,0.39070443927279935,0.33218752092408826,0.3821501655845148,0.38354563196221925,0.44600605553140604,0.3860659828456774,0.3910325241187827,0.4152038956492038,0.40751500718051864,0.41333680202531325,0.4254303421897548,0.4469498506072108,0.3260120080025605,0.396
0.40048500070496185,0.4460106720341665,0.33041305030636536,0.41521650461552434,0.3085646272510058,0.40510495086793785,0.4385300473126867,0.3302350072653371,0.40249037015537875,0.37198488226523596,0.4564833501863983,0.4114605415989501,0.4265504821719217,0.3670941809174729,0.36802065129145173,0.31809455507728435,0.36872519777743606,0.36575915157512806,0.32578866354357794,0.40515190310478705,0.4140581831489882,0.366373310859477,0.3893614332203863,0.37761515608138685,0.391796161355835,0.3030468548981234,0.4562997852313564,0.3873147293052531,0.3636616062604575,0.3860852015939891,0.34020904487940307,0.37295156214483505,0.43361570818523004,0.42376524409817645,0.3831381793801048,0.3702769133202562,0.44123140477578116,0.4232691331858342,0.36874800956836135,0.38136865925225316,0.38933348477781454,0.4933345862355234,0.3893773754655544,0.3594612847037026,0.34801631163445595,0.42508485742817903,0.4128072159554294,0.390856214557251,0.3349592882962846,0.3868137445855246,0.38930592815108755,0.4464902920328788,0.38623943079850354,0.39347202116068064,0.415705020813069,0.4130305013824648,0.4193657920147774,0.42686652509198497,0.44944366615228903,0.3260157593239488,0.398
0.40094206188136255,0.44770293001411166,0.3318082309514902,0.41603931614580963,0.30910850667959094,0.4076168821690929,0.43878087689348944,0.3303684916172894,0.4041115120101122,0.37199108744519366,0.45652956414854967,0.41826088235976594,0.4266276535832102,0.3676536464240584,0.3734811246070846,0.318233318137941,0.3687532037285675,0.3657660728569749,0.32672815458542365,0.4052505339590415,0.4147246703001763,0.3668745554035531,0.38943700873792964,0.38249403575654234,0.39345706860988744,0.30306310018092636,0.45630523389151195,0.38740651678005783,0.3638722076078884,0.3862192209743259,0.34147711989496854,0.3742822075124226,0.4362455553743925,0.42607807686027094,0.4010834628447908,0.3702807973923912,0.44125696615968274,0.42335521224259687,0.37182879481626957,0.38429611317164275,0.38934759884757075,0.4933576005388622,0.38944760247455684,0.35949154569420766,0.35422806637476467,0.4251699291243949,0.4175718182726959,0.3922085722811429,0.33648859142586834,0.3896762982790213,0.3910780972738366,0.4466042077454002,0.38671952887860245,0.39347368407043193,0.41748016080289724,0.41315479774525155,0.42976470404013345,0.4270292332798926,0.44969667543384717,0.3261707810774023,0.4
0.4017599799297862,0.45399774902585277,0.3318166020832481,0.41958297362102814,0.30966406033939414,0.4076183814702703,0.4466038867686916,0.33079191013756354,0.40504675454630934,0.37228256965054385,0.45655117351478963,0.41870596716916836,0.42939155061740586,0.37035031244382516,0.373761826055824,0.3196483198439676,0.3703753052238948,0.37062250727107926,0.3337145651731225,0.4073342955202135,0.419834678930603,0.36689135313328497,0.3919899937334992,0.38249454884250167,0.3935298391021427,0.3090953394991993,0.45633721628309665,0.3893209167350903,0.36423926529371264,0.39018718878612546,0.3415429099950149,0.3749414728291173,0.44529120110877124,0.42620613212763064,0.40220686946473017,0.37028514145338437,0.4418741570256142,0.423407953985047,0.3765084514002897,0.3857464923280272,0.3905710042088224,0.49704104435670604,0.3903855178373822,0.36006043075564903,0.35430123980165706,0.42815118126333546,0.41826180979857946,0.4006765316252359,0.3380815214312061,0.3942289283548995,0.3943200761418498,0.4523260577207195,0.38673556642561346,0.3958900205717282,0.41748258228235,0.41318969073393724,0.43317918365354746,0.4315459260825261,0.44981397557235603,0.3264034602749405,0.402
0.4022915476364934,0.4543458503391644,0.33184703682837907,0.42162947021029445,0.31149571688535094,0.4076203675466619,0.44748475177049546,0.3308305579306142,0.405241467857698,0.37688610797599836,0.4589210986298877,0.41881312567715473,0.4305612984468206,0.37193856059153013,0.37423469058283565,0.3197005039247441,0.3703784474717234,0.37629447823449047,0.3340631242936558,0.4116383774151808,0.421920511510066,0.36695648458983976,0.3935894986778129,0.3895064942576371,0.39360035963854156,0.31487755295612896,0.45935320882369485,0.38944085763975345,0.3741104236371746,0.39063894032134333,0.34179436038586997,0.3774127013042671,0.4475801540738402,0.42898661194719856,0.4050956732625095,0.3737775057987554,0.445031277663329,0.4234520461486852,0.3765142699510477,0.39013303496052887,0.3928628477241258,0.4985990151682161,0.3903867437268931,0.3608916913677795,0.35481938877606084,0.43080585492752427,0.41864343775817275,0.401076823287372,0.33940978892424545,0.40334728303366707,0.39512705824790967,0.45268086944508096,0.3871323741463725,0.3958907064558896,0.41748455722150923,0.41589794551674975,0.4365517437490939,0.43179476414473883,0.45023832341817716,0.32643581373054176,0.404
0.41216416536194433,0.45732400011547136,0.33564893558197734,0.42897280697746226,0.3159107126074583,0.40766729508019856,0.44748655010045935,0.33954551383270676,0.40532475876900176,0.37966144352974174,0.4601451482426333,0.419119874564896,0.4310881688123655,0.37274349793557543,0.3742420475298486,0.320567645522109,0.37359385497285846,0.3762996524499024,0.33534742998509465,0.4239031425257091,0.4220848478863531,0.3672958964202039,0.3945886111184904,0.38951138844806543,0.39628186260297926,0.315929723614764,0.46541026660108825,0.39362238882157546,0.37415236978370886,0.39148332921412726,0.3418044452660408,0.3815125171574742,0.4488511111020759,0.42914086654611067,0.40534853023572426,0.376386340139743,0.4451334548391638,0.4235910972216996,0.376588004895626,0.3901550529871587,0.3973027218400268,0.5000168050377831,0.3914477125675466,0.3617949355102594,0.3548799850114441,0.4445560536907968,0.4188854836224777,0.40143931779917863,0.3417643806054442,0.41011124090939977,0.3956873705428986,0.4526975791417015,0.3890527583648585,0.39601304540025434,0.4320704634736193,0.42062786670374686,0.43710538966533985,0.43179517031430104,0.45075281653358834,0.33460079474465865,0.406
0.4121980446730195,0.4576065895704539,0.3360558369289619,0.4289845106660456,0.3164491487762249,0.41001438991713673,0.44905368322358447,0.3396685111483768,0.405540400678136,0.3826384931377829,0.46018869730845396,0.41933218643546677,0.4376318213697944,0.3765111733689846,0.37998906093722795,0.3206882914175072,0.3752150380343788,0.3763333205977607,0.34009048352765014,0.4325204995676053,0.42393260942988154,0.3688687212221557,0.3948182851548349,0.38961830361270605,0.3973357484545975,0.3159514230463205,0.46674103957587276,0.3937391272941118,0.3764153331314427,0.39378777452673785,0.34211447521392,0.3836039924522833,0.44951495571096334,0.4291612477763514,0.40648886861621725,0.37927339885355704,0.44775779550275563,0.42371100841454956,0.37733913275108105,0.39086159534663795,0.3978760833084795,0.5014786145428322,0.393450888938786,0.3621242425310946,0.3555041339313252,0.44497441211905475,0.4188888793193519,0.4082951605763469,0.3499919075267575,0.4145954387627912,0.39633410744022474,0.45419912850476857,0.40008588161280767,0.4006693649827741,0.4323105262934735,0.42236364598982856,0.4379758004321727,0.431839758229575,0.4511373453342684,0.3413878161041351,0.40800000000000003
0.412428497479502,0.45861261060168923,0.33646256288265947,0.4290678035228526,0.31916052746811896,0.41026527646265115,0.4492989632135162,0.34437315903520826,0.4058681406192765,0.3826971035499301,0.46211621119706764,0.42170576299475926,0.4379714069856814,0.37655203756770944,0.380366967401052,0.32193025318041163,0.38806707575771937,0.3766456256459391,0.3400905506618254,0.4388529280476805,0.4239526071750678,0.36904743514550264,0.39657844131183045,0.3940630318633562,0.4028778196784825,0.32036470292033975,0.4674053068791813,0.3953552942023855,0.3813077204961706,0.3999244390991597,0.34239323489339857,0.3852761346433221,0.4524951618209064,0.42998472694480594,0.41504315735970543,0.38409516079473743,0.44777854532125927,0.4244497013963727,0.38089202364139046,0.39150629885768207,0.39839328409716984,0.5016714069250968,0.3992642503982917,0.36255666848371976,0.35625898609871187,0.4450704088588481,0.4190735240507342,0.4104951560907699,0.3503817599696434,0.42099533500362407,0.3971593357411144,0.4690609176991336,0.40027478173417236,0.40380028294558085,0.4327907840668766,0.42288630459475646,0.4390561643692659,0.4319011972186069,0.4520063170944544,0.35044972263611734,0.41000000000000003
0.4153023288471418,0.4586720040654681,0.33649217587461067,0.42998951120579554,0.3192932203667366,0.41165333986355584,0.45109643139641664,0.34446895394951527,0.41709920831654507,0.38757334488091616,0.4673200132336359,0.42173519511158186,0.4433246515426527,0.38062382070111195,0.3807100232754542,0.3242354292808435,0.38848115746747747,0.37687388468719624,0.3401994760833648,0.4449925348092182,0.42452738791501776,0.36916410494010243,0.39941006750483177,0.39421010749881347,0.4035059192001679,0.3209298093044844,0.4850679125565007,0.3955302480868882,0.3813231283856481,0.400971157310885,0.3433800150489804,0.385795772732685,0.45258962483174797,0.4324697011769523,0.4153478039319956,0.3850903059468387,0.4528493909840062,0.42638670837696124,0.38091335779648927,0.3926762219102571,0.40032032838070647,0.5018055609656904,0.40263134685213076,0.3626592942288898,0.3568335043725962,0.4452411233161023,0.4222000489890331,0.4105995316496236,0.35539328311767115,0.4240757796236305,0.40085412416967714,0.4691631369810563,0.4011759797592774,0.4059454578338107,0.43359278020363445,0.42289683207114376,0.4421726609378724,0.4319591360697392,0.45669793473438947,0.3511616604765254,0.41200000000000003
0.429272146794823,0.4633048588219764,0.338222847003818,0.430984159054671,0.32004629721883754,0.41170675719259664,0.45113316952036464,0.3546479741113208,0.42039779619193474,0.38813683008020267,0.46776823168193965,0.42210315944489224,0.4439076894811706,0.3825938670553841,0.3817370131690168,0.32453393448472945,0.39482129083987133,0.3814135936918393,0.34069378798510164,0.4460056210359729,0.4273557979292037,0.3694019289273129,0.40278851997841125,0.3942251097625215,0.40371963222549695,0.32387241394995003,0.4851136255243418,0.40023228832080066,0.3814478723524257,0.4022003788266389,0.3433800697204633,0.3870100096712842,0.45928346688497285,0.43565064018135313,0.41683032303192913,0.386891744679813,0.4528526067272769,0.42945943547087484,0.3813683936255916,0.39278165033722867,0.4006228753033312,0.50238428123844,0.4059194630042967,0.36340159939144456,0.3570246001843851,0.44740379659856994,0.426845273632975,0.4117788342761232,0.3555015375209053,0.4245701337393236,0.4010472329921513,0.4726757181845735,0.4018452323218563,0.40708278900290823,0.4358496607221515,0.4279950199742016,0.4470909432921105,0.43226217326600724,0.45953589214277685,0.3581647477315252,0.41400000000000003
0.4306766761992046,0.4633571290086315,0.33959717386723587,0.4386538862460959,0.32244898414034123,0.41466720013096103,0.4552394282977758,0.3633739627527309,0.42058795277644695,0.3955685814407799,0.46953575864743935,0.42246760203579764,0.44391237843896203,0.3857011395741457,0.3842223888548764,0.3261635691207513,0.3949463248118732,0.38277003552448013,0.34098971194665356,0.4555742164698948,0.42787115111443486,0.3705384530038878,0.42406255629554634,0.3942315767087146,0.40471297976893356,0.3238892533176074,0.4881934520162672,0.4084164299795134,0.38334043780488275,0.4024282178253722,0.34490548401484616,0.38789848749962147,0.46000741186959837,0.4469603251713181,0.4190037843074858,0.3905051190776417,0.4531944901302321,0.42952837232275165,0.38286920239733313,0.39438245967563174,0.4012422749281565,0.5033740352438656,0.40777839550119827,0.3661135467448197,0.35754439080285927,0.4584640207951041,0.42753328701347454,0.4118403961278944,0.35558499609323607,0.4256362133493823,0.4010486549202001,0.47680292441653316,0.40536836874922194,0.4071188603404939,0.43585413486500896,0.43115461796040366,0.44797514284690765,0.43240444766184,0.4601605184487786,0.3582556412895126,0.41600000000000004
0.43225627075799306,0.46337410932655054,0.3407462318637491,0.43950900786877933,0.3289438804348015,0.41559545536216724,0.4597800070011134,0.3682811744970408,0.4216636788103641,0.39619868390107565,0.475883084367676,0.42329685693363683,0.4457484885223081,0.3864852813337111,0.38480208537285643,0.3322777100259449,0.39588091380122536,0.38446946192702053,0.34134924529458927,0.45635978543324957,0.4278938827061375,0.3705456474410216,0.42422666040307033,0.39453464026011076,0.4075576886860499,0.32389090926823955,0.48850016871152663,0.4088149349191471,0.38827998198931996,0.4060331596431111,0.34496287164435396,0.38892365201630913,0.46133952772560705,0.44734529055489836,0.42198492573507973,0.41060439467892507,0.4539986346060522,0.4299198476500987,0.3842461695249468,0.3971120190518779,0.4132007572902356,0.5054987761836066,0.40864577762698295,0.367443818913381,0.36544807276482083,0.45920507193299037,0.42822203368599804,0.4125652546377486,0.35968986106710776,0.42563720467078703,0.4022411447815737,0.4804876227184227,0.4159637413974285,0.40941403856533837,0.438047365354605,0.4350378219149536,0.44818065353136044,0.4343910210035492,0.46053141482709753,0.36657967912051703,0.418
0.4325725974116034,0.463704656845715,0.3410345220293766,0.44007410536995245,0.33398057069678283,0.41598584654864346,0.460878200411285,0.36828210832398484,0.4243257560665799,0.3965555306370448,0.4827765864910526,0.42826302873283306,0.4479570340219209,0.3900236665574761,0.38539893881126985,0.33484349867157254,0.39728793272553176,0.38456774906909963,0.34135470764576437,0.45659850284304926,0.4295761499598257,0.37054755922674093,0.42900575852824946,0.3967816973214305,0.40785406190542983,0.32838294273391166,0.48855281843496945,0.41155632842526685,0.3885085868349662,0.4120178488654149,0.346178468774344,0.3893425849682669,0.4691456796925696,0.4473603388031668,0.4230248976697263,0.4109399907306802,0.4540721432959255,0.4299479631580266,0.38577514166451293,0.4004021609803918,0.4135374511520457,0.5087765257098851,0.41360145967868145,0.3700928810661178,0.37185618940918086,0.45969635889688876,0.4282226962187388,0.41280061131339746,0.3601429064545406,0.42858270211920985,0.4022794519746628,0.48416964765835113,0.41660642625123673,0.41127206683425144,0.43887371466546393,0.44310907691590384,0.4482094461839192,0.4344342452796448,0.4629274149217102,0.36660475610320997,0.42
0.4360771387015179,0.4639005571769085,0.3415017567462677,0.4433180232267968,0.33493382830185014,0.4198446365871644,0.46115947248698586,0.3684911192868929,0.4268745436854211,0.39702915038284486,0.48327137602599796,0.4330971787582052,0.4489057707665607,0.3902736651955934,0.38587819991418454,0.3348934394707732,0.39812792608728437,0.3891826478299005,0.34222744465680516,0.4568898648381668,0.4297701281697471,0.37505256704610485,0.43035131712760255,0.3969317568060963,0.40904761412291385,0.32886351526362945,0.49158353173234615,0.4125923546096502,0.389332549825505,0.41951144269904456,0.34638968725945873,0.38937209821914154,0.4696948057695534,0.4475952701539857,0.42312949602818445,0.4109684055162397,0.4546699846739913,0.4300814067542098,0.3861391489325992,0.40230429456398764,0.4165045629753794,0.5157888568975914,0.4163150509718432,0.37074825633817304,0.37609604821881126,0.45979438673004036,0.4290753694613533,0.41776291252496256,0.3604268929356437,0.42858315805815206,0.4029131403206078,0.48419085187435296,0.41792095930722956,0.4117411204411455,0.4391405821098898,0.44453436519191963,0.4482132595115475,0.4348432215724686,0.46318313144223744,0.36671154902243536,0.422
0.4375036777089211,0.4660338655897615,0.3415469662195264,0.44335394390577854,0.3369912635483656,0.4198447015344629,0.4616666450311604,0.36858243123227974,0.4269418121044605,0.39813829793004507,0.4883441596315982,0.43753734636413283,0.4502256031417953,0.3908228947164425,0.3863962984211796,0.3369035712011734,0.3998507828469352,0.39052468142061786,0.34321845106522775,0.461188217041029,0.43029746421676035,0.3751030988710801,0.4305550547516381,0.4009571913425949,0.4197790821808206,0.3302086056698261,0.4919006281343886,0.412758032731291,0.38951505697992017,0.4204081116329286,0.3546924256329912,0.3893732713509348,0.4717730223138597,0.45143096073596645,0.4232290650476171,0.41161782830949767,0.4555929435162402,0.43058730191042177,0.38635851663589793,0.40234008531693893,0.4169611432112209,0.5158721358280974,0.4172254930703269,0.3716226335293166,0.37744387498329357,0.46190133580751447,0.4348854672398801,0.4255235406918988,0.3645305081656403,0.4294256095874426,0.4035511054440312,0.48453655679956026,0.42210137272389736,0.41175445305946434,0.43984098779544784,0.4450189568131598,0.44821652032580206,0.4351169803184329,0.46346565843975196,0.3675313776885856,0.424
0.437811101482215,0.46607586409910123,0.34281486505971814,0.44562646562174646,0.337188073422634,0.41996590908182274,0.4643157045074846,0.37404845872754056,0.4269535285177502,0.39887138660364957,0.48960373281503733,0.4380757927202759,0.45121756921367745,0.3928335300851502,0.38700673455269374,0.3370522366119042,0.4001602787022542,0.39396766594134663,0.3516324767293766,0.46499165826818656,0.4303306942940632,0.37510912281309117,0.43732009567647134,0.400973483518929,0.42420894346096966,0.33159139835519996,0.4923702314486401,0.4158986669990265,0.3924168861642759,0.4214800874903262,0.3677617965018066,0.389390580172837,0.47242330754669315,0.4516419846593077,0.4233020725473729,0.412426573568472,0.457714136880156,0.43192456426630904,0.3863779147195942,0.40251994993556095,0.41696165540004243,0.5185040333243991,0.4178134037853304,0.37289863344533414,0.38878970978547084,0.46197614183407726,0.4390979292721202,0.4323792839256922,0.3645776546497996,0.4297133806473637,0.40457577638229525,0.48540813889811185,0.4247880226239538,0.41773283198599437,0.43998296417068716,0.44822939513674315,0.4530598232391273,0.4358194543869187,0.463466349736581,0.37203480319429444,0.426
0.43863662315533863,0.4766321363428477,0.3437711662161048,0.445950758357945,0.33843847417929235,0.4200126803902067,0.47005651479555516,0.3759983764220084,0.42985580079326,0.40253552293821726,0.4905253720870508,0.43947195852174414,0.4512190530474056,0.392861104134728,0.39662887327781277,0.33733259882294586,0.40778289782009886,0.39400250619566757,0.3516371819828703,0.46558392968522094,0.43034733580799894,0.37510929694387546,0.44564273245649283,0.4021356996036715,0.4242934989868218,0.3333905684496927,0.4925936534172375,0.42384022995743964,0.39418165751060624,0.42148214935311124,0.3689252799120517,0.3912025621295183,0.4748938446751656,0.45173276296963016,0.42334330223494676,0.41584905544516765,0.458030255254816,0.43257406234917684,0.3927289856711362,0.40253663502986226,0.4239449933260958,0.5186700433011521,0.4178382845504619,0.37345879028197376,0.39626599673488433,0.4619773810420088,0.4426648500388865,0.43445383637847773,0.36577878077402276,0.4299732572306042,0.4049537300031542,0.4891044910263033,0.4262775797590685,0.41861142502728643,0.44033234448023517,0.44826259129321694,0.45316408253717994,0.4359088073724949,0.4667928170569859,0.3727945594944318,0.428
0.44253875987652436,0.47811667505077454,0.34547811934429357,0.4495505544763526,0.33863252006504174,0.42003620642867423,0.4732161317996469,0.376096646852496,0.4347462382543685,0.4025365101992324,0.49233118831244665,0.445382803745706,0.45141739681880716,0.3929056919031536,0.3968127160536356,0.33758544208844704,0.40976841337057734,0.39653615460294184,0.3528810248910203,0.4695789901972312,0.4316459555122106,0.3756918497772452,0.44586509425564913,0.4039095959881269,0.42542113505382917,0.3352811410036518,0.49526238397902234,0.4247206885305071,0.39925731925973035,0.4253600396256137,0.36935496144776603,0.39282065181926684,0.4828267231880197,0.4539316109027679,0.42337856208394664,0.42129288267030746,0.4580342226326161,0.43462973538079697,0.3928881652537458,0.4046645891841922,0.42474083932814666,0.527739605379049,0.4186636147106927,0.3762773339360515,0.3990327096024525,0.46246001561398997,0.44266711309746,0.43470608012281164,0.3662657740445008,0.43017317078899125,0.4066331804384239,0.4911107921511108,0.4279559778485385,0.41990255150207423,0.4421149967326881,0.4500111776283953,0.4554542317667099,0.4369505307687197,0.4672358054677714,0.37966834621864265,0.43
0.44258661041766806,0.47821555122872966,0.34557081387886296,0.4501367360973866,0.33864647985548857,0.4230375055418335,0.4732989327077051,0.3790374114867399,0.435373286279109,0.4087121551903951,0.4925153215562941,0.4481214704793761,0.4625663901483593,0.4014103816535377,0.3986188743804219,0.337594991306858,0.4106522212770343,0.401636369136836,0.3535691858501445,0.47051652902278807,0.4344665543471953,0.3832007261493804,0.44591141402600726,0.40502977282107544,0.4368547453724638,0.3369616278225605,0.49827959483871426,0.4293028430203883,0.39939465964909004,0.4253825007801713,0.37056060058600576,0.3977581946486965,0.4831465755810451,0.45518662427641116,0.4246347907169281,0.42320145091706807,0.46615032415412727,0.434629966124859,0.3929015279219119,0.40473173544164837,0.4252367291711737,0.5301083382285466,0.41869876801477657,0.3767127234461839,0.3990718158905441,0.46283273177950374,0.44427697534882366,0.435074500146347,0.3696936372990484,0.43035441351099357,0.4090189904925445,0.4930864751443652,0.42798657237169413,0.4201203188694158,0.4438050794105378,0.4502468253992921,0.4561032375020825,0.43848035305015687,0.4705195703437001,0.38538964320500413,0.432
0.4432671288554629,0.4792309108816321,0.34625916904714915,0.4511835256932731,0.33897234478423766,0.4257800343690339,0.47339994140019714,0.37926371982019974,0.43539747860949335,0.40871277921911564,0.4946357405890003,0.4484901416029883,0.4645814999587354,0.40271435143995465,0.39900214239499643,0.3392821757447343,0.4114852523860285,0.41357101737106094,0.3535761699033933,0.4707429180022646,0.43548389763397033,0.3832314741805637,0.4529951711117904,0.40549205601322297,0.43971694861075017,0.33697254681942695,0.49828038040261335,0.42932126317591274,0.4068393286717317,0.42553429623105526,0.3705742145989746,0.3991993598467419,0.4832424122419615,0.45772334609011317,0.42703198324522995,0.4295800753448501,0.46996819025906394,0.4347555872562127,0.3940448347652714,0.40880608279028,0.4252593690125278,0.5330677688078712,0.42175668757997514,0.38052889815065344,0.4011699405148367,0.4656854356313668,0.45633967005921955,0.43529774270154786,0.369742900227926,0.4329314932831378,0.4090417219799406,0.49855198863250705,0.4362793066013506,0.4216393297919301,0.4539672281055037,0.45079201858155726,0.45840936946596,0.43849282304235887,0.47179423784097346,0.38545866762887576,0.434
0.4493910245064208,0.4793255006572204,0.3472816247475882,0.452965843678973,0.34196475832063844,0.4258695345624097,0.47345340696347266,0.3801189127677521,0.43630361693719855,0.4096945591479957,0.49478895160494013,0.45257815760674175,0.46458823479777683,0.40499255746561563,0.39934572328735934,0.35624288566847173,0.4142956422650229,0.4150178483148561,0.3536088468105028,0.47093346866179797,0.4355216442287984,0.38323155611415766,0.45625823584128494,0.40680886085633833,0.44335368833891786,0.33865257034045526,0.5012268738996624,0.42935447571171703,0.4071626256638107,0.42553474256211815,0.3711028140340243,0.40122826590960786,0.4886127928127829,0.4577266459677427,0.4282333369478767,0.4295932533916631,0.47008213416549977,0.43534238834969446,0.39597075785780816,0.41592039624967647,0.4254288693302323,0.534545341300563,0.4217659011410759,0.3869563182137096,0.4020652142129409,0.47058231568071485,0.4586316229729467,0.43636384970958003,0.3717941550386865,0.4334380188014571,0.4183097911518262,0.5011432004024928,0.43628735789184986,0.4261286816338004,0.45397260728076205,0.45082425828741163,0.45892938971629316,0.4391605373304554,0.48018493954090025,0.3854808818142253,0.436
0.45352735963548124,0.48267233233636725,0.3478038653675907,0.4560379465785667,0.3421024788816797,0.43156468060607234,0.4735216574787248,0.38109483079606754,0.43718456837651937,0.4103755387513067,0.49577435176581197,0.4528918202364637,0.46700937382370467,0.40672875247874846,0.4066366664363233,0.35877150349885195,0.41689641215655165,0.415155223618399,0.35392919758823865,0.4709582168401575,0.43720240267761534,0.38485708963632975,0.4565260693579396,0.4081059849094426,0.4442182031722102,0.3392219412237826,0.5012674912587736,0.4429040256532644,0.41365681113168257,0.429216517256739,0.3711485140509522,0.40173347491418104,0.48908047855314074,0.45847672403141676,0.4308211812898827,0.4315965674508487,0.4754094411558219,0.4356381904191146,0.3962800849019104,0.4178905809956121,0.4256255234526616,0.5393653353309856,0.4272631522646274,0.38736701615087676,0.40457857495454747,0.4716667985499431,0.45866347910141364,0.43750839841991385,0.3743978173963917,0.4449493547960658,0.42127425095803145,0.5015533059947924,0.4373687529515688,0.42614292240342644,0.45707814206330727,0.4508550756227017,0.4652905165912782,0.44136100954942836,0.4859638475476177,0.3854809319498653,0.438
0.45353359462146714,0.48830597265121417,0.3500304577851385,0.45635488730103835,0.34640735381541615,0.4315667187095138,0.47595650064651207,0.38461825447120657,0.43720365382338705,0.4125762792250304,0.49597495629772775,0.4543338276833165,0.47504279961950757,0.4080297425692663,0.4088970436219942,0.3624567220154233,0.41737127206698393,0.41515922245744713,0.35691221096704684,0.47264518765250657,0.4434909942346753,0.3971890434994871,0.46642500290596434,0.40915030983174344,0.4445464232847116,0.3397743897715552,0.5015864259624901,0.44303325788487036,0.41676059552321987,0.4328054609036228,0.3712030628158343,0.4017379901160193,0.48909039409604993,0.4586122616666858,0.43282124457611804,0.4317632706104095,0.47554626952996687,0.43899625874492776,0.3971881492568173,0.4189962827427718,0.43132050392439264,0.5396557339247638,0.4273157933031427,0.3886759292451274,0.4047624310499065,0.4717746264579772,0.46026359069058215,0.4375124358406444,0.3744161372229993,0.4465381180660219,0.42163528802627714,0.501555374714792,0.4405689704548228,0.42631926642083073,0.45770450269987495,0.4508730054364345,0.46537930017728474,0.447946969969971,0.487770986806873,0.38548212734482384,0.44
0.45374912989747934,0.48830925313632495,0.35465608655325515,0.456449237972217,0.34661646434275056,0.4343245988527903,0.47880672678191405,0.3847492736191276,0.43734877540161876,0.4130230177682032,0.49722436890839333,0.4543995754499804,0.4795430128179066,0.4080666493222346,0.4112356143004649,0.36250149347934063,0.42202615685435096,0.4152063141933644,0.3569530324537144,0.4727360077707998,0.44398656288711785,0.39969651496403996,0.47347649577514844,0.40939972243644407,0.4470586120460688,0.3407009323273973,0.5141596453113919,0.44336107732197505,0.417265706197255,0.4378255988016782,0.3712033283856892,0.403058981813117,0.49025906696697275,0.45955445426481834,0.43627998932923484,0.43306138990978277,0.47700025707485866,0.4390494224550263,0.3978725732650256,0.4190201484326134,0.43138613879617727,0.548715143995955,0.4273599544143966,0.3889968476498765,0.4047919305071184,0.4718034227558943,0.4602683550966272,0.4377057100840079,0.3778522707921421,0.4465823329351762,0.4236248293908276,0.5015641271093423,0.4411582208060654,0.4272756390027797,0.46268477437628036,0.4511048511133908,0.4661053826001496,0.44992478373976563,0.4892105228940492,0.38818906406904946,0.442
0.4542459077465493,0.490708938287976,0.3568735317677752,0.456458200078494,0.3472458329772666,0.43585880811298494,0.47919341589722925,0.3851362104743799,0.4373878033409526,0.4146415284823995,0.49722436921017416,0.45444052708761873,0.48260872557720685,0.41070668682055095,0.4115824112181365,0.36326592012748893,0.422346953787756,0.4182722442986412,0.35813145181462486,0.47440719206819,0.4440991981966605,0.4037259328469968,0.48096446400176057,0.4222765346176903,0.44710963841328477,0.3407009384577199,0.5169041286574902,0.4437085407211643,0.41729728934954186,0.4382777989122834,0.3716171517833535,0.40337075353845786,0.49270646198946094,0.4600219818921987,0.43772703029439886,0.43313109811159234,0.4859170731564617,0.4430525327120605,0.39812515261828,0.4192618067341986,0.4325923788607687,0.5487159781330617,0.42736263117792433,0.3963867882403977,0.4048157103502513,0.47206683862175836,0.46194303930763436,0.4392123682801002,0.37831996915899746,0.44681274373091934,0.4334639059040412,0.5016354680004197,0.44145974523427967,0.42778812598932253,0.46642348991005333,0.45611474829667464,0.4686786533135317,0.4509505064016873,0.4927771041208398,0.38886195070359597,0.444
0.455133107131255,0.49071974407377245,0.35698873892070504,0.4584552174954529,0.3472526034634501,0.43635049202017967,0.4881202096859931,0.3851764800135656,0.4375133729915405,0.4156609290685028,0.4983079920258366,0.4591843081667026,0.48666254641809503,0.41140277882197757,0.41360408147595074,0.36391061463666524,0.4230394962343616,0.41843825881082153,0.35969683102658506,0.47937886856185447,0.4443367622672291,0.4053319676252527,0.48198652407238,0.4226165797919885,0.4478254197452068,0.34489387001928734,0.5172765174405551,0.44462041265947283,0.4181773256732791,0.43878322717752805,0.37260724103849835,0.4035462037979277,0.4927454649682586,0.4618534663433008,0.43776667030247013,0.43413189970767097,0.4859988169944305,0.4430591550815537,0.398959548355495,0.4291085827432896,0.43340961659127475,0.5487281451669872,0.4282442305930087,0.3968780902262179,0.40497201489548407,0.47206971941391157,0.4793909367792234,0.4395788120369028,0.3786770636617921,0.447206722704983,0.43389449086508125,0.5016985257323804,0.4427138615129235,0.42778971635270696,0.4665116115924425,0.4592820974596812,0.4733780203209213,0.4550346791577857,0.49305193305534034,0.39328114237849776,0.446
0.45554124767080506,0.49071974437292454,0.3588112595075503,0.46007744697182595,0.3473028494827709,0.4365299165557455,0.4941840454339171,0.38623648491596835,0.4404748193479391,0.41889964407694336,0.5001263601694571,0.4625079570353322,0.49114885936823155,0.41379844986239017,0.41371582488487263,0.3640854522180261,0.42901121526794694,0.4188705395832223,0.359831477379807,0.48045256017120636,0.4444878651508346,0.4053774350369084,0.48794880958013925,0.42702199764033694,0.44927220658180156,0.3461271377206582,0.5196529266672398,0.44464412574393125,0.4184924151847681,0.43878394079419814,0.3729528769223508,0.40639352917657684,0.4961623239417464,0.4757113220607306,0.44001057661565907,0.43547214442053467,0.48600466690565064,0.4434289350204347,0.3992601171823965,0.4292863251408466,0.43864586080236756,0.5494554260209754,0.43427146343471407,0.39690297270941777,0.4105617954950932,0.47207390411886985,0.4807541494833258,0.4406657211645123,0.379769353722086,0.4512262792670214,0.43390727617494484,0.5034629597437954,0.44744377032533467,0.4286873731824061,0.4665136248319692,0.459306537603219,0.47338504979278473,0.4565560038850815,0.4934960810680804,0.398390198942713,0.448
0.45636214139764714,0.4915293866107838,0.36247152361470236,0.46262806575342375,0.3524196473879969,0.44462138145985514,0.494731369665173,0.388486537350775,0.4424628512523757,0.4264883552886522,0.5004029749915073,0.4651189718439487,0.4956094614834723,0.41437041363395244,0.41462042332222043,0.36415317903412403,0.429842215660678,0.41909347446100703,0.3598511931046036,0.48660311309866516,0.44475320615365505,0.40677552857601607,0.4880824849965555,0.42715297044015,0.4510959556106026,0.34624056576545875,0.5196572076402952,0.4459008929042796,0.41849979921738467,0.4437073412327781,0.37295288182589204,0.40639642272606047,0.4969130540299388,0.4816532573441982,0.4417640205075576,0.4364761259950295,0.48813658877566185,0.4484329510707441,0.3992990109016892,0.42985528871046097,0.4391186907929215,0.5506711643476763,0.4363821386646126,0.3973150241042871,0.43190699989022513,0.4720740593211768,0.48075539389031974,0.4407949326840505,0.38009627494342074,0.45225252341544114,0.4350687988463342,0.5037672666030131,0.44800629895088845,0.428781115763419,0.46798796163294704,0.45947442453400156,0.4741677574565871,0.4565616135532252,0.4935675684586688,0.3984101521165928,0.45
0.45875320421101917,0.49385041978865524,0.36257880967808365,0.46362248629409536,0.3545447805394772,0.4461973051202868,0.49802560397252915,0.38889256442741627,0.44844859508507606,0.426512392728877,0.5004829291049988,0.46801643861994136,0.49585918761366315,0.4147134140366435,0.41505740989134615,0.3657644858737,0.4300965383185177,0.4196107533335388,0.3669686845234803,0.4937116082566914,0.44570909819587806,0.408457583113557,0.48901485263693584,0.42925356655429486,0.45267883047666646,0.34721821126520086,0.5318468099355589,0.4462037931885916,0.4232419705534936,0.45259714199709505,0.3759167212982333,0.4064558314519775,0.49691751212824653,0.481990170217255,0.4430275091742625,0.44298068406044666,0.48826657811660923,0.4510707435925421,0.4012957700263211,0.4307242613894973,0.43911871024884314,0.5540194299939244,0.4376442157480197,0.39743396024416716,0.43337824740383285,0.4768681269701927,0.4814632345691281,0.4475353920900492,0.3808056622562582,0.4526312144808389,0.4354419709666559,0.5117499706884757,0.4483424884534869,0.4302644358280385,0.4694552683220548,0.4596678880211398,0.48754677610454933,0.45856114335144865,0.49361828868459784,0.39841096942334714,0.452
0.4652344380189571,0.49630818362151785,0.38617787470384585,0.4637831115603832,0.359057963238365,0.44783686500568326,0.4980993094830455,0.38969810311642156,0.44846492818499156,0.426651690157673,0.5009511121405903,0.4688823286268387,0.4958727313102055,0.4170134461094448,0.42041201080179835,0.3686194671933489,0.43140782536334016,0.4255404820189468,0.36708673805303327,0.49541713436513024,0.4457131732709336,0.4087249909839897,0.48967458747589215,0.4340253255076868,0.46723356391389514,0.3477671585921124,0.5319871440234245,0.4495570708600143,0.4233011229706356,0.4566251073686473,0.3772289195135164,0.4072080294079194,0.49697508027005327,0.4821046140382115,0.448600217564088,0.44299930736293747,0.4916831725512283,0.45109295322047416,0.4017030475554861,0.43073419278955816,0.44726960319438575,0.5597157638070854,0.43995003793101495,0.3974435837731785,0.43350575228477184,0.4808606071884304,0.48324932846653934,0.45060682527605056,0.38152373668517153,0.45317314021160177,0.44010113254688615,0.5119195713366047,0.44834293391155866,0.4302913350348595,0.47180786547458203,0.4609295091395439,0.49021273381227565,0.4593389545173313,0.49965772260872127,0.40151364867962186,0.454
0.4652613337510113,0.49862691681564053,0.3877914766678116,0.4642905002116765,0.35937794402026496,0.4479061386794445,0.4980994554232741,0.3897891618093712,0.450277482574267,0.4280233345029431,0.5010127401573088,0.48149173167948545,0.4969028983996038,0.41845239495775804,0.4213651896682868,0.3688268433856832,0.4353778141231328,0.4277423905383879,0.37018483251839784,0.507026181203226,0.44573462479064835,0.40897656494870566,0.49004712256068417,0.4342509711012825,0.4680468518027586,0.3483851724449883,0.5322059805994689,0.44981873093869496,0.4265881252593685,0.45774139324841184,0.3775411522363263,0.4072326901029308,0.49699060601340456,0.4821140529965288,0.45253310675208475,0.4454401015059185,0.49359318342174785,0.45387153517599077,0.40593955672242005,0.4347470289888015,0.4487181365681694,0.5601946004135985,0.44236704378811015,0.40360172057273397,0.4348298890532919,0.4846899576968874,0.48544822247983194,0.45270933439804256,0.3815995683760261,0.4571426603767713,0.44313091839295216,0.5124189372469665,0.44836435882663217,0.43158340381969174,0.47780494521086986,0.4615253151291999,0.49185594787946385,0.46088744477401655,0.5014909575477424,0.4049112981071054,0.456
0.4655598774568941,0.49954313923681726,0.3884908945802465,0.4643602761947026,0.3614607726769729,0.44820007669272943,0.4989202647821608,0.39787019319537936,0.45648637224553307,0.4283804275129917,0.5010596496462549,0.48348673069511394,0.4975244761673224,0.4185305280379934,0.42153403621651425,0.3698494563841988,0.44113451729615283,0.42989344756081704,0.3706123965857819,0.507773098438932,0.44575779754320055,0.4196619724653585,0.4912539094787114,0.4378254998146325,0.48231211421537473,0.34843723902950674,0.5328477219585775,0.4562707662351512,0.4279709680492049,0.4577746321796467,0.3792822553098375,0.4131839543129694,0.4970586372853284,0.48316261732428234,0.4576296509219454,0.44558127718345863,0.49478238462786694,0.4539310474463391,0.4069112268203756,0.439888197475483,0.45134379673452935,0.5668325533534933,0.44253051878997773,0.40421260517301794,0.4395424541533887,0.48715387546051847,0.48723159385488557,0.45313507673822523,0.3816587019927884,0.45764491161911286,0.4454996160514894,0.512561468029889,0.44875891618804037,0.43166012914803864,0.4820817665976615,0.4629493475034416,0.4959346517834595,0.46292445866880505,0.5055928446361129,0.40543323751494775,0.458
0.46968926184489607,0.5072446968481849,0.39011871457205005,0.4646040998820407,0.36154526198957687,0.44835238096607144,0.5011843446095653,0.3986504812916944,0.45649304696870896,0.42844310112925926,0.5010758071476623,0.4834893889776025,0.4977003919760402,0.418782989923185,0.42469104121341433,0.36993561706472733,0.4422810690891627,0.4320602339323573,0.3707888481504753,0.5112475358687285,0.4490697015898189,0.42054906267223446,0.49127565119702876,0.43782582188930297,0.482683463476551,0.34893830852431124,0.5352158703069044,0.45656045866402967,0.4281665695585721,0.45781319278236837,0.3793033565347434,0.4165740761605327,0.4977469858676847,0.48317845224665595,0.4583515175871803,0.44560051531636513,0.4971195746569693,0.45402323335903777,0.4101581315629751,0.44181757500632424,0.45292230977386677,0.5668421234970074,0.44455779762294756,0.4061099231067997,0.44174164454957765,0.4886059989250935,0.48723486995124055,0.45349680860085845,0.3816627888212429,0.4581305265893523,0.4536787209824559,0.5132054288157902,0.4570901227000224,0.43166272779266285,0.48415096049845413,0.46308399748788126,0.5085633245217397,0.46303577882959074,0.5068714329765824,0.4054595412319228,0.46
0.4769327320866852,0.5091290456128719,0.3902894300487557,0.4650713481704995,0.36656159280238876,0.44914366344113643,0.502378935177888,0.4010001454402083,0.46338853920341094,0.4341936611258065,0.5091786896084545,0.4834923065189467,0.4981109150807154,0.418798501584583,0.42543195760744673,0.3699404030211838,0.44228504987947526,0.4321103813535061,0.37141208293223016,0.5112564590872914,0.44921657224798145,0.42494661984602655,0.49617538656643034,0.4379673539925203,0.48277602674369946,0.3522766633760767,0.5534264389303652,0.4582882630906895,0.428426641982407,0.4578493299183169,0.38422288034623575,0.41712950992521186,0.49798285733331416,0.4992659807556529,0.45853758419402035,0.44588624370913504,0.49796421384530953,0.4546196733793997,0.41058712128564856,0.449259089719537,0.4531813148208458,0.5690989708519385,0.4464216127005603,0.4064375513408534,0.44185607081527606,0.4913487561051549,0.48741900974193075,0.45350856583554455,0.38203024725109164,0.4582172460847283,0.4552808652310347,0.5150087130516943,0.45709025688630883,0.435351240052061,0.4841652132693005,0.46335822237563534,0.5086893141788882,0.46485523610110835,0.5078648673165542,0.4056396792778848,0.462
0.47738806661861116,0.5098183039017167,0.3971284850338342,0.4656134212887984,0.3666021797552477,0.44960793868075827,0.504288896519664,0.40129686821436233,0.4668186001854721,0.4416597264441098,0.5093189090034271,0.48446963899601214,0.4982272394167945,0.4188002779462313,0.42559752720547417,0.3719646630468076,0.44303470367218944,0.43291999943326004,0.3714121722817996,0.5114100805613214,0.4507963330698391,0.4298425878838755,0.5004984489058456,0.43976409103064384,0.484398529536624,0.3533863718156117,0.5536471819320417,0.45859364860478263,0.4308960363807497,0.45797372341301507,0.38796792274043185,0.4172448339580396,0.4982963564569322,0.5000737736563583,0.45956072213452265,0.4482206972019553,0.49825009280305094,0.45466334802557645,0.41140720700201805,0.4493003350548452,0.45949279761252804,0.5698119752289014,0.44940415462488714,0.40944816383243043,0.44407417865272253,0.4913638020438342,0.489883654548654,0.4538439441863125,0.3821381459282595,0.46210536420293746,0.4556326858036401,0.5178621782573777,0.45792728338252503,0.4360970197849777,0.4863593976076116,0.4636861166148053,0.5092724214415695,0.46543147233766147,0.5084453686886166,0.405901177544039,0.464
0.4782525762896519,0.5110222284210375,0.3991258158566748,0.4656578381769992,0.36764103065320747,0.45049963487568895,0.5053097453551965,0.4044384920471027,0.46698602876328693,0.4443403530104486,0.5093507923093029,0.4861318758658329,0.49925582854781947,0.4195855482189901,0.4260339355109414,0.3733806718194858,0.44515513807331114,0.4332718413164723,0.371656562611244,0.515543012952968,0.4508431391026822,0.4301324403192031,0.511654581208527,0.43999682409699137,0.484842605742629,0.35711314649457826,0.553649429183365,0.46070619805651836,0.43237712222041125,0.4599866313109318,0.388412126947385,0.42173041662247823,0.49898319065553826,0.5020319854503176,0.46056497323755435,0.44963257694208736,0.5012004781396667,0.45673649909981096,0.41265073834883814,0.4495067818035917,0.4595896230869496,0.5698319693750964,0.4499773991230063,0.40951906744619365,0.4445270934487119,0.495836700949542,0.49092986183327425,0.4541667794850177,0.38455542772072393,0.4621428109726232,0.45577733078468596,0.5178984229938592,0.45813572008587744,0.436600306030958,0.48816666322749197,0.4638406206805259,0.5114830428040126,0.4681282401866177,0.5217535504305877,0.40604107464546424,0.466
0.4819851952758867,0.5125461753704794,0.4020623412790387,0.46622147100512384,0.36944780132378946,0.45156169135975727,0.5053625485449004,0.4051552474259832,0.46699467157062013,0.44436142671633744,0.5093964820591821,0.4863048755587949,0.4994369684235375,0.42048686252998546,0.4267973386559749,0.37463710008250695,0.44542209249726017,0.43343654010404964,0.37177695091843893,0.5165709273456268,0.4508902605919269,0.43013245580355774,0.514042609629656,0.44000711827448086,0.48922164079527264,0.362166990447527,0.5558435648513279,0.46095197447329256,0.43906214630426965,0.4601372551960745,0.39448393262770787,0.4232251047188625,0.4989913374445409,0.5052350938958478,0.46066406745361393,0.45134411144954933,0.501294973092251,0.45682654318178145,0.4126509602636525,0.45370757411597407,0.468623914061694,0.5707021485688423,0.45027772383102754,0.4098299408282676,0.4504810691587709,0.4994308644029538,0.49145737972893355,0.4551943356430763,0.3848926835248526,0.4700278534721334,0.45656540754169506,0.5179187082076717,0.4585147766960975,0.44050151572313734,0.48829361576842584,0.4667279726647624,0.512665045929237,0.46871657411885376,0.5219306346886265,0.4080425447376304,0.468
0.48256548821304246,0.5134889231171873,0.42015133242635133,0.4670340379343867,0.3722914026783504,0.4569379289260767,0.505402189034274,0.4091202735220611,0.47028493551103734,0.44451153082256634,0.5101953442745599,0.48668510838146795,0.49997341669531264,0.4217232473231362,0.42748107254695794,0.37981693810777,0.44661929213798096,0.4342977918353233,0.3778809837474114,0.5177294417986176,0.4509902516569511,0.4301649068983208,0.5154915556632242,0.4400076961898132,0.48953764845123077,0.37585660245982194,0.5601482458167324,0.4661747626379452,0.4390636623408632,0.461206988211618,0.4011435066362774,0.4232655956174383,0.49968991963823056,0.5062015613227585,0.4616695403830321,0.4514370679049201,0.5026416191106263,0.4574886876643835,0.41270125823362025,0.45482179826844465,0.4686261745761104,0.5707381460722982,0.4511598411081129,0.410007174543576,0.45158134712682685,0.5024261370934652,0.4927813810335301,0.45585592067205233,0.385698120074985,0.47052495518696463,0.45734060942572774,0.5179813281226852,0.4585152442083972,0.44050439086428694,0.48904523802639893,0.46678173039224047,0.5126714868205374,0.47071962225648367,0.524182513825178,0.41333527923028446,0.47000000000000003
0.4833759604855202,0.5150932341120531,0.4201536545776925,0.4701419703548482,0.3729980164446668,0.4569381342638412,0.5054433593167762,0.410165125401135,0.47163877575536356,0.4447446839195713,0.5102351134388166,0.48704363242609194,0.5010246732904269,0.42373407690188675,0.4275802219564943,0.38237030533170113,0.4484141065497069,0.43564210266776177,0.3841785130964196,0.5214851015917533,0.45111783530883565,0.43398338814038684,0.5155548211203307,0.44039162303000545,0.4912565076108988,0.3760208780572392,0.56406789031845,0.46675541671894977,0.439341077770652,0.46195870662384325,0.4028622046929847,0.4282507524418856,0.5000437699854301,0.5062074015616388,0.4625945254890784,0.45289371969257064,0.5027464391009586,0.4595346054274596,0.4132574678855427,0.45489276542896856,0.471157881552791,0.5707935087459479,0.451160038083509,0.4180201123548056,0.4518290319292149,0.5106129235473896,0.49280145015687193,0.4563987719166301,0.3861972619163279,0.4708676964175516,0.4575644595883973,0.5180929291015994,0.4644930137950885,0.4457123915045366,0.489140223702852,0.46844096646174166,0.512687949424783,0.47323864725587167,0.5342504861776612,0.41343797671992455,0.47200000000000003
0.4864682284750351,0.5201568716777395,0.4203615039975485,0.4722300133867096,0.37452641305238954,0.45731543756471965,0.5064120713849116,0.41145925768415004,0.4724537424212964,0.4448421101993714,0.5326150073012026,0.48705548622009187,0.507206324724577,0.425283551609399,0.42766911362490273,0.3824603148746188,0.4490488567159595,0.43581745822554097,0.3842392836611361,0.5269976014999055,0.45149995938149434,0.434657546426275,0.5158448395635371,0.440429084132437,0.4930577613906281,0.3760365380798528,0.5663416427250725,0.4667605823635688,0.44130572293183984,0.46230467716448087,0.4030058477622927,0.42832343690631497,0.5006010896895102,0.5097622070640532,0.4628451636177443,0.4534077839136499,0.5079302015713286,0.464215907807685,0.4139531647331418,0.4590994198834905,0.4751604616409999,0.5715452563245285,0.4581320139477896,0.4185598076026831,0.45514971937534354,0.5111556627131907,0.49311008949014645,0.4575778489744132,0.38866813985027276,0.47193300329400845,0.45758910657786595,0.519321183610175,0.46454398323889073,0.44589529719314225,0.49274155056428925,0.4694554424793907,0.5157703207382794,0.4735939268980784,0.5345580471312338,0.41492309673968747,0.47400000000000003
0.4873183625670255,0.526367916719663,0.4203761523309229,0.4722447663698042,0.37463899575427206,0.4623029231351448,0.506441190155118,0.4163599329751122,0.4749706266364849,0.4502753964013641,0.5326505515628388,0.48713628525562175,0.5075131935452835,0.4259043121126573,0.4283757149636044,0.3835325085461264,0.4492648530029609,0.4361160438186675,0.3843054970304151,0.5271340460676601,0.45166596312266327,0.43468364600036635,0.5162558663486401,0.45197713503601356,0.49359503271027094,0.3760817382296353,0.5664487527590831,0.4668143324772044,0.44138835283359024,0.4674571527350127,0.407949733457802,0.428336862300207,0.5024234082148171,0.5099849715914757,0.46615698786879667,0.45342235520905205,0.5096215898514215,0.47225171877418065,0.4176221558417194,0.46055382137799167,0.47605333205165595,0.5739467878437196,0.4582069989212289,0.4188293838693333,0.4551826624148256,0.511394808136062,0.49327063925257875,0.45759189480185186,0.3887099765586489,0.47212724900561914,0.46133026945550326,0.5243401895959603,0.46711723624423224,0.4471498485160628,0.5056476777587133,0.4736790720651757,0.5164079644640038,0.48419739684743934,0.5348303237506273,0.41664399718754985,0.47600000000000003
0.488223084017642,0.5268727181511824,0.4224004534694207,0.47386146320775735,0.3747394598177656,0.4632085584680484,0.5090986552376705,0.418357659437624,0.4764699164250176,0.45402634947192916,0.5330818437788182,0.4875856100654037,0.5075337831698042,0.4327084184663381,0.4296716938038033,0.38442968679579154,0.4498326479054058,0.43666150250994873,0.38448453869917315,0.5275230025827256,0.45218394566665154,0.43494418639304827,0.5180212132241612,0.45444117369386633,0.49887182542199343,0.37669383465576034,0.5666554093451488,0.4828524556794417,0.441553578509913,0.4728318553281933,0.4079746206117187,0.4297574214641845,0.502719697457694,0.5130018483927639,0.4673851241502166,0.4553348971553049,0.5121870612899881,0.47369798119959905,0.4176225179205541,0.4638927991750221,0.4763079215524426,0.5757444299516944,0.45821097374762154,0.4332978165486313,0.45560055923680604,0.5119943790007362,0.4935011461377742,0.45789548000403496,0.38874674903796935,0.47218677752882754,0.4614709178994418,0.5260335993122507,0.4702039095838668,0.4519526759782912,0.5064231303963662,0.47402894636789566,0.5164836744292398,0.4861351870755248,0.5348922753924487,0.4166483931124736,0.47800000000000004
0.4900861211145398,0.5269637358793992,0.4288331762316817,0.474041684344209,0.3780346421751327,0.46369101457481465,0.509588610665053,0.4188499958913183,0.48012552222314026,0.4658630016677313,0.5332310143848912,0.4875935151556193,0.5077665715960497,0.43484568796551704,0.42981615454266964,0.38718134534262677,0.45029325782855883,0.437092421155136,0.38530347607455784,0.5275799969052842,0.4536910050477115,0.4350578075349901,0.5189271777660749,0.45469134653907944,0.5033152188076079,0.3766938348163843,0.5673737595141871,0.48538963835427307,0.44389060722002033,0.472904208017123,0.40798763013776757,0.43015376376211206,0.5028147282350752,0.5200458882957354,0.4679695906039744,0.4554810720660633,0.5157189633947763,0.47380469370592143,0.4200103344200868,0.46432779831945276,0.4766286565429648,0.5792493401300032,0.4628627051675314,0.43336962153024283,0.45560597562719546,0.5129808061853051,0.4950465869499337,0.45840664573951656,0.390632159117986,0.47264842055224715,0.4662658009654898,0.5264085306637101,0.4702265761226602,0.4519972643324795,0.5082292918966597,0.4744096897637271,0.5258171382958297,0.4863660435754509,0.5360334677960126,0.4167180753374212,0.48
0.4903769270579621,0.5290209284552888,0.4289635016624649,0.4794058172126768,0.3780889701683084,0.4665779773192043,0.5111900007912513,0.41985962415398453,0.48015982484610276,0.46686411740888745,0.5332449204356046,0.48759419758010686,0.5127620544180733,0.43846901268314276,0.42984242104741927,0.3873719822923102,0.45068325805691234,0.43753570486667803,0.38592781331932347,0.5277580932956185,0.45369325726860776,0.4358233899371061,0.5189322361766794,0.4585868346083971,0.505717384311891,0.3808250939683038,0.5717469686540767,0.48542225774303555,0.44583064448648246,0.47302030914434257,0.4095190571405094,0.43015797887299206,0.5028390002975152,0.5200505860626636,0.4720652651857946,0.4561007881293561,0.5160434247619836,0.4738350001515158,0.42027912863729683,0.46636836532133935,0.476629967464295,0.5793605383645193,0.46697404041969154,0.43829452579229466,0.45767116581074657,0.5171622971223401,0.4953689189799236,0.45933238120821884,0.393685568910166,0.47805633013278837,0.4662690196583551,0.5355815427096629,0.4740830800006284,0.45247193603578295,0.5184092662751212,0.4744795318622585,0.528816614695554,0.4930730063783635,0.5360900777437939,0.41738464891079774,0.482
0.4917594491894726,0.5290310628949143,0.4293945323906161,0.4827610219845204,0.3781308498079018,0.4666216507328311,0.5130631025212546,0.4200862141333836,0.48984647697961015,0.4674802033717161,0.5332859732703891,0.4878867781948327,0.5182538666831763,0.43972468730542547,0.43081197501667823,0.38740806103163844,0.4541666804865015,0.437681350247276,0.3864638529870039,0.5279806227027235,0.45375550364260314,0.4359655546058693,0.529529026295288,0.4607776445267085,0.5057540645128765,0.38083403369214086,0.5718556408546938,0.48616139601231095,0.4460302619192848,0.47315839869708715,0.415166198856391,0.4308252319077303,0.5031545771902315,0.5237660184385379,0.4756128394556288,0.45704972989941345,0.5163232322648322,0.47522099682700103,0.42069180476111223,0.46651428205051226,0.4773355496015778,0.580134906649243,0.4683918002354491,0.4424403193571927,0.45816674294773424,0.5176361620544737,0.49602846125796735,0.4597514598184804,0.3939138370460128,0.4780807161853562,0.47233554186027876,0.5355874191386102,0.4765579739278043,0.45250201989147304,0.5213548612637653,0.4744795777651885,0.5322068032800932,0.4943681532979659,0.5438422319323176,0.41825676604196,0.484
0.49552417965907625,0.5308280010235722,0.4308193522025903,0.4830266269580927,0.37815481452673994,0.4685179973316158,0.5134442417225726,0.42299199096136386,0.49196169467000644,0.46896102808103196,0.53635604586786,0.4891438644413855,0.518262613117082,0.4398448159134375,0.43537833979047724,0.3879826397555411,0.4542231142793453,0.43850897646104003,0.3868707442215227,0.5318865517932373,0.45862667592385264,0.4369589766484231,0.5297050275064253,0.4621465835561608,0.5057748007338012,0.3823405156562469,0.5726391647061839,0.4861764814094356,0.44771421764956115,0.47431129178144454,0.4174353001872351,0.4311272319415085,0.5031631840285713,0.5238998582060126,0.4784851223761281,0.45816772142113366,0.51633228967707,0.47902572750535755,0.43212337244595905,0.4666946145858816,0.4778084464111036,0.5807781143000976,0.4700539116956807,0.44283209611944596,0.4620448668674528,0.5182626514532324,0.49756999117550454,0.4631035480331865,0.39778658875717904,0.48121163378948745,0.4782825619342575,0.5413501319122528,0.4765652827733841,0.45409552550480053,0.5246418211383836,0.47726203578034926,0.5353971057794219,0.4984651650713481,0.5445365191979924,0.4200113953989875,0.486
0.4973618973332554,0.5314450394917773,0.43378079387577073,0.4842398454911706,0.37899572258171005,0.47126664254476625,0.5164861150917215,0.42324227832842476,0.4965189187580112,0.469243873692534,0.5380429323970579,0.4902784650042858,0.5190654922829331,0.4437267442290764,0.43614206153998225,0.3885904432959977,0.45722884985470724,0.4385187951306513,0.38715572132001697,0.5319200098427661,0.45994925503654727,0.4485357039644276,0.5307481016528801,0.4633189834457507,0.5103009355876782,0.38750554392630276,0.5748032116080356,0.4866829663132099,0.45409739726039294,0.4756474516083936,0.41876156641977547,0.43207224721896914,0.5065628881584961,0.5255357246077814,0.48878148125785587,0.4583391531378754,0.5169231777593769,0.47993256418903707,0.4321772290700285,0.46956126034182677,0.47850231333809723,0.5842697261857948,0.4700541395565694,0.44288865905739394,0.4634058688238224,0.5193439796450641,0.49764004947212886,0.46376211415742674,0.39795059101322705,0.49127842105769565,0.4784298240817949,0.5419775981703951,0.47657924269595076,0.4543483953112344,0.5286714091166801,0.48261842989044734,0.5378612431959982,0.5001435973845286,0.5450446321798811,0.42270199748765347,0.488
0.4982124445118271,0.5314451498507929,0.4339013271802036,0.4843266331107554,0.3815679281090021,0.4739040994167665,0.51712159454549,0.4235824892867184,0.49669879481077245,0.4695947966069797,0.539120005351313,0.4937720901546225,0.521514345960827,0.447922628824193,0.4362059532141571,0.39705312429329026,0.45723699723747774,0.4387856044231591,0.3877984646038019,0.5320115826634374,0.4608447819002905,0.44854038667419927,0.5308177186881768,0.47390849984760697,0.5103018351491353,0.3875447052424247,0.5781953709268826,0.48689442481298795,0.45895269123324045,0.47763826039916185,0.41886395697164996,0.43792275562593097,0.5076642026571063,0.5255357306046553,0.48886744372804236,0.4589308665635401,0.5170756796545224,0.4799325821669183,0.4373347335453895,0.47032012735844303,0.47879492012360764,0.5842711931454898,0.4702743839303949,0.44296476537252644,0.4766091377932873,0.5193777298945389,0.5011756641834176,0.46413690541828945,0.39871954296812523,0.49450543769768995,0.47843178030558603,0.5420472737491644,0.47663572432734885,0.45564770268313753,0.5306825098772537,0.48286067772894525,0.538060800380731,0.5067052872926905,0.5451913463646251,0.42592698743407836,0.49
0.49863502814371663,0.5344686911205111,0.43502416214082434,0.48433537294056894,0.3845724502657988,0.4745334920858097,0.5179739869442973,0.4270650106724357,0.49684253465618033,0.46976898441751797,0.539253253010785,0.4951863602349383,0.5234304019606106,0.4486540945958127,0.43726967105721165,0.3975480765297023,0.45795817171730174,0.4388782177579821,0.3878003780453505,0.5320201849470884,0.46171908206822176,0.44884090162534596,0.53554636449953,0.474177613641231,0.5103024542886685,0.387552676778702,0.5783337253114426,0.487058414503237,0.45993437705006784,0.4787289590425131,0.41904437835757297,0.4450714437490007,0.5094403698157186,0.525963898445631,0.49089783191798264,0.45919429881331736,0.518637981587286,0.4799480409285337,0.43965755649136706,0.47100279503889164,0.48038344716246895,0.5842855974085559,0.47087637577309294,0.4451627735037145,0.478860510353931,0.5193806640336041,0.5130465060333074,0.4657945260159395,0.39930233452282954,0.4971156382120118,0.48049547748103666,0.5427446761685341,0.4777604451604029,0.4558518019801868,0.5306832304697572,0.48344057525828243,0.5532724824601157,0.5076963359386063,0.5455059435511779,0.42593046968147813,0.492
0.4997879049762021,0.536293229153507,0.4389113608817417,0.49276976630845876,0.38510637330600805,0.4746188937433865,0.5180187534748678,0.42921523675411977,0.4975195774417218,0.47057537088569507,0.5398862913391197,0.4959382279491842,0.5237866370452695,0.4537632957148927,0.4407935874380022,0.4017042736265417,0.4581358973338918,0.4504246496398488,0.3909446242072833,0.5364798849601872,0.461790702366053,0.4488598713048851,0.5356677372547745,0.4742873448597612,0.511694298715899,0.3875652984376597,0.5792918205130057,0.4970791115441263,0.46288334674595516,0.4811469207482266,0.42541721974080365,0.44550892539509374,0.5094420527070191,0.5268110517229215,0.4913656995971725,0.4592913203012096,0.5189386128162866,0.48044086935900787,0.4417373135977644,0.47174480721104894,0.4804092607814947,0.5930289194699224,0.4714055921848783,0.44600619389187424,0.4788771974384589,0.5242754053746422,0.5187978508659966,0.466606084877362,0.3994657716544688,0.4972340582564913,0.4923337844879227,0.5440059342721599,0.4784335395506655,0.45585358851476365,0.5306950881602134,0.4837620664513715,0.5605836058583916,0.5083093327114556,0.5464438771735067,0.42627683554012075,0.494
0.5010014463504491,0.5363097448983803,0.4396354789608109,0.49389216621710597,0.3851120415720181,0.47811716354057293,0.5180392975142505,0.42927147223286577,0.5019016585522105,0.4718653120082256,0.5446983958647844,0.496014243024021,0.5278996257737067,0.45701755625463103,0.4407935997169022,0.4030515792044996,0.45815351737985416,0.450438700151303,0.3979882742192754,0.5366743113236871,0.4632352937736458,0.4489421483989293,0.537415669639133,0.4836345284117924,0.5117337228204802,0.3876454061998891,0.579668175324865,0.500592572674838,0.4633559405368381,0.48116595452872546,0.42544908047930236,0.44556693428803423,0.5103700020778329,0.527636871624422,0.49214545049286307,0.459298099010911,0.5194113200071176,0.4827027458821045,0.44549917791670623,0.47337686973788057,0.4872344659179183,0.5962889086549991,0.4738176543387159,0.4467447628793357,0.4797598053787036,0.5293966826195339,0.5190118800158458,0.46681865015770646,0.39953528848653774,0.506656552976664,0.49358116804780044,0.5442938915732837,0.47843521588970533,0.4601688907316856,0.5307470300975027,0.4850490333198512,0.5616687189470984,0.5090930241394354,0.5473769960650767,0.42656719325265835,0.496
0.5019959493365374,0.5363216040185449,0.4433807898479539,0.4941231290003463,0.38514735567888675,0.4847587391030374,0.5183526726899421,0.4301678365248693,0.5025109948091878,0.4719964290736718,0.549055970812948,0.49620989978666913,0.5281017462120253,0.45884042772289235,0.4409065398628364,0.40368469998787626,0.4585270279541537,0.45201972414073927,0.3981061043862888,0.5369720169203656,0.4643797648874639,0.44966487214914547,0.5426617511443177,0.48430693353706367,0.5122175359609088,0.38824524954718,0.585644099110433,0.5022971232216475,0.4690969882176718,0.4868873615186834,0.4258137363964824,0.4459383603808431,0.5125894595679832,0.5307674638071738,0.49438473145218886,0.4621989659963036,0.5214383488847751,0.4827030191698583,0.4490557558491619,0.4765307749142423,0.48724478110470043,0.5963146500368735,0.48011900301372645,0.4492705558752861,0.48106017706488224,0.5298952034676614,0.5190677026211767,0.467087344123649,0.40516042078966225,0.5067334202122615,0.4936325660051145,0.5477560534492927,0.4815820096899481,0.4601871816786715,0.5322960354053557,0.4884904675057655,0.5654568723724823,0.5109817572880249,0.5480314639022521,0.42666249802418543,0.498
0.5046448256492967,0.5370744142906416,0.44622806978547697,0.4966002374065072,0.3914981544264103,0.4890086911227028,0.5240630939285821,0.4332954377041932,0.5035884746814688,0.47221523017024014,0.553001806471815,0.499978125667016,0.5281041775932803,0.46517873901789614,0.4410156857938323,0.40543801350135034,0.458968733795364,0.4639713821306131,0.398177976434816,0.5388489667819911,0.46458581784350994,0.4516764458968307,0.5431552834711696,0.4857759632679659,0.5123062391801491,0.3920090849262539,0.5857206997696414,0.5026201629667836,0.469225843011898,0.4881436694124037,0.4277048355242008,0.4463345764960496,0.5168907325483145,0.5321769119832063,0.49439059627760773,0.4629370704277051,0.5214693622930917,0.48500551625750477,0.4509893399945781,0.48900113842855397,0.4891078446075028,0.5963146800399879,0.4835479223100182,0.45049134682007264,0.4828427985418641,0.5319200195659487,0.5192491654542202,0.47053078273044013,0.4052079040078976,0.5076812105789577,0.5014639899529652,0.5481211405474333,0.48270009578145634,0.4608910497737785,0.5329907361006333,0.48997394115867016,0.5658225087018094,0.5116946365657584,0.5481379877022722,0.4266852564251336,0.5
0.5046799043711204,0.5386629029082642,0.4483126473003132,0.49672406206450853,0.39166873997128926,0.49644750298693807,0.5241318633158331,0.4339722223538451,0.5038105835677761,0.4742351536089022,0.5537171577364497,0.5111420775528015,0.5362850366707306,0.46642341041281143,0.4423170524437345,0.4055723905267783,0.46310521216718636,0.46448186893095,0.39880271873422674,0.5388601256307984,0.46626360356169677,0.45169255029627486,0.5481775435187044,0.48579264874487077,0.5123106115248236,0.39413630681047795,0.5884035067687677,0.502784087979837,0.4693131710313614,0.49041770689534653,0.4277609397262304,0.44847102949400186,0.5169929060562976,0.533160066828292,0.49700525229122416,0.4632526595164602,0.523358977629553,0.48500554107531824,0.45116639672368875,0.4891882761457425,0.48920886979258105,0.5973623160239048,0.4841274318620966,0.45068588797942083,0.4891697017181562,0.5321655700134466,0.5235456467259305,0.47087588893810817,0.4098710685288897,0.5126580668262423,0.5015544602938723,0.5482838247888344,0.4828463991182149,0.462214894222722,0.5330645797685661,0.4931803016585765,0.5697561737508713,0.5123280086785847,0.5525077434265614,0.42695198002531176,0.502
0.5047041962646339,0.545406968736133,0.4483302203798719,0.4967879669248482,0.3923920969766378,0.5005490785493446,0.5256929339321409,0.4347086108980808,0.5046311077496246,0.4752376861161225,0.5541358800569833,0.5120101097633688,0.5370106504878461,0.4701857003671035,0.4474823700625057,0.425325513633922,0.4645092656647196,0.4647663065072205,0.39949670553807376,0.5389585052355262,0.46700781999087615,0.45396048222265906,0.5481942123348864,0.48603282475955745,0.5156090674237171,0.3947324123716218,0.5903921287539442,0.5109439421497743,0.47072997750098633,0.4979181450177807,0.4277995483491275,0.44894167165064447,0.5170211280973156,0.5334731289524103,0.4975897874660135,0.4662524277468553,0.5244267947632244,0.49070021961381144,0.45240546366288165,0.49213532883267713,0.48921620486170825,0.5976344795211864,0.4841532696235996,0.4512546408559457,0.49042230674609005,0.5328319080316688,0.5236401157131151,0.4716588493395144,0.411102717090506,0.5135942608002089,0.5033794304418981,0.5483657957300164,0.48720325695439937,0.4624726313360297,0.5446239997550563,0.5056103085060368,0.5697588190401438,0.512359052051406,0.5525077760586374,0.42776352780217997,0.504
0.507536797741147,0.551569940219512,0.4483876058277015,0.4971051215654022,0.39322604100172753,0.5041426952643564,0.5265854738531334,0.4450005434182349,0.5049901082091268,0.4788025760472917,0.5570597238162134,0.5134561824316756,0.5376808711157758,0.4715873459666078,0.4483968600632202,0.4263293596381421,0.4675452036763231,0.4660340095653404,0.4024996272742739,0.5403909847502348,0.469885654327084,0.46038895942984753,0.5539539704734464,0.5013430378686884,0.518285622045283,0.3947327220752665,0.5960876666721594,0.5115909431331731,0.47102951998919795,0.49796257759832724,0.4278001304319763,0.4489757817414171,0.517186114075749,0.5349030854194493,0.4975908466575952,0.4663479412340359,0.5272981899209628,0.49098452740146153,0.45255861936280867,0.4940308002617839,0.4901095604077875,0.597844292651251,0.4892126486359959,0.45963989710686554,0.49240115397011536,0.5332405378886039,0.5237250001207994,0.47288160860174794,0.4116686244931988,0.5138582869293701,0.5037288131670875,0.5540759168633952,0.48725181839323084,0.46344211956660036,0.5446845054711831,0.5056436594262078,0.5712282716069716,0.5138822616287613,0.5531079921778642,0.4340997702521108,0.506
0.5080390653334399,0.5545230563859074,0.44849240128515394,0.5000885574282935,0.39569572744613507,0.5079129324456807,0.5272320502635005,0.44501340575932274,0.5081600790386707,0.47943982193640583,0.5666217067740172,0.5135213919134852,0.5377678608278597,0.4809533197868114,0.4510335052291215,0.42659862510654734,0.4742282680343126,0.4660346204654329,0.4047071988463919,0.5404869887048994,0.47067352847702765,0.4667990609227483,0.5576987113870654,0.5055413409825245,0.5186684514229988,0.39475959167319885,0.5979163912188582,0.5116111959845142,0.4731117862681096,0.4980335673825836,0.4285815172951183,0.45107793978179034,0.517860182108982,0.5349032322257122,0.5038332995567397,0.4683802804193156,0.5471232643482898,0.4909882346141237,0.4563134156290871,0.4942631091266838,0.49410296388804936,0.6021937413630049,0.4911693383246736,0.4656814263747866,0.4924162278209016,0.5404522898534542,0.5300297259493769,0.4810202387883647,0.412869110167372,0.5169835545964241,0.5037494774173106,0.5554786156194654,0.4903394933337402,0.4667315752377966,0.5454053119883988,0.5085758300204567,0.5714010503053676,0.5219660555832983,0.5532813556424078,0.43611178250954324,0.508
0.5105178401540247,0.5632237960141675,0.44850250549641396,0.5000914345117948,0.39980299470645164,0.5099569486685637,0.5283185002949596,0.44815821074275014,0.5086002487988001,0.4804570140307535,0.5671205575317868,0.5146457686439605,0.53779118551849,0.48322433563254213,0.45107757337431004,0.42669028177589885,0.4823989179333462,0.46681104430878273,0.40493033128065054,0.546843420067513,0.473283583068382,0.46853931467602133,0.5578580305127343,0.5096175201626445,0.5229800785130833,0.39553525673168166,0.5998184589836363,0.5156950031693417,0.4741768113342337,0.5053683081151902,0.4287467762789742,0.45520890406405523,0.5182867871513477,0.5394623938132863,0.503849289293359,0.4702286168213897,0.5488777342055554,0.49193494864481685,0.4572473739032845,0.4947260578286515,0.497149896509693,0.6025067888455125,0.49202007135058845,0.46636430395220535,0.4977585706360265,0.5409647524905251,0.531460689783596,0.48102927832045833,0.4128988553927607,0.5199639678721544,0.5100505087073928,0.566238696294819,0.49188613535091635,0.46847960428455626,0.5454276392236944,0.5158016224983735,0.5714952593111572,0.5219679273799387,0.553524285011518,0.4366063968714568,0.51
0.5106162575316117,0.5637094815069277,0.4533311767187621,0.5001014121457181,0.41100377378850234,0.5101833834427567,0.5304820153210559,0.4485830321482615,0.5101617671813973,0.48051078574169087,0.5672204177401646,0.5147037577021822,0.5397931720247107,0.48376627965309493,0.4511084952649346,0.4336701647859267,0.48292949561049253,0.47422157048181396,0.40507187060478456,0.5468961606694341,0.4781738329102078,0.46883320989967564,0.5579870409424722,0.5100630597093809,0.5239680184817801,0.39593588872442315,0.6003165443893477,0.515795196212098,0.47422722268727363,0.5071287291951175,0.42911710185281404,0.4602062613600731,0.5188821899754412,0.5395544588437272,0.5042334755716517,0.4713871094552751,0.550530696362296,0.4922909637211945,0.4615337916831516,0.4960057263017739,0.501579157872926,0.6076419450752326,0.49202178802016205,0.4670264363782907,0.5025887262068924,0.5435047986236098,0.5316741196137502,0.4828482084513211,0.4131034628950928,0.5206108750442805,0.5102347995349225,0.5686106146515464,0.4964307850488132,0.46957015994632867,0.5454748286777368,0.5221885150864359,0.5758787355158299,0.523144388032746,0.5557741286199408,0.43810266293525946,0.512
0.5111713217435017,0.5639889071633278,0.4570137719051092,0.5003100348721368,0.4125837773447197,0.5102192083896222,0.5304968461616333,0.4503328930230867,0.5105154147270226,0.4806833169024607,0.5702656756279293,0.5203407803312764,0.5418404807743423,0.4858313996457787,0.45462778773910617,0.43384659463491726,0.48912022606312733,0.4782513450190309,0.4052480382621973,0.5471839665832409,0.4791759630292994,0.47018371914719986,0.5582063013826533,0.5166124102498663,0.524148898846893,0.39648181665744936,0.6049366246202896,0.5315304128227117,0.475034050917765,0.507383802342841,0.43026802207252784,0.46036047784065404,0.5248733076323949,0.5396225331440152,0.505962084680779,0.4716472809690487,0.5506164380651051,0.4926746256595146,0.4616287177061995,0.4965388005581916,0.5020219416279874,0.6108160414959971,0.49211397982856636,0.4672982454241955,0.5073350048367867,0.5435307178487361,0.5316808009416042,0.4855472843002277,0.4185062403751737,0.5239438719709654,0.5122384325340061,0.5689829123221372,0.497813512659843,0.4696532434272596,0.5600796752991455,0.5223891993965962,0.5798218669412338,0.5243428076924144,0.5584324481003302,0.4388590141288387,0.514
0.5157401292472457,0.5667444881686695,0.4690727238504773,0.5057018285015681,0.4137601368316565,0.5107125538379332,0.5310534810865783,0.4511483448435524,0.5125181492455668,0.4811769342356189,0.5704923797812842,0.5213254007875425,0.5436437734848614,0.4911134176249429,0.4553352068802074,0.4355836613077634,0.5058084193327395,0.47825678484602235,0.4063344679415267,0.5472931148485294,0.4819290867394178,0.47107623468711796,0.5588541600620359,0.5199348781945339,0.5261222564927158,0.39650527177781775,0.604947958288009,0.5396560731465497,0.4751009178662601,0.5077444385652354,0.4332418684672713,0.4630147881740895,0.5345012533170554,0.540644583309246,0.5059636380110916,0.476266319594253,0.5543291882229434,0.49389516776951536,0.46588406879947414,0.4968914336382698,0.502260735743919,0.6117765363102716,0.4927492336461666,0.46800288857083794,0.510301977600286,0.5447024816805005,0.5323614351449524,0.4856173805805357,0.42663608564151223,0.5284397588414039,0.5130563373902762,0.5693140957441157,0.5091802223091134,0.48156549391171966,0.5600818308234687,0.5229053285592501,0.5814998741660796,0.5249165238548421,0.5603770334311368,0.43985897884888525,0.516
0.5173287855828976,0.5731958187855867,0.46958147927707006,0.5067393695897953,0.41410193737697415,0.5140417610656812,0.5332485740998848,0.4558128579447338,0.5149050793398393,0.48241569648525817,0.5705588811191039,0.5215378963619026,0.550356456264599,0.497412097573905,0.45581028914522703,0.4396356641848939,0.5061188857328998,0.4782591575670708,0.4065884241927112,0.5515061666661952,0.4846042018598519,0.4712517737176522,0.5645180291129377,0.5199902574929386,0.5271264268547037,0.3995290886752588,0.6098263582145003,0.5441546358027014,0.4751009487669873,0.5080392259718758,0.4333538712670958,0.4663603543814884,0.5345296440994582,0.5412847259383843,0.5067392611758507,0.47723550216059096,0.5619136672448266,0.49563813332819545,0.467947996560535,0.4969010095992602,0.5023847252094406,0.6131688084813163,0.4935757915196978,0.4688999077212938,0.5104649823630044,0.5449717590812094,0.5323700139972426,0.48566763034781163,0.42942381535269836,0.528440293466872,0.5138360800931234,0.5696950688146792,0.5154844826389047,0.4853006306771805,0.5629593073785728,0.5229526737784713,0.5816166125142828,0.5300376780415479,0.5605175237614612,0.4398974821786735,0.518
0.5175052002647099,0.5735773592626948,0.4724083503416433,0.5070474458471659,0.414740887487476,0.5149734185213279,0.5341105579972787,0.4571204490766624,0.5171799505232046,0.4831109039918959,0.5707243990546769,0.5286379439548139,0.5620711298975342,0.5004985850316076,0.4558265914820608,0.4434023260035765,0.5061236931608243,0.4782984245447756,0.40700749902247974,0.5562237668023007,0.48527107034061745,0.47129333351982067,0.5645196922881045,0.5212078705283898,0.5284731447781988,0.40217487616619163,0.6119217596280478,0.5457244815237382,0.4768961485962569,0.5117847727349661,0.4337225452175406,0.46944254019490766,0.5464100353811019,0.5420412798792682,0.5069573284920396,0.47945442226267193,0.5621787527177003,0.49796957085379806,0.4706388907300464,0.5036739561108977,0.5065299735877202,0.6134310272911766,0.4948672111941546,0.47001914561794295,0.5120699684280148,0.5452426149784362,0.5399784646657929,0.4856683961002373,0.43152735659276525,0.5288998330125105,0.5140996050990086,0.571691515965812,0.5157504516542242,0.4912087079008949,0.5649840024191765,0.5408545628833994,0.5857067182902996,0.5301200141009741,0.5608941521850559,0.44486372413633524,0.52
0.5176340711010382,0.5739898436951856,0.4768535712355949,0.5142917159128622,0.4181562582109132,0.5188594290569706,0.536154246122757,0.4634805000652674,0.5179713955927303,0.48378463752373513,0.5710672105702563,0.5292612463413138,0.5670030194081745,0.5030163838397832,0.45852918042591007,0.44348543965734,0.5066830525839002,0.47830191295620716,0.4214921897525027,0.5588385189996576,0.4869963919803662,0.4764578543026089,0.568529625026211,0.5212771000663752,0.5319799628666265,0.4023042268760838,0.6133619595697455,0.5533243685151534,0.47754177993201474,0.5149376725631318,0.43379493838741956,0.4699302847736702,0.5514256274903722,0.542669141012356,0.5085663670212457,0.47991257767183637,0.5648317922335686,0.5025970620206125,0.4738212238994358,0.506542868885349,0.5100639270852172,0.6136348906560466,0.4990399450214578,0.4711362531020768,0.5122036351669086,0.5472943078351116,0.5446454807071323,0.48586218632898387,0.43154638378273835,0.5392839844569879,0.5152404945014339,0.5717610454211689,0.5164570069730835,0.4914005894522305,0.5652679959631322,0.5410826370941451,0.5858579312449325,0.5338224990501574,0.5610046374924118,0.4458589300937408,0.522
0.5181258326319205,0.5739936607664818,0.48566867253090484,0.5156824464187197,0.4200233570857316,0.5191589201630112,0.5364202312042048,0.4657557774929092,0.5202437466740926,0.485731670368892,0.5809633710913293,0.5298953647730321,0.567018135647162,0.5031568249997881,0.45992185855411516,0.4442804371171847,0.5079014205464449,0.4783558212727741,0.4257707256845137,0.559075598320686,0.4874823148349918,0.4767105931469867,0.5685528728655097,0.5213264885955716,0.5321182204369596,0.4085263409840707,0.6133749309656352,0.554070284470432,0.4777581946539948,0.5149812823005812,0.438574049071961,0.474912988940488,0.5537418918688637,0.5430375276499968,0.5086120351087795,0.4800337550595348,0.5734348838941444,0.506312600456632,0.47729640981911176,0.5076000174500893,0.5112084277687171,0.6179725828950058,0.49916850601017887,0.4746727638520643,0.5141392075217865,0.5517407631831713,0.5449367882747672,0.4859426463362003,0.43193427238401194,0.5395608083868177,0.5160027521143647,0.5728290209573819,0.5195557293697225,0.4922117660581718,0.5654370930683672,0.5450745979038372,0.5860770109276008,0.5340755542651136,0.5613570471271814,0.4506564105606176,0.524
0.5194188389866491,0.578084429307871,0.4857710282492808,0.5174307661319338,0.4301243482459664,0.5191595946085102,0.5364672805183525,0.47150386868105393,0.5227368463985296,0.48593245658624046,0.5836408959603676,0.5300801395708507,0.5673243436307126,0.5032091949857921,0.4607879768170249,0.4450837310651626,0.5079239456560131,0.4861905700435884,0.4257733426430823,0.5591436425123422,0.487959090472075,0.4794541731240632,0.5687009984375437,0.5213933120967696,0.5330432217685288,0.4087440529281818,0.6141688452485651,0.5540746256164986,0.47776861445771796,0.5150929165486027,0.43891812234912797,0.47540049104042065,0.5541265652031176,0.5478456288900143,0.5095174503075166,0.4884249102074395,0.5738905666900346,0.5074450773604063,0.47765123643660395,0.508155125488154,0.5126048829039376,0.6327272416381383,0.500383516951447,0.47915821868692726,0.5143724899360576,0.5518032935628996,0.5461159219491396,0.4861760660590543,0.4329257752898343,0.5401361020989699,0.5160098466589601,0.573144205388885,0.519636064031779,0.49286227541131417,0.5654754448346873,0.5466482250414096,0.5862740027616504,0.5344245293341535,0.5624042350134394,0.45340237749225937,0.526
0.5206969622032619,0.578324642266676,0.48611413904441203,0.5181404368775981,0.43608834238267696,0.5200217907476005,0.5418884486561741,0.477935480784459,0.5237973767669866,0.48596054014950973,0.5844323776266688,0.5324104511952755,0.5679482516971622,0.5045764459616787,0.46662420690588075,0.44554003690777266,0.5081399474283711,0.4861957427687474,0.4271416516247796,0.561593915796996,0.4880312802624442,0.48345344517400013,0.5691234232492454,0.5305716695778531,0.5338306925125078,0.4089892039617604,0.6190535239752483,0.5540995258584581,0.48092575066504334,0.5164645024859468,0.4390697474097524,0.4788647913557392,0.5546335892600389,0.5479087955530015,0.5158118017946612,0.4968625248003937,0.5794141031494807,0.5080646570034417,0.47898271745075727,0.508913453804626,0.5154134753650745,0.6329713191343745,0.5026059684063341,0.4793947015626908,0.519871665838244,0.5549472945666668,0.5471702828277253,0.48747820751576143,0.43500728328012084,0.5502597463841263,0.5164232759252818,0.576653390832343,0.5201978918611486,0.49351298030125684,0.5681939655741972,0.5471916257829468,0.5863894986315569,0.5355518205319186,0.562406089660121,0.46862545358567853,0.528
0.5258822179552689,0.5785432654497338,0.48617480690792764,0.5217903586728267,0.4377459936752828,0.5235510681791204,0.5419991157039558,0.47819387291523857,0.5270253265354077,0.48743835523179924,0.5849389286420602,0.5364099462731259,0.5681584646952784,0.5076639967546129,0.4779371176716276,0.445592862304607,0.5209963932543469,0.4884760052852139,0.43009400460408065,0.561833602081994,0.48883682247975074,0.48834459593453544,0.5705638971610957,0.530812769289557,0.5373474993296771,0.40954998592071823,0.6194109943095808,0.5548208251769858,0.4824423224385748,0.5167027960792195,0.4454767147131913,0.47920890464924054,0.5577058393646062,0.5482818752505785,0.5168766436843207,0.4971539156052458,0.580128719567384,0.5154308860767624,0.48121617311624176,0.509348862048748,0.51552202439732,0.6344455538724966,0.5039666577509655,0.4845973646868,0.5207769528346464,0.5556023567193578,0.5475124988728667,0.48873571169516095,0.43506466500471797,0.5506613333847681,0.5168241819765867,0.5772163662014992,0.5202859305810175,0.49389743421358134,0.5722458618944749,0.5472099789499648,0.5866520043153042,0.5379559056904244,0.563065509111616,0.46873365761158825,0.53
0.5261086917668915,0.5843617074302229,0.48622817693785103,0.5238716335311392,0.43936161141688085,0.5235712848816819,0.5420285543191804,0.4791062957265637,0.5346992897649179,0.4899086260201867,0.5849502601518065,0.5368681138579671,0.5688903195732355,0.5082297079705719,0.4801872741500061,0.44574757646426894,0.5221874116788143,0.48933607271648444,0.4392768869731475,0.5620371976018651,0.490276600931109,0.4901697960602939,0.5713019715657601,0.545266143799208,0.5456279393649466,0.4106478639406264,0.6194229225742305,0.5548484952016987,0.48353166217951676,0.5176181215601281,0.44604154601052265,0.4799831589559742,0.5578032905712845,0.549240153549356,0.5320451765403701,0.49718652233867516,0.5813462335471573,0.5270778621069239,0.4835039882119502,0.5110281277201446,0.5156158658805632,0.6344794647601274,0.5074734101740851,0.484598346854563,0.5210319655190474,0.5558637609986014,0.5480077450819345,0.4929046037500782,0.4399483438170445,0.5528436941718514,0.5175187241306017,0.5772290832713284,0.5203680839273022,0.4992920769377435,0.5730084720031355,0.5481774576253562,0.5878800302507394,0.5454241924462907,0.5642625215655087,0.47362809718817606,0.532
0.5292281457741594,0.5856387318432432,0.4885445038147214,0.5283882136454996,0.44231066749925424,0.5241257861695777,0.5437858690809698,0.4791698938451297,0.5355910370464765,0.48991657226040564,0.5884022244315116,0.5387378209400819,0.5707410250541468,0.5092104729290063,0.48018729544246674,0.4470100544656807,0.5234829486600795,0.48974096081860297,0.43929896912894195,0.562247672565558,0.4904884127787984,0.49158566072245147,0.5749270381761477,0.5462727022514804,0.5466264794803757,0.4122535033212032,0.6194383458208741,0.5564538187968091,0.4868589921351243,0.5197134684076067,0.4460707360041875,0.48019652422421566,0.5593844649339116,0.5552418617119134,0.5349215040213359,0.49783286081247885,0.5822001090527863,0.5290803269045014,0.4843810743484799,0.5111921059950343,0.5157855363481985,0.6349022846641139,0.5090683563888809,0.4854182037085879,0.5227734976450379,0.5621712205503565,0.5480848280557515,0.4930687074586119,0.44018674893673,0.5540287832856956,0.518232426015073,0.577339930596784,0.5204526703157284,0.49958815850667626,0.5731471227632031,0.5482351246495158,0.5937191704392991,0.5497983168025251,0.566553661137562,0.47364358535389217,0.534
0.5293007491515214,0.5858306658475452,0.4894041960465577,0.5297193419510169,0.4423151048558176,0.5266390463150782,0.5501080431480081,0.4794622231255707,0.535593897750766,0.4930389442765614,0.5884026582994729,0.5399367818507927,0.5772363087862564,0.5115886621831374,0.484616641999721,0.44779418098894674,0.5241713761729264,0.4930593974426793,0.4398104613420853,0.5622507642353869,0.49192277356107034,0.4920151090203998,0.5749328169596513,0.5463775459450826,0.5496540894561971,0.4144659802171658,0.6257637248888228,0.557322184759921,0.48993627614175367,0.5234766851013725,0.4477481155363879,0.48147747169039007,0.5624150798646187,0.5553515819199262,0.5408749959571131,0.5049438183518878,0.5835456768322161,0.5296692695755252,0.48438206204197914,0.5143765116974675,0.5158114566726734,0.6355172307823658,0.5106897469190648,0.48541836389944276,0.5227794801133,0.5657443566694738,0.5481447111633462,0.4941591786194624,0.4511763357329872,0.5540566900887582,0.5206037745723024,0.57883445759324,0.5206420886038562,0.5052324191376781,0.5734505339491918,0.5514994625471701,0.5937368212473249,0.5498422695531892,0.5747906595651228,0.47396940532901166,0.536
0.5339918552519354,0.5897910396891521,0.4900692567241701,0.5307460806522919,0.44518843442592393,0.5268925231212402,0.5502252683507206,0.4794806259188799,0.5356498743956123,0.49443481237860104,0.5886403431363564,0.5429603896000686,0.5787821335190484,0.5116447028356153,0.48556512311730227,0.44779759537912006,0.5242277232845737,0.4938631714409347,0.44196702344428396,0.5675515824530956,0.49303844425417476,0.49365072003456745,0.5753082502308675,0.5463960367774141,0.5501503193452867,0.41506867391529156,0.6268337466420153,0.5590644165564644,0.49961154619981935,0.5240319769788888,0.4486669369139867,0.48861290621797815,0.5636002755178318,0.5553811177517473,0.5429908710310264,0.5071241646306379,0.5900322064159046,0.5305973805602645,0.48438503778438696,0.5144046463474632,0.5158441067679005,0.6365559606417553,0.5138134368492019,0.48811803288376115,0.5232997531692033,0.5669744733380777,0.552536061170108,0.495029223307385,0.4519922745949367,0.5543285241796599,0.5226914526970057,0.5788433845664682,0.5210989163306946,0.5096937165186628,0.5784443300118801,0.5558556420029075,0.6007425866012689,0.5498463090320823,0.5772594886477369,0.47433061811825195,0.538
0.5342516439113124,0.5911164178188915,0.49033400370114166,0.5334972518773959,0.44643587161270043,0.5326771482704792,0.550391003874585,0.48016324461831345,0.5380251781386328,0.49466488477146975,0.5927786013774092,0.5434785125469166,0.5787912176581707,0.5120129593307168,0.48558252667016494,0.4491377751916953,0.5297537514266765,0.49409507173862216,0.4423548817873127,0.5722276082739056,0.4931752470311588,0.4937806428443746,0.5754986396924155,0.5489252824984563,0.5532146580188814,0.41685439035356,0.6294090188605215,0.568737807080744,0.5071703005628111,0.5255213777646687,0.4492844699828173,0.488620943194672,0.5660401257482315,0.5571347406415402,0.5438070388170595,0.5073811825400172,0.5943363368861214,0.5328811039397103,0.4867827375776584,0.5145343202966057,0.516238045625707,0.638297202015288,0.5147455163509558,0.4881356318532681,0.5285538351037877,0.5688503743385528,0.5525363188816415,0.49523562670576404,0.4535841667901633,0.5552459048276939,0.5387789454186477,0.5819606910017511,0.5211450519762745,0.5100571921346838,0.5834427085749666,0.5559025254125327,0.6014436372691091,0.5502664587183319,0.591601880672331,0.4748523283328191,0.54
0.5343086910414222,0.5976125439630389,0.49053950220884024,0.5335160230685442,0.449883234951182,0.5336282520823572,0.5523931324052187,0.4840157158509098,0.5381489643048067,0.49604712034345816,0.5930424587089225,0.5434865286698425,0.5863615714624395,0.5120242569819353,0.48667500593599966,0.4541032489033804,0.5343389698821241,0.4952486504195732,0.4461493363056162,0.5722472356635603,0.496473328957257,0.49385037044428237,0.5771862567690422,0.5533041987003775,0.5533196821777565,0.4173388098210153,0.6299219834769243,0.5706924328349752,0.5071881225217358,0.5255322762088728,0.451085290753443,0.49066503277560103,0.5677857842830545,0.5576499355904834,0.5446551617441071,0.507435480165398,0.5944185674600836,0.5331816352116289,0.49752219607661585,0.5150072609468356,0.5202816496362058,0.6439301575997011,0.5169379089230187,0.48917793789885217,0.5291158593895374,0.5730168320649515,0.5527938319872341,0.4954879457324005,0.45368502396055854,0.5557387292234848,0.5435228643066472,0.5862102832919188,0.5230560391388898,0.5119952094580646,0.5837190372027757,0.5578640830342358,0.6019035048270921,0.5503469520844697,0.5916220986477855,0.4763622298356913,0.542
0.5346108762617688,0.6040817683304264,0.4912351735068136,0.5350323079625666,0.4500599148966895,0.5336282520824468,0.5525523335992893,0.48547536242635175,0.5409047797875717,0.49605357200025607,0.5934642381433765,0.5439722044191849,0.5873261729034253,0.5123567369043438,0.4869670886964522,0.4552373968540804,0.5344863766137022,0.49549774313071093,0.4465973672401013,0.5726810913052056,0.498324188483291,0.49662954202409093,0.5799807796250643,0.5670879112602007,0.5542726885479363,0.41756821666342653,0.6304134855854936,0.5710392508671465,0.5075121902319158,0.5263648034647807,0.4514711619942419,0.4992552334321461,0.5694254029707609,0.5576516776858531,0.5494989206118636,0.5082532093372781,0.5962596620372447,0.5333882605109384,0.5000633086920612,0.5182351579634118,0.5224227952337017,0.644351040575372,0.5169833045271888,0.48925653217648823,0.5312701569024036,0.5788600210285253,0.5542400737095691,0.4956430894921484,0.4537183686146617,0.5560435187802371,0.5474222767708357,0.5881952658160828,0.5232625464855982,0.5121448428716682,0.5841279170019976,0.5805445308078729,0.6054878108967833,0.5556500149525273,0.5948553809356247,0.47961213707754785,0.544
0.5356723794310043,0.6040852824699137,0.4932105542366877,0.5362454834801067,0.4506669272962471,0.5350153584313747,0.5525951753732921,0.48559840153574324,0.5414929370261444,0.4969171510852868,0.5934645609663135,0.5556866528386547,0.6024725409285947,0.5130106362924131,0.48741463044897226,0.45726017600651503,0.5363702254013716,0.5002837931151993,0.4481619044655877,0.5739628942358822,0.49837660238192316,0.49695438846177303,0.5828005029284067,0.570371874685422,0.5556536382660582,0.4177657000976304,0.6304180092618309,0.5727233497372427,0.5082015092992118,0.5287066817206991,0.4524645506984968,0.4993056240143614,0.569430915336521,0.5588243437994089,0.5494992333872131,0.508265059374476,0.5993400212539213,0.5334704760427046,0.5029778327707075,0.5184549550494411,0.5225250653059933,0.6451920312632694,0.5170006490936747,0.4898543578027759,0.531713052547429,0.5814365227306165,0.5556340293140493,0.4969719755267116,0.4541147993573974,0.5563348171384246,0.5525175193183006,0.5885943498776236,0.5353598493478717,0.5124109418088504,0.5858640303215956,0.580906503499701,0.6091694111463333,0.5559687692922535,0.6013012193785964,0.4925511287129745,0.546
0.5357166631654184,0.6043479042869243,0.4934097091247109,0.5387919616142623,0.45436934434978526,0.5357527632643044,0.5572707679799368,0.4860634076142847,0.542014270111342,0.4969477008502879,0.5946581018240469,0.5559291942802707,0.6045908823804295,0.5152878633973067,0.49143135448346337,0.45968042737109294,0.5379187883210773,0.5003107479525106,0.45688215433310964,0.5883986551090946,0.49862844554592695,0.4986578337804366,0.5831862372684309,0.5713319895905784,0.5569877657294855,0.41947616493140016,0.6304666584489249,0.5741900399866391,0.5086332780857953,0.5288746520606921,0.4537903894928357,0.4995330365835764,0.569460784308909,0.5591347082726945,0.5622711888473453,0.5089551845408368,0.6017770036164571,0.5338222096038658,0.505945391421051,0.5195735202564192,0.5231411485658617,0.6455266710563756,0.5204009986629008,0.48989243311390424,0.5336421449781752,0.58587733260354,0.5571322185918448,0.5036280207207117,0.46179473898379303,0.5595222846605091,0.5579510611625983,0.5893096443258132,0.5372622669967504,0.5124145309721384,0.5863527039446933,0.580974321142596,0.6119331275274408,0.55602801246465,0.614103687342323,0.4930037295502449,0.548
0.5363057810479135,0.6044115066796716,0.4961728544742372,0.542498607769646,0.4565797708883824,0.5359489018687909,0.5575727157533996,0.48608882675822546,0.5435106003745983,0.49699075854487684,0.5960023022447756,0.5627441954846072,0.6046293481966551,0.5250333650517862,0.49159972540905217,0.46065174286016713,0.541017256203259,0.5066512060086595,0.458007110165068,0.5887533902092348,0.4992757747530157,0.4992026891671514,0.5844535105766318,0.5819692859720257,0.5581424555386801,0.4196662966942445,0.6375382429528228,0.5764124807277703,0.5087158701126169,0.5290912296068212,0.4538892111601382,0.49994204115167606,0.5694608625610305,0.5591494186597936,0.5623267461450738,0.5090473282410328,0.6023351010021052,0.5358739270941316,0.5059962596419757,0.5203081284396845,0.5236661732107019,0.6456638757099503,0.5222206331111996,0.48989384653375306,0.5397496922790299,0.5894143593420972,0.5576784471393283,0.5066272053659877,0.46790161427305665,0.5628593679234115,0.5583143686193123,0.5937207785008664,0.5427199760758177,0.5126537879022901,0.5863831433268084,0.58134518604579,0.6119364036805895,0.5560294706392283,0.6148352434562675,0.4946885661396119,0.55
0.5375270511938891,0.6044184691212932,0.5046209244819576,0.5425416165261726,0.45848147201744155,0.5363714632699934,0.5594959384027608,0.48615742626999603,0.545523116576351,0.4970773224588878,0.5971364618919565,0.5645817092062902,0.6046312546476159,0.5250734892452433,0.4926920648950706,0.46512451762834367,0.5410733968518993,0.5066577627467946,0.45967675928676976,0.5934148368188578,0.5039901947332892,0.5000681862361158,0.5850068595663865,0.5821461642810473,0.5610039506213923,0.4198249055537346,0.6398711808742075,0.5786820501622574,0.5093195928284248,0.5305209833016215,0.45399565043487755,0.5040010362591738,0.5695463048657768,0.5607136978081183,0.5641817532314107,0.5090538800554786,0.6028079065782329,0.5388185566131153,0.5068908370448564,0.5245296125979401,0.5241268883254323,0.6486466374787093,0.5224659113762784,0.4906363221453506,0.5401659223905845,0.5971279303377789,0.5589239512666307,0.5066308169873774,0.4746559967397918,0.5635768112110628,0.5583152968349802,0.5937406817957877,0.5487754873456211,0.5128172472639898,0.5878731907796351,0.5822352376290145,0.6167430729940367,0.5568711467513832,0.6150498593131917,0.5025102198608914,0.552
0.5375934106849948,0.605107814426207,0.504796542184794,0.544063103466998,0.4614210360152865,0.537283488225555,0.5595876501272506,0.4869061019292902,0.5471894740709127,0.4976847297624217,0.6027537252967677,0.5653035606725277,0.6047824377164117,0.5291646443468762,0.49274124316372253,0.46842318888465323,0.5410737531595916,0.5087539724339007,0.4615578751090424,0.593734853342649,0.50461526483053,0.5007544183291195,0.5862537288650087,0.58714814241716,0.5611294664770424,0.42064261921683804,0.6401178846271758,0.5837519653372668,0.5123469574350508,0.5305540137580799,0.45620231526175403,0.5237380965233296,0.5695664142625836,0.5634635094768211,0.5642272583129356,0.5095516527723872,0.6041422948434705,0.5485553375666081,0.5070490473562973,0.5249042113639246,0.5256910998312053,0.6492197075961704,0.524121061667806,0.491727341145729,0.5412943350803208,0.5984465732900428,0.5591507120710879,0.5092153005697853,0.47840731679516585,0.564299705604998,0.5608022925733548,0.5984073919217182,0.5498703586465042,0.5135406421745411,0.5906451887467562,0.5830848320734008,0.62092898713137,0.5648082900425931,0.6170785642497901,0.505767444704846,0.554
0.5403346229493802,0.6106723628069646,0.5060446622574037,0.5443220391488172,0.4692870969816485,0.5374796806318032,0.5607148272633997,0.48976357326134445,0.547190510230464,0.49917555867242475,0.6038022080499761,0.5673170131016589,0.6098279149517329,0.5302169362410358,0.4959053362722592,0.46869258933950847,0.541744429039525,0.5091418173278829,0.46356004092007586,0.5938842398352497,0.5049652666871576,0.5017510448040072,0.5863344196395341,0.5876845040889751,0.5613623105307822,0.42351319968516277,0.6429920380765061,0.5907266650131489,0.5135785057430915,0.5322027872027876,0.4594476264298624,0.5239716552328816,0.5697171055687895,0.5634807833295296,0.5668664038289662,0.5095922029548456,0.6133835123636276,0.5495554703886695,0.5076311134967268,0.5267262574272944,0.5259487297706192,0.6622871291370307,0.5245973986447623,0.49653031016987453,0.5413380523110453,0.5985891524690562,0.5607658618618458,0.5127159881819575,0.4804628022827713,0.5662860086010144,0.5616745812733915,0.5999778368348682,0.5509647942258276,0.5143868193533067,0.5907109740806187,0.5835727806740396,0.6212896893831855,0.565471411664858,0.6176983559496183,0.5058312260162224,0.556
0.540491641639846,0.6111139053933431,0.508769547625867,0.5456117583533413,0.46938524347722443,0.5380122635088889,0.5623049851744867,0.49120731891341207,0.5475020250968979,0.49933335462519113,0.6040847920698572,0.5705107305352975,0.614635697186817,0.5305951211582773,0.5018628592303117,0.47095101073954543,0.5419889082451262,0.5098155400257758,0.46408758065481975,0.6006943098551427,0.5067207244155671,0.5041623815044453,0.5863351668444278,0.5898838053359404,0.5617644415124072,0.4282309943511513,0.6440233726009692,0.5950513535389096,0.5203664524723075,0.535628690835246,0.4607702433000432,0.5273126248639021,0.5705457543982263,0.5656270588606882,0.5669335339337906,0.5152347387193873,0.6148104278949974,0.5495805670981757,0.5076669183502275,0.5294253386068188,0.5304065655665268,0.6636862269020742,0.5309310070847396,0.4965357419856836,0.5453202437965432,0.5986089809089593,0.56604753309266,0.513100477286658,0.4809425723387567,0.5666506237330058,0.5622170968628576,0.6001484822875714,0.5509658003391062,0.5156080683035498,0.5913724980098454,0.5856306003863627,0.6216226396207156,0.5696640592273056,0.6208710192976029,0.5115329509551799,0.558
0.5405097900022809,0.6114805177083412,0.5088421355247519,0.5476560474156872,0.470462223049308,0.5393015887730426,0.5630513291970797,0.49139109667696984,0.5477487181675826,0.49981594917663985,0.6113699913824759,0.5772441512298565,0.6147333350342924,0.5308233114862786,0.5019455992581876,0.47095865061277253,0.5447297886090157,0.5104178418534041,0.4641117306594038,0.6015366854769004,0.5077396713572342,0.5133609562288353,0.5888388892720793,0.5899876173934304,0.5656176868270419,0.4282365347472106,0.649094183030401,0.5956318964461851,0.5209356372617393,0.5386443792611665,0.4633364281662815,0.5321419249451959,0.5709891633990477,0.5664035508042028,0.5677425694312727,0.5161760925365758,0.6167227843816794,0.5512832162914791,0.5088223936741895,0.529481263352428,0.5305941604199155,0.6638750495723117,0.5309371266549773,0.5024190117904748,0.5458430701703232,0.6042089975146758,0.568729423476646,0.5199556395003329,0.48109366548181853,0.5668847903484093,0.5624136767560621,0.6002800035897178,0.5513756599932977,0.5234861690235142,0.5920756685592568,0.5856602557185776,0.6220892059809152,0.5760645643529095,0.6214698075147093,0.5185156163169177,0.56
0.5420913009708971,0.6122612695167998,0.5099377095540317,0.5478029825139168,0.4708058939165389,0.5429051326958302,0.5640658148733391,0.49157074071077445,0.5497599599524123,0.50069513085992,0.6200376231488053,0.5772981512752235,0.6168383866102224,0.5355908902584698,0.506887829279389,0.48582197564283824,0.5447367082900533,0.5134673871977845,0.4644322125463782,0.6015473191996714,0.5091984210169479,0.5138187867556352,0.5891694155920295,0.5933624306028734,0.5676697544387266,0.42971346142285,0.6491227274346345,0.5980787242087641,0.5209536437679755,0.540590282557863,0.4638432205566042,0.5325483934809693,0.5848876730068971,0.5665893721538624,0.5710962876106579,0.5203269251251198,0.6288146728732918,0.5512842590379554,0.5116532684329771,0.5348565848380377,0.533335484659929,0.6646942860545141,0.5326107619565326,0.5035820673464639,0.546961255776909,0.6044326970452008,0.578959513561951,0.5200582791239632,0.4832611079248873,0.578436794729445,0.5625965618923493,0.61192622566414,0.5611107903637443,0.524005698576013,0.5925131650135718,0.5884108059464424,0.6222023973764375,0.5769895536104659,0.6227175042611486,0.5189761080952994,0.562
0.5463355384474688,0.6127936558130233,0.515279660129471,0.5481699457945718,0.4708346318730821,0.5430522555206168,0.564958210263076,0.49170208470231674,0.5505250760279555,0.5012800535817362,0.6207351945362101,0.5802469653785234,0.6183928672119764,0.5365683744687769,0.507146066331471,0.4859558430458022,0.5447986326834808,0.5137681864914058,0.4665211648151622,0.6015781688403358,0.5093898859097468,0.514510482207573,0.5936893785435056,0.5938770937959753,0.5678582408156652,0.43547982667631285,0.6506831139532511,0.5980798510122391,0.5235121230560112,0.5407174672807583,0.4672003983665838,0.5345854497283846,0.5850500807971879,0.5673973810628198,0.5738089313637771,0.521146681139029,0.6288259195215592,0.5520679366555007,0.5122193551616485,0.5348964467997479,0.5338068885704452,0.6654458549252606,0.5346503974128276,0.5082929611690797,0.5472976163197198,0.6044334674224044,0.5814576447001835,0.5200778449019073,0.4850112106441037,0.581809829433091,0.5628672120827317,0.6176938238637243,0.5623486107568024,0.5241269365961896,0.5951777906535394,0.5906088357447716,0.623166057727101,0.5770027728003937,0.6231950735089156,0.5193180798908769,0.5640000000000001
0.5483221417759967,0.6147439277499365,0.5152796643443257,0.5503311878166625,0.47145982341039533,0.5511443982629854,0.5657750693583679,0.49401299493839496,0.5534691260436332,0.5014997834354546,0.6218417649852614,0.5807622633637228,0.6186552761804528,0.5371799057529524,0.5071675721096268,0.4887074691481415,0.5450749435469552,0.5153135241461502,0.47927588581002206,0.6067129417548316,0.5098865486547081,0.5147313608165428,0.6017293187766791,0.5940171924404641,0.5679737367151496,0.4399587957420781,0.6550458698154615,0.5981550071657,0.5235585293339872,0.5410707709548608,0.46972847804633233,0.5360483193024579,0.585109102131049,0.5697509904960408,0.5780174283116652,0.5212368437608434,0.6309922859577742,0.5527078709042114,0.5123195611601924,0.5349404394350069,0.5345627757182295,0.6687790355684368,0.5368326284529756,0.5100356353197462,0.5490627247853719,0.6072591455379902,0.5872320810564222,0.5209028297670726,0.48693682682779543,0.5818552683250203,0.562895924787533,0.6177230811644728,0.5662553888085261,0.5251448215027005,0.5951826709210833,0.5909546350356335,0.6264129107373629,0.5773240068570709,0.6234291466821027,0.5206364090480893,0.5660000000000001
0.5483964594125514,0.6147593651901234,0.5165259222983138,0.555615520271382,0.47153392124408955,0.5514425061021304,0.5677214063741733,0.5024159931282783,0.554700658593805,0.506958761590584,0.6267526742431005,0.580768510185983,0.6187106543476562,0.5374329741673549,0.5087971325224592,0.4910216446740344,0.5551814307897924,0.515353437320386,0.4798704472227982,0.607042818240604,0.5103855118574018,0.5187552593727078,0.6080211393171369,0.6004515924996281,0.5689147865186855,0.4399880487545714,0.6634674732358895,0.5981686543281504,0.5236182100853422,0.5411460524053912,0.4724188312666025,0.5366847072912353,0.5974875524011871,0.573956798532854,0.595376686861807,0.5212404194520718,0.6331306016715045,0.5556175667622664,0.5211273030375849,0.5349801840939735,0.5350917898249604,0.6687879525023608,0.5374502304802006,0.510138760557248,0.5499030211084129,0.6073608969440526,0.5875637135934368,0.5214558697017688,0.4888523425086562,0.5869840634031245,0.5630835545722531,0.628561066660897,0.5732338109318902,0.5252713622960895,0.5952669405748188,0.5912037268956996,0.6272329702842886,0.5814319543788514,0.6256194279113935,0.5207456105603689,0.5680000000000001
0.5484123375028641,0.6200532795814947,0.5202208868428484,0.563943179787595,0.4744769379167978,0.5516967870472859,0.5691035960646916,0.5147663125597524,0.55561305027279,0.5069591978682974,0.6268792740634842,0.5809237812954571,0.6190527638159433,0.5391541258305104,0.509048016849879,0.4915761226268059,0.5562005819043688,0.5241858474534702,0.4823947921172836,0.6070428378866475,0.5107861066507505,0.5188550642220489,0.6091702216034371,0.605177092723536,0.5779700122750839,0.4410247276134643,0.6640808467547888,0.6031473951061596,0.5237142952632973,0.5424806701781737,0.47384095746687377,0.5375337908270132,0.6016498966940598,0.5754110391143045,0.5968455801809771,0.5218620525304597,0.6344069853118197,0.5559473714041807,0.5262249660254629,0.5353296485594443,0.5390243156796501,0.6724519939439887,0.5391080851564294,0.5102442112714437,0.5499463834680514,0.6085807921442714,0.5905886999855823,0.5233669834629318,0.48885758944664687,0.5874171724078036,0.5636443132647074,0.6290561286835996,0.5783627914419178,0.5261424938301285,0.5994922693376463,0.5977594677962178,0.6307064869205371,0.5831950553340269,0.626107482787592,0.5207457396880958,0.5700000000000001
0.5491005129047812,0.621175837440905,0.5206491351772274,0.5644194555170324,0.47547119204153193,0.5517175502777556,0.5728417405664106,0.518349575928588,0.5572392373434222,0.5074807533348565,0.6293026115340891,0.5867320587701632,0.6197544660750327,0.5396278957173823,0.5090714038025069,0.4916095160716811,0.5592954840862746,0.5247002323820916,0.4889408529818935,0.6072018274744652,0.5108167056424515,0.5188550922845415,0.6112723608896184,0.6052890256010275,0.5779771628905978,0.44109465483283494,0.6641725847007589,0.6079985187473941,0.5245624716784629,0.5428413109164052,0.47400407526745236,0.5376579784211242,0.6033928152448869,0.5763800579723155,0.5975583129455065,0.521863797437558,0.6344320726559033,0.5572787551315362,0.5262884981669584,0.5354976114928204,0.5394301123990308,0.6738648983894987,0.539116695311085,0.5102775885632401,0.5508186982231064,0.6211322448989102,0.5905944259449396,0.5234096586126818,0.4908735107166624,0.5877267946242652,0.5640283391239952,0.6309721322347206,0.5794443181573112,0.5292011988015122,0.5998483945609527,0.5977787445737694,0.630735640901618,0.5832394686769314,0.6264716351689296,0.5212722592874188,0.5720000000000001
0.5498271894202609,0.622641841760655,0.5292377054092012,0.5671202387381259,0.4760733955357756,0.5520130886710716,0.5732260156540739,0.5193105280186919,0.5641008813316383,0.5105635568233828,0.62961911585636,0.5982212575599473,0.6202549895175555,0.539658767421243,0.5128975358729023,0.4941394492170536,0.561235677655252,0.5257264065907742,0.4903677439535213,0.6138355017693018,0.5116274386256908,0.5238545398369954,0.6112850913397507,0.6055760494749582,0.5782728394443629,0.4423231204922654,0.664185207810966,0.6162224918907214,0.5388591861197697,0.5438442365680243,0.48007672622707803,0.5380129022447594,0.6041140129431044,0.5772958335525221,0.5983609533529685,0.5218638753226537,0.6370527142380183,0.5590519524125103,0.5265841830390333,0.5406455873134175,0.5394641426657784,0.6743889778325616,0.5411812036994154,0.510475212588646,0.5574211886544774,0.621716134364788,0.596022536706766,0.5254646323523341,0.4932218529325871,0.5939530196942077,0.5640858656043013,0.631581256293097,0.5794852500218665,0.5294302419479531,0.6001430680451464,0.6044153896540764,0.6314415238511816,0.5842282242396968,0.6268418963699693,0.5213083357517989,0.5740000000000001
0.5518373513510816,0.6226812099118937,0.5293505144165892,0.5678371640782697,0.47798453284370584,0.554555824706485,0.5805414264824981,0.5230199997540501,0.5641101215489115,0.510658754956824,0.6334979093400235,0.5982948876671281,0.621108958115167,0.5419715639432443,0.5129339447180995,0.49414440807343707,0.5665197307226776,0.5258290827378413,0.4935631945049419,0.617999643513225,0.5136004347913409,0.546473217290133,0.6114068607950917,0.6077196946645256,0.5783121799122818,0.4432602037485502,0.6652890776423883,0.6190505926155857,0.5439806882262191,0.5473617364251737,0.48918790652769817,0.5391607980886809,0.6041826206959263,0.5779826897464347,0.5996303407275915,0.5240845542209825,0.6390850761417742,0.5608438385622994,0.5281489153878162,0.5409859192928741,0.540089959109158,0.6747042498205107,0.541410374155622,0.515021357753612,0.5641304931262773,0.6390857342698083,0.59779451139734,0.525496539921613,0.49485224589472854,0.6128585114423759,0.5651079998090122,0.632667716993335,0.5795571679035271,0.529676069073795,0.6039100044931396,0.6044162146603945,0.641026291745373,0.5854665432627895,0.6280863285703766,0.5252757571787998,0.5760000000000001
0.5529686778896982,0.6227180418666934,0.5294230115225596,0.5750333725952934,0.4833010592376678,0.556427462535922,0.5828896480384259,0.5232108156162893,0.5678350632594957,0.5116799960908779,0.637480690448245,0.5989874769642264,0.6215677355390203,0.5430715026966053,0.5131051769609496,0.4961750300085909,0.5720227709838781,0.5258292035663718,0.4939345452025884,0.6270790557826128,0.5164920269963132,0.5474158394597007,0.6138705052676451,0.6112208703227537,0.5787416918368546,0.44326039958711516,0.665382108378101,0.6217436094338015,0.5447935167792614,0.5473644560626234,0.4911774643058495,0.541420314113036,0.6042308860599034,0.5802114134245585,0.6144350800329588,0.5247116565345307,0.6391669961505881,0.5803084532904424,0.5295198625167613,0.5409880761469561,0.5400911797232142,0.6870880785761474,0.5446429023819782,0.5181525530635493,0.5706969468405014,0.6445126895168638,0.6022357471019324,0.5289802811777408,0.4971742907434758,0.6133897556805626,0.5651586291638869,0.6346427031406612,0.5825986271233219,0.5300649993962409,0.6051067516556754,0.6057210663700804,0.6410844557674373,0.5922389487318276,0.6336607414967896,0.525946992783099,0.578
0.5532797086834248,0.6227184409461368,0.5362089686536813,0.5764855756417538,0.48345784711692164,0.566589094775474,0.5848886581785683,0.5293795004277804,0.5678516956682403,0.511696472884328,0.6419278979712405,0.5989875177900538,0.6228320653323624,0.5433159058574181,0.5153096721887801,0.5023596970920818,0.5772370662065865,0.5258530265839072,0.4970763006587196,0.6271863906371351,0.5180701968165022,0.5475633370789218,0.6139661804471623,0.6119595528826294,0.5788977881829444,0.4468316344603771,0.6697471077206933,0.6226957728249557,0.5472360303763243,0.5494560489755765,0.49459763842728066,0.5414633821540255,0.6047252405032734,0.5805759661012218,0.6161798871613734,0.5247224828288343,0.639422385925524,0.5803927122738652,0.5323114982449766,0.5447068915522267,0.540843672507099,0.6876330990282388,0.552293810959904,0.518649849942529,0.5711062848181102,0.6474951765532108,0.6025153289545464,0.5399559971912554,0.49778862632231274,0.6181951778958716,0.5676045350021783,0.6346483828513755,0.5863120771761836,0.530520175851662,0.605221707138,0.6058575437963706,0.6437175468576423,0.5938933748039753,0.63396021627797,0.5259622839092948,0.58
0.5537479465408787,0.6228533873087999,0.5373799713538076,0.5771551601400158,0.48361657417644865,0.5672207851918324,0.5870376165238024,0.5309526371379646,0.5724417823323013,0.5128422750817029,0.6529167982388796,0.6054491233292071,0.6266160158154358,0.5461020595413224,0.5189028213522957,0.503046329438295,0.5781654666686622,0.5259816853980414,0.49865769987839986,0.6276204950474147,0.5211279162455141,0.5480661015713042,0.6148374298481083,0.6128928896982871,0.5906796971759803,0.4468802665630999,0.6702606485178056,0.623443783764988,0.5519122730962129,0.5564163398841213,0.5018520085995802,0.5428224742705102,0.605485499796332,0.5806532161643333,0.620933612340586,0.5295643760636837,0.6404239969973439,0.5847141118982356,0.533099620443251,0.5458495164940238,0.5439583042916647,0.6882798500325091,0.5536490553804555,0.5247068912619078,0.5719994471575406,0.647787442728924,0.6070762827362487,0.5400889885779185,0.4983875930334523,0.6225321141810378,0.5678214371619563,0.6362025324754342,0.5865835780443365,0.5321708631826949,0.610670554257292,0.6064687765016121,0.6472524035017345,0.5959421582851795,0.6364432220136799,0.527050323222742,0.582
0.55684802216017,0.6238393665830859,0.5374480123735137,0.5772074235499174,0.48545268771461986,0.5683782667088023,0.5870388992044765,0.5360481639101126,0.5745174553481893,0.5155470216077015,0.6529368401197987,0.6056115124106551,0.6355774236349888,0.5555203907559995,0.5196080449701942,0.5059274424108727,0.5824992374181047,0.5271400635023696,0.5011391258921922,0.6312419878389021,0.5250630120039781,0.5501773477620863,0.6180942506485311,0.6164039871174236,0.5909093068778871,0.4523289475576514,0.6742330903842106,0.6267253488565421,0.5523917382278345,0.5564175727848271,0.5019537387577307,0.5467586612008128,0.6055032908758351,0.5856654585771974,0.6222719205958706,0.5348662085494236,0.6404995248114163,0.593364772961687,0.533942016752894,0.5458495232400508,0.5440612307648705,0.6928822487333587,0.5582838202503068,0.5247241946503299,0.5774983667930865,0.6480407247963371,0.6073037219376822,0.5401384659110362,0.49840112757788285,0.6225581227742244,0.5678394417510727,0.642406943135792,0.5865843113999492,0.5339325988168208,0.6130768706769009,0.6088312649885036,0.6483993347636514,0.60782915795591,0.6368791588871219,0.5270539927999124,0.584
0.5568836823749406,0.6249361137832542,0.5385220062142526,0.5774743852255438,0.48555262071855737,0.5686991265710823,0.5871860690527181,0.5360753843743739,0.5749156472311066,0.5197032864456435,0.6576701354192391,0.6058038183188441,0.6356935313580768,0.5572473207667111,0.5199941601738572,0.5069767814242505,0.5827096524607472,0.5271652284358108,0.5013099465472463,0.6330370216303762,0.5272499456885091,0.5509414800158041,0.6181145096471248,0.6165589850851697,0.5946501183234623,0.45240877673232943,0.6772765913252743,0.6269230396018762,0.5538091081890775,0.557218297104068,0.5036733126738836,0.5467587098212036,0.6057756043550342,0.5889764473127362,0.6262315187449246,0.5395324499149668,0.6432321474252662,0.5937464803023812,0.5344357217255743,0.5485178573192363,0.5446589598599872,0.6946034644043768,0.5582849521562344,0.5250711772220827,0.5828295710431602,0.6480644577447112,0.6074451797047061,0.5406252818108394,0.4991752752903811,0.6252523328749778,0.5678394450800438,0.6449361860760529,0.5919135487184137,0.5368808796775516,0.6234868050556612,0.6191596031997874,0.6518135218710185,0.6085674810510031,0.6384236206213911,0.5273151571706405,0.586
0.5575955657040956,0.6283607175653426,0.5385274389635164,0.5910521465431564,0.4860015388208513,0.5704627628602931,0.5871910345828222,0.5360970311156861,0.5753247547052865,0.5209693112369395,0.657803078256758,0.6059605313231199,0.6362707949626649,0.5575926452794223,0.5204908063687474,0.5101500330630856,0.5829412403178972,0.527322944553584,0.5015245121885277,0.6456051965441773,0.5289742990423154,0.5510604746397354,0.6188023222376339,0.6206914814879427,0.5967889441037992,0.45243762774174207,0.6773044455387028,0.6269427899156013,0.5545308710818427,0.5574761355771464,0.5039903312604772,0.5507239249567278,0.6059293596445994,0.5948171261564008,0.6303682744969463,0.5473241937923812,0.6447476321209821,0.5939324643261392,0.5369255986333621,0.5486336169273462,0.548380423238203,0.6954310958219664,0.5598547413369352,0.5279507912192473,0.5829442472318441,0.6532525004834641,0.6082129929859925,0.542079953440413,0.499325423926282,0.6255526831831566,0.5690590404125699,0.6491979128405996,0.5922376275917697,0.5378383705584252,0.6307291547309186,0.6200555718127498,0.651837788898746,0.6087579224190789,0.6393585840301601,0.5287990036915026,0.588
0.5578534686918267,0.631455275844505,0.5407630163965449,0.5911483859382596,0.48687639532609983,0.5710522061772051,0.58720460486234,0.5408464702883552,0.5817826267973224,0.520992435628106,0.6585111224764856,0.6060226811071203,0.6401506626862663,0.5584175772669734,0.5210410480956023,0.5105193145015788,0.5858828331766199,0.5275533331172395,0.502849441909332,0.6456081902380095,0.5298593593367377,0.5515412519612573,0.6190229905921149,0.6207489749349338,0.5995911388514099,0.45582135861207024,0.679793125626133,0.626942867625845,0.5572528750601641,0.5586488332209405,0.504817018029342,0.5507583068452097,0.6062447400724531,0.5950529201483219,0.6307540052678007,0.5475347381619362,0.6467735695003147,0.5978176268575945,0.5370099063488238,0.5531754286949745,0.5526940933773962,0.6955038515309626,0.5601399831551507,0.5279555279380372,0.5830529150487496,0.654316753423074,0.6095023764800518,0.5422536616216107,0.49955824339719346,0.6307728518179998,0.5696311591793611,0.6494940528503174,0.5974345566750179,0.5378530343873252,0.6307348244520369,0.6267094708854327,0.651980661279999,0.6087923444403673,0.6441892166180065,0.5288989207447269,0.59
0.5634880197822746,0.6381214722921085,0.5408111342636738,0.5916594141321055,0.4894606243809077,0.5731676924055609,0.5885928351270757,0.5420840988091047,0.5878033215801989,0.5242317617030773,0.6612653444706904,0.6073731646394507,0.6430321216462697,0.5584488644344093,0.5238557928546433,0.5138498796543971,0.5935554154514073,0.5276004201924928,0.5034399247146141,0.6478553210097744,0.5314845813334313,0.5559060918660625,0.6190235528505716,0.6212119687974,0.6016945025237226,0.45644432952776876,0.6800435024523681,0.630099190803122,0.5591510111144635,0.5607873761350506,0.5058812171222087,0.5509249139774142,0.6079607863249957,0.5950662336966469,0.6322871717467089,0.5476126753704023,0.6468173453388918,0.5978919157955406,0.5370829210808472,0.5541519743661478,0.5545069676131769,0.6957469717395031,0.5603500814526986,0.5295616827784624,0.5844491443270632,0.6717022097791112,0.6115011118509861,0.5446746950289385,0.4997102426709665,0.630981887302444,0.5718487939397814,0.6559316850614142,0.6027971518463874,0.5386155037138011,0.6309774238445738,0.627210211990414,0.652426552187261,0.6137235624923272,0.6472031202529881,0.532734902474669,0.592
0.5657347618154251,0.638140113512649,0.5408564439722379,0.5916991835712705,0.48946281988387025,0.5737195811168593,0.5888176357671331,0.5421055300848752,0.5896416318883583,0.5244959639818183,0.6612773571579247,0.6108055595598334,0.6438046797109215,0.5646504576494191,0.5238747568720528,0.5158889922593388,0.5941853786612085,0.5280854175418127,0.505532847655474,0.6486750812809599,0.5377857165669447,0.5564683479045284,0.6191262616510275,0.6244412884754165,0.6017038743636387,0.45659085156590595,0.6843466926739736,0.6301129783979627,0.5604362065520485,0.5652183049915463,0.5063988903445891,0.551355882843681,0.6080637092391304,0.5973885065200737,0.6330896787221009,0.54916346180383,0.6484794780885779,0.5978964819146853,0.5384599968572192,0.5547853335161448,0.5564125292917689,0.6964527557430229,0.5619241666499765,0.5307101093012849,0.5848338671218375,0.6747835096293184,0.6115251904700908,0.5499870101460476,0.5001934683074858,0.6349353347978682,0.5852080466474243,0.6568137119460689,0.6032468941318752,0.5419145689349308,0.6310844883161282,0.6292074139687016,0.6648844293553333,0.6147271291136832,0.647918122462382,0.53417973409714,0.594
0.5658182873615969,0.6421088108420859,0.5486684774780012,0.5934650613631568,0.4902670620783268,0.5776099065793107,0.5888309931210662,0.544268455970358,0.5906749146841028,0.525698786576382,0.6648823349454633,0.6135202110427921,0.6454894975852565,0.5667958143940327,0.5249719065344621,0.5168669704000243,0.5956009661431177,0.5281304609230479,0.5081718058933187,0.6500654158477825,0.5408186447719998,0.5590939726500479,0.6223698604810031,0.6265475987135383,0.6018204029826021,0.4570955517019382,0.6844984513044629,0.6334423216560059,0.561495590353423,0.5654892184637567,0.5091641938452632,0.5514290050856221,0.6088710691045712,0.5985726960684075,0.6333771525828736,0.5511000699753731,0.6486375242242086,0.5979430821041354,0.5400978542866723,0.5561529337771122,0.5573380843261937,0.6983229928328345,0.5641062128854308,0.5334811198663201,0.5850924283695056,0.6760429673716206,0.611890473472975,0.551037635463821,0.5015862056116159,0.6372546315505209,0.589045739539382,0.6578936623579383,0.603810637767649,0.5424665206841467,0.6322331485756968,0.6358621245166705,0.6655128941361793,0.6163785912732965,0.6524749719855715,0.5344302574525766,0.596
0.5669352053442805,0.6425935618071351,0.5495824052704019,0.6000776761612067,0.49138478830328475,0.5781880227903229,0.5931950969999773,0.5532909638214997,0.5909234614095554,0.5295331506843552,0.6689472012455541,0.613656734307052,0.6460369108132406,0.568466807063006,0.5251498278570744,0.5177779043711814,0.5959438888093856,0.5281305995006743,0.5159491273438692,0.6501992232563049,0.5416675153984055,0.5592590766949204,0.6225639164882052,0.6376908477680547,0.6019216404819875,0.4572522313799661,0.6852324269772377,0.6388138406536352,0.5619206519654472,0.5656717980157974,0.5096529018785806,0.5617312630582749,0.6088762777483065,0.5991034660070451,0.6370922427060827,0.5564455331402254,0.6489805014187834,0.6001739895664042,0.5416964560936255,0.5589562951801725,0.5574277274943557,0.700557340179118,0.5643945984579175,0.5362122567287846,0.5853112856792354,0.6763414078293659,0.6125462071574341,0.55173828707812,0.5035589494999564,0.6380591553509982,0.5892434510636599,0.6633237609714502,0.6129126352334611,0.542834481830121,0.6323627040750524,0.637354254225252,0.6659033108006811,0.6173771199428754,0.6546871013080644,0.539496628204002,0.598
0.5682776083440049,0.6425951959223953,0.5510381431171691,0.6027546062331733,0.49584275650131665,0.5784731088198072,0.5946549993045124,0.553398094178015,0.5925269416111971,0.5295333617783138,0.6696577512646581,0.6159571131481772,0.6504681070064873,0.5710752043337023,0.5266129665701229,0.5181318420404846,0.597865600407137,0.5285875951044062,0.5249128512167689,0.6502805045589154,0.5432700594837218,0.5593494631799786,0.6226663189593927,0.6382241984754661,0.603367589002199,0.4653469082038748,0.6874845389985823,0.6393037256870175,0.562719784676952,0.5718108066935745,0.509792848411407,0.5618761194077823,0.6114707873427464,0.6041642652695187,0.6401372788090178,0.5564526085530791,0.6559507382144134,0.6051989907156762,0.5442283026578404,0.5598645003354588,0.5576341503988539,0.7009157483016254,0.564685646218595,0.5363028225813185,0.5854982644634131,0.6797713920671575,0.6125605340170722,0.557477686858621,0.506519310061779,0.63806861699201,0.5905817382955422,0.6658052154047771,0.6133442120810482,0.5439476426527584,0.6333747904139647,0.639290272092811,0.6678744605904796,0.6174108207010536,0.6558315485454373,0.540273468926057,0.6
0.5682876470405528,0.6429401663673595,0.5523798402572511,0.6027586664376936,0.49597123706889384,0.5848216539807449,0.5948593614604046,0.5534035919924049,0.5946976245578797,0.5307074030652297,0.670360557944071,0.6203623414421816,0.6505684389036899,0.573511387582514,0.5274690521752796,0.5181706053325988,0.6032729400594938,0.5388655047934834,0.525307069596422,0.6711211944579607,0.545772932795547,0.5600352099437795,0.6227305792064355,0.6445216005993191,0.6034150477552208,0.46561946927991515,0.6880415596368292,0.6443604283507757,0.5660791224468524,0.5737753146191059,0.5119997139813001,0.5619316082599303,0.6131379745154066,0.6041844256698177,0.6419469922234318,0.5566468750185078,0.6560976581318655,0.6106521737454034,0.5445337894428772,0.5602860168312537,0.5588035492801837,0.700930676789209,0.5660694975731263,0.5371448011385032,0.5855976279770169,0.6802554362175818,0.6128703045962587,0.5632645894408658,0.5150589382139633,0.6396826593730655,0.5976252624615499,0.6698182510708247,0.613527500402241,0.5474187028750049,0.6340047654569472,0.6403614567415886,0.6678744781867799,0.619089713470809,0.6568291870715505,0.5424494045107227,0.602
0.5690686913779222,0.6445421875410946,0.5537800910092806,0.6028197655465146,0.496077049415689,0.5854324013617925,0.5966601119973485,0.5534044463760373,0.5949612049028806,0.5336511443031715,0.6705325190863167,0.6206092438208626,0.6555731134135131,0.5801306536334471,0.5298206641009139,0.5246405181943651,0.6033022270049433,0.5406154480406707,0.5255214722455285,0.6723578082033401,0.5466784583043655,0.5614660958285907,0.6228662972910226,0.6512242889882981,0.6109501870666662,0.4696048904979777,0.6886325008047234,0.6443663832290222,0.5661043426477618,0.5755891540102652,0.5120893065461233,0.5619546996696724,0.6141512138839332,0.6044800116211312,0.6437637991811231,0.5582638670303715,0.6561785713892314,0.6107408779676525,0.5602840295993895,0.560313160033357,0.5588334872884587,0.7079169573152984,0.56608362756919,0.5396609036805982,0.5857066968214438,0.6810222578098436,0.6129555431704012,0.5641911030264031,0.5150814050863725,0.6507399763625487,0.5984943211837874,0.6698519158736558,0.6135348590206817,0.5474541325604023,0.6341807754731016,0.6450071099617236,0.6699290040019251,0.6225234864072036,0.6568438398632279,0.5425235744869948,0.604
0.5696583125368,0.6482610848464581,0.5569670034639755,0.6123805250618842,0.4990899592459249,0.5867166193299328,0.6001069902817193,0.560186773749352,0.5957763328398402,0.5338529527307423,0.6713617321961313,0.6206641425496335,0.6600919585383436,0.5802434915932068,0.5314183195501908,0.5306498281201019,0.6036148856853019,0.5408479862793689,0.5318947526034138,0.6838404339022128,0.5488333374240931,0.5628133673617125,0.6240824228138379,0.6513762605132759,0.6109528634295411,0.47136723634927924,0.6889838849767608,0.6492230036199658,0.5708180034050317,0.5755916803339883,0.5127206154986418,0.5622425696937609,0.6141902847276719,0.6048472749056235,0.6445555633383635,0.5587050991195792,0.65658773261978,0.6130279070737341,0.5612974340133821,0.5643107531998504,0.562411868143348,0.7104461138236992,0.5730752089455483,0.539696076700603,0.5861221019614609,0.6900324415649843,0.6130219603815512,0.5642459748802733,0.5151905186144523,0.655968855496943,0.6001148342474157,0.6699705740595294,0.6137205493466528,0.5481080329676324,0.634186062090576,0.647577120809037,0.6719874004939592,0.6225337411510088,0.6582720839782719,0.5425243855065919,0.606
0.5715230361576747,0.6490879666567856,0.5570176364882644,0.6124809470017017,0.502541765136676,0.5875157041389596,0.600107136358177,0.57045725102506,0.5994201823635925,0.5361122394318768,0.6715039581235979,0.6216429367877122,0.6601686104059159,0.5812864990412673,0.5317461328750918,0.5312184022300327,0.6038237617784865,0.5449809908109673,0.5321667463372589,0.6839707051882866,0.5519451557956748,0.5634483842982148,0.6249423065410435,0.6606515285207331,0.611302100109698,0.47141680335378144,0.6905222899765765,0.649732205497694,0.5710527067434327,0.5763976450796979,0.5167635456231964,0.5643141692323274,0.6157694651270869,0.604902494219849,0.6445758644382023,0.5587293140512628,0.661180795964621,0.6148051118931506,0.5619335037112516,0.5685041161489223,0.5681919516279035,0.7142948945733866,0.5730886854844824,0.5463209021620482,0.5861357402424695,0.6902963776416084,0.613042427927903,0.5669259006010032,0.5152130342528266,0.6561008289860829,0.6001250071480688,0.675058496287928,0.6141780911853998,0.552468808131385,0.634418504499823,0.6476185906306051,0.674607493891287,0.6231537696771889,0.6582833039213591,0.5432403841302788,0.608
0.5721666251022784,0.654569207532301,0.5604448595161506,0.6158019789492348,0.5040548520708799,0.5875343721069382,0.6022697683747447,0.5711801851256265,0.5997712743305552,0.5388577973334684,0.6717197523511391,0.6219124901063213,0.6601692059848129,0.5813567637592391,0.5319482941991818,0.532614187268176,0.6046528780016925,0.5488726118745176,0.5340264754044718,0.6839839733393445,0.5545950521996991,0.5653662026649788,0.6252995748237365,0.6616177167797925,0.6123317228117372,0.4719195376131022,0.6914755040897902,0.6512956497713118,0.5710530750885047,0.576730889794471,0.518177810161434,0.5644738592625421,0.6160023337719949,0.607276547015778,0.6472594534476678,0.5605610659464004,0.6618559714397197,0.6196262993518755,0.5619458420581398,0.5685475713135586,0.5681932545665473,0.7201152874969649,0.5844610027216371,0.5463894081054996,0.5861539029355811,0.6943738479902032,0.6130441890173844,0.5683779066833419,0.5178073221590609,0.6565684485718278,0.6002650722000304,0.6766475956868867,0.6164244268129783,0.5600490810087383,0.6386617782966211,0.6509467098994999,0.6781123449841696,0.6237127751503034,0.658426158052069,0.5493073480776814,0.61
0.575600122720717,0.6561785018366434,0.5606224512271627,0.6159825718485494,0.5051816530138514,0.5880017895418649,0.6027162202924446,0.5713754045930024,0.6091162154035638,0.5388742462262042,0.6763337915104783,0.6236328316229977,0.6613041525986689,0.5850489915188805,0.5334300876539448,0.5329514328056266,0.6095764312490901,0.5503304058330766,0.5363582325630425,0.6857826212511023,0.5547948475316774,0.5659081973943503,0.630653747468522,0.6618551979434143,0.6124588001084699,0.4720756819625513,0.692012239248039,0.6526928814933569,0.5719923126652132,0.5781592711828543,0.5194658670649265,0.5660041715637127,0.6186986418522408,0.616184865580157,0.6487308486152424,0.5629915736401431,0.6620974962214541,0.6199261300443947,0.5675867653263779,0.5752281550051533,0.570499082605177,0.7201238140833036,0.5845658761374873,0.546609012597075,0.5861939599196633,0.6966705091328776,0.6169655892044099,0.5684045188504899,0.5197034701851253,0.656958045537164,0.6020170355408915,0.6792782039743115,0.6215288773874983,0.5642147266140108,0.6387671261210179,0.6510651451419341,0.6812604531442286,0.6237165173984401,0.662389018483722,0.5507856914312012,0.612
0.5765491037877412,0.6561786236096429,0.560827990099531,0.6164757589440407,0.5059353998257984,0.5903111886889408,0.6112566945702537,0.5713754069067529,0.6091237776425672,0.5392390736774021,0.676336470972067,0.6242944066385425,0.6630868907037325,0.5861990063154194,0.5343638392518989,0.5329623969222137,0.6095773042173703,0.5506054814351907,0.5385409776752211,0.6897191784557853,0.5574628794097536,0.5665093650467352,0.6608143604752356,0.6703152161356701,0.6162358515850951,0.4740928102801343,0.6922061225429618,0.6562073525399493,0.5734225013324237,0.5840864792351118,0.5197937098375706,0.5686738811046599,0.6206157353961473,0.6199954541039422,0.6498410682428731,0.5658482110317592,0.6630986250009668,0.6199291922077704,0.5694558573664317,0.5804835568065349,0.571428828614402,0.7201426121613906,0.5871686348658635,0.5473276023270599,0.5941121457508703,0.702001819511758,0.6172745438380646,0.5695768966206939,0.5319362103333134,0.6613101833427697,0.6021781567871793,0.6794630305812042,0.6217458872828064,0.565146212542223,0.6401228001735324,0.6581768672066686,0.6817020901318376,0.6248087750667279,0.6625041919570588,0.5512297536585516,0.614
0.5778485981462055,0.6563390342816722,0.5610032581928251,0.6165901287017957,0.5059428775216622,0.5906315662913979,0.611422719082064,0.573801805841614,0.6091999997929874,0.5404186430960122,0.6773072080763127,0.624326915579932,0.6675403990232274,0.5866270962811669,0.5354814151276861,0.5346393378110472,0.6134112361031709,0.5506055146948214,0.5390711010300455,0.6903739505860854,0.5575107593468517,0.5666939454776367,0.6642401919325737,0.6707292452717504,0.620241755957975,0.47461598418886963,0.6928722988726578,0.6593197034406721,0.5738881822326016,0.5841055571779946,0.5203846403643358,0.5707867984598834,0.6234180594625613,0.620063220663613,0.6539946146152553,0.5664813442501171,0.66310545821988,0.620047081013089,0.5733806914070928,0.5829031115311742,0.5751044463508025,0.7201815546816986,0.5950516188214743,0.5473278592511546,0.5967247785319371,0.7056523851634005,0.6179876860938341,0.5695847375681006,0.5325498026246739,0.6630684829647173,0.6036497564922831,0.680392748702094,0.6242144826331171,0.5688445376605115,0.6429722216460183,0.6627316301141654,0.6857165093993203,0.6330067597279008,0.6643101346840081,0.5565639518736045,0.616
0.578810487162446,0.6573611748674085,0.5697655560943004,0.6186699390790612,0.5059620348577202,0.5913554236462185,0.6272332124573382,0.5800841539819386,0.6142402179593061,0.5420671720239956,0.677432684349112,0.627401040241562,0.668257685633435,0.5869043337229093,0.5357239731651277,0.5349239796824101,0.6236259107558956,0.5653795836184697,0.5448504173091794,0.6908637373599341,0.5592705457952305,0.5727678343467874,0.6661448145818163,0.6755990716895389,0.6202950732598627,0.4801373386503442,0.694520760922592,0.6594623939637141,0.5827287763536475,0.5843738418180419,0.5225599985783163,0.5711630753935801,0.6243366039288734,0.624392111788857,0.6566558165992639,0.5739802431885116,0.6661118983026729,0.623382383805672,0.5803846543917176,0.5843969763539512,0.5756090779342646,0.7240272663681653,0.5952042229478292,0.5476386884503398,0.5969126509836079,0.7061318024111667,0.6198202081849414,0.5696532706528955,0.5325905512922648,0.6634637586887151,0.6036501954111629,0.6821819843452567,0.6246308427223641,0.5701719443669189,0.6446157487249053,0.6631769910489301,0.6974844958611295,0.6382647897249261,0.6670538125164917,0.5641763722847225,0.618
0.5841510034248502,0.6575129981284014,0.5717787929460275,0.6186704879667174,0.5069122105933773,0.5980126747919904,0.6348465538891422,0.5803108135455571,0.6202925839145483,0.5445037666510358,0.6774472662530836,0.6274053266965948,0.6690473906520596,0.5908988323812495,0.5397011581550752,0.5350522122146034,0.6332575328995236,0.5654350054487977,0.5495557822820177,0.6912688965175823,0.5638231265431463,0.5751328103467052,0.6667317129725492,0.6756586022311677,0.6219873375190175,0.4802722350396161,0.6969393587377392,0.6632917455471122,0.5830042649280606,0.5843925075682852,0.5231891525523051,0.5724882626903823,0.6243969098065058,0.6244059821833327,0.6573646741445804,0.5743716898567688,0.6786895719102585,0.6243266480107956,0.5812512332956623,0.5939546049204246,0.5756102455959006,0.7251791284571639,0.5952800351734951,0.5479020383485695,0.5980317357421345,0.7062240443879313,0.6198584804003157,0.5708104646310715,0.5416190560413816,0.664702511821287,0.6038175202384473,0.6822721355063923,0.6351879628162238,0.5709316039670488,0.6463953106094796,0.6632763586054007,0.7034696433579236,0.6388735824562611,0.6696837278013086,0.5642777909931931,0.62
0.5842499092772303,0.6575341666575741,0.5738119991824299,0.619850078491291,0.5094826403442083,0.5988451580888741,0.6358933983445133,0.5826505798784428,0.6203617979701808,0.5461303698542745,0.6779665641671506,0.627539038283697,0.6692283657697524,0.590923576682595,0.5397685146998411,0.5352418729413432,0.6335681604232131,0.5654857150069704,0.5495600913011616,0.6924545940963704,0.5666411666961965,0.5796319462908265,0.6669356784927855,0.6759421843149489,0.6311152110050169,0.4812303233274791,0.699541339848409,0.6666403930948528,0.5833604865587921,0.5847406859723948,0.5274047051334064,0.5732599369975556,0.6282107077135303,0.6245865261967328,0.6577478914090075,0.5771900249385062,0.6792197199612235,0.6244880781406731,0.5812647651408502,0.5957646603367772,0.575947090863747,0.7254674145678445,0.5952868257677332,0.5479426503504715,0.5988577454766051,0.7062248897907742,0.6214250328249743,0.5720865069019572,0.5416314431572733,0.6684771233890155,0.6086124203727054,0.682673056746684,0.6362258820580244,0.5720020446088976,0.646653986008997,0.6639329314571708,0.7085106464266734,0.645502472969486,0.6697296942542453,0.5658173922901791,0.622
0.5990018431005532,0.6608132831115145,0.575610356712201,0.6230735090898581,0.509696675600212,0.5997048864978741,0.6399176781181576,0.5887478978019888,0.6203751625120801,0.558174078853408,0.6811613212412211,0.6339486866505013,0.6815512360294371,0.5912192148857351,0.5397687881010882,0.5377303274735362,0.6337301967605559,0.5655509512259009,0.5526728716155057,0.6928558410912519,0.5698764211683544,0.5801693525045502,0.6701899745577629,0.6809139873092221,0.631136416869199,0.48123055269049214,0.6996171786454575,0.6667804069308455,0.5836348263594916,0.5869505498377205,0.528767809917415,0.574921498746712,0.628262372847937,0.6256335249276522,0.6577719184841953,0.5787429371993762,0.680660381256737,0.6265987048417195,0.58126696724612,0.5962388076163326,0.5763243807387846,0.727064943156014,0.5953812367049915,0.5486174878551557,0.599357412515629,0.7062248914821382,0.6231529071579254,0.5724145605610248,0.547052589439812,0.6697075830686006,0.6105060071770424,0.6841005233405094,0.6364783634695045,0.5720774015431787,0.6471482048684595,0.664626629732498,0.7086990705378025,0.6456069679159054,0.6697651579549423,0.5658927876927395,0.624
0.5999152077613418,0.6611960310167069,0.5781155001145297,0.6246123826677797,0.5118783118257294,0.5998775036686016,0.6409765860317665,0.588777234281961,0.6238361935789107,0.5582086715741639,0.6817116350310214,0.6368636297187703,0.6816403758353522,0.5912778327837578,0.5402081221766619,0.538207680031244,0.6343739152029244,0.5661098521886122,0.5532749838328336,0.6929485501226512,0.5700523673222821,0.5812770602014069,0.6749915297951318,0.6810312907550837,0.6318443693361091,0.481239000774037,0.7014074723112576,0.6676640038371757,0.5983153578654964,0.5871642850276876,0.5288011208706179,0.5764167384992539,0.6297303935134949,0.6273610351128711,0.6585603676172553,0.5802168928884732,0.6807161962040706,0.6269493260140451,0.5868168721918542,0.5981472656158207,0.5770258893431262,0.7271108892206409,0.5955684128744436,0.5508077699017175,0.6053115312359322,0.7109682781378537,0.6231566551614609,0.5828481860986366,0.5470590118962835,0.6697284612425384,0.6106862820556269,0.6865692471712853,0.6364934374472139,0.5720846761913984,0.6602605481555601,0.6664269545177525,0.7139637122323281,0.6457602443561651,0.6740959129918249,0.5695789355654282,0.626
0.6017458827777791,0.663645442228198,0.5785460947787325,0.6252205595483842,0.5124971382434865,0.6104119463327093,0.6455021629633796,0.5899300966219831,0.6250555306590301,0.5639689398254518,0.6817943682958223,0.6373913763622698,0.6826761366219881,0.591523103360026,0.5402499093135084,0.5475539844177751,0.6352054184792603,0.566559039128816,0.5543182829717045,0.6997932772427005,0.5701360415485455,0.5900340516149188,0.6756656931048883,0.6836064160532384,0.6364040623598757,0.48341635803300925,0.7043261167372256,0.673008915482461,0.5987063049889925,0.5876181277325866,0.5288037077799889,0.5813828908314566,0.6301859791244295,0.6321078146392817,0.6608347554530699,0.5814588459736278,0.6818697420114271,0.6305451389698212,0.5873097373341188,0.5986607856369311,0.5776663126627838,0.7418626848814519,0.5999357897557877,0.5546227079449688,0.6058898018864103,0.7113742462591874,0.623174071452424,0.5846008355347921,0.5482168778565586,0.6713817364227967,0.6131490380550573,0.6865784218055773,0.6402871902599577,0.5731954316532106,0.6607788467750072,0.6716925421063538,0.7147582685316662,0.6463131722749863,0.674275833190557,0.5727280649292693,0.628
0.602944660099229,0.6657057134561188,0.5814478312882363,0.6257248691083107,0.5130044764219365,0.6123691684871407,0.6492936903309605,0.5900904056166744,0.6253522719409946,0.5700098455105548,0.6825958598079584,0.6400249881187496,0.6845895228510269,0.59241795021918,0.5418536889379003,0.5477528421812234,0.6359836320959724,0.5684809004683534,0.5550858898222112,0.7027486998266186,0.572904991706567,0.591560479956282,0.6832566469966722,0.6836209565302158,0.6385494972856495,0.48468541604442655,0.7060034267001063,0.6770886100913779,0.5989372997487388,0.5885571460822263,0.532702259772726,0.5815438117715727,0.6301873037708678,0.6321345798794865,0.6690920459537062,0.5816405768029589,0.6822025022373384,0.6354118771674823,0.5873599891634053,0.5987521149987652,0.5898376301554867,0.744476539604088,0.6000260191787576,0.5552304324027528,0.6059373812920502,0.7126713037154978,0.6246429344444998,0.5854411090290581,0.549415279094888,0.6714305572196944,0.6155247664715283,0.6866336289572839,0.6408177894162269,0.5737211620351067,0.6610330575059931,0.6738088861194167,0.716069287238148,0.6463163739686373,0.679693343407152,0.572823436444236,0.63
0.6029649951315345,0.6657337381163396,0.5852496745702627,0.6297019939766505,0.5130304403340477,0.6145692656021782,0.6494900724846298,0.5909796874394612,0.6270163821578427,0.583141254562302,0.6891438890294072,0.6406344439938412,0.6872489654697103,0.5995670413681559,0.5439282315860566,0.5478334566868818,0.6359837165483461,0.571618196428284,0.5551854367438225,0.7095770745900064,0.5794302170717408,0.5915905080034285,0.6860722326561581,0.6837606039633478,0.6387258908348162,0.4867736298107009,0.7060052216338659,0.6798824284809999,0.6006713211212221,0.5916180093770437,0.5355833532496838,0.5838545394859355,0.6310155737410139,0.6358081961246623,0.6708834908817469,0.5843791453414332,0.6827981100433137,0.6360452777973634,0.5874657157409044,0.5993244976868538,0.5929388467824235,0.7455095820626703,0.6014257184254242,0.5568946332446143,0.611960882634525,0.7127458824121838,0.6252490860809252,0.5856863380395594,0.5494197501073134,0.6767280773436182,0.6157076441004091,0.6893407492721668,0.6411894313151727,0.5738384659359518,0.662725655064113,0.6771548252534085,0.7180480337481698,0.6529522027009906,0.6796960131437676,0.5744423873883014,0.632
0.6055350929692862,0.66576811436468,0.5902499627236506,0.6392834804201124,0.5213720112463031,0.6146766049671567,0.6507000617714707,0.5994625644571371,0.6454139558838932,0.5833695710262341,0.6902201466326291,0.644237687612387,0.6884559297403127,0.6015729403276597,0.5461863441538167,0.547927875533006,0.638834537396487,0.5723794690483659,0.5563889935680197,0.7117259772500597,0.5832692904230375,0.5917718251533947,0.6881702990596837,0.697116733148624,0.6454725020845634,0.4879333816618325,0.7160978746585945,0.6842784841326915,0.604392387569143,0.5942402251513379,0.5361175002263918,0.5846731778206888,0.6311604308991338,0.6358566541933041,0.6709079159975142,0.5847762767110392,0.6828395244260836,0.640431336874693,0.5876506936850434,0.5995412949840085,0.5937646247349713,0.7603856946222025,0.6039201795935063,0.5578750456549378,0.6128359623283386,0.7135559335374136,0.6270380042900731,0.5988179020997624,0.5498368687876898,0.6775365646008983,0.627137467559218,0.6902729505536995,0.641194699237917,0.5808738662870396,0.6657020761519604,0.6823139419684174,0.7189470313498881,0.6530262500328895,0.6817973194928615,0.5753074214310065,0.634
0.6065281384288922,0.666225621781821,0.5959308245790585,0.6424365804816878,0.5216297690099266,0.6181087191610696,0.6514191736069722,0.6032114485403496,0.6458300369613303,0.5833825444920108,0.6904908872001176,0.6478589959326216,0.6960721999684627,0.6016649493892193,0.5539766579139994,0.5483290992785873,0.6396531116205761,0.5734819582005642,0.5575785527375642,0.7131820474662489,0.5848133562146616,0.5920973572933903,0.6963338520741447,0.7043189818259813,0.6464846982243798,0.48801084154842894,0.7168216140022691,0.6848970287489856,0.605386558553773,0.594255891032183,0.5361175759845618,0.5848282720443774,0.636709165001846,0.6467202595139998,0.6711791611283633,0.5960838860168072,0.6869863724729983,0.6404912434813541,0.5876816568462312,0.5995488012500614,0.5953570926204836,0.76039452486832,0.6062519690374475,0.5579835165322786,0.6128708335310846,0.7136703994146166,0.6273505882450872,0.5999259625677631,0.549844790758134,0.677942146962402,0.6279589684422046,0.697986962339122,0.6413827111113877,0.5833850409149992,0.6661058170125917,0.6823806780895962,0.7191117182400539,0.6530262667491435,0.6823387642342874,0.5753127300105846,0.636
0.6069847420802714,0.6662763637514356,0.5970298299144705,0.6479273766876836,0.5236926136992996,0.6189411599980608,0.6529703749651807,0.6033479648825176,0.6545513776647031,0.5844090654465376,0.6905986436694017,0.6484639666315647,0.6964699323755761,0.6020606373250422,0.5539809135464601,0.5483291304681687,0.6396730114857356,0.5734821394363863,0.5604036625578019,0.713771578055367,0.5848143808018454,0.5931331636134086,0.7029542967090754,0.7047890932641953,0.6465509654880468,0.49092597870817106,0.72229433298223,0.6877233394467085,0.6054956549481226,0.5968890968707278,0.5361451065668793,0.585455577092337,0.6396358469056915,0.6467969259396309,0.6748340755209787,0.5973872212273746,0.687558652450704,0.6407431352300843,0.5881976383125419,0.6045137599546603,0.5955305553453016,0.7607157077504741,0.6066913631499515,0.5581165126106491,0.6144836685352271,0.7157407940762117,0.6280986094347296,0.599925990331757,0.5501090894267171,0.6781010679128249,0.631775205188603,0.6984670362229919,0.6414927341488665,0.585096217010041,0.666733997858015,0.6917780000499054,0.7200586786029608,0.6548689632145128,0.6832048308623733,0.5767317903548629,0.638
0.6133431185522392,0.6747135390925244,0.5971259182289713,0.6479994706796325,0.5240280284292529,0.6260388254303573,0.6567845286330481,0.6039674361436778,0.6557842278147584,0.5874881258288184,0.6918703223250096,0.6491594924580504,0.698851895035185,0.6140350036084795,0.5542919103093928,0.551552628866048,0.6399368104853034,0.576498427117934,0.5611153115269023,0.7147338547813857,0.5851117044079991,0.5952290879010871,0.7030079293365148,0.705127656511444,0.6465782737960236,0.4917048020104744,0.722303232204554,0.6965319580219923,0.6096239405692997,0.5988821066485159,0.5362825789100604,0.5856811696108042,0.6401340177449836,0.6471155573431024,0.6748671823743627,0.6084614523576772,0.6879960931857972,0.6492810611902786,0.5906181849951854,0.6068102390688268,0.5980815915720726,0.7618657640131803,0.606920503016931,0.5582956533291255,0.61526061842118,0.7163301432727484,0.6305634854743924,0.6000550564255709,0.5510594731598513,0.6782872953693948,0.6317757984246776,0.699929649366713,0.6414932101708776,0.5857967201484284,0.6823266177358935,0.6930198496019848,0.7301252630205686,0.6549272325937201,0.6832785546205331,0.5782440202827527,0.64
0.6157441529245601,0.6765386217194918,0.5971820025551682,0.6530295551693529,0.5285470329264027,0.6270965425769782,0.657071877877983,0.6039899969350343,0.6563152590183453,0.6010685004457285,0.699385445113458,0.6497276017271075,0.7011011157515273,0.6156118503682532,0.5546813875314082,0.556997665624509,0.6419949751581123,0.5786790213701613,0.5624082330478684,0.7209750650538872,0.591035959780669,0.5958920277745576,0.706046609354403,0.7117234638208323,0.6466092660599777,0.492615974992832,0.7231837274217282,0.6983181146760155,0.6114946141438508,0.6031510329806268,0.538161383331428,0.5927341017404496,0.6423339265613026,0.6484036992084888,0.6749637372737124,0.6258625997103481,0.6888973634616443,0.6784694719022576,0.5928239875336555,0.6122230055455908,0.6013907945361061,0.7631639383639433,0.6072257733311798,0.5583084292880508,0.6173138473278302,0.7180582718431745,0.6319705451729067,0.600323708133009,0.5510928292390007,0.6798932159840056,0.6318177544148291,0.7004293317365244,0.6415187643113955,0.5857967365948512,0.6842863737655723,0.6962727323854534,0.7301303899278218,0.656641642784546,0.6858432109219403,0.5788159035983731,0.642
0.6378415207954441,0.6768934368627226,0.5977173143848904,0.6530728163447166,0.5286105354780208,0.6272370528876475,0.6581504830135348,0.6067691910811429,0.6571325195617134,0.6015143955485458,0.7023384281531048,0.6527137367097335,0.7028798846799708,0.6179198740076518,0.5552255129954827,0.5579138703215737,0.6489744748652099,0.5791228588181251,0.5625284514694833,0.7213424384134237,0.5915942528836071,0.5959617215765721,0.7060760802371084,0.7151949631960427,0.6466232073187214,0.49734192316190884,0.7236688729091846,0.6985600072525779,0.6114968670128423,0.6109468772229047,0.5381962276783638,0.593213132699009,0.6473364566195657,0.6551659158626901,0.6772188126791837,0.6281971514504745,0.6889680939731097,0.6799053150844756,0.5937809380531991,0.612315938264079,0.6024520355775153,0.7650395593796765,0.6075063860332647,0.5597599376723164,0.6173143208341862,0.7182841809467008,0.6437507331184097,0.6016562515216137,0.5514721790480326,0.6812239382054777,0.632180812595741,0.7005754920916106,0.6556163202719186,0.5859119065941905,0.687402061490644,0.6963481885281714,0.7328155190777668,0.6624275789411104,0.6859949886092799,0.583945478784057,0.644
0.6434937036479099,0.6773257624127111,0.5977200288878587,0.653238523778201,0.5286601074654588,0.6287522605138863,0.6583249211005786,0.6067940222436469,0.6571344195467752,0.6017475366654688,0.702345691580944,0.6543678284090788,0.7042287296618077,0.6181449615614075,0.5648820265638758,0.5598492689124331,0.6510780828344371,0.5813594017147671,0.5638912932464447,0.7215543994650199,0.5919317133531987,0.5965433636249721,0.7069129142653148,0.7171768170597591,0.6508588079259365,0.49750418254673023,0.7266723061071086,0.6993825865074592,0.6128181188612885,0.6207818848951528,0.5399607425724327,0.5937967996639706,0.6482397699785872,0.6558889818044465,0.7016827031799653,0.6289143935894342,0.6890063122836237,0.6810346546578969,0.599745109367649,0.6151855122078326,0.6062170700698948,0.7655900757005121,0.6083631289231216,0.5604361852385366,0.6229493049951262,0.7204607160849549,0.6445275569758115,0.603131291124202,0.5527174344816397,0.6812250004688851,0.6322832810262186,0.701239903143334,0.6556314024991904,0.585941160487993,0.6895012602625669,0.6965566550941258,0.7356917049097201,0.6670221407657458,0.6866260934373906,0.5848881756916328,0.646
0.6441274473647723,0.6819739124361193,0.6009245771908521,0.6533757862223877,0.5297010739289415,0.6292239515202328,0.6591774792059021,0.6076708448064678,0.6691500170471315,0.6017559496443896,0.7046557484814941,0.6543816350209488,0.7066459419843486,0.6182218275958287,0.5648850675984571,0.5599836677237234,0.6591259022790762,0.5872568758577045,0.5666091205585031,0.7216536623880837,0.5926810692287169,0.5971594172593527,0.7072638407444334,0.7177348404991981,0.6524276170884239,0.5030520037426575,0.7273686005030765,0.6994842517084242,0.6180860280414868,0.6260037625598665,0.5405049396499781,0.606305786911083,0.650385777840682,0.6561661803796602,0.7016867420218083,0.6296461604111626,0.6897264598293209,0.6826175253391036,0.6014780061271242,0.6167005961536918,0.6073866988869661,0.7656170233271088,0.6139326447136872,0.5625919764643623,0.6254226275430433,0.7206792402397493,0.6455231535989737,0.6032249062044728,0.5547332325508922,0.6814957696612218,0.6326197697400697,0.7013525008796355,0.6589704803025435,0.5860570552948501,0.6899204168169002,0.6996159699759305,0.7379054242056227,0.6716547838697954,0.6881651159152591,0.5849510654002917,0.648
0.645101046779243,0.6825859233008057,0.6009806921472632,0.6534806404440103,0.5299140063845399,0.6299259376900735,0.6694429861871868,0.6082039633249229,0.670006536266152,0.6019752035235217,0.7089004819584926,0.6551159795220368,0.7084927869980439,0.618384409493821,0.565579414271486,0.5601008722161855,0.659184377495767,0.5873962435200176,0.5720936456203998,0.7234897125106133,0.5955237208314272,0.5974822309154285,0.7114377899243205,0.7185777004047336,0.6572600852920133,0.5034275588811128,0.7281092871922397,0.69987895165856,0.6329313902948938,0.6303022726344203,0.5405448178425871,0.6141360819607147,0.6509313650534434,0.6561686884140508,0.7133344485856719,0.6337907762700611,0.6897680909810313,0.6828274896078241,0.60285320673516,0.6167374855727522,0.6094919806633636,0.7663566834461809,0.6140996090820027,0.5625945822719851,0.6254299019312377,0.7221189975678024,0.6456378555067843,0.603351877693413,0.5547690010053025,0.6836116069757495,0.6378934132885278,0.7038714641558438,0.6604679092536598,0.5861694816013103,0.6899260428761403,0.7002625512160162,0.7379853603061722,0.6788073105704401,0.6885911630824976,0.5865850353304876,0.65
0.6494697098243408,0.6826745436605091,0.6061362573518382,0.6544946608701441,0.5299759299671313,0.6303292210526923,0.67278941925758,0.6082232361263733,0.6769283559514033,0.6022332511785485,0.7093908699494262,0.6551269454178615,0.7086766667238373,0.6199982436029666,0.5655794158228119,0.5729008067549325,0.6609668095804362,0.593703393301003,0.5730052496678,0.7238204114034636,0.5963289030266085,0.60803008673492,0.7116289490940265,0.7190163255099461,0.6589731996124699,0.5035299177683054,0.7288162409208311,0.6999019759663266,0.6331452900057511,0.630367297648456,0.5406210593690323,0.616276407631364,0.6512233849236625,0.6565592166970425,0.7134490394628591,0.6338208102120756,0.6904181711608874,0.6832849574060141,0.6084087647991105,0.6276187742785196,0.6148296277902766,0.7708828974409252,0.6141089346984082,0.5645223073911546,0.6296004727166505,0.7275997225308947,0.6456902090330945,0.6036611749119284,0.555070502595863,0.6836287727158097,0.6382074737100126,0.7061668924451955,0.6613307789435575,0.5898607603570947,0.6917577698408653,0.7004819829581707,0.7413345107987815,0.678855622076851,0.6886463994856228,0.5873656836647513,0.652
0.650682749154815,0.6863492429723056,0.6061479901722192,0.6552043175091071,0.5313527331116432,0.6314705180269308,0.6736373470756841,0.6109327767095429,0.6776048729570303,0.6022418747702772,0.7095531568677781,0.6551544383244308,0.7097549275395454,0.6201761731903508,0.5656891351441824,0.5729136643782474,0.6670724613472421,0.5953571853304587,0.5738923870785421,0.7283420640394653,0.5993978891658195,0.6125436381727066,0.7120942655354462,0.720297215771565,0.6642450581097012,0.5045968955252303,0.7304132381803334,0.7000563386552693,0.6340044407591597,0.6304250526105998,0.5410503394766896,0.625007523549891,0.6595197094664037,0.6585205901952145,0.7135315723148827,0.6338845572796522,0.6911763490129987,0.684258861131527,0.6140984328165155,0.6312950109147605,0.6156153092093983,0.7756492727994299,0.6141091800875227,0.569409464632729,0.6296013746644606,0.728060068734649,0.6457196696905912,0.605399049489793,0.5588467208782724,0.6836293377400123,0.6441135472802615,0.7091711649235554,0.6614656323905597,0.5898613080526423,0.6922999427716251,0.7004889849572041,0.7440550607793154,0.6792750861271669,0.6911249130178359,0.5874114341170551,0.654
0.6509165431001969,0.6866289758806257,0.6068209909928383,0.6555892464848367,0.53153340254821,0.6373831044534043,0.6740635350138482,0.6120712781245627,0.6846365509856731,0.6030472610703828,0.7103047794489904,0.6557001037483655,0.7136917755629736,0.6234658011862549,0.5690277380548778,0.5776317846048576,0.6674384047540033,0.5956045340253275,0.5763700795737586,0.7287896038692369,0.6021926548425758,0.6181790889290615,0.714077912494641,0.7208311016543083,0.6647425732116173,0.5059856097157988,0.7315315540560104,0.7009657569667122,0.6352259151188461,0.6395172008502434,0.5446015453726735,0.6250163269099088,0.6598247884409058,0.6628597945174355,0.7171896584277431,0.6339212147102417,0.6939668910782285,0.6845310847388477,0.6162660169119191,0.640681581719004,0.6186398271039386,0.7781683707955975,0.6142713541577496,0.5730953041032381,0.6296543803399262,0.7284915484310251,0.6463762678275924,0.6055524709717148,0.5594793164615814,0.686107341338962,0.6468205105138564,0.7112956914988119,0.6614678596980076,0.5903235333207287,0.6969987535517054,0.708382537461839,0.7475121172292167,0.6793367950507508,0.6951660792601934,0.5879933457987819,0.656
0.6517682495738658,0.6867392403241743,0.6073152741916538,0.6579955379565555,0.5315446448268769,0.6374307084178888,0.6795134318564225,0.6128366995017939,0.690539330585218,0.6057423787862326,0.7103631015914585,0.6573705327221008,0.7144897470640994,0.6235716138586924,0.5703273077400144,0.5780670939379918,0.6675297909473903,0.596036105806348,0.5778067263157207,0.7339131085746221,0.6021926610949436,0.6181945877454232,0.7141137521229047,0.7228561026619126,0.6647446154454058,0.5064297860387205,0.7345405097702568,0.7033906403483012,0.6356367293862427,0.6461874042190103,0.5459280635718756,0.6277695560201927,0.6602035502001271,0.6630956551339063,0.7186079369811365,0.6351607329723474,0.6946426118424641,0.6883947042218177,0.6204413446327008,0.6415338061154737,0.6219558708349825,0.7783632468986572,0.6148235875017432,0.5752088935986965,0.6314985731986305,0.7285110266973118,0.6474772568278143,0.6091834984420499,0.5607317817175811,0.6867445498469882,0.6468238145447937,0.7149565713487437,0.6632426390508227,0.5921366437855625,0.7157730767019815,0.7083826757298003,0.7476137027907922,0.6801868854213097,0.6966743541517396,0.5880667774278598,0.658
0.6529424683480888,0.6941730367271036,0.6073208498378979,0.6628060402800078,0.5316254367078141,0.6390499351964996,0.6829324055288246,0.612903226794559,0.6907702279860707,0.6074433890568154,0.7122836388249405,0.6588348412414057,0.7200161685517326,0.6237824569678115,0.5704798789189094,0.5832905701834814,0.6675512407468396,0.6075966386639914,0.587420422892621,0.7343637473486474,0.6026426881984845,0.6200737028895259,0.7148100482307391,0.7234270055401305,0.6718607557791147,0.5064325293216189,0.7347563061154025,0.7033996159505889,0.6369250179622619,0.6475198207929429,0.5465130375581679,0.6300698896154762,0.6645542398122217,0.6642399238237097,0.7243992406881813,0.6387043602163102,0.7100087355834578,0.6884386977108146,0.6225368328923391,0.641827468493135,0.6247157255705994,0.7789313695830311,0.6201242902038969,0.5752283896802287,0.6319395168834512,0.732359032190664,0.6477605938151764,0.610879113186343,0.5614381722919537,0.6867450922414229,0.6510442545956953,0.7150278343023833,0.6641486627176331,0.5972763775883718,0.715879769418255,0.7110414389048193,0.7504987517632827,0.6825317013221844,0.6966957497793643,0.5882603124861854,0.66
0.6531752017055461,0.6956106069179104,0.6099191757160609,0.663491549531896,0.533194728248183,0.6394806432370902,0.6889540300773839,0.6160814993001078,0.6907851462676334,0.6081522698606443,0.7142010756665379,0.6598690441788525,0.720782643335667,0.623784597491311,0.5720208989106721,0.5944134170087003,0.6738828955550119,0.6115825345866492,0.5899906117909195,0.7343650239571982,0.6049485878221026,0.6202746947980002,0.7162968298438663,0.7244427053696846,0.6733966007095145,0.507333902492339,0.7424168796748707,0.70842121219016,0.6370799941596454,0.6479285963107094,0.548468012045863,0.6301342116789664,0.6646203628209996,0.6710808597659788,0.7244380030399993,0.6391178295795331,0.7102952207503371,0.6884963736123246,0.6255491352986308,0.6448901786473911,0.6340592123963334,0.7834932516007653,0.6229050903923457,0.5847478809171236,0.6346980576258573,0.732558206253121,0.6481125274102935,0.618276305167981,0.5618913773785826,0.6890616915921755,0.6529851666164213,0.7155770240601298,0.6692982999437893,0.6006537333461182,0.7255778283543906,0.7115586835029244,0.7539912721263817,0.6850450041760806,0.6968957653453021,0.5883177493735638,0.662
0.6564784279843707,0.6972332186047551,0.6099192115123951,0.6692857767999358,0.5345004664218319,0.6395124536553991,0.6889621831743745,0.616677169865555,0.6914660188651083,0.6127196226829891,0.7148318192424024,0.6622246485422161,0.7207941206428048,0.625534694064457,0.5754029902632873,0.5974011886363501,0.6738828978539187,0.6144214911975288,0.5916962111510746,0.7347523562288796,0.6049625372560091,0.6204956715599208,0.7168320796861637,0.7260760957383486,0.6746805876146084,0.508444660301739,0.7510253669492821,0.7102958400065317,0.6372070854240891,0.6479918789027412,0.5491768076177759,0.6321769500251381,0.6725041797332666,0.6712757920417913,0.72585947922213,0.641401796119115,0.7106167062706868,0.6886263596458473,0.6322089374550017,0.6449032388785259,0.6340666552209208,0.7837441736205876,0.6232656967017454,0.5848043302133459,0.6354945517440123,0.7349148892742882,0.6485362210245686,0.6184096843189134,0.5636730404105474,0.6896429593247155,0.6536152445324644,0.7157226989860695,0.6698022056413708,0.6026788998068063,0.7288146389108312,0.7118033230280987,0.7542401189704759,0.6862144360007328,0.6969727748605697,0.5886894235868682,0.664
0.6569232944579578,0.7026072295785337,0.6099216339640479,0.6692859531887964,0.5346115595064536,0.6399151783724428,0.6930582202321729,0.6177094921370384,0.6924819909920223,0.6138947935533687,0.7157585172437183,0.6632193380405135,0.7235895671049425,0.6262890265250411,0.5759923028058883,0.6004028308977621,0.6828828625860394,0.6189547917060764,0.5917965565683952,0.7398064494941823,0.606712148477288,0.6204958007912114,0.7182828228178457,0.732599666862058,0.6747176237195769,0.5139062798622822,0.7511927252298826,0.7120113865854449,0.6385121193602794,0.6513645904627208,0.5491878053026163,0.6322175574990067,0.6754519639779434,0.6714518985075959,0.727875482690271,0.6415117465512307,0.7127306025394237,0.6893640434498308,0.6330340074047512,0.6458250789980252,0.6352407002002686,0.7897554590225225,0.6234091986315715,0.5886877986605302,0.6373260625186653,0.7349351860608879,0.6489233728763806,0.6185458063789536,0.5637116768247149,0.691577015079606,0.6569659768017166,0.7191611209077273,0.6734736111884818,0.6046718809386528,0.7306649247001152,0.7118721679829311,0.7573156950877925,0.6895906844037603,0.6985697835857989,0.5898413359510714,0.666
0.6569493102832699,0.7062050760368346,0.6099481455563986,0.6713400269225837,0.5351982381151591,0.6399215595882062,0.7013435102699259,0.6202780974489435,0.6925991842892809,0.6147160871752868,0.7161214840410022,0.6658630608567497,0.7252898499819598,0.6265729082728491,0.5864252143737139,0.6008970755431744,0.6838052869834476,0.6231015260468961,0.5918623228739658,0.7448503770426085,0.6086498419655886,0.6207599908120337,0.7184936254902273,0.7328703839127326,0.6751873805147697,0.5157735796823162,0.7512690643363384,0.7122333452020645,0.6401706169721277,0.6513682537313408,0.5493891768315945,0.6335566216887655,0.675514980201237,0.6729738964955622,0.7278950056199798,0.6456462383353109,0.7131276968671212,0.689377362315093,0.6345753935492998,0.6464065894575626,0.6355368719390109,0.7919633861723763,0.6234124927001956,0.5887306894165928,0.6385101132541515,0.7357165351459484,0.6490751550542119,0.6233712078449395,0.5652901449562768,0.6929678993086283,0.6569853374775,0.7202503773968034,0.6735718523605793,0.6047022632182937,0.73069778905807,0.7127120328497247,0.7581255147153332,0.6925670420090138,0.6985765876745262,0.5921429667615878,0.668
0.6607610663545409,0.7062388632635737,0.6103325923338547,0.673825801679102,0.5442529434035304,0.6441861786203856,0.7033576656697705,0.6262623830928288,0.6948264369642742,0.6167242017086652,0.7177592578045933,0.6659115114809079,0.7253237219867432,0.6266150993548896,0.586471477025813,0.6009050913256662,0.6874479094193832,0.6290681279520264,0.5921675572657528,0.7454680081460588,0.609024289226002,0.6208129799471745,0.7198546051473778,0.7330908383964649,0.6752389855136919,0.5159335766358719,0.7536999181475906,0.7161069921891926,0.6462642072173774,0.6514258484997791,0.5519521369627881,0.6380429258481363,0.6787798885042933,0.6730183978383731,0.7281924047082223,0.6476954158540456,0.7133905956097635,0.6893901086823714,0.6345828639100991,0.6465527273152379,0.6355601132859421,0.7921193470617091,0.6322112195124204,0.5915708081016852,0.6412365638729719,0.7382233279381477,0.6512490737110235,0.6235475473524222,0.5653166975029374,0.7057095673255449,0.6590148616752594,0.720265542064102,0.6751478125956715,0.60470493331268,0.7315719691958069,0.7127168601285168,0.7588961370248797,0.6935294287635102,0.7075999195640685,0.5921432332951971,0.67
0.6608783911392596,0.7152156948273133,0.6103856343176576,0.6780684191572237,0.5448242642276001,0.6446509618578758,0.704919200706584,0.6316305423589778,0.6951425152131198,0.6181401059633678,0.7276267263858086,0.6675411079740783,0.7256021776568996,0.629155236786766,0.5870853775557591,0.6014222231075432,0.6910137348155885,0.6367173220966541,0.5921900501230493,0.7474454862081976,0.6090839905951829,0.6215677474609574,0.7202785906982291,0.7402318962530401,0.6822357086816468,0.5159788172782332,0.7590833877189822,0.7163540698817747,0.6464336533721403,0.6535957156940301,0.5535150386377049,0.6383344326034471,0.6797442885448337,0.6774578046101527,0.7309755966360536,0.6492541512218364,0.7134165141913761,0.6913128016353068,0.6348216755625575,0.6469054443230753,0.6426136573951152,0.7978697518156509,0.6348427543291006,0.6030772201038924,0.6415844108916138,0.7383946797251528,0.652198233309546,0.6235595074151806,0.5653528733706109,0.710775991478749,0.6625130577663211,0.7202662614929977,0.6775361189875447,0.6066755573870607,0.7325646900300098,0.7127978790701441,0.7593790127495115,0.6954785824672359,0.7084189333126761,0.5925105075766007,0.672
0.6628420504896106,0.718294157716619,0.6144604018185825,0.6798667772403183,0.5448520443934891,0.6469438957578217,0.7049456139908071,0.6335667138512865,0.7008279843971432,0.6181495099409415,0.7323239200928654,0.6676013724578131,0.7297544810662635,0.6299346598422504,0.5875737447998827,0.6021427537512827,0.6923368409532183,0.6374318060185111,0.5921990457849144,0.748847915750017,0.6093485409089545,0.6216026036242553,0.7232529985671157,0.7402384390980054,0.6823187239130648,0.5174414160755125,0.7727340760724664,0.718610447801185,0.6465616817773178,0.6550890948794736,0.5541669839073115,0.638340643776274,0.6810358870161032,0.6793478423006399,0.7347278737275952,0.6536728645929221,0.7136728617420376,0.6927421567328784,0.6373064398807752,0.6480029114549015,0.6426282402178823,0.8010020561399629,0.6357596071659677,0.6132805434747497,0.6421906207376992,0.7434754055658392,0.6574007208214547,0.6239284855646554,0.5653539737605402,0.7146950629833374,0.6643120770867449,0.7204769966407149,0.6983216362404092,0.6077433960195116,0.7348350905068403,0.7128382567813957,0.7616254134514935,0.6961137963990051,0.7103679207382869,0.5930937081111566,0.674
0.6647789364651319,0.7213287679188884,0.6167423767006697,0.6815891019483359,0.5459552506207496,0.6469745312463896,0.7051403433787848,0.6339718922345482,0.7009365566977973,0.6255035365878948,0.7383706123483051,0.668416031646975,0.7306990853886196,0.631363569076983,0.5885563911330285,0.6032752329753718,0.6930893179318783,0.6374359207968401,0.5922719895750209,0.7488621447900854,0.6094612232458188,0.6216139968843082,0.7240782111678804,0.7407320535209536,0.6824517084599399,0.5219714036074268,0.7729378748040352,0.7220114914824793,0.6474974381560348,0.657334850214401,0.5551768005818402,0.6387323073616711,0.6817452708406551,0.6794034419786938,0.7364251851469329,0.661549502343352,0.7136731602216227,0.6931295941439592,0.6389048690501776,0.6503199180012776,0.6446567077745345,0.8020552264035183,0.635805574652614,0.6150479938043537,0.6421934494185001,0.7478329900014012,0.657437324450397,0.62693794756673,0.5662297096696196,0.7183032794580215,0.6659282977220565,0.7209187076447154,0.698634790637747,0.6078021190988783,0.7360512846377956,0.71396440057872,0.765583320648436,0.6961730826093964,0.712852627181138,0.593491113241888,0.676
0.6693420366846727,0.7213349662187803,0.6180690007039331,0.6816024390331477,0.5494079248995407,0.6548730285772463,0.7055169384495923,0.6344604101458148,0.7027757532709104,0.6278806651644263,0.7384318579538589,0.6701007516927625,0.7307355569125189,0.6314675080622553,0.589241605989861,0.6034910344417498,0.6931857041221717,0.6386797008490014,0.5922883087316041,0.7489017230109397,0.6095497522377221,0.6232409027134188,0.7240898507267819,0.7407550800500093,0.6906227578006067,0.5221767747641686,0.7750630067914023,0.724892816910383,0.6485276445488057,0.6594006406431099,0.556243229872299,0.6414089760890459,0.6818682215661451,0.6812735384216603,0.7381538079461989,0.6615637450323124,0.7137815874709759,0.6967118480537177,0.6404757797428015,0.650337943813824,0.6455703535684794,0.8025465337240537,0.6366631905270245,0.6226806685247915,0.6436730127499092,0.7489221718733645,0.6579725109357305,0.6269448410931275,0.5670960970962028,0.721155953729159,0.6669236888549581,0.7219696454768907,0.699375289554501,0.6092486046559586,0.7369371213223026,0.7139644020455367,0.7656193669005481,0.7003058176851851,0.7130224317499944,0.5953685466353686,0.678
0.6693742833659967,0.7249858820742356,0.6189584211760475,0.6828126955542374,0.5495585985615705,0.656126734011023,0.7066933756903864,0.6347333111596876,0.7033845195600561,0.6306405022763113,0.7384472422269059,0.6718670628483244,0.7324165065038323,0.6326347755253043,0.5932877551167148,0.6148139236376859,0.6936057832749485,0.6479640129813691,0.5932579413066666,0.7490209270931442,0.6096796348202806,0.6260374555680109,0.7245545513893981,0.7408268143762867,0.6914144907642478,0.5227707700030557,0.776582183936901,0.7307448170491859,0.6520208355397559,0.6594079059830761,0.5606370140265912,0.641660536043799,0.6829676902928805,0.68201286256384,0.738157916539773,0.662059721944512,0.7155527212102063,0.7042229723502498,0.640578141209896,0.6504230168382493,0.6463520392985147,0.8049502029679716,0.6376241131708619,0.6227763568299699,0.6478469043135798,0.749490680662305,0.6603910665437954,0.6338937423256658,0.5676475212821626,0.7234936112162671,0.6669859767148157,0.7226040316364352,0.7004812166415018,0.6120185195687082,0.7379790547812456,0.7154089403290055,0.7674818502061088,0.7017417343865324,0.7138234363682959,0.5953966516471754,0.68
0.6697792300682277,0.7252889499294364,0.6197242061100007,0.6828332500867058,0.550162862689505,0.6568925372753992,0.7070586412642546,0.634956417982938,0.70535107776523,0.6334848342973214,0.7386304241613826,0.6729652959792944,0.7338963449360281,0.6352343755019152,0.5958840048051763,0.6149965354453655,0.6947640434788954,0.659573290248268,0.5933916102636876,0.749085403735385,0.6097308209872643,0.6271571254550447,0.724912781973427,0.7413422741162884,0.692739240329652,0.5246928098591948,0.7766343514356188,0.7355384068180549,0.664089810337881,0.6594127302828805,0.564645394982096,0.642645945677266,0.6835165768228344,0.6820142069140545,0.7381891116960428,0.6621980858663229,0.7155689267844618,0.7042365569311568,0.6417206623172361,0.652629253129179,0.6464420956444807,0.8072968551540181,0.63766970745933,0.6230194983297042,0.6490973231468206,0.7531593766803556,0.6645136983002691,0.6346403925418654,0.569969775763178,0.7240774564323547,0.6673231606532626,0.7244936110715174,0.7004938793310636,0.6140656553453894,0.7381470993038087,0.7155939372803604,0.7723119576296694,0.7072871095423013,0.7147641757139501,0.5970193827776441,0.682
0.6703985674237618,0.7265372792314699,0.621555394486232,0.6855270332369208,0.5552795572829408,0.6589789592952824,0.7107268846861996,0.6376697636230816,0.7056062860948411,0.6345573438430281,0.7392159588704251,0.6766950206995916,0.7435831304731826,0.6369239760514536,0.5966175678607917,0.6151487317330206,0.6958087356915147,0.6597985348757105,0.5946820392013902,0.752258875322865,0.6101603812259583,0.6311534700182457,0.7266625935421845,0.7413576153843051,0.6929193503154608,0.5248194227518695,0.7772549656874115,0.7396652638154452,0.6640920852974431,0.6596497353813651,0.5663401749683953,0.6439333628840156,0.6858568216013587,0.6858807666003754,0.7392815976514212,0.666835627030989,0.7157315648165509,0.7050859953251173,0.642790625118057,0.6529608554073565,0.6475694321485587,0.8091881401212226,0.6377507772031682,0.6240687672879907,0.6491227723881077,0.7553023754733738,0.6672920534324046,0.6355687232859661,0.5729728010072677,0.7243965395772064,0.6676257406993563,0.7277856917555041,0.700589391665181,0.614068896187579,0.7383417539901271,0.7156401735219606,0.7726901158392973,0.7073423953908606,0.7240543197851643,0.5970444512525315,0.684
0.6725467000795748,0.7268056211743776,0.6217500635826038,0.6873064153684576,0.5622632758476368,0.6671916481523302,0.7120630315374852,0.6415551770286286,0.7056325569828544,0.6346631790098366,0.751170481127507,0.6803934416498449,0.7444677135502197,0.6419156754818232,0.597507933699416,0.6157711082258605,0.6958140701193681,0.6601947741304073,0.5960022221399456,0.7524890139116737,0.6249486849048324,0.6372183562657018,0.7285146164419052,0.7424289222870493,0.6929193615563053,0.5276818339693394,0.7826815002508456,0.7404708520498153,0.6642269801960446,0.6614045590849702,0.5672643374360874,0.6446383017646845,0.6874503933458228,0.691339533449726,0.7392832694167482,0.6680134484696448,0.7179915621020104,0.7071346821595669,0.6457822531930354,0.6580340571097049,0.6490649371979491,0.8095898421081394,0.6413098136588647,0.6254085291492704,0.6501975535043985,0.7565302333837073,0.6697211674689545,0.6385975016203392,0.5829850792510257,0.7342645940832618,0.6679786653829417,0.7281146245955001,0.700626843381517,0.6161914808458746,0.7411101189810134,0.715909055063252,0.7742411288189891,0.7144947028537736,0.7251361497981947,0.5977022849241825,0.686
0.6760073428622223,0.7329905896179633,0.621993998428492,0.6956831036271944,0.5622708588212458,0.6710317635372418,0.7132392976589047,0.6416077106239535,0.7083109059078773,0.6352402456340897,0.7534302838219928,0.6806820770292924,0.7467604547326161,0.6465753125224833,0.6024282582537628,0.6272233014201378,0.6962438148923891,0.6610198415680384,0.5967550535931107,0.7558705514333555,0.6251457977376743,0.6389309657297235,0.7286987515653768,0.7554824446465402,0.6937733820211431,0.5278941474042139,0.7830924456024698,0.743541718389416,0.6643790040904818,0.6617819830040027,0.5760760396906555,0.6472477023036158,0.6925262616952852,0.6913887161194497,0.7407238245823943,0.6683165953292693,0.7183544736393214,0.7081587754165186,0.6458025252602999,0.658035893155314,0.6495356468886749,0.8108293879398217,0.6413659361036761,0.6254100425405794,0.6502812966708147,0.7619545198108889,0.6698396048468616,0.6392405803453111,0.583296304574903,0.7376663601941844,0.6702378813473632,0.729328327065937,0.7029426453079561,0.6162039006412263,0.7416375123962051,0.7163669557040144,0.7784613646172267,0.7173071156085795,0.726386066444599,0.6001152632909683,0.6880000000000001
0.6760075392405662,0.7330120516752375,0.6224550054469221,0.6958674737190447,0.5628079294412739,0.6729607778903569,0.717530031612995,0.6427202949528765,0.7181759862852886,0.6364411064930806,0.7541857731832643,0.6837582733157983,0.7469900861910704,0.646598414023436,0.6024282585763722,0.6273272084437562,0.696650301640016,0.6611857340930499,0.6183339957318427,0.7593283890988298,0.6301461780934885,0.6429995220588967,0.730642760659638,0.7586727811004773,0.6939338616948879,0.5279081654034474,0.7849605797809224,0.744339203507271,0.6713049133002468,0.6703566741586905,0.5799639897277312,0.6472490471416434,0.6925268554411639,0.6916482765993284,0.745915415880058,0.6690469038561611,0.7184042504023863,0.7083730357766584,0.6463561257738102,0.6611493195865852,0.6509980528988988,0.8156933733688521,0.6418660277147936,0.6255077502176022,0.6504760490023019,0.7620477646753806,0.6701347008902594,0.644328464588847,0.5833187781310529,0.7393581931694717,0.6702751233210075,0.7324465361332819,0.7029451066658167,0.6179531702104831,0.741704570137832,0.7174702520931971,0.7786251540881253,0.7173163828466581,0.7298561830426628,0.6013106726367601,0.6900000000000001
0.6760108814139196,0.7382256899894502,0.6260718890436576,0.6962875110762109,0.5676398954231843,0.6767050298739926,0.7202065230365676,0.6436301307759991,0.7190806215118855,0.6367781681110047,0.7553984141266837,0.697333232974666,0.7472336372245171,0.6576366848710969,0.6068689794042617,0.6274176551340817,0.6967923082616735,0.6617567932993761,0.6225075236365583,0.7649950877828078,0.6317767203919944,0.6434184825087154,0.7382946373847553,0.7589571818218296,0.6946297099882641,0.5285417999811816,0.7850584186275411,0.7482960798698217,0.6763573782754752,0.6736173509087516,0.5808870396899848,0.6472569553474528,0.6986211694131133,0.7025755530678288,0.7459279572776849,0.6693313879900089,0.7184400648996454,0.7088482931236842,0.6468946352789684,0.6698997542038647,0.6515691138899065,0.816112287188544,0.6454232204628986,0.6269982579466105,0.6571614214803472,0.762165162782503,0.6752920194612999,0.6443598930908617,0.5844830541736896,0.7398760138785322,0.6733187468655689,0.7324465536892503,0.7039735331476358,0.621004352359241,0.7444345323039876,0.7354647446703956,0.7790751220795169,0.7176954582107492,0.7358957271960538,0.6016026457660498,0.6920000000000001
0.6760520456646063,0.7396481015906015,0.6329369485739362,0.696287759993461,0.5680301634267949,0.6788436319810379,0.7213073366589631,0.6468269974041903,0.7193150392946192,0.6369554399576921,0.7565940452723874,0.6974485496662058,0.7484448799044023,0.6584774870675814,0.6101096236166762,0.6303956384603441,0.699298524783944,0.6631212710781009,0.625677763207486,0.7649982764108942,0.6325657581188953,0.6472533775177353,0.738303678791083,0.7616442785788242,0.69723119218095,0.5319894201341835,0.7866224689991307,0.7483306609160382,0.6766716022602206,0.6737891620830102,0.583132141836004,0.6473337316754909,0.6986586659309709,0.7038771432233362,0.7469094361853931,0.6693386135749118,0.7198941050670821,0.7088546794370544,0.6477188803343736,0.6701535924703241,0.6531227043951352,0.817985493626757,0.6470235733998532,0.6272765441130863,0.6575970911705392,0.7637786492782105,0.6757233450365234,0.6444041752708192,0.5856761619787672,0.7413860376609376,0.6815146696604252,0.7364220382614234,0.7067160878712136,0.6211951090897176,0.745089162392971,0.7387247978848719,0.779125952166298,0.7177141494457282,0.7359396908914425,0.6017684362823739,0.6940000000000001
0.676801993161152,0.7525243447306638,0.6352195601221452,0.6992715906907929,0.5680494102646225,0.679350706807763,0.7220274771591048,0.647853239187332,0.719516367979503,0.637216765878588,0.7569060209511032,0.6989788297551641,0.7489046395355191,0.6584778095371374,0.6111959256885928,0.6360658759826715,0.7068524376092375,0.664376146301094,0.6298366432353077,0.7658982938952409,0.6429688835070766,0.6508558305268917,0.7384018866508384,0.7631807564710287,0.7018276683902179,0.5325289898045036,0.7866467107756667,0.7484092067509269,0.6774953668328143,0.6737962812050281,0.5901745791409563,0.6501796746758715,0.6998036768405366,0.7040649719620689,0.7470752163435876,0.6702597943881017,0.7202662464053331,0.708927859992859,0.648203459574243,0.670892870255734,0.6536806873325574,0.8195319252056037,0.6471369688277799,0.6310910678501136,0.6590057080126853,0.7640979705024004,0.6813742342197389,0.6456029975312758,0.5856763263644438,0.7417517644759148,0.6863196702263712,0.7400602481112842,0.7081287004412745,0.6256720539033539,0.7451515692739813,0.7397687692581287,0.7808650459805526,0.717970312672182,0.7363929961528382,0.6021941862440927,0.6960000000000001
0.6801496151685291,0.7577060107269987,0.6386017363018972,0.7022562538116548,0.5681730129581556,0.6855600246135738,0.7282163891812632,0.6522719829980065,0.719757020560479,0.6373443520430068,0.7569116619814292,0.6998628964633434,0.7504474003774679,0.6592584927576748,0.6136203727329081,0.6401398992326213,0.7073191710779105,0.6661395419023884,0.6305829880490765,0.7662604203999597,0.6464482252473107,0.6511695689747227,0.758083269957956,0.7648990807107157,0.7025962706907851,0.5327101968766378,0.7891120497080546,0.7509049442403701,0.6881204736819799,0.6739855441182513,0.5930968846091055,0.6543014443236392,0.6999252138090294,0.711861211390757,0.7571306958977753,0.6732472974561116,0.7227117593475595,0.7089367110896979,0.6491853313913972,0.6746368254151083,0.6541624810130521,0.8247832232875906,0.6533633613851444,0.6311825108594719,0.6633260647937036,0.7644348839107006,0.6828034571794711,0.645603767581357,0.5875114281208607,0.7445054424213644,0.6880944639044253,0.7404210908824437,0.7082959442034995,0.6273103639880484,0.7455302396656968,0.7404212988100624,0.7808721859233397,0.7179706177572164,0.7367337607477016,0.6050234929387929,0.6980000000000001
0.6808179197342432,0.7577723382276267,0.6386126549390545,0.7033906329675458,0.5698299028124116,0.6904481695936739,0.7282365777907118,0.6535411584707811,0.7199181212550209,0.6374120757205103,0.7587268057626047,0.7007834893637273,0.7559816926971503,0.6749476021063007,0.6182410434795713,0.6416204563181755,0.7201229325092192,0.6707307204977672,0.6311332934134913,0.7671531709025147,0.6509017889395885,0.6513531015468642,0.7587089194061645,0.7650774405614198,0.7027017669513522,0.5331602858368253,0.7909843554111674,0.752893394851368,0.6882833706439209,0.6753346254229157,0.594288065171108,0.6623306944290452,0.7020595309800381,0.71499936333577,0.7577044488287207,0.6747350913005812,0.7237947923812328,0.7104186412614159,0.6500750560892973,0.6772629824691099,0.654466861438937,0.8251212982591339,0.653373996466858,0.6312093299753214,0.6637156922391014,0.768619572002532,0.6845407707513946,0.6477142819686932,0.5895867534300631,0.7449852284196409,0.6899153185527451,0.7447549009312561,0.7152450563343843,0.6273431962705331,0.7455377938878055,0.7422215417469974,0.7809354223685575,0.7181108120556761,0.7424609978045429,0.6062754064219164,0.7000000000000001
0.6835027856783109,0.7580202886773226,0.6392648630641627,0.7053803533210228,0.571275015276749,0.6915381436413359,0.7283679491317939,0.6546982173408072,0.7211237415086077,0.6375604139525727,0.7595111032586676,0.7007883062310447,0.7575087792968962,0.6752370739313474,0.6261763521995978,0.642568624735007,0.7223820466654213,0.670730917773816,0.6322499726250107,0.7674040637475562,0.651253538986123,0.6519803626182696,0.7590620960182288,0.7701813576615927,0.7054438905876146,0.5341810426220183,0.7911909647048455,0.7558830242024684,0.690006221284343,0.6784510786496862,0.595524897580146,0.6756538203968925,0.7033810288830826,0.7150490877498196,0.757704817529323,0.6749009689239202,0.724134491823287,0.7116839249250048,0.6582958957403701,0.6772631394291165,0.6579183679490161,0.8265193840498997,0.6534458275783289,0.631297464439176,0.6638675409040355,0.7721652902565065,0.685199090600467,0.6511253383566813,0.593069749086522,0.7479813673225117,0.6899167753217237,0.7467927954736726,0.7190440207814642,0.6281464259453107,0.7456117690030855,0.7427733161911249,0.7837740081838569,0.7300941762238214,0.7424804161023711,0.6069108684964807,0.7020000000000001
0.6860569561058103,0.7582442428632674,0.639824516243214,0.7053812592294689,0.5734654276598632,0.6932583255210277,0.7284432642018434,0.6547337486382049,0.7234871201610005,0.637801660266214,0.7597073409334388,0.702368160642113,0.7590923238636895,0.6760557181711025,0.6269579973650116,0.642746876443925,0.7299609718578757,0.6718980688904954,0.6329740392481725,0.7703396905900124,0.6517483463475073,0.6526727349125376,0.7593147059475793,0.7711292062190453,0.7081109014682999,0.5348737762649777,0.7912478623418476,0.7573268295342711,0.69001276321754,0.6784890279783657,0.5983853765310524,0.6758103202960895,0.7043384110986446,0.715728440621259,0.7626020586208286,0.6766623445547917,0.7250903174461333,0.7118854617142303,0.6591123362081684,0.6781754971946052,0.6581478217176548,0.8265204666774859,0.6535268199831851,0.6326636349295287,0.6655463819266543,0.7721919173994659,0.6895903541876184,0.6511451265659074,0.5931698979049939,0.7585567039751784,0.6933584046133846,0.7470485932649511,0.7207792142551472,0.6290108856077008,0.7456903048443743,0.7452640115264223,0.7899175244305954,0.7305316343422084,0.742485173924696,0.6069171318187191,0.704
0.6893309074209953,0.759529830587956,0.6402741858517904,0.7065796545874914,0.5795801947326861,0.7003403037986983,0.7285200135655558,0.6549194697214336,0.7243234114889109,0.6454781416762966,0.7676857809112071,0.7057189451075032,0.7591232584421446,0.6764030600330257,0.6270825604791135,0.6427873668655238,0.7317605779941982,0.6724672055155254,0.6363294564599884,0.7705212424534853,0.6524902693451033,0.658397569357609,0.7597372554052583,0.7713055802129981,0.7084300284180672,0.5349697389766311,0.8051829679955569,0.7617905643172141,0.6900265157192088,0.6815180695443271,0.6099131468015638,0.6760792237667933,0.7044495760617656,0.7164000000263301,0.7627004881156346,0.6816039215779559,0.7265439400078254,0.7119011363799076,0.660635846417758,0.6832450213103031,0.662560819888987,0.82792834817307,0.6543747748498245,0.6404201991745961,0.6655627711248615,0.7769390687266048,0.6895907021983865,0.6562157521447538,0.5933650382618265,0.7629975264165623,0.6937452038114611,0.747050697262165,0.7238053294286337,0.6294514714089517,0.7458189804818524,0.7472732111892697,0.7906205239916447,0.7362081599438332,0.7437084123719861,0.6076297290935574,0.706
0.6896128243148689,0.7632888522184079,0.6438635172260108,0.7065801865971345,0.5802267338135922,0.700427778836667,0.7295357706130549,0.65644538823434,0.7252572227591958,0.6456547035664735,0.7685699085021783,0.7105103701653758,0.759562564870276,0.6801728163630792,0.6284156009519155,0.6427957341372241,0.7333811462679273,0.6730279275818795,0.6387098941851246,0.7713472403551406,0.6619467795793649,0.6613869565675131,0.7598763024558784,0.7774965273572513,0.7089245195246064,0.5380099221382103,0.8101352008742098,0.7673246774158268,0.6958205956515618,0.6815351369305173,0.611915515371038,0.6765972348269476,0.7044914788776235,0.7207334404790833,0.7630638715231244,0.6816179586553813,0.7316717981341788,0.7140932784184438,0.663511591278712,0.6832930543997003,0.6626481915567843,0.8297518511497937,0.6549136766739992,0.6408551727523344,0.6672770592025095,0.7788362709217105,0.6903856529867046,0.6562158840799814,0.5938271494988602,0.767509638426421,0.6940389655471226,0.7477462262083462,0.7239941915954934,0.6361473827247882,0.7493504254627851,0.7564253264711276,0.7938143980455433,0.7363249331664993,0.7508801252722177,0.6076357936018926,0.708
0.6927160156192139,0.7632957695716419,0.6453132876965676,0.7072289139191702,0.5811571058185602,0.7011352340989742,0.7299805194620818,0.656611078703151,0.7257790006842333,0.6506496697313164,0.7691067181289521,0.7139173950720775,0.7598549040467467,0.6803068483968361,0.6285339045574635,0.6430812202637959,0.7338773309102361,0.6761659100538646,0.6494199394439086,0.7800525127261141,0.6620080668371268,0.6709038162278115,0.7598964856669105,0.7787866277139762,0.7090012537691929,0.5405513741709476,0.8123533326270473,0.7682714379223561,0.6961296742820927,0.6955530262813973,0.6141603401535588,0.6790590902785139,0.7054328355504093,0.7208367521278414,0.7643618903260718,0.6821425419379636,0.7349538199626048,0.7142062732132112,0.671200890550227,0.6935079665873464,0.6650390295217609,0.8298947220871418,0.6654960526270101,0.6438369600447342,0.6674362639744196,0.7792270989931832,0.6944291048047421,0.6562629396556269,0.5938402578712579,0.767722566117564,0.698391633534515,0.7508461698393709,0.7243828505621552,0.6367601960495811,0.7507028833062206,0.7569032058679382,0.7942473009195833,0.7363259673421346,0.7536621767553965,0.6086285985687002,0.71
0.6942145584391903,0.7639654128981564,0.6457681827120616,0.7134776730019265,0.5811585203210059,0.7012848137666771,0.7320626280683264,0.6567844878979071,0.7263253441587637,0.6555252591967184,0.771079655639828,0.7227148311792377,0.7599882358859028,0.6838637723465033,0.6293336357528484,0.6468345962016646,0.7340149182377292,0.6785978820890153,0.6578222687918247,0.7803913671011075,0.6628322095499274,0.6712625859447091,0.7621757630360793,0.7830044700393378,0.7100495018511322,0.5405572368626956,0.8169760958065528,0.7682796857914455,0.6961393131045216,0.7084015419559936,0.6148546408436244,0.6828155259799928,0.7171649792261595,0.7210093540251704,0.7647062931811436,0.6829026821576836,0.7375045164280588,0.7142226944887407,0.6717601649925242,0.6976138742533087,0.667883695353815,0.8303944300923243,0.6671762624390203,0.6478492889787602,0.6674554553558307,0.7876924355005387,0.6961775098753237,0.6566576286892889,0.5940201711282532,0.7678043703139229,0.706528548458247,0.7515305029892486,0.7267059749187844,0.6390969974082903,0.7533327596732715,0.7581858752871705,0.7942677300077602,0.7387872917722962,0.7538660169499558,0.6086936488275191,0.712
0.6946870836588406,0.7645434188410735,0.6465633373521584,0.7156841105034477,0.5854438274631906,0.705671393893262,0.7343702997545665,0.6571783811943862,0.7275792281737815,0.6564544208975794,0.7717117386765878,0.7253631630957929,0.7611526295367369,0.6984947973293213,0.6321335861514707,0.6469001635329096,0.7349223169251149,0.6797165386293476,0.6645191838908139,0.7810582703167929,0.6629570673683906,0.671857940383614,0.7629177211167149,0.7830114614632765,0.7201312234869636,0.5409274884277692,0.8179475302105077,0.7758476659993986,0.6961396321469762,0.7093395140678448,0.6158544204759419,0.6842958222625748,0.7173250824654076,0.7215071973684299,0.7674317250594016,0.6829534806585937,0.7380993798868297,0.7218137137275474,0.6769820436827768,0.7117694279165823,0.6679526099104028,0.8304516199418328,0.6694074598162003,0.6482569158781624,0.6678990228626914,0.790411478724904,0.6980662134193406,0.6569415948760736,0.6026908629024613,0.7682359026805063,0.7097386835037891,0.7537054595986673,0.7268412782864576,0.6406534927990413,0.7536697024296788,0.7581905417789648,0.8010048498933536,0.7403854573049535,0.7539292527526563,0.6138511414321001,0.714
0.6952614545687701,0.7648790479112156,0.6465740729450739,0.7156939098580167,0.5858168235500167,0.7138832456911831,0.7345636534438585,0.6574160062262128,0.7295524823278093,0.6570760767765716,0.7735401391681909,0.727802229446682,0.7617967069804755,0.6995835758662521,0.6335108214707927,0.6469077958716299,0.7355570173800375,0.6887230798643467,0.6662077473201509,0.782219252940171,0.6640538752751367,0.6725951528747631,0.7648716363690319,0.7840319571655966,0.7223345146699579,0.5414671513685807,0.8179655735661172,0.7775696042357944,0.6991800399166137,0.7101349191942629,0.6221597830430511,0.693806531549311,0.7249551330547983,0.7215767345500254,0.7707824735825364,0.6829541815365049,0.7427668987677029,0.7247365676857351,0.6772024674159244,0.7154246770973394,0.6700982143644891,0.8338302152679584,0.6694182591488341,0.6489495842746064,0.6683346994136491,0.7909747624016062,0.6984204266914481,0.657151038323128,0.6036802343745179,0.7690077050513952,0.7115020128685325,0.759244559974269,0.7285177324713383,0.6454829159178395,0.753694095471574,0.7595761197672006,0.8014788095231612,0.7407047126565737,0.7552789086961991,0.6145942664616595,0.716
0.6976889540593525,0.7648996964968349,0.646609020944256,0.7167255841399576,0.5860465055598616,0.7140288149256228,0.7387562361489047,0.6606025704831685,0.7307379651038908,0.658174786390629,0.7749524581042171,0.7297177333179277,0.7626948237318504,0.7005682149229138,0.6455928379097053,0.6474611800002045,0.738858067555516,0.6889505786035285,0.666518943030579,0.7898582556011121,0.6643610558598552,0.6726103329207621,0.7653898662435,0.7841137163446248,0.7274597138277645,0.5416562390377052,0.8189745485518898,0.7784850414691915,0.7013084453435193,0.712412431192009,0.6233989336178831,0.6962147361702946,0.7257585929736173,0.7215877025359144,0.7757676427999775,0.6886609354642244,0.7447933653384743,0.7269991998205169,0.67800975399394,0.7157717160307946,0.6803998775601967,0.8342642707560831,0.6694980700138865,0.6530419466064827,0.6735071249467747,0.7911690541623663,0.6986406738504911,0.6587369307111849,0.6048177677318417,0.7702883409625485,0.7139485860827735,0.7658185653988329,0.7321498036768208,0.6457188848214911,0.7546949587863936,0.7596101560748504,0.8017713853505389,0.7409778493179058,0.7562914789693966,0.6193265346907085,0.718
0.699997495556804,0.769580975006089,0.6492476689589604,0.7182005585450189,0.5862240484990392,0.7140832791962684,0.7400477580074558,0.6607432372224535,0.7331924858257923,0.6584247475226584,0.7801157387534565,0.7303653891188653,0.7640931545591352,0.70081768262533,0.6464171698857978,0.6499348308733935,0.7388592966885612,0.6899528320656539,0.6673305236750333,0.7903237406648216,0.6643887065793602,0.6739593498090973,0.767952935445188,0.7890218101006977,0.7283754410696855,0.542783663483138,0.8203166724041354,0.7824366041883163,0.7040287363019607,0.7130282810161704,0.6237074291303781,0.6978111422702502,0.7260761564402363,0.7303034292812102,0.7757816843063066,0.6937425505497631,0.7521178515112692,0.7319261550444272,0.6810000524738088,0.7189893606432701,0.6840561085691689,0.8352758690352922,0.6703330543865698,0.6533158965923769,0.6744145851909988,0.7911793856990741,0.7112361084070397,0.6591945926271153,0.6094584238477184,0.77316726866377,0.7141944119672379,0.7672278729261705,0.742720390220861,0.645884634723731,0.7604253179077802,0.7648423003139987,0.8017731549305105,0.741407080459357,0.7565859547613637,0.6219581691447144,0.72
0.7011133154668202,0.7724015727184969,0.6550995421714711,0.7190420505712716,0.5875093319599748,0.7144367803601094,0.7411008369208899,0.6610702665956819,0.7483565948088458,0.6584249199222455,0.7801896888823668,0.7331178130541933,0.7656202457927421,0.7009213411838171,0.6464991906758233,0.6507719730249628,0.7425057427636612,0.6899964896263011,0.6694688485926908,0.7904068414069797,0.6645188902563841,0.67581387544142,0.770166509166177,0.7937833109456219,0.7295175189275571,0.5498428375640448,0.8210001605180396,0.7824402426329915,0.7041058200809821,0.7172091195090726,0.6243085325552097,0.6985780226123693,0.7262354280599028,0.7319560213752765,0.7759092323850606,0.6972571416044547,0.7547174786150593,0.7330059403671322,0.6825005423774372,0.7196654108086892,0.684180008039168,0.8370748567816206,0.6728898473744447,0.6539818127890075,0.6764805740282305,0.7912730772144245,0.711326117102511,0.6673173922763251,0.6142542865238441,0.7732182797802597,0.7142952950505373,0.7673021170987951,0.7428535673315159,0.6458923395245436,0.762331267278082,0.7649854913203712,0.8091159608211012,0.7416513839424042,0.7638301185375301,0.6238857936366007,0.722
0.701157432042469,0.7740120285016059,0.6576383897941416,0.7196356901111641,0.587978947347309,0.7163362470390775,0.7411235896042588,0.6660893064918604,0.7490438689163033,0.6586173922487021,0.7808938990418882,0.7381386187808755,0.7670075088219946,0.7146317548758276,0.6466831872049157,0.6517648142065731,0.743319081173258,0.6969843860274372,0.6710318027431363,0.7923714107693797,0.6645245691953274,0.6797947055451994,0.771723742001077,0.7944970439942741,0.7307105913479947,0.5499359871290469,0.8231280257202135,0.7836644738139645,0.7097684612192754,0.71772556864222,0.6253395732385999,0.6985955216394951,0.7279570503259563,0.7319591410201063,0.7802487518151208,0.7002962584214097,0.7548090043733324,0.7339086095039958,0.6870145845204173,0.719671160594047,0.6852070130334026,0.8370757089853144,0.6730857154159933,0.6545381424927786,0.677310599717937,0.7912844961602827,0.711419275435572,0.668107484978588,0.6145922882815561,0.7732220267601202,0.7154443563826405,0.7673024900849078,0.7428802987832621,0.6459262990870875,0.763297163620616,0.7684690684411921,0.8099953049559656,0.7432305198760146,0.7655994751534994,0.625590778686745,0.724
0.7011654188135976,0.7741077292287597,0.6590586006371689,0.7196431774685079,0.5923058035586745,0.7201143750691517,0.7412074577533039,0.6688377245932677,0.7513975016664386,0.6633461641090871,0.7842653615068889,0.73985823042688,0.7691979030522085,0.7205591104868917,0.6471118668074851,0.6521172989720895,0.7485933958257988,0.6990385639934854,0.6712443030281797,0.8055648514979808,0.6709736891397963,0.680050424149287,0.772485448528157,0.8000560027806364,0.7307469580883242,0.5500610355651803,0.82400317159176,0.7854262884992962,0.7097701704363379,0.7365032721789826,0.6280629929191237,0.7009656373337372,0.7280697929141204,0.7319875780845188,0.7804176818857804,0.7003322511461993,0.7573485962681538,0.7345795096423782,0.695111642692014,0.7206106775726117,0.6853900415503195,0.8373027367509634,0.6731908660232342,0.6554554261360508,0.6777721380730407,0.7913004602940941,0.7147403108100199,0.6692881289304924,0.6146453410567241,0.7733985310308287,0.7154521663087405,0.7674475219289278,0.7471570535639253,0.6460270188648706,0.7649183023736117,0.7685335436463506,0.8100338357992721,0.7435522191657227,0.7658540431849523,0.6257814441001006,0.726
0.7019466630403988,0.7743073947436956,0.663042035654062,0.7201266739367052,0.5986839210563276,0.7241831169153005,0.7430151925738125,0.6689326422408172,0.7559078470344894,0.6684590342182082,0.7921278756101136,0.7404174131665138,0.772129568522493,0.7207642823728089,0.6543300700824217,0.652437127755632,0.7486596575569887,0.6998520136812775,0.6724963802877797,0.8127697763152293,0.6710072993334282,0.6840841938972075,0.7725163365852081,0.8010899848333007,0.7394210610220114,0.5548321478025815,0.8240534176929537,0.7871204169142499,0.7098996493429807,0.7365374650057208,0.629580799681413,0.7029063888033381,0.730265785783823,0.7336180465880663,0.7820555129372272,0.7003458752861743,0.7579767150529628,0.7346463052970417,0.704412527610512,0.7259596436994991,0.6948561659384522,0.8374280075711609,0.6739374733534435,0.6572526668690523,0.6777836454436695,0.79135920392294,0.7168847196007107,0.6696116749711718,0.6271300262508711,0.7739951962403798,0.7156503822239676,0.7699379202279475,0.7471839556882824,0.6471784873982324,0.7657097296348739,0.7685418190297122,0.813733528506254,0.7435731951548707,0.7676454620199639,0.6282535235963187,0.728
0.7058327510799233,0.7755869612727568,0.664370756201932,0.7211519123224613,0.5987223083068473,0.7247273512576624,0.7430174282460975,0.6723109147460503,0.7569561849537715,0.6712389134717872,0.7922042790651402,0.7416380655130866,0.7722312773484008,0.7277539955741482,0.6543374910305146,0.6535089273392206,0.7510473026984884,0.7011685255938533,0.6724997681259424,0.8130211219835921,0.6829809545340706,0.6840854304768745,0.7734830822102273,0.80109072057308,0.7451100709640194,0.5589486761653587,0.8240581327005211,0.7898082084798854,0.709951012991652,0.7367596796203786,0.629611105887954,0.7045601700701045,0.7303475153481703,0.7416341018592829,0.7839334859205652,0.701388186505741,0.7580642033351292,0.7368141891176567,0.7072687150721034,0.7261887465183944,0.6998981159079539,0.8377572140554362,0.6743780234884954,0.6572999359889168,0.6778733372052808,0.7945904695186037,0.7174651970611162,0.669640197220158,0.6271839314055537,0.7741904189277315,0.7162369589613282,0.7699931522721596,0.7503695642338792,0.6474844035163067,0.7733056245973988,0.7697298158492466,0.8143781618721212,0.7474939878896674,0.7682972533191159,0.6286859800381402,0.73
0.706313677523626,0.776749171647188,0.6648203085382911,0.7211689178468483,0.6006129694526448,0.7257108296134978,0.7435377993771901,0.6738984460212645,0.7577020695424517,0.672319782023316,0.7953274821835148,0.7434085037722129,0.7726065734877328,0.7347836455586012,0.6609203348586874,0.6604276468507029,0.7515174124782975,0.7018700111501773,0.6777428667170344,0.8138841652663976,0.695129173107427,0.6858865810972427,0.7777636566617165,0.8017499613687413,0.7467653844171501,0.5597350872642955,0.8253518206036261,0.7927633370360768,0.7113488728370162,0.7376679365363173,0.6298405635286507,0.7056527461902983,0.7319978555880067,0.7552945554250198,0.7839987757184237,0.7078675545110508,0.7589922898663094,0.7381000994133878,0.7076823656140682,0.7271486876542711,0.7099532197108028,0.8396574193562192,0.675954655586792,0.6579641465611911,0.6790737563215711,0.7946610410472386,0.7211586740384972,0.6696585028985758,0.6273526060799188,0.7742643931881577,0.7175519619682462,0.7715038100995819,0.7514436858437892,0.6476217432175887,0.7736242780343429,0.7700484790389356,0.8155977121647444,0.7488669524294029,0.7685333756136922,0.6290067029299911,0.732
0.7141955193199453,0.7787914508964969,0.6652607904693805,0.7212090462398095,0.6006192436874332,0.7306228534616962,0.7436610003740837,0.6762034443311854,0.7588669566920277,0.6723213666619071,0.7982183819795096,0.7454608562113886,0.7727737493643936,0.7389942594578226,0.6640961681688926,0.6608187738453075,0.7521911879468249,0.705505218448509,0.68792633584034,0.8138866824714855,0.6985855977634459,0.6882089479101413,0.7792717374530971,0.8115723283237167,0.747477900627934,0.5597579179693343,0.8254085162972262,0.7929330228054495,0.7145063836892774,0.7403855479592458,0.6317441034398223,0.7078508655206055,0.7320847773389569,0.7554893002917464,0.7884874754131034,0.708062689167097,0.7615790327731962,0.7424976045100455,0.7100011375420268,0.7304893702256329,0.7110886636768949,0.8501352023631393,0.6808952123873239,0.6615760293880898,0.6793422085685731,0.7967429950245315,0.721210945359321,0.6761124407963732,0.6342433815110181,0.7787730076306064,0.7194421130357151,0.7766272590522476,0.7514647233536973,0.6488426025740315,0.7825174752867521,0.7705550545649323,0.8175525402529079,0.7488979181825989,0.7712302048678739,0.6309841250949023,0.734
0.7177630790976884,0.7793000119456075,0.6658761073958313,0.7291522817665709,0.6054128047200645,0.7307639962063381,0.7451495664835808,0.6922082621439484,0.7607804610472778,0.6766293848622059,0.8011817712541539,0.7456556686793963,0.7744282198957569,0.7392687623182962,0.6641031233043636,0.6672881931579107,0.752405753216975,0.7061573018550579,0.6891837172374371,0.8169247855115993,0.6992830544333181,0.6917730046568566,0.7799635763043192,0.8116988580125476,0.7475115698051299,0.5605086339254234,0.8263039564217926,0.7940816274726438,0.7146940854549017,0.7408209003199466,0.6348233416905724,0.7081037372599016,0.7341508013287273,0.7556275922593474,0.7895489632942809,0.7097060873478521,0.7664036570585968,0.7427076843576105,0.7124756523678346,0.7346166441844875,0.7111704866086184,0.8518012712181505,0.6811674290585964,0.6619701572171651,0.679684673095813,0.796747511177303,0.7223790024846765,0.6768758868888467,0.6373015944346094,0.7806010180259637,0.7218231582847809,0.7776731827986488,0.7515960103920298,0.6489085769027758,0.7845708942523248,0.7728904006620357,0.8229099401205041,0.7489548236561419,0.7734826647833004,0.6310118464750363,0.736
0.7178782385597741,0.7827073041096421,0.6662191572451122,0.7345587522191436,0.6068562054734763,0.7326216494563577,0.7467390056159592,0.6932979190355557,0.7620265793532514,0.6766396475189298,0.8012757019904146,0.7463567656383556,0.7752996455036231,0.7404545950293212,0.6655936152363501,0.6701841255599601,0.753063877707636,0.7083719580059601,0.6894330837787319,0.8191454106554107,0.6993244003951633,0.6937464180524551,0.7809009601447615,0.8147170488474577,0.7477005610486249,0.5607848578515946,0.8263909944990792,0.7949964661908081,0.7153817422099049,0.748620293564856,0.6371748471913241,0.7090174759987964,0.73422621857539,0.7562850758604944,0.7904533022484274,0.70980299358814,0.7680871437833988,0.7427391471118988,0.7133916028591833,0.7395928970947369,0.7117961910379145,0.852252116256152,0.6811796209276357,0.6627659533441275,0.6796980215002687,0.7967478934281069,0.7224723229695207,0.6797497642531256,0.6373938332585037,0.7842565462060788,0.7218731709307225,0.7789803585844464,0.7541816501245823,0.648927746701804,0.7857024038085872,0.7741421024985945,0.8283934713176878,0.7494489630086151,0.7735710527066307,0.6320393317921416,0.738
0.718672268933155,0.7832864929257849,0.6666023968117115,0.7363157515070207,0.6069910586330161,0.7326238274790478,0.7467394335845794,0.6933675731760237,0.7620267023877185,0.6766817694321037,0.802082336364386,0.7580207893564009,0.7755555304893773,0.7412434599350837,0.6660412389227129,0.6710947512160329,0.7562816507493805,0.7086365020782613,0.7034598592757646,0.821347502547102,0.6993616341437169,0.6937866347279925,0.780977162215408,0.814811153597032,0.7477814787134702,0.5620087952401388,0.8273905688904428,0.7950042448196306,0.7157904389354017,0.7513824621951316,0.6375542020871727,0.7094519891263865,0.7410789831192414,0.7565904154626722,0.792862930517722,0.7098109377997095,0.7680983280985435,0.7429980711252299,0.7140585081539438,0.753436391374084,0.7145196487404312,0.8544979599841949,0.6820873767828005,0.6627879967638728,0.6888085173250134,0.7973694833177637,0.7224807203050613,0.6802103407398283,0.6374948808512062,0.7870906794083917,0.7301237937683482,0.7807721430587695,0.754854015398844,0.6489720355842018,0.7857086832267967,0.7854236243550153,0.8286632546597842,0.7496942356852949,0.7769960284568077,0.6325048766898561,0.74
0.7237163148016171,0.7867084194444635,0.6666042891972678,0.736342384821452,0.6074019249054476,0.7338273808566753,0.7476003079192121,0.694723406943109,0.762208047734053,0.6853608805104523,0.8037578472642212,0.7597920204922719,0.7849646871628467,0.7427534485178555,0.6663498010767833,0.6722959058747795,0.7599162004821175,0.7101491034920304,0.7034980096818907,0.8252767210572145,0.7004444630867213,0.6938686659760314,0.7809867457725449,0.8150411146999383,0.7525011759849988,0.5649024820031511,0.8309433303625405,0.8164136950773468,0.7159912616012227,0.7517655279058665,0.6428097186791346,0.7095741541668187,0.7415575107325321,0.7595744356621331,0.7959613452014046,0.7104739902443745,0.7684668146749823,0.7437427269604802,0.7150314703162145,0.75480124455118,0.7154942800073049,0.8549971587448001,0.682097288989521,0.664575053021967,0.6967938514608634,0.7976231136309542,0.7226375658866296,0.6810254013864672,0.639437710285163,0.7873028125925536,0.7301917050841794,0.7829674385389549,0.755002097080751,0.6489723010240224,0.787222336944345,0.7855239998197946,0.8287439034135825,0.7553472354660891,0.7787435804849704,0.6325269280359562,0.742
0.7238038519892558,0.7899068616403688,0.6667318497137908,0.7363850079405989,0.6079691217471851,0.7340778751134297,0.7477006293700746,0.7010958341287291,0.7630750269885618,0.6854295094866352,0.8049593349847455,0.7601116917291084,0.785013564049768,0.7464688780930744,0.6694846373192676,0.6728961690986678,0.7616667847496766,0.7101641795509356,0.7074098027269871,0.825366942761978,0.7005121294949487,0.693910446542726,0.7829559682996976,0.8152572838119208,0.7536003042221898,0.5649259340795455,0.8311779390232119,0.8259029293043736,0.7160077827766785,0.7571724563153215,0.643534355246301,0.7117724110919504,0.7419806769689856,0.7633832108847962,0.796280827903057,0.7134298293605248,0.7695953740459998,0.7509261110505641,0.7207194064576458,0.7606654374762459,0.7237686269076546,0.8549977017984696,0.6823758280915467,0.6668128960386366,0.6970249870266781,0.8151932699077464,0.7235193453703112,0.6813894190101778,0.6401915684075168,0.7873036856428509,0.7302365723622537,0.7829675780512947,0.7551041736856895,0.6495747730282322,0.7919933703081503,0.7855699824153183,0.8292715915227108,0.7553723957549985,0.7810742904656562,0.6344000350589298,0.744
0.7250180265555018,0.7902907130866796,0.6695174054427502,0.7373796125881309,0.6101828610064833,0.73438964108857,0.7477007954430896,0.702178334006483,0.763080809208759,0.6858081130743707,0.8054378699900866,0.7602086712401313,0.7851131922690205,0.7465913880037773,0.6703332328702261,0.6734139593979632,0.7660965350757329,0.710360661757487,0.7080387428215041,0.8275055579263345,0.7010912594700212,0.6952419925749194,0.7832605569694264,0.8171473733285932,0.7536137636215703,0.5649593707476128,0.8313014464358728,0.825943040695679,0.716414265432905,0.7576787570671988,0.6467607915004302,0.7118324535470757,0.7454393762591223,0.7643526349012014,0.8023190191957932,0.7134417314327594,0.7696213919613988,0.7510524365435416,0.7240010917281599,0.7615203708771247,0.725328325998441,0.8550012768831398,0.6828802082143549,0.6668129670446924,0.7000021313015887,0.8195810916649627,0.7239576201340986,0.6813977781207102,0.6417771881141412,0.7874182312876793,0.7318547420938244,0.7867772345138012,0.7555633451816015,0.651821919953416,0.7923690326893341,0.786674414263567,0.833036741712717,0.7564311031423154,0.7821929192188338,0.6366183319638612,0.746
0.7313154199345633,0.7903578376415247,0.6699213035879394,0.7375396798689422,0.6144592320156733,0.7347651284989571,0.7487056802816278,0.7026138135530501,0.772318775716758,0.6862506421414097,0.8167453705498421,0.7602366660748764,0.7851147468507537,0.7470338198867639,0.6748788033427269,0.6769348685320393,0.7665848837588873,0.7128105819940059,0.7100662456115451,0.8284062600164875,0.7052834611012176,0.7057278760794162,0.7861132747177221,0.8172815996282227,0.7543055734270155,0.5650050592092782,0.8342240000048285,0.8282121212791123,0.7175741248949931,0.7580953283201038,0.6474187025245911,0.7118485913713902,0.7455926338698519,0.764863500802879,0.8025604503488296,0.7218094637439112,0.7696214980198756,0.7563001625192057,0.7283785644532484,0.7617145284518797,0.7253805032622673,0.855220245498963,0.6831293005658822,0.6673708972230074,0.7020885095608328,0.8299718439954274,0.7242351353593824,0.6882296308629278,0.6444003671069477,0.8013030281083215,0.7333200248760784,0.787083502189497,0.7660831086419491,0.6563159883341938,0.7924790811813059,0.7919958510723503,0.8365235656154946,0.7565060054082929,0.7825757766560626,0.6369151206090448,0.748
0.7318934176604744,0.7904063283622763,0.6730522841785679,0.7429157540889346,0.6158798339455066,0.7404526634166878,0.7490119077292307,0.7026243203977527,0.7724982762897373,0.6870455809731341,0.8178275373534536,0.7602403076955407,0.7852321429556095,0.7579813082018043,0.683164609795248,0.6778755287271158,0.775016599645326,0.7133333110734601,0.7103317360451469,0.8319160119480035,0.7082491089771981,0.7058746150655433,0.786777477485265,0.8182538768020846,0.7549354917205927,0.5711015896925353,0.8344124174323528,0.835748046403996,0.7198458861488662,0.7582083251459024,0.6607217401462498,0.7134892521907593,0.7464636590475342,0.766820927488917,0.8064607421022475,0.7218096308442731,0.7731367333297263,0.7581866516155028,0.7283837078005589,0.7649803422317216,0.7271843051442533,0.8553203760846301,0.6831974428137275,0.6689779629173703,0.7020894115514797,0.8315796101938309,0.7254583276868852,0.68992251654397,0.644450453960938,0.8013624218905286,0.733348668439113,0.7874610131896396,0.7669984444132942,0.6574550391030234,0.7925138987732844,0.7937045184266335,0.8367082144057992,0.7629558400588442,0.7992637935876831,0.637275639056242,0.75
0.7331610902806629,0.7909678363344828,0.6731949765528721,0.7429629585451513,0.6172153036534626,0.741023839164509,0.7490144875603801,0.7055884542779167,0.7795420333335459,0.6881962222151667,0.8178999482823844,0.7625128608540293,0.7867893004896669,0.7580368900099645,0.6832444629991831,0.6780609793685963,0.7750308431918748,0.7150590655052506,0.7159763669248268,0.8322937473121751,0.7098829827428738,0.7069554835788723,0.7895255206467837,0.8196170752414806,0.7561111245248391,0.5732234392129063,0.8354615480961831,0.8361658125123268,0.7198543388868673,0.7586927904470497,0.6609258624536848,0.7222878840889675,0.746464253167313,0.7668293061556548,0.806592894075984,0.7233082657893679,0.7745031126683686,0.7584425563821774,0.7284187804393127,0.7786504935694059,0.7273464155090427,0.8571699048164374,0.6862959125312297,0.6771238134691375,0.7025879385182844,0.8329327617236255,0.7259677280106531,0.6900543354544115,0.6444590199134427,0.8013800385505986,0.7341457881046418,0.7969408389783494,0.7670010594005138,0.657462457175976,0.7926978268322799,0.7945693823791034,0.8367801976703285,0.7639753355605874,0.7996295211185592,0.637715572905632,0.752
0.7359381486531333,0.791739352934488,0.674631821564785,0.7467505091363942,0.6181637522722524,0.7467944852978445,0.749093133593648,0.7081362140356424,0.7809838903004034,0.6889396044099617,0.8179719164979898,0.7626803629792448,0.7880174226790257,0.7582162063577351,0.6847452892543641,0.6783226065767309,0.7753225419091365,0.7150848857706258,0.7164373333144086,0.8322977826988669,0.7110216335421721,0.7081959769312617,0.792789473177412,0.81964220211628,0.7576786761882305,0.5740190083008323,0.8354661522057468,0.8361664150082785,0.7210276487103605,0.7590483635183941,0.6610156647381903,0.7222879106286011,0.7474721962764315,0.7672530788908267,0.8102807358433178,0.7234053794430321,0.7752586726378315,0.7601297783300632,0.7284189901875494,0.7790836640516458,0.7273732708550446,0.8584350724158545,0.686319908317523,0.6812942986976849,0.7026332045936505,0.8329750271251201,0.7259903263184356,0.6908224771460857,0.6445315717418234,0.8015053489808066,0.7341636275314396,0.7979217962653861,0.7723470491378098,0.6606176154454738,0.7941521479010452,0.7950812892504671,0.8369542791161999,0.7639788752612721,0.7997825779228753,0.641808137340198,0.754
0.7371575449217128,0.7924781042606371,0.6746953969801538,0.7520816175716697,0.6195474241929592,0.7547102975564984,0.7495544424683217,0.709893563032514,0.7833984926359137,0.6994777234140991,0.8203971785013053,0.7644430553909203,0.7916471312577489,0.7590158887852713,0.6863559861073693,0.6875216793746919,0.7755396591765584,0.7160237695591553,0.7186521893633133,0.8322985255000718,0.7119810949344093,0.7089648821936908,0.7932797859667752,0.819642616169584,0.7586592730819243,0.5780969066278661,0.8375999776624383,0.8379351610600007,0.7230596720497904,0.759068336771979,0.6704326877775187,0.7231147355228101,0.7476053467650953,0.767732445631101,0.8104989851487178,0.7288100570512422,0.7783667650049624,0.7613192229687898,0.7286792817256561,0.7790844009044458,0.7274985113888679,0.8598035769955129,0.6872962161334577,0.6825873398623604,0.7037805059938771,0.8338343946107784,0.726047820572583,0.6911942981542436,0.6448216757995195,0.8040913169865037,0.7404282148177324,0.7984993239067435,0.7724451030109192,0.6674128855565754,0.7948146335998054,0.7952357612728683,0.8380943202040327,0.764971594625659,0.8063361634624433,0.6420707098104989,0.756
0.7375586119034925,0.7924794132826205,0.6795620035412063,0.7535280150305574,0.6199851062340038,0.7552399657246045,0.7500591371912976,0.709898493185059,0.7851777488799784,0.6999797041517927,0.8214333554691264,0.7658741106197834,0.7989887422883915,0.7593719558563631,0.689297244196075,0.6907657673111652,0.7771195680609188,0.7183062381460055,0.7193539189678307,0.8343943675156906,0.7144111152044905,0.7095382069061863,0.7940274368413759,0.8196533349634574,0.7586619127088486,0.5785641453827277,0.8382424120607451,0.8395811097342959,0.7247937781043716,0.7609286213567333,0.6750782655290821,0.7238393147068584,0.7501038631324396,0.7716933766292592,0.8106112216861731,0.7288611459374871,0.7869363236908452,0.763394372989076,0.7312613762831278,0.7799246281311651,0.7283506211954298,0.8672488538273049,0.6881489631279784,0.6832902797073395,0.7040299316368756,0.838732719450171,0.7267931439465939,0.6935260026493852,0.6450076474411083,0.8043362777042352,0.7429757619262739,0.8163524173978056,0.773195818237672,0.6704942334582926,0.7961538735006011,0.7954967028875174,0.8451109668938015,0.7660417238667735,0.8065950933690744,0.644487779036127,0.758
0.7392047418407158,0.7924954964685749,0.6830183184648541,0.7610892267650124,0.6201730092662278,0.7583358844834246,0.7526266974462278,0.709934170475996,0.7921429610141356,0.7026055210636961,0.8214425073632087,0.7696760408759988,0.8045801102698823,0.75946227793627,0.6921142992046906,0.6917038172899969,0.7771570288524041,0.7221356836611768,0.7195196562070737,0.8507910993644872,0.7183820873903841,0.709540256890467,0.7954720336751228,0.8252657887191487,0.7587675786439204,0.5786714406797295,0.8387175530771508,0.8399063567717218,0.7252995985175565,0.7609306718861794,0.6750799520004599,0.7240392841856128,0.7502344555880295,0.7753283201184465,0.8109942493170891,0.7288945818215282,0.7869443746907715,0.7668903784489854,0.7352379367572369,0.7801054168040384,0.7299851367315723,0.8672772311299188,0.6882594498001229,0.6832939190048005,0.704147350381032,0.8393200257755552,0.7269322063701021,0.6935906136657223,0.6485707546023823,0.8055620463144787,0.7468501931354836,0.8163555242469582,0.7734242886746533,0.6707792794332345,0.7999080937256771,0.7957077167973517,0.8460912297654136,0.7667951438437005,0.8150068061893304,0.6484338803589067,0.76
0.7424408259583183,0.7932025325644911,0.6830562981940903,0.7639608237290769,0.6232527108562963,0.7583776844697099,0.7572871213391671,0.7099634394855628,0.7922773713221615,0.7207503132922641,0.8242100431508954,0.7725829608095078,0.8045992922125267,0.7618165296821768,0.6930531203604612,0.6920212549480284,0.7771599185232932,0.7223502837110446,0.727595456263619,0.8583870893596562,0.7291499168857207,0.7095910521625668,0.7955926588359161,0.8253449256831978,0.7620074600524048,0.5786919346223414,0.8395683854837221,0.8412579830403014,0.7255873702147736,0.7714983503234847,0.6752460172465339,0.7276309986189752,0.7502354466243698,0.7755086683112488,0.8124394854083272,0.7294939851444728,0.7870094210719557,0.7807173369672249,0.7353635171957125,0.7814777483574293,0.7332634833630766,0.8677027227645253,0.6897021498992949,0.6833054306420363,0.7090028075665302,0.8396591586565958,0.7275350703648708,0.7028382906473587,0.6485709957024268,0.8058322261604353,0.7470350588010507,0.8186253015887475,0.7766754514590521,0.6720066921893997,0.8019578987997518,0.7957690669106925,0.8462005376392383,0.7670554419958068,0.8150105604118101,0.6486970104839261,0.762
0.7473579797820911,0.7944494879692258,0.683057599948336,0.7645213608629916,0.6278919146922401,0.7583801032496393,0.759994288013362,0.7101961821240531,0.7937275760134872,0.7215606191638312,0.8291981768910983,0.7725838553871518,0.8052456680345729,0.7618394879099379,0.6943163079273134,0.6920271235589609,0.7786131985442841,0.723869339912725,0.727792526118601,0.8589049208537787,0.7291824401879984,0.7116336352577611,0.8019667741097928,0.8393040448551364,0.7638018518772587,0.5830957999539021,0.840178421658583,0.8413255710896168,0.7295937884693463,0.7780520468235134,0.6757501208371641,0.7342530726847509,0.7503772265060487,0.7801963373888275,0.8140248642445451,0.729764791525526,0.7879060387725949,0.7825076820436888,0.7386726580008375,0.7822358893227292,0.7346778052551154,0.8677151207390494,0.6904575116725704,0.6883748224917443,0.7092323774570213,0.8423700395139343,0.7278362124713138,0.7028387626357302,0.6522129608263041,0.806714092654206,0.7486736342207669,0.8200828510897835,0.7779940149254105,0.6725288626497753,0.8097053652743504,0.7963754699186235,0.8485614726937216,0.7713446278909787,0.8179088465592788,0.648702541521848,0.764
0.748902795341335,0.7986535123284099,0.6836836167240391,0.7648736551341947,0.6293769514831359,0.7597643241679495,0.7610128242479387,0.715511297758835,0.7940788305006818,0.724081078036734,0.8291984061537616,0.7749195721522111,0.8053771963404572,0.76420577617242,0.6977708956814683,0.6941693819242925,0.7837132004603155,0.7245016487314339,0.7279595109984582,0.8589116302413818,0.7294929762181047,0.7132159705521893,0.8024804333790487,0.8453200578449032,0.7643852797981967,0.5900452902602684,0.8485527185070386,0.8416400463772106,0.7300092924240599,0.7841224857473168,0.6779632129993451,0.7345889405379892,0.7512558800787666,0.7802000127898594,0.8141751199190959,0.7335042511948698,0.7900340489402422,0.7825245691021496,0.7387202787992597,0.7822359219064537,0.7371961153943927,0.8692579647882344,0.6985169227699314,0.6893822815321323,0.7104492015309724,0.8424451739859545,0.7290340826316705,0.7041135727965756,0.6576508680244472,0.8068322624536406,0.7491358476749382,0.8223312794939074,0.7780022588729789,0.6731767519069786,0.8102007862426237,0.7963785570361935,0.848583854217417,0.7718437444012491,0.8196392411763458,0.6534589298584059,0.766
0.74912273252987,0.7989650534079723,0.6860551073091203,0.7658812269076438,0.6293806099015121,0.760262498907283,0.7634234193260045,0.7167882228465705,0.794582783183746,0.7241788151484808,0.8295181711576228,0.7781094006515845,0.8056078715861316,0.7677728369663431,0.7018810975531492,0.6941696966794897,0.7920438047536196,0.7245473806842968,0.7279999796013188,0.8615721052924648,0.7307692935402245,0.7132187298524623,0.8025308478408723,0.8460715795755163,0.7646633080965636,0.5932246230220577,0.8561202464532214,0.8420067575517681,0.7371151838751312,0.784139935779398,0.6784109179062797,0.7345890252622814,0.7580067715309204,0.7805834586207573,0.8192100131664225,0.733775656963599,0.7922786843515329,0.7828347546441218,0.7395053339555496,0.7822359368530747,0.7372348085171176,0.8695568023985137,0.6993517964970261,0.6894946319708362,0.710459477912938,0.8466582840873438,0.7291622416409343,0.7043867220209398,0.671346618611317,0.8093091401645643,0.7586361251837362,0.8240406754087235,0.7801620440620667,0.6738835387629225,0.811140036748459,0.7964796496525558,0.8547110172832751,0.7718443986886684,0.8199050358588026,0.656687430328732,0.768
0.7493154198366676,0.7998330421661836,0.6861910928598212,0.7660865221011284,0.641541196417852,0.7628270905871823,0.7635136816614304,0.7168150173017451,0.8031284923247813,0.7283846521768165,0.8306767739768717,0.778491293593753,0.807797395428854,0.7686161842673792,0.7127081802137317,0.6978935286791617,0.7921384716938483,0.7249618912805542,0.728026140320098,0.8718328780893806,0.7334396585073746,0.7152606581682587,0.803283885922237,0.8474318481270336,0.7679461609549769,0.5956545352225256,0.856720137645551,0.8431247919073436,0.7371932809164748,0.7852255903154939,0.6817953358345749,0.7346026820171703,0.7585991793806596,0.7871730610316163,0.8192890163365011,0.7374639486278018,0.792998429164038,0.7828362524808185,0.7399497099546453,0.7855160411135347,0.7408099280924078,0.8712703181749185,0.6993637207916096,0.6897318831588193,0.7104594879718394,0.8489336028307947,0.7331514979482818,0.7044094862910747,0.672977896159491,0.8098896074224483,0.7630532809589353,0.8287763293231165,0.7803270008158306,0.6810141017604727,0.8136366146034903,0.7969139840280767,0.8553383936725969,0.7720305897110523,0.8205658084979174,0.6572680723315484,0.77
0.7510897940577457,0.7999526767474748,0.6864166414363542,0.7681775617862403,0.6492273479527966,0.7649284133783918,0.7646657888058196,0.7171171967906915,0.8034881197150329,0.728391460335707,0.8306807191882103,0.7794104516640572,0.8089468453363693,0.7691986651891943,0.7188940804000155,0.6979016970594133,0.7921941421356146,0.7293153623187526,0.7297552934235643,0.874354410526009,0.7344936149974925,0.7152707639695715,0.8053904361071668,0.8506726825055446,0.7719079826730496,0.5959375093825118,0.8570231573293994,0.8463790735618413,0.7373033502826899,0.7859581367433118,0.6826892396104117,0.7357065159297828,0.7586510465818453,0.7962423048267971,0.8227364307173709,0.7385409255951723,0.7956754300081958,0.7829334832678234,0.7407063662404286,0.7888226708789474,0.7408959463467644,0.8726146847007653,0.704338554930044,0.6943120506511082,0.7144986500844139,0.8493484895304844,0.7335232985122803,0.7046164952426203,0.6734238988479299,0.8100554010420129,0.7815783345455055,0.830161912186453,0.7805513832692279,0.6845956127005832,0.8162575848896857,0.8047135565498078,0.8553598217134535,0.7745082518748041,0.8222071094124163,0.6575785657915763,0.772
0.7510899526215993,0.8005893171130564,0.6944746400698154,0.7692447569045742,0.6495110039414037,0.7650798494298101,0.7663423518634116,0.7174142069455403,0.8037810257030582,0.7328875050640632,0.8307423158013311,0.7794113452415947,0.8089819496573801,0.7695996194073338,0.7198026623300642,0.6980837994270221,0.7938438188608248,0.7297733231584446,0.7309535918674874,0.8746269620564249,0.7357226105158191,0.7154861326991878,0.8102405522227257,0.8510947683887458,0.7719203379515602,0.5963529479608046,0.8571432839210062,0.8484418436654064,0.7373432231876839,0.785966990634821,0.6917819208386238,0.7357227183647447,0.7664629840219834,0.8030821755933965,0.8238789259209865,0.7390173586972038,0.7959669897468341,0.7953089603409657,0.7407113719032814,0.7888884133899636,0.741363656449698,0.873129360559143,0.7069883905417291,0.6967391158861388,0.7154321474811908,0.8508711496266687,0.7383408691316606,0.7049359834507498,0.6799109720367363,0.8298138667603819,0.7816456844283225,0.8406446879375477,0.7932363289605294,0.6845970549717689,0.8204773401679919,0.8047935010508729,0.8556277310276212,0.7745549523521109,0.8236218181793904,0.6588856469269901,0.774
0.7543975984360449,0.8008025966632585,0.6947865614581995,0.7695190544692809,0.6499045624857154,0.7650947120355809,0.768520989868427,0.7188818570784055,0.8041461664883697,0.7357834160511643,0.831804654308626,0.7828311628729769,0.809056153947328,0.7702277470060872,0.7235060646129229,0.6997233362168322,0.7942758413621722,0.7339837768421797,0.7318698958866249,0.8841201331707893,0.736562141466133,0.7173991049035434,0.8102543442038076,0.8711654422769888,0.7732515104277149,0.5999724298919129,0.8571489784158831,0.8508475384880452,0.7393918792447824,0.786172455148521,0.6933229955304214,0.7358604408662064,0.7667886957082283,0.8032410320087002,0.82391643298794,0.740718998459501,0.7965450078155453,0.7977300862096489,0.7463789052096343,0.7897790324731611,0.741967685489252,0.8739249816789452,0.7132463958639785,0.6970880120440616,0.7164089987401471,0.8520831979003772,0.7383559396736753,0.7057026198173334,0.6813872583576263,0.8300954296612956,0.7817514344174845,0.8430074714591023,0.7934553428354963,0.6878173223428493,0.8222676864455747,0.8048581365295187,0.857831113302297,0.7747887536937402,0.8236695630277306,0.6591201657746529,0.776
0.758607160044119,0.8008248763387293,0.6948390145095075,0.7699576790303613,0.6516920326360506,0.7660049404741119,0.7690220952991211,0.7318431857828089,0.8140715729442406,0.7365445688871978,0.8318501548525508,0.7833051229033324,0.8119273253793121,0.770438911310068,0.7282124367374428,0.7017331031421148,0.7954217938743612,0.7364126565043501,0.7319526299816307,0.8847656138409431,0.7388116693625526,0.717535055598208,0.8117399587458501,0.8720565226380954,0.7733495836063544,0.6049713065449167,0.8575355824530241,0.85356595270999,0.7393931821160035,0.7872647260015193,0.6937298857719667,0.7369080899735378,0.766824649909164,0.8039630319343671,0.8242588534176887,0.7411890647371652,0.7970923526752532,0.79830320127595,0.7497269738656275,0.7927958687613451,0.7438447210891602,0.8783911984100552,0.7142227496552614,0.7017656284169725,0.7165694605455223,0.8527357071185928,0.7386389636827846,0.7057559278553038,0.6817684225519738,0.831111036227007,0.7817519883020068,0.8440711841309485,0.7939163368618176,0.6884017853580852,0.8224451103012719,0.8061319271264403,0.8587755482387351,0.7773822703379418,0.8236706076396734,0.6591296169047448,0.778
0.7586691190473505,0.8030126990505662,0.6948445932954822,0.7716057109917276,0.6525851763102404,0.7701473629388212,0.7694149226284153,0.7325147075367562,0.8148336964434907,0.7368440193626763,0.8323952012001054,0.7836309663195069,0.8119569046985554,0.774318874186862,0.7285270745886684,0.7021395698166173,0.7956945349866287,0.7365843551242853,0.7352395618631817,0.8860850255266721,0.7414989334384142,0.7182705943342548,0.8119037262408191,0.8840754189785294,0.7753595858922947,0.6051234158114859,0.8575495484700881,0.854371830235853,0.7409855516279813,0.7876189534883345,0.6945191092336059,0.7369934853046622,0.7670952818864061,0.8042209324545073,0.824265578772505,0.7415263547061755,0.7973941116547423,0.8005074162132504,0.7497932949206069,0.79298560386648,0.7440916116765525,0.8835031134122227,0.7169820870845296,0.7063803015520553,0.7185015193886932,0.8530033333755515,0.7394322760770453,0.7124925984158744,0.6846242643226869,0.8314111839640397,0.7842407311230787,0.8441028588934021,0.7953711461626521,0.6884033878821438,0.8247469174512546,0.8061319680663577,0.8653528026069256,0.7775004620591097,0.8236710793480795,0.6599058069230458,0.78
0.7613091120099593,0.8030696720765659,0.7033173419482268,0.7720462795326567,0.6550480456633352,0.7713694871074368,0.7711511217451662,0.7334016013837406,0.8155797406812408,0.7369109152600599,0.8323953078128872,0.7926903397416636,0.8135833694894603,0.7774723650827222,0.7287394210246851,0.7035803664253784,0.7959916526064481,0.7410239306295563,0.7393817875231166,0.8916342225059606,0.7415168004356504,0.7182744583430504,0.8119121172807379,0.8844312113600362,0.7782472619784083,0.6099655415457195,0.857563498805713,0.8551495955899965,0.7456072535085246,0.7877857900756965,0.6959174116861138,0.7414121372684881,0.7671536939672045,0.8043259760567508,0.8255193511197915,0.7439166452280671,0.7976588115302543,0.8006403618174432,0.7501475498495512,0.79305093109618,0.7441835018410716,0.8858343435400738,0.7171862588122385,0.7065304864284405,0.721956250641181,0.853290169003174,0.7394608292757049,0.7127435040920823,0.6846580516974399,0.8314638364326354,0.7842450398098875,0.8453871784079415,0.7956211021671412,0.6885796279210683,0.8255013230700582,0.8083749561842707,0.8667013096502635,0.7780095656973199,0.8302364934039564,0.6637250690630798,0.782
0.7635875755442,0.8044734801892842,0.7106126825743526,0.7721700013646509,0.6553113758527952,0.7718031944312969,0.7724529137652026,0.7335547773972868,0.8155863074019969,0.7390495115247279,0.8351206996778663,0.7940815380948292,0.8162371896709132,0.7774807227396928,0.7306990523165646,0.7076877626825712,0.798441424273391,0.7424350021682773,0.739885516572283,0.89358642230372,0.742261747798564,0.7186433575403078,0.8146933067398563,0.8873610001333676,0.77861091196531,0.6144038291001906,0.8585859574020069,0.8567984078544261,0.7461953692213495,0.7881488531085145,0.6962110170813788,0.7414434228174784,0.7682317400638159,0.8047553253934968,0.8268807750246826,0.7461084807617161,0.8030954672872875,0.8008175734078297,0.7501478639477159,0.8020239749489022,0.7444281889997606,0.8866195655955385,0.7184852245118458,0.7070221301252804,0.7222608940835736,0.8532936575041544,0.7453944243703455,0.713977473088051,0.6847797397507576,0.8336093823939877,0.7842803856321652,0.8454372891124591,0.7968589028265067,0.6893466102205379,0.8314706372956397,0.8084019672268669,0.8714893650265839,0.7784828673965742,0.8364976618164994,0.6672550431145682,0.784
0.7641459052605881,0.8086492477980933,0.711895468517334,0.7721727997803763,0.6571741163684353,0.7718348436849404,0.7780647993518156,0.7335564730941222,0.8174787956069556,0.7405531538304002,0.8357880191173822,0.7957242093879824,0.8287232433543866,0.7793218254466576,0.7352829591253494,0.7077405850465706,0.7987097509646546,0.7424516935014568,0.7398869704863003,0.8936062893610204,0.7456161595605645,0.7189091822138408,0.815451704668917,0.8877747515875193,0.7792441669740873,0.6153739735443233,0.8587606176363161,0.8582181182508379,0.746782584255854,0.792188631659406,0.6980861229618561,0.7444691968241498,0.7682668234556694,0.8074540542337151,0.8291167803422864,0.747763020638362,0.8031951297267496,0.8008418938451638,0.7501994074662371,0.8020971106579615,0.7467545261038504,0.8920500836069641,0.7327595665508484,0.7071265990324934,0.7239708302104804,0.853293743401986,0.7464780934207002,0.7143244969646019,0.6847867199393676,0.8351984546581501,0.7885614469470645,0.8456691641028149,0.7975157262758692,0.6895560731972228,0.8328901392697305,0.821601696778689,0.8723906036178526,0.7828096908059813,0.8392646329758935,0.6672643182372471,0.786
0.765257205065176,0.8101835620148213,0.7123382362199923,0.7734146968691626,0.659305307533347,0.772134025435995,0.7873546413487159,0.7339185266776936,0.8185021492997578,0.7429937329330053,0.836306128662375,0.7997128612559972,0.8295805284499636,0.7799932907506141,0.7353612907306446,0.7099464801858081,0.802819526038697,0.7455014470979989,0.7407933981195647,0.8958766539090539,0.746759456157802,0.7189576044329652,0.8162950003802873,0.8886186252656326,0.7808950856223332,0.6153844710855433,0.8667902427446519,0.8597900542219875,0.7504657021267424,0.7921897385783291,0.6987034481021527,0.7446182112866403,0.7694288906877974,0.80762909625263,0.831588327569617,0.7482561000674987,0.8035777302563324,0.8043431005970365,0.7533226494919872,0.8021682956974995,0.7473561000037977,0.8920501812176204,0.7344123997107797,0.7127021855099962,0.7242807719246581,0.8536107004836233,0.7492386840039443,0.714578484451048,0.6848144391253637,0.8369387569063677,0.7919244735164508,0.8458008280844334,0.7976070551607746,0.6907476145500447,0.8335996460270425,0.8226834465134728,0.8730822514283183,0.7832085144067774,0.8396706580176656,0.6703252531023632,0.788
0.7679910722582554,0.8128252985430299,0.7138797165572973,0.7752664674936802,0.6594921682040743,0.7723064360059454,0.7923588085682766,0.7354430086687426,0.8237214188436922,0.7443455126792581,0.8363336153497695,0.7998291046522295,0.8321836516233172,0.7830753876670876,0.7355438978464711,0.7104366899407051,0.8061920810793191,0.7456336886429479,0.7437629928548,0.897518792198721,0.748574469101146,0.7215861784400136,0.8162953376420734,0.8888995904922412,0.7823346520294066,0.6192862538110562,0.8693873579996396,0.8657864841112554,0.7632635908238191,0.8017391062803557,0.6991816425255534,0.7447493051780618,0.7781582916516516,0.8076352503768927,0.8339992737591487,0.75138272307334,0.8039785056363886,0.8171676037064194,0.7602068209105005,0.8023560648971287,0.7475333740089631,0.8923930639877737,0.7344746744248191,0.7151798864967145,0.724322741031826,0.8562213135086615,0.7493568619148877,0.7198719762160117,0.6861569697356663,0.8369648428123002,0.7954546276961456,0.8458298172746492,0.797795718002162,0.6977268283048611,0.8336091928291218,0.8239879860337155,0.8731795196517101,0.783933371651556,0.8397486575822112,0.6838562795975517,0.79
0.7690535640725888,0.8227237229663328,0.7162052002078917,0.7781884593200548,0.6598762167685878,0.7894543649775249,0.7927354442288062,0.7358767889553868,0.831099258733297,0.7456835436597579,0.836823951800821,0.8058017143151939,0.8351780339610937,0.7831240864811049,0.7372979884589659,0.7166134627115295,0.8072874550647243,0.7456881231081361,0.7438633027520428,0.8990816327940224,0.7518262108793696,0.7232903676444202,0.8202235108144741,0.8892682301743475,0.7868315360142105,0.6198792847990494,0.8701365681826598,0.8657889417414628,0.7704967024944207,0.8017589529579071,0.7014944185678903,0.7449511842286817,0.7783262356381065,0.8103122475215542,0.8356708049974064,0.7519782010285789,0.8070817975958704,0.8185343342518386,0.7676366110461901,0.8033075668792136,0.748642763953243,0.8924014032871551,0.7352182738266547,0.716350396846796,0.7243627715867063,0.8602038701829389,0.754386280435564,0.7263496148912594,0.6900598013102293,0.8397582079982426,0.7958345938629872,0.8486707865385247,0.8086522497698999,0.7038517674546152,0.8339834759829592,0.8240377112429409,0.8733950809509424,0.784516754574256,0.8397521508580728,0.6867765480678021,0.792
0.7741933498551393,0.8227237448047193,0.7162666197460877,0.7784072713597934,0.6640675604716004,0.7902817269933687,0.7929352195601588,0.7402851499329989,0.8432912398399968,0.7458505395773475,0.8406755662082699,0.8070920215725466,0.8371889467846779,0.784903559935034,0.7378244270894394,0.7169581924281979,0.807613804726087,0.7499423430551799,0.744192121352389,0.8994184538493207,0.753965877254319,0.726176278913757,0.8236461534748634,0.8904066465148762,0.7876044624715774,0.6211880690081867,0.8709334291314109,0.8659502881342198,0.7708119249100372,0.8036911475545209,0.7033714001488173,0.7469560786254897,0.778340942695029,0.8105910081794376,0.8362390682659605,0.7527345809990131,0.8072684217987931,0.8187285564955722,0.7679103317831466,0.8038611936249238,0.7503789492544533,0.8967211222962225,0.7355823386728206,0.7165188921750651,0.725161105238446,0.8620633332331387,0.757323960380542,0.7292168612398598,0.6907300954053515,0.8407229106695877,0.7958787962574213,0.848671261155263,0.8249611795355878,0.7051400393221855,0.834593279481514,0.8257304607418431,0.8736861873318137,0.7845625152783817,0.8397533130091854,0.6949594568473902,0.794
0.7754333934761212,0.8227516254294013,0.7171346698597012,0.7784286239663307,0.6644248485314453,0.7905189773884895,0.8011035124415083,0.7403493331648233,0.8432998960683424,0.7480014896581019,0.842744035785181,0.8076789800344627,0.8382134862340078,0.786058246341392,0.737871206536474,0.7171528287207027,0.8116146286589159,0.7520950015826325,0.7472113396715117,0.8998669709809878,0.7543238400367844,0.7274628348507255,0.8238089169286665,0.8926318031725976,0.7891715608661888,0.6211994290510283,0.8730210013091199,0.8672307322405228,0.7710650244089835,0.8037938475097671,0.7043090069803456,0.7557792034241534,0.7784179175271754,0.8196445688542128,0.8362390684040555,0.752801501046527,0.8082751646857632,0.8188777438616538,0.7751075900700692,0.8125572642195722,0.7504627636518844,0.90143474216224,0.7360868039525115,0.71746407732464,0.7252292961661798,0.8662727019734479,0.7575134118179339,0.7295228425748965,0.6919124095637066,0.8415000302106822,0.7969425581495577,0.8488456578887402,0.8253223224765827,0.7055081449105283,0.8378458859646534,0.8266437887223567,0.8737962279277445,0.7858928927501357,0.8399136147712507,0.6991507516034857,0.796
0.7768743121843861,0.8239708847419683,0.7171519822912777,0.7800799128822842,0.6667836310758448,0.7915918404734645,0.8043289298418942,0.7442544838662912,0.8571078354626851,0.756379839174657,0.8427870146432777,0.8102874762368597,0.8393157443217031,0.786371848487168,0.7385879581384578,0.7175911410435858,0.8119634194302467,0.7520955188539505,0.7472584061977521,0.9052985622302121,0.7548271355826138,0.7283783015007266,0.8271358636960422,0.8926320018914826,0.7896535908657477,0.622385328735759,0.8744927862513083,0.8706419810851703,0.7722516244138231,0.8043261621378532,0.705112191864557,0.7598214884466689,0.780914047053355,0.8196641904025093,0.8417884635503269,0.7604642392376464,0.8085652476289448,0.8250141491465761,0.7755829666206002,0.8159241493553933,0.7532877647815821,0.9015214070366119,0.7370367425137905,0.7297591417624558,0.7252348377178818,0.8768870630787828,0.7640910213961748,0.7325873161201162,0.6919129192929873,0.8428802758763907,0.7969513869429443,0.8631619801827942,0.8254552391238057,0.7057998972655987,0.8380605159085559,0.8271039781567266,0.8737995753401998,0.7883661229606795,0.8512170092332306,0.7006178266641138,0.798
0.7777863011026916,0.8247578851283786,0.7189529887739922,0.7824986929283413,0.6688272860039262,0.7925753921158454,0.8107194698355711,0.7475224744794644,0.8571084208625882,0.7589225273513668,0.8462561366887958,0.810304038904751,0.8408717337607012,0.7877050869015153,0.751068937892407,0.7202439394233879,0.8166798828246297,0.752097388572879,0.7483123268178583,0.9103452187889114,0.7552233689433031,0.7285026053772305,0.8277970734682142,0.8929227374231039,0.790850828175908,0.6230037282620379,0.8745308298070408,0.8727522522169852,0.7739528096382471,0.8059680756338419,0.7066110812104439,0.7607751813815503,0.7825431120017114,0.8198563514277816,0.8418563767058673,0.7679163822275197,0.8085688162865018,0.8273076418581976,0.7769298880178768,0.8171636469642938,0.7547680732767713,0.9015279524957526,0.7372412656401549,0.7304639650211212,0.7297623141074023,0.8803145401142914,0.7689375435578042,0.7366985991393983,0.692147185064552,0.8428804111205496,0.7993567899853907,0.8631772178040066,0.8262319860270713,0.7057999376945086,0.8587148947990008,0.8281636875437348,0.880158159008748,0.7935702617222744,0.8512968260124645,0.7034086034330349,0.8
0.794085347608104,0.8263701135004992,0.7312699888260187,0.7850673256952491,0.6690878464092332,0.7928232379474875,0.8113152551696214,0.7538039706417156,0.8581292230799066,0.7596889988024352,0.847380333505925,0.8146433587529799,0.8410702482274234,0.7879708487489127,0.7511061805513009,0.7208222450915251,0.8173095718313977,0.7572404854690853,0.748366413653433,0.9143090993108123,0.7563378310840353,0.7314846634075863,0.8278584394059728,0.901870330125802,0.7908962235265805,0.6231105908292958,0.8752322665213114,0.8753733254108255,0.7774275852196849,0.8061127329884835,0.7066150097748976,0.7636506404124074,0.7827241181983995,0.8205498277405247,0.8581584655320388,0.76815396066971,0.8095134764613242,0.8302285505091698,0.777348568263095,0.8199786325071777,0.7549685590446195,0.9033098757159737,0.7373696505040102,0.730942074670744,0.7298848004610038,0.8803173840776574,0.7700960603460608,0.7385395657769299,0.6956719558121724,0.8431319615017117,0.7995984994519784,0.864267706780231,0.8263990999598939,0.7058186964814244,0.85915859053393,0.8292620159877045,0.880271829160223,0.796498143875755,0.8523187361730047,0.7044535284104523,0.802
0.7949656190657466,0.8263863685171593,0.7317643512860341,0.7857332601267446,0.6704331994200491,0.7930799243932023,0.8151651070899012,0.7614516914194193,0.8617399910661845,0.759788009904589,0.8522375833020929,0.8149966795164809,0.8414871498146876,0.7900954660048384,0.7514412490212686,0.721104335779977,0.8185608088715584,0.7572421790215853,0.7518362847071915,0.9195643251078931,0.7563557689280264,0.7335563315753088,0.8280871695294857,0.9026596174046568,0.7911403748025978,0.6233338487597213,0.8754354506420069,0.8758328061305521,0.7862699888079882,0.8166077861896317,0.7075517195641111,0.7653173317625316,0.7835073882226187,0.8267693742969177,0.8583454750311661,0.7687395155402833,0.809890505193702,0.8313241420578168,0.7776185632696708,0.8199795406126557,0.756259280877059,0.903719759093832,0.7387128541365112,0.7363101829113595,0.7306354886899799,0.880372825317546,0.7701128448990452,0.7467546329623668,0.7024746571169891,0.843992287661655,0.7997345581478499,0.8673355637303312,0.8264076630618763,0.7060545813740686,0.8595062489654445,0.8301148110419708,0.881316942421085,0.7965048739337802,0.8532129541006156,0.7073765124600144,0.804
0.795061069104916,0.8264614370717643,0.7317646709863047,0.7867088393622067,0.6765994639813943,0.7945555451936348,0.8175555907298513,0.764211706399094,0.8635716555159122,0.7655258924549713,0.8523701673678009,0.8170389060000538,0.8415947111514346,0.7912484537606354,0.753538837236643,0.7224661099950831,0.8185860796157238,0.7607010283224598,0.7551667326708003,0.9195654092239912,0.7580769492034038,0.7349306590822346,0.8286690424205864,0.9036275532997541,0.7912495643995558,0.6235580260475553,0.875491864991191,0.8777199717598756,0.7872997523866923,0.8180806505905903,0.7083195744837799,0.7655850766734448,0.783903406122386,0.8272670111940643,0.8643396375898023,0.7693373628439915,0.8134372190089091,0.8330323286359811,0.7794694615893104,0.8297034400146297,0.7582661004987364,0.905393290431668,0.7428837099649003,0.7384356580775413,0.731631007252535,0.8803758306609591,0.7750529218899235,0.747026531025199,0.7131242201127775,0.8457856960024542,0.800145469113076,0.8689089433640765,0.829341106599062,0.708564174791457,0.8619321033388099,0.830332516554433,0.8825157395558562,0.796607539176641,0.8564933770094172,0.7104691306513999,0.806
0.7957900782185531,0.8299010307186171,0.7324340332399104,0.7869814814718405,0.6766000587685976,0.7965022611062612,0.819524307068451,0.7645883038227325,0.8635725482134907,0.7730283549126219,0.8588894386306343,0.8170393191805491,0.8416179432922993,0.7914163625623379,0.7556040664264677,0.7244147494713566,0.818878007178809,0.761938004445769,0.7554193391768727,0.9226145153844163,0.7587338287649698,0.7411264678942587,0.8291132658489114,0.9052206272361386,0.7916030102205708,0.6271862784178052,0.8779417037025868,0.8777200607979389,0.7901812279339165,0.8189532913835731,0.7091448091752267,0.7662082847179997,0.7840907683450634,0.8273446568685059,0.8654303289038178,0.7695374696933663,0.815327863643484,0.8331099379235971,0.7799879432753961,0.8306939247130426,0.7638240488768574,0.9055030380838711,0.7439080674195296,0.7396802321960121,0.7316398938248782,0.8814552781581749,0.7762112835800031,0.7470992114190186,0.7138903642431916,0.8461067066080271,0.8021457326430952,0.872552572494457,0.8302368045399141,0.7094032587196664,0.8643776183199573,0.8317261443357238,0.882543800960733,0.7967636795917196,0.8565531098559096,0.7109099063979538,0.808
0.7969551700325844,0.8306190875386134,0.7327084888178872,0.7873510819409185,0.6770103254749197,0.7977281108326049,0.8215671241328512,0.7692271190033919,0.863623983138358,0.7746843122167214,0.8603340919278977,0.817125239291253,0.8416180037895614,0.7959024706769109,0.759115035682935,0.7252166408492959,0.8192561999823057,0.7633678857699053,0.7567505437703762,0.9303270711803814,0.7587966199923735,0.7477121663201791,0.8335445763625003,0.9053134166884237,0.8068066535259791,0.6308483285782708,0.8835807450986822,0.8778764381444828,0.7917357376522444,0.8189888631450825,0.7093049680947882,0.7686748313543642,0.7840907690735063,0.8281148571679768,0.8654312971361305,0.7695705689009608,0.8180109223890292,0.8337008394383135,0.7813840241518042,0.8367503573464897,0.7640882757344662,0.9125375961742123,0.7480639331866109,0.741782373000075,0.7343630988186188,0.8831393276603692,0.7778109395829007,0.7509146402089771,0.7138937769135585,0.8499470732082326,0.8021630141410964,0.8774884007733831,0.8303874259882623,0.7099087858191672,0.8649472300802151,0.8345141203851718,0.88419899469978,0.7982344074753468,0.8574936659598569,0.7144408516055042,0.81
0.798300327391565,0.8340122818082608,0.7343452893905298,0.7883207087993848,0.6770829123649148,0.7978806574425273,0.8215902424170669,0.7706448157279957,0.8644093563650009,0.774981189035792,0.8689639214259866,0.8180527353798497,0.845245401033739,0.7979119316614061,0.7614843890640843,0.7258444703555413,0.8249970264682831,0.7648071586397763,0.7584300263488046,0.9357507102854066,0.7597066229006968,0.7477408211787807,0.8337494056898717,0.9084777989006945,0.8078735445395254,0.6338099721936966,0.8843844800735028,0.8778819473675057,0.7919728300592846,0.8191990233199258,0.7093406483379701,0.7686748388481301,0.78879558642395,0.829283694956705,0.8699930690565724,0.7720935735036856,0.8237983120228225,0.8341942280203208,0.7838620719722479,0.8389095066679224,0.7670078239577311,0.9137700041000848,0.7487022046533693,0.7419558779105896,0.7401138812445839,0.8833985173367772,0.7780116686038326,0.7532565752997699,0.7163550803415696,0.8502721427211013,0.8073945606536423,0.8799194154913516,0.8304362278870834,0.7129754139569352,0.8651492198067982,0.8347617954058929,0.8855109514618733,0.7993046699300158,0.8575060340847315,0.7182306864182149,0.812
0.798552928460999,0.8340946505646186,0.7458290997084499,0.7892736136517298,0.6773810117925837,0.7981426568580382,0.8228522038191528,0.7767131417165233,0.8663543821150904,0.7761578025111301,0.8690958823462491,0.822373195000978,0.8456873609143664,0.8048038642796291,0.7629203481425193,0.7258960624588914,0.8281816593139555,0.765133532570055,0.7605533663371168,0.938041745305783,0.7614120507586515,0.7485940641395242,0.8357646224327171,0.9085903457532205,0.8139828033910802,0.6338687259367553,0.8863541703687942,0.8785634987659003,0.7939045822800133,0.8200877170841738,0.7097759707030131,0.770033682913475,0.7888120297666424,0.832289745323547,0.8706598314347004,0.772455450905095,0.8247456267166586,0.8345373778056627,0.7892503169638396,0.839178403289959,0.7670650121042124,0.9160400656143067,0.7490867292290141,0.7429624736066455,0.7401159034747377,0.8836201389650741,0.780600319077181,0.7537568367396639,0.7257455151888804,0.8531257965244227,0.8075520173957478,0.8835795861929675,0.8321996286545513,0.7166653937041126,0.8661595132793692,0.8355011611782905,0.8870443866058387,0.7994578482617392,0.8609557566513443,0.7190239350801211,0.8140000000000001
0.7995555497060225,0.8342238278790597,0.7460243089607662,0.7895229266397358,0.6790371021099532,0.7989869603484944,0.8242701924137661,0.7779004959467652,0.8665272582611511,0.7765686646753079,0.8697471480987408,0.8224301276088729,0.8491651098107514,0.8233221917015073,0.7687226160361316,0.7264235855789024,0.8289383434078474,0.7658672319880184,0.7608662590149756,0.9485714334730797,0.7637748286518485,0.7541111738219317,0.8369645688236951,0.917699258417298,0.8156653436742473,0.635282898803903,0.8881432983031837,0.8839925632400291,0.7939384455335173,0.8201462349681016,0.7098313517815047,0.7742340948934795,0.789464968083672,0.8417062473607305,0.8707093677938765,0.7729114435309219,0.8308123127786475,0.8352128095334729,0.7894265183068803,0.8397006563937165,0.767065030702941,0.9184274529721531,0.7490943467419905,0.7437225389669585,0.740467829160087,0.8844173967803631,0.7827892164465909,0.7568760486582283,0.7260907289701568,0.859641312286778,0.8078971549451331,0.892235674677428,0.8324481410894927,0.720750996812509,0.8669735919135854,0.8366957006609081,0.8904579219380055,0.7996410542275608,0.871354499413634,0.7209783732034644,0.8160000000000001
0.8012010252937574,0.8342651447638357,0.7482524349914775,0.7911193292562986,0.6868357032272473,0.7990648526437257,0.8243207245842765,0.7809946043469705,0.8701927179639184,0.7766275070431443,0.8700410574825597,0.8318655160383779,0.8493286663627456,0.8235724917803908,0.7712215556255358,0.7305772150205722,0.828958257193535,0.7658707567929334,0.7744620409363382,0.9507469155062729,0.7671883567370569,0.7543833549611623,0.8393493409656818,0.9192304468207513,0.8190536315306158,0.6353254989071809,0.8881625760815833,0.8851761013688413,0.7949156791367562,0.822267506533645,0.7111277498220977,0.774605168872275,0.7899933989463332,0.8417062982585365,0.871900041710922,0.7746623699302848,0.8309288463187244,0.8358909662105077,0.7919779245655889,0.8466666472002574,0.7733191212093308,0.9208997165890376,0.7514093508760163,0.7437398423129619,0.740853483966365,0.8891487117555933,0.785724523023046,0.757875134545196,0.7261329321735711,0.860242534367793,0.8083097417347531,0.8972439702272434,0.8324678599750036,0.7274138531150388,0.8669857469174516,0.8414924042241593,0.9053158063258203,0.8007190614477491,0.8725010161921455,0.7215590149614911,0.8180000000000001
0.8043986282176051,0.8347065191025757,0.7483948603961962,0.7912259111306865,0.6871415192515101,0.7991982091934481,0.824635321944038,0.782402011526898,0.8703571873516288,0.7776510655402392,0.8708342162064515,0.8336143662970318,0.8497423445314728,0.8260315587167881,0.7712759607318498,0.7307956587312361,0.8318183132544386,0.7663071971373451,0.7750436720279111,0.9510670161069946,0.7672077611468543,0.75676356262818,0.8394398079967329,0.9246997882284043,0.8277466882976259,0.6355761747689429,0.8899688046255434,0.8851904214671428,0.7960423210325993,0.8228766523258868,0.7115207382019381,0.7749202516180109,0.7938296884743896,0.8417408612137328,0.8745554123874257,0.7755797474881821,0.8310076597329615,0.8359236723370287,0.7987208350365169,0.8467244394979323,0.7751472898292028,0.9290364426131309,0.7525583942985627,0.7458484663822713,0.7412701192814678,0.8908918108653746,0.7879825494389477,0.7580748235624523,0.729424585152751,0.860630730107861,0.8090560512933384,0.9098630434641841,0.8326904541935457,0.7274775802946084,0.8669944352498832,0.8459399674103439,0.9055174584741635,0.8019814334783951,0.8733679648579653,0.7232771993052561,0.8200000000000001
0.8074815487650097,0.8347077489683259,0.7483972320822908,0.7913517773808038,0.6880873870380436,0.8020928825534673,0.8254819466168344,0.7837072329309498,0.8714742497054446,0.7813739353082119,0.8709799482696352,0.8382297497402084,0.8507404740189262,0.8295677363879227,0.7739383205086386,0.7337475814262332,0.8378215613105551,0.7664194393025471,0.778323948429494,0.9535442647582667,0.7673599349114091,0.7585233823478829,0.8394398126020729,0.9250919420401517,0.8314962369984549,0.6357308921022651,0.8903533821017642,0.8863498552512666,0.7968801621975574,0.8231379749187245,0.7115361540161828,0.7772381547213941,0.7939385002175864,0.841847374621375,0.8767100873915121,0.7771391871975633,0.8335834287552425,0.8398121929253091,0.7988893267952909,0.847670547617914,0.7787312748140943,0.9301501290529424,0.7529912698602546,0.74705486894887,0.7413208606328203,0.8918477193760107,0.7928037709271732,0.7580909334784703,0.7296365667193767,0.8606689148661706,0.8099266134740442,0.9100169614053588,0.8330984900892213,0.7312151531209095,0.8681611682251108,0.8461113264281707,0.9056123064214336,0.8077678303212096,0.873967319901938,0.7259155089896459,0.8220000000000001
0.8075410381481716,0.8368863753813319,0.7484101761844496,0.7914165993834767,0.6890380949120377,0.802094326036702,0.8258435955447583,0.7837836187138219,0.8714971369398518,0.782859465092261,0.8726712094181872,0.8401896741930505,0.8635174366794482,0.8303730218477571,0.7744153492290727,0.7354546763010381,0.8381650573173692,0.7665660959431951,0.7817675342603868,0.954398294118269,0.7674776387318842,0.7603182349232224,0.8407690411980786,0.9295391258113421,0.8315393383719216,0.6361239788515837,0.8935967830018002,0.8890037123183606,0.7975572389219437,0.8289536636636281,0.7116250600295423,0.7789920760073894,0.7939397766139176,0.8451134915816623,0.8771627312643897,0.7772096638596216,0.8340678240132489,0.8405582260529101,0.7988896451683539,0.8526400284856701,0.7794719665012483,0.9301510956750215,0.7570827679920676,0.7478927361613584,0.7436331033003286,0.8919829354442065,0.7928817251679139,0.7590066293826245,0.7324464625887143,0.860778044094696,0.8101160945899184,0.910355155509037,0.8337216143377466,0.7312560056272693,0.869296074097935,0.8462597995892724,0.9161800707274238,0.813265621290557,0.8781826115092484,0.726470843155223,0.8240000000000001
0.8075500897530511,0.8495427545970172,0.7554405621114525,0.7914797113074926,0.6894296682192247,0.8046167905593418,0.8259361553591725,0.7850818477049405,0.8863107282226022,0.7836476530792031,0.8730645657450203,0.8404618256497065,0.8682304755827738,0.8309990700827344,0.7776493824778123,0.7382421488512947,0.8381730854728476,0.7711210758325409,0.7818050252139176,0.9545034738446256,0.769130638671991,0.7675834909493802,0.8412361053757375,0.9329416313260773,0.831689522602408,0.6365119221814092,0.8963606321107125,0.8895540692121877,0.7975749406136079,0.8294195630393197,0.7119932261007742,0.7866108708997395,0.7943120330419868,0.8451134939941876,0.8776346212904701,0.7774229026419237,0.8362632189149222,0.8408198977100578,0.7990762049563207,0.8531408814333958,0.7802970194470347,0.933319319709814,0.7574853422054543,0.7479244625486581,0.7448574460503308,0.8921731431200073,0.7937458475143728,0.7598818339773902,0.7334377601843625,0.8618155898653758,0.8175231414547803,0.9117757819824661,0.8351233641818746,0.7313090393893729,0.8733885890596972,0.8463568290412932,0.9420020417648693,0.8132681260005575,0.8787175925824416,0.7286786982608512,0.8260000000000001
0.8117503212773848,0.8499663133934992,0.759182679539421,0.7916356018465802,0.6900132331814919,0.8055887230221699,0.826713848357406,0.7850868821477768,0.894691859951372,0.7843880273977487,0.8738288439994882,0.8424656306201243,0.8682761172717002,0.8315426071956191,0.779210913493689,0.740805778061434,0.8382749914359713,0.771233207123504,0.7823542755026832,0.9551138940026599,0.7699183841124254,0.7677977811995986,0.8414674114536833,0.9330816518478674,0.8337684171136047,0.6393737931146359,0.8973609611066735,0.88961286110509,0.8028273528571367,0.8301538020810559,0.7126569342376752,0.7867322180914297,0.7946188616390746,0.8456808921055186,0.8807009531591713,0.7800488869431879,0.8362800734100544,0.8410973598323362,0.8003920675758911,0.8540838506547326,0.7804882618897059,0.9358579232303241,0.7609348650781209,0.7486890306458419,0.7448903862720484,0.8936181422071799,0.7966416727706342,0.7598863253020395,0.7409193503755005,0.8618680566535475,0.820291970659455,0.9117785676052691,0.8384003349037691,0.7319203369569905,0.8737942991646741,0.8484516561956271,0.9429016440296735,0.8147290615575271,0.8788881949030167,0.732155312750667,0.8280000000000001
0.8117676714974043,0.85005735017951,0.7699005599833341,0.8054705236716742,0.6900458942058532,0.808768041132494,0.8279321977889879,0.7851188965008886,0.895214323796545,0.7867684062400183,0.8806357112179072,0.8425108666454256,0.8689663675502246,0.832924629239237,0.7806509646091635,0.7414183034044646,0.8409632696654293,0.7729208350475817,0.7848293473899021,0.9564178831430383,0.7703043445182783,0.7765223778193121,0.8415603200406495,0.9330818912061194,0.8366348674915822,0.65408648990802,0.8993735195314985,0.890446444374489,0.8044839321278371,0.8326289824565514,0.7154736326818171,0.7901930055984312,0.7965239896467134,0.8466880956609254,0.8807150696978836,0.7801183897495969,0.8369579974111362,0.8411416445758652,0.8003959573757562,0.8594221395987446,0.7806699567896206,0.9359109920275898,0.7704938919458464,0.7500070098335452,0.7460995949588702,0.8942328944919087,0.7966844869622618,0.7605181850522763,0.7415025083118003,0.8642965567500503,0.8203693321228018,0.9119751437868551,0.8385830756922054,0.7330653300808437,0.8777942564159623,0.848576511909839,0.9443914053684955,0.8148391094221535,0.8789203534022402,0.733770117243351,0.8300000000000001
0.8118574908108843,0.8531580196752866,0.7705913925109882,0.8095300700011019,0.6903368790706556,0.8094122251748687,0.8285857924775635,0.793563148008376,0.8973886008180014,0.7867900575581561,0.88623494964748,0.8428365117893046,0.8712711164698367,0.8334412660643346,0.7966894400780562,0.741469352852984,0.8433975862362989,0.7729215772056282,0.7850809510017168,0.9567209616638127,0.7741338189100042,0.7789164373742724,0.8449999803837058,0.9332862637138131,0.8366401607340439,0.6583242261287461,0.9082157786095363,0.8916384843781329,0.8092678784685622,0.8414482349518267,0.7157752526696817,0.7915096183004258,0.8046982274352895,0.8467345477380981,0.8832275779604467,0.7821753014742073,0.8391912447843992,0.8462283280896661,0.8005491573094307,0.8621074617642409,0.7853829893401935,0.9438800841260391,0.7730148021946839,0.7500506122235183,0.7480422074381294,0.8943187379692716,0.7977557575794714,0.7685295042470449,0.7455782026866407,0.8653677001207636,0.8203712437235211,0.9140771956571708,0.8386057601018989,0.734422878220889,0.8885457737230232,0.8488937114989652,0.9451072226836604,0.8205594297191694,0.8802929168186178,0.7407701362354266,0.8320000000000001
0.8118804857863678,0.8532405739795618,0.7717192815589088,0.8098937148283958,0.7017201482092549,0.8109614912652212,0.828963969468876,0.7943419227758376,0.8977240388509287,0.787240035498197,0.8863219742348404,0.8444744566545722,0.8737683856605246,0.8335534447046866,0.8002388614531311,0.7420131588370624,0.8457613571064609,0.7793345350499207,0.785423168163314,0.960860610621638,0.7746796346745031,0.779602625266025,0.8456561133013009,0.933691598074789,0.8382127966484494,0.6585874685580133,0.9100296649368339,0.8921956042980824,0.8094212691320815,0.8443153032271483,0.7162868843649789,0.7918827332757462,0.8053901864195268,0.8474686765865764,0.8865526413740796,0.7821831442710319,0.8392277680917153,0.8487294012780109,0.8030665181561297,0.8621922234755162,0.7884148709990134,0.9462884565905305,0.7740547819775006,0.7515726852523612,0.748428856773397,0.8943275740672895,0.800182599486361,0.7688523210872624,0.7506820670683643,0.8675934805892501,0.8204375617295485,0.9170208779804959,0.8390863402373018,0.7349416188472961,0.88946489512238,0.8507669560633123,0.9481988151977905,0.820913910029849,0.8908325975455321,0.7410353247315141,0.834
0.8119908671344621,0.8559863610624824,0.7719664173005859,0.8116428119714756,0.709152080190424,0.8130287660246149,0.8289719730856727,0.7945238347831101,0.8977347641787277,0.788025513137511,0.8927768524718218,0.8445189546952636,0.8763913700740991,0.8375219169486926,0.8002650672788425,0.7484041733888852,0.8467662410520251,0.7794036430217978,0.7857800578984226,0.9664950839466465,0.7787180746936442,0.7797495847275697,0.8456861001374019,0.9362934486553073,0.841016639116191,0.6615471341667306,0.9139528856786807,0.8937778655773493,0.8102645720137585,0.8506334508103561,0.7166641458331371,0.7925398454863787,0.805391240077172,0.8478506811275252,0.8867497784480135,0.7851757358852262,0.8396473648114972,0.8487634202934408,0.8038196097613255,0.8718198457982655,0.789060409666095,0.9467425645252018,0.774337552458146,0.7518141039228307,0.7496714710717155,0.899763411524958,0.8004564199563694,0.7691291188582288,0.7524586105556144,0.8689664494966579,0.8206369655592717,0.918330645593796,0.8424316693316206,0.7367610975500882,0.8912158586827703,0.8507809587689357,0.9482593290099232,0.8316151397441266,0.8912462954257542,0.7431170377698779,0.836
0.8147188032110609,0.8562331087653268,0.7768952390038557,0.8127352743116523,0.7099145222004497,0.8141583022718522,0.8431289025959797,0.7946402592185781,0.898380985031714,0.7888360794367067,0.8927785172630337,0.8497176233732412,0.8779601242527394,0.8375388105932425,0.8003416036022989,0.7492805239594562,0.8467868980791377,0.7836196515553785,0.785891957463565,0.97001928171862,0.7811020150846275,0.7868591661267879,0.8461424393898043,0.9362951901437284,0.8410446256041073,0.6623476365084243,0.9150841765315216,0.8939703983629903,0.8107736436263756,0.8638755907941041,0.7166790405161219,0.7944413278678151,0.8055317222038901,0.8671491139185061,0.8881420615232456,0.7878563749310846,0.8396873212007487,0.8492245622700321,0.8045204256638362,0.873949784825492,0.793415797220599,0.9472610729212468,0.7787538157102553,0.7523933226795156,0.7501256887321789,0.9021460485257878,0.8100845074386572,0.7698519419181253,0.7526740526590591,0.8689665652443368,0.8220757871960206,0.9202848485256865,0.8428426763891863,0.73758402419606,0.891800976497811,0.8559329361812883,0.9483083363519056,0.8320573332345836,0.8912490969949182,0.7500817884337915,0.838
0.8148947556685531,0.8582868259125969,0.7770142934051844,0.8197457150998217,0.710727874211644,0.8160040382284932,0.8480545186701997,0.7970782752628922,0.9014735860320133,0.7913797374626986,0.8939857846865077,0.8502267424306609,0.8822519412825559,0.8437310434222407,0.8003434902448523,0.7512931359064967,0.8495451337460361,0.7854384095214039,0.7877148339811448,0.980951052968444,0.7825516938168637,0.7871094129982317,0.8463061782009788,0.9363061511686336,0.8427634201444082,0.6623947245877256,0.9169671601527942,0.8940371930916683,0.8163771057779682,0.8639087473089607,0.7168215649305992,0.7978740952027271,0.8071855216780749,0.8672085668927884,0.8895734992599106,0.7898102095604677,0.8401540200898676,0.8517140590892495,0.8092257754330366,0.8771751019386014,0.7951314876190702,0.947286992907958,0.7793204354697831,0.7591264101290419,0.7502464974286499,0.9022722991952625,0.8100853197067402,0.7720066411975252,0.7577103626460879,0.8718639090274611,0.822598781827968,0.9211868732223946,0.842942589330355,0.7397065285246537,0.8921863624114221,0.8605178350438804,0.9503743607125952,0.8326096029821682,0.8924130653612092,0.750092368376073,0.84
0.8289400887311373,0.8607222767722901,0.7786990895773301,0.8212453675399073,0.7110083588474844,0.8185249706703404,0.8509031830511246,0.7976057161981541,0.9017483872578845,0.7938134937118885,0.8955381443750698,0.8507659655384681,0.887012928001114,0.8452127380991625,0.8005619630619045,0.7548867924987864,0.8498679687369907,0.7856058407050599,0.7879392337373047,0.9850072257174586,0.7825721289850701,0.794177218568237,0.8463158816455351,0.943401793308137,0.8428813450408043,0.6695598273952118,0.9178916774656243,0.8946003629946451,0.8188864147528963,0.8649323390995206,0.7171913318702959,0.7987689613557583,0.8076050207972617,0.871366363020314,0.8936529353542846,0.7925030556135593,0.841836891934305,0.8675097718576525,0.8100455952641967,0.8777173235361584,0.7991950132511895,0.9483510742311476,0.7794284566094228,0.7667604040468649,0.7508769274851752,0.9036038542855371,0.8101006594274271,0.7723831868623139,0.7581232257525592,0.8735684659521216,0.8226165444407931,0.9213067435463849,0.8440677102198583,0.7461691580318964,0.8977786856789125,0.8605276740242711,0.9520014699455867,0.8326226431154461,0.8934787138955638,0.7571015689328671,0.842
0.8359893368647919,0.861064909860038,0.7788299270533975,0.8217877297037792,0.71790995687547,0.8186939258886216,0.8510243606418606,0.7978671264247275,0.9021412291874795,0.7939278145132829,0.8970670268185812,0.8512524659398579,0.8872704774821564,0.8475637496884573,0.8026240923807457,0.7685776666757208,0.8551070081760583,0.7871520782353649,0.7879720041029412,0.9875563873929044,0.7826134614070835,0.8040322189425384,0.8563656065856821,0.944003361973919,0.8437834050922806,0.6704738191759422,0.918098374372776,0.8946637926631424,0.8196743636472649,0.8691230236452377,0.7213737786680462,0.7990899842725069,0.8085219249498046,0.8724731957129077,0.8940433036640473,0.7927449880759003,0.8426039989953024,0.870946508635345,0.8104251614939606,0.8777352819047314,0.8126495761098724,0.9490513153148915,0.7805945794859924,0.7674449597495849,0.7542363348109464,0.9051151415388132,0.8136666404037566,0.7869997474355254,0.7628921176957881,0.8769847068525335,0.8230146795261201,0.9213638235256763,0.8487864640914629,0.7463445840920812,0.8991254892676394,0.8741270819840287,0.9600369694562897,0.8355316540793064,0.8996796162026921,0.7636803454364085,0.844
0.8392959085640911,0.8643105233276237,0.7857491952676018,0.8226752163559914,0.7188810230950221,0.8229851471029046,0.8510273313978841,0.8012643368105944,0.9023298781966086,0.7948661838531206,0.897615231041469,0.8541061583125497,0.8953918599998405,0.8475792647553746,0.8027321887254343,0.770295356043275,0.8560960098209255,0.7881219641578966,0.7998770055505167,0.9876103598919315,0.7827276544750259,0.8040337105346176,0.8575359738556558,0.9455014751454324,0.8454191946883984,0.6708981682082019,0.9191220485173114,0.896726406318209,0.8208753884651347,0.870210172697515,0.7218985669985203,0.7991966993627763,0.8087129307810218,0.8737831735458194,0.8942219814119912,0.7959102437737685,0.8427721526003068,0.8709922708506019,0.813369066554244,0.892093718646129,0.8134280823982786,0.9497619635350176,0.7818661436669915,0.7691405055699415,0.7564823557980579,0.9054012794034626,0.8138774701031855,0.7900770460203276,0.7633465608834252,0.8777637751624968,0.8231660290241273,0.9216082885981752,0.8537985078460659,0.746608232299814,0.8999713384436,0.8743088030184548,0.9601288326631147,0.8356035485691246,0.9007826810567219,0.7639155342390663,0.846
0.8400075172550701,0.8679159943196804,0.7881170409593469,0.8281645620763716,0.7189781489064401,0.8231004789031268,0.8540231132302709,0.8020624902142789,0.9024417296264995,0.7951634960930033,0.8977012677337324,0.8574058734903858,0.9007905569833025,0.8475834243286365,0.8116747943495183,0.770296061322841,0.8601973624474152,0.7885502606416686,0.8006186262559348,0.987770059216785,0.7830971180352826,0.8040346028962396,0.8630881799163365,0.9466329460941242,0.8454753520818714,0.6737856455145576,0.9214598990031153,0.8986818289545188,0.8209147525567665,0.8743126696861501,0.7219038776086247,0.8005078430270932,0.8087311756570569,0.8742365537412986,0.8946490326963065,0.8018086861731081,0.8442744746376212,0.8750737069097807,0.8225689656326737,0.9034662600523178,0.8134280882467196,0.9524811054940686,0.7826868720553241,0.772878313686876,0.7575910485267728,0.905570273114444,0.814235558741181,0.7922229722289809,0.7642610624857954,0.8782894350348004,0.823169494789144,0.9268303894370911,0.8576795467156703,0.7486451753989751,0.9001369613468065,0.8776716560668435,0.9605757388263223,0.8369224241302466,0.9087541177936737,0.7643249728430255,0.848
0.8416383268940015,0.8687088824379863,0.7900878252087881,0.8361509383855594,0.7190256765521585,0.824644492665773,0.8569994212872334,0.8022331744389163,0.9061513672495349,0.7951743762503091,0.8982320603500807,0.8574351270360805,0.9020815281803725,0.847586036685768,0.8124781026149984,0.7704525128750324,0.8654381105669249,0.7888547092821921,0.8007696701217728,0.9877781440874321,0.7831824846569568,0.8146258124779768,0.8632309951754709,0.9481806363744208,0.8461716441537512,0.6866438532063021,0.9228477692752861,0.8994010551380682,0.8210551485413093,0.8743148373187347,0.7260156878722124,0.8014696050725433,0.8095038785739654,0.8782254507272563,0.8963324317152949,0.8022633277109785,0.8458648662939227,0.8793898779074287,0.8243469394522166,0.904517790857594,0.8175329279462272,0.9531008665428742,0.7838540309515288,0.7772677468400557,0.7584589511667446,0.905736463116811,0.8168096615622472,0.7935022732786273,0.7674806298047209,0.879406510966038,0.8233135719632546,0.9270460227699396,0.8576796363349103,0.7493488039851689,0.9016971008949302,0.8779206280792564,0.96057583886678,0.8371127367453004,0.9104867949989299,0.7643257693976254,0.85
0.842603692492154,0.8691302644105003,0.7953777511943397,0.8362053032051922,0.727275939095918,0.8283319298780633,0.8577715344235615,0.8022421432788585,0.9062192216695817,0.8092087328264257,0.8982964670529836,0.8595517476467291,0.9034413178057179,0.8488357291701129,0.8125095753536616,0.7704619730969586,0.8795936266439519,0.7909964778882937,0.8012417254317494,0.99357125854115,0.7838696955039313,0.8150982672416154,0.8644963419986951,0.9483011388293682,0.847534388848597,0.6872868273744407,0.922877455964671,0.9026992122705053,0.8215505556587379,0.8744385206730443,0.7318899117059668,0.8018850014302734,0.8098053008831521,0.883163944155859,0.8979936269943478,0.8024041749068445,0.8482211671034107,0.8842227442253148,0.8253285157176721,0.9150888588516084,0.8177472442314627,0.9533395077992587,0.7839737806293574,0.7782201378782347,0.7585907273296505,0.9067955063409068,0.8175477280184356,0.7949396694226811,0.7678907111535059,0.8794967273732243,0.8249624062033936,0.9290196784231809,0.8663796894714924,0.7493657737868032,0.9017996837683769,0.8781225455525293,0.9629416623466971,0.8444510446944573,0.9163215685946666,0.7656417840337034,0.852
0.8476988729356184,0.8698003747040707,0.8014740608393687,0.8362777816731846,0.7274249736757488,0.8321554073699016,0.8581234712365011,0.8024805939162096,0.9071624249021505,0.8092267240602574,0.9073231080829216,0.8597338008717094,0.905200222728818,0.8495165498571443,0.8135038286618067,0.7705785917852743,0.8797743460625046,0.790996780451567,0.8013082896404443,0.9938853539604121,0.7932346034751517,0.8152022845600688,0.8646800586531884,0.9517135836984396,0.8475910363474701,0.6877318103556427,0.9234782165229117,0.903748787459209,0.8217392048422166,0.8889114172031328,0.7318972099681434,0.805303780921865,0.8120724916163812,0.8843963859489663,0.898295204214731,0.8025500680817648,0.8560759472059472,0.8842380061712124,0.8253363387541679,0.9153743592882289,0.81777218224926,0.9534299703977785,0.7848757580113394,0.789846251530604,0.7585908400043114,0.9126398849814807,0.817888156184132,0.7967498845117679,0.7680324532956996,0.8872151817135997,0.8250657238321202,0.9372422815665494,0.8664088307303857,0.7545055759444499,0.9021531023418095,0.8786803170746875,0.9632405574646731,0.846840664185664,0.9207281751384301,0.7656424156332361,0.854
0.8477036303396253,0.8701818440584801,0.8049838946605419,0.8362848056305292,0.7274515166534319,0.8328240383906482,0.8591124887494664,0.8043090216318467,0.909634286371942,0.8092712011572634,0.9147561376326908,0.8598430993152965,0.9073522361205244,0.8511225691281255,0.8135827837426859,0.7718632022445501,0.8800842483379906,0.7912202045327741,0.8019171211330496,0.994342126608038,0.7940587182556913,0.8221554651308048,0.8681481107426683,0.9521495627565227,0.8481579504997596,0.6878361460388729,0.9235063678786736,0.9079676164567047,0.8217647677503842,0.8951273337763754,0.7563566116786312,0.805303841487847,0.8121313420797254,0.8852032249690626,0.8993143589381901,0.8033768472951328,0.8561479783632377,0.8842546292538683,0.8253754084091102,0.9187307210275711,0.8218950234411856,0.9545441466961514,0.7849297489157883,0.7936534314207428,0.7631303659636206,0.9143461943671743,0.8185441567369334,0.801287041251365,0.7688839778054904,0.8881646720790702,0.8257981722683014,0.9394632154165631,0.8686503227798896,0.7573506835550394,0.9025086260879208,0.883895245150953,0.9634698531465681,0.8468424923028677,0.9207679306721698,0.7677890235498533,0.856
0.8478082688202009,0.8745462858199287,0.81161267531907,0.8377528569651705,0.7305439841943268,0.8328545449820387,0.8618240317041902,0.8162118092290905,0.9097261277103489,0.8093915086370589,0.921013983242481,0.8612392923858906,0.9080132025402947,0.8511368128404803,0.8169922732558442,0.7799172637929697,0.8800860279532008,0.7976381542853522,0.8024001552677212,0.9943508585853296,0.7946202940508665,0.8221781968808589,0.8682104184891352,0.9528298924558058,0.8484571606236746,0.6904286117594131,0.9242698864406533,0.9079810894090362,0.8277750698840836,0.9012388739628263,0.7588985712220676,0.8053338654435943,0.8121605163608931,0.8859884856507156,0.8994555627766734,0.8091004197666742,0.8566668616954621,0.8842571867716168,0.8256091209609605,0.9189850769370392,0.8229601637854721,0.9553503420719042,0.7905260225060731,0.7939715584286052,0.774830427613981,0.9149116008556808,0.8185441617241491,0.8043296358946015,0.7689330812259881,0.8890111361411792,0.8269761604975152,0.9415164470803904,0.8698700599055517,0.7644294340317298,0.9042203852523248,0.8877092751006005,0.9672960089923797,0.8491009581425601,0.9207713249593578,0.768877334125589,0.858
0.8478923362282308,0.8765608413779137,0.8204605996367665,0.8378500106258812,0.7305553486741446,0.8334942081243548,0.8621925906607812,0.8295859469354949,0.9163170852802893,0.8118987474075186,0.9215549908964317,0.8646614103514962,0.9080133318187086,0.8514085822955633,0.8174186883179559,0.7802372054996357,0.8830864411731505,0.7982470317242397,0.8074956167152038,0.996489950349662,0.7947297270917478,0.8226061303217791,0.8768697729851289,0.9538860948880368,0.8508793659535244,0.6904398458850269,0.9287697534957731,0.9082431704897564,0.8280962879882132,0.9014303684734762,0.7635966547211014,0.8124602263995518,0.8129298247543576,0.8867164260689849,0.899578172333008,0.8162851127720774,0.8575948209808808,0.884271521930941,0.8298266659597803,0.9190100531758184,0.8236536168250871,0.9563195964710909,0.7909637731895347,0.794267891392573,0.7748693847031589,0.9169329846874092,0.8203350063306697,0.804623053975474,0.7693464528939163,0.8890564733018164,0.827186193250093,0.9417100766268593,0.8717522267981367,0.7645607254908999,0.9048314758184457,0.8878054968431324,0.9675137408788717,0.8523594216692219,0.9209628065633005,0.7737549568515276,0.86
0.8480268902832729,0.8845405187795699,0.8218570906677287,0.8389449443151001,0.7314659863875876,0.8342226370567013,0.8632557988598516,0.8296279186981984,0.9163469833702514,0.8120921279806026,0.9225970542025644,0.8667926536294428,0.9136958353238239,0.8522122317474574,0.8187040785151616,0.7819314593451503,0.883583511034988,0.7999219098171914,0.8075486538385966,0.998340734439089,0.7991572659983917,0.8242763455318721,0.8811198740988222,0.9547243002318687,0.8533233852560489,0.6921844633079541,0.9296605089991964,0.9123863413335008,0.8283614401090104,0.9019710856661612,0.7649706679816531,0.8154701389926907,0.8131408817265087,0.8876620482475432,0.8995915741005914,0.8163766166354474,0.8576439830817044,0.8889001955686304,0.8298689857098701,0.9231919066182886,0.8268271655216798,0.9564854511232702,0.7913192625895057,0.7959643616665515,0.7756807771270634,0.9288056142680283,0.8203354600472739,0.8047405564487341,0.7723697871903042,0.8907907382877833,0.8272096125439482,0.9417558429569821,0.8770212691787628,0.773686044001698,0.906405643247101,0.8962226148439463,0.9675556463548581,0.853875113285431,0.9212337782411292,0.7763631203111252,0.862
0.8480924996086925,0.884819697888751,0.822411903302019,0.8405673310850088,0.7319131140619021,0.8357216655836759,0.864604345478325,0.8378922298537231,0.9171305697620528,0.8141458985205164,0.9225985128561169,0.8702105290585603,0.9144829044410752,0.8553652489950095,0.8197977512869086,0.7884534020358138,0.9041123993247241,0.8057362337350641,0.8091680619377856,1.0064991202065166,0.7994662196057568,0.8250987107730342,0.8817583769046413,0.9551204130630294,0.8564561704039829,0.695654583250013,0.9302972103514582,0.9127281779754306,0.8290941933032211,0.9052123424161345,0.7651344044474295,0.8158269193764858,0.8134774622484988,0.8882764080182105,0.900661898360503,0.817720181364298,0.8577679846878078,0.888900195647256,0.8305453224644759,0.9232501522594667,0.8270489960676422,0.9565119988110533,0.7979745380792241,0.7964978980523808,0.779462738100625,0.9288107583056563,0.8211882633868081,0.8047429180449628,0.7723775589192651,0.8910759987099548,0.8281948899641562,0.9422861139454296,0.8775639555359859,0.7871135386975082,0.9069494726720336,0.8973572680084909,0.9695019004702223,0.854574503269138,0.9232898455696287,0.7815963111875335,0.864
0.8504061507158547,0.8859157284068723,0.8224334451948385,0.8410591167571619,0.7319189684015176,0.8373461396906691,0.8646608873474987,0.8400208554999871,0.9245782113389079,0.8143301820000396,0.9252837507925147,0.8733139948592915,0.9204700482279636,0.8590419576632413,0.8206900033087574,0.7906128610918051,0.9071826577220001,0.8059117083303101,0.8102223540675894,1.010339504323529,0.7996800341457184,0.8282976143404844,0.8823309046593878,0.956191469843792,0.859230059210259,0.6958851707492232,0.9394829222331195,0.9129897646450406,0.8292011577130937,0.9058479787408225,0.7670881139553042,0.8170194577692322,0.8149748770221453,0.8882830737667813,0.9015856178332429,0.819219287397344,0.8578681455038842,0.8891633637332125,0.8333674944362522,0.9238222054496253,0.8270806110369046,0.9583590552381961,0.798130594386418,0.796756578277518,0.7797199712384636,0.9288830235379755,0.8242087960745377,0.8050093455891234,0.7764695783187994,0.8919349372222396,0.8281953434824894,0.9426465122903344,0.8802597036325305,0.7873935172957955,0.9088973014200106,0.897854429929319,0.9695027488241222,0.8550603450200915,0.9305024035573111,0.7819003588987867,0.866
0.8504215811838427,0.8878762169218049,0.8238415155899053,0.8411581851779876,0.7319194807613717,0.8375361412552198,0.8653559600897431,0.8404067930003977,0.9251715151977666,0.8200271660932105,0.9294813638598372,0.8748129492665992,0.9210646996982409,0.8590419596947978,0.8237194778054431,0.7914600525815724,0.9153079269832695,0.807041182447258,0.8108564036656846,1.0110942574994832,0.8032729375221566,0.828303555063129,0.8825735890984564,0.9595163981430783,0.8596631593030847,0.6959193524365891,0.9435910233134027,0.9130025365157712,0.8292104007791304,0.9059358241206334,0.7681884370669552,0.8176207202167914,0.8216438613565985,0.8895533019408884,0.9027690456610045,0.8368306631201631,0.8587547854943149,0.8893328225314125,0.8336533811946918,0.9242704741104435,0.8286908951531422,0.9596542840874105,0.8011418849208464,0.79675938850629,0.7927217283967405,0.9305570091976775,0.8248193535414285,0.8052602411051004,0.7776768272453283,0.896025417535973,0.8281954782258176,0.9426525446390738,0.8819497139987603,0.7875043048070929,0.9118644986553814,0.9108478657628134,0.9702027071275341,0.8556720691242101,0.9315526166444006,0.7820354623630743,0.868
0.8507641472004959,0.8997119674735008,0.8238426754553101,0.8412545146156922,0.7319360361032099,0.8450694988883029,0.8653563148182507,0.8449690553017212,0.925182974454209,0.8207560045544878,0.9296605289901061,0.8748507734242312,0.9229727867336489,0.859147841177769,0.8237280313504157,0.7917605296000592,0.9162481209952442,0.8079700457944621,0.8137750368866333,1.0200684276585466,0.8033951235027408,0.8298274359440031,0.8841626849564412,0.9604777502737801,0.8614045698435652,0.6965617979350563,0.9519687908571097,0.917003044158789,0.8349493903446976,0.9074217026387136,0.7707881393710616,0.8279120677504683,0.8239208138374862,0.8994651691496259,0.9027761277019565,0.8529848272097381,0.8593200413461134,0.9022147969611802,0.8400096769994363,0.9247274141096757,0.8293689812812289,0.9601330814493066,0.8016036308988388,0.8031761033373634,0.7934216277609538,0.9471592125859299,0.8361475675066227,0.8071526676174186,0.777683807425413,0.8970073983805403,0.8282735954110948,0.9450496511995429,0.8842273381085064,0.7880327444066465,0.9126785985349456,0.9119585386801295,0.970237267034067,0.8559634318932682,0.9375898563187635,0.7832056112911676,0.87
0.8511970556252774,0.8997809784898462,0.8269927536462751,0.841590590771121,0.7320747831084656,0.8465624592176907,0.8658152372143338,0.8458855008332331,0.9288946834283578,0.8236560902702461,0.9336824187784347,0.8781078944446284,0.9290421894071325,0.8597695653276519,0.8242635506164034,0.7917606489144292,0.9174468002107995,0.8080496727212154,0.8139155010402219,1.0203817634192613,0.8038744415323247,0.8309010418873757,0.8846183003885737,0.9606036747588017,0.8617317740515993,0.6969482706557848,0.9522137131146934,0.917086316286533,0.8355889244776338,0.9074261869651771,0.7720403703309355,0.8279479186819938,0.8244727685142916,0.9025997755518149,0.9057260524877797,0.8535995992455281,0.8593237792144093,0.902499672832099,0.8408468546300637,0.9247802197618123,0.8305285790711465,0.9601506444674155,0.801769029445244,0.8055230817018072,0.7939306931087272,0.9474348055190642,0.8361751974777053,0.8094014677455721,0.7797237448904006,0.8992721890122113,0.8285117902143021,0.9450501983084736,0.8847638346168952,0.7945067581894205,0.9149756899191025,0.9133454279552187,0.9704975996722468,0.8579226633059163,0.9380940314204488,0.7839242924834726,0.872
0.8520663679999857,0.9022797038346164,0.8272130024419158,0.8441936998818499,0.7330523536453035,0.8465629050382232,0.8686210640656404,0.8472722795798393,0.9295389070485649,0.8254896351385397,0.9345597721707783,0.8782570105341353,0.9295697401662455,0.8598510538492042,0.8280950266839335,0.7971286616939792,0.9174784785051876,0.8083515256280808,0.8157397737684283,1.0258736417310652,0.8061054607492699,0.8383779381778143,0.8853371432036454,0.9608017839338353,0.8635955382494902,0.6988591507868711,0.9595418997334466,0.9260818354422565,0.8379807894796089,0.9093273428177122,0.7720967503829352,0.8291783030018117,0.8264027790522243,0.9026903742465919,0.9076646343312523,0.8565454867898208,0.870438333890264,0.9025394388139711,0.8456028214043746,0.9277821695274969,0.8305847421508441,0.9601510954835443,0.8055105324903331,0.8065595961875719,0.7944011894028326,0.9486213746222845,0.8391443055291165,0.8102271673908635,0.7825254141036169,0.8992829928003695,0.8342246842064711,0.9452497149879177,0.8848388221622198,0.7952512791034381,0.9151876062709535,0.9203629610377981,0.9747152566305289,0.8582192814098747,0.9384926993148398,0.7844372354687058,0.874
0.8552284030508416,0.9098121443445242,0.8272951288313949,0.8529336929780919,0.733547332437219,0.8489042609132292,0.8686352057225667,0.8473744072954665,0.9351104250546276,0.82579649816771,0.9345598140663346,0.8836980264722014,0.9297647777542442,0.8605408212726371,0.8305932611584679,0.7976048327298512,0.9175097817852191,0.8116907641263997,0.8166030196170374,1.0280398666014292,0.806110677941325,0.8418791831655374,0.8881121152000713,0.9613448555178552,0.8653586935767965,0.6990869736167835,0.9644010701025837,0.927124455281051,0.838324391280371,0.9110227878209212,0.7750465009311905,0.8292531066843962,0.830092330232644,0.9027056894952746,0.9131016861259805,0.864035467527845,0.8721522014970616,0.9025540785726053,0.8478188310588057,0.9315393901759106,0.8388475339599598,0.9601511394114388,0.8068380812686243,0.8126925016056631,0.7945414972949284,0.9498284223426549,0.8410442405525641,0.8115043996815424,0.7833081175495538,0.9002261923062432,0.8343425549516609,0.945279090637627,0.884848465708249,0.799390294831589,0.9151876130209308,0.9205524791799586,0.9747199291557294,0.8646619115054349,0.9391021313188099,0.7847370981510404,0.876
0.8578994811975116,0.9101748507876528,0.827380485095893,0.8545776453319611,0.733549420267267,0.8489147777020525,0.8689922158940947,0.8475039827990202,0.9368030572250069,0.8258220152865648,0.935825762633295,0.8845051742067157,0.9430203857296892,0.8610823473265702,0.8306369609597244,0.7979670240550976,0.9200328675152017,0.8117078462095839,0.8166034638252,1.0281466135877557,0.8062872798594495,0.8440114590964269,0.889053522024785,0.9613747513691996,0.8655511702593017,0.6999070725503538,0.9685649529217857,0.9272181684480278,0.8413067145902533,0.9169549078742624,0.7785298175331894,0.8433268690042998,0.8303050202234779,0.9028067713886249,0.9131974877377823,0.8640406007825878,0.8728593044929019,0.9057110503952802,0.8478274089562734,0.931569453258415,0.8454340314586394,0.9606203252010923,0.8076527711620003,0.818388152214891,0.7982626358087677,0.9501405825636553,0.8425305571567687,0.8135088020620916,0.7841442423913162,0.9003818739827598,0.8353916726941528,0.9453840701470958,0.8852721015847339,0.7994302909407542,0.9153881101793399,0.9244678523102188,0.975047105603595,0.8661870260291548,0.9395467639962413,0.7870902359246816,0.878
0.8599956059610915,0.912967858062376,0.8275441569156988,0.8545776496841498,0.7352874789006159,0.8493386544719106,0.8764655810169306,0.8483854163129527,0.936958222584168,0.8272611743774495,0.9360774516369448,0.8846050921580073,0.9468137014253176,0.8625744593851755,0.8328616207846332,0.8039074759052715,0.924910407553364,0.811869662964385,0.8168474469427613,1.029960097252475,0.806686496701551,0.8491425816033845,0.8906803202363435,0.9638531678203732,0.8725842518597045,0.7020776024326387,0.9702136216165628,0.9301940012933559,0.8449372917669045,0.9200687578678464,0.7797650939565218,0.8433277707053756,0.8322724265393611,0.9029156077275613,0.9138781049031137,0.8659005556130038,0.8758871514862562,0.9072320720753263,0.8527149717263679,0.9329394225592386,0.8454819971853949,0.9620749707824598,0.8083098450060662,0.8183912045424363,0.8011913135574104,0.9503020284277546,0.8443058437764036,0.8159392182144877,0.7867918067359984,0.9017620317753768,0.8365511866174138,0.9524076958990375,0.8903853050936319,0.7998265262550783,0.9231496248577109,0.9244681540624216,0.9751623356295728,0.8673128874367884,0.9428754568936233,0.7870920378042902,0.88
0.8601829536673801,0.9186859810399776,0.8275725618542049,0.8558728289909057,0.7376861791866182,0.8493386668403184,0.8851815684316061,0.855760479818273,0.9398944304715087,0.8288004846360348,0.9367043004203753,0.8946661702614723,0.959052298565674,0.8630401742373848,0.8332507296869656,0.8072214583315275,0.9277299163766387,0.8130921304033066,0.8191064720447866,1.0305848049014905,0.8074389011333424,0.8599167957404191,0.8907638200573451,0.9660426948773618,0.8730747054629444,0.7021767332781917,0.9733708435005466,0.9311884374509338,0.8514496462622301,0.920343400196032,0.78052199620243,0.8495424368874529,0.8340582989899443,0.9029156559730729,0.9201925204385051,0.8662562974979093,0.8771053493584429,0.9073261177290198,0.8528703002369833,0.9331230038405917,0.8463205484952915,0.9623872161998213,0.8102455593241803,0.8186099266526619,0.8013055756353002,0.9538359536419464,0.8454745336022136,0.815954618367766,0.7883980507567376,0.9107473992572049,0.8392376320404956,0.9524130469032751,0.892417883840978,0.8020480985968512,0.9237967301952102,0.9255250693489272,0.9751895043970904,0.867401071885755,0.9444964848865508,0.788240150175624,0.882
0.8601976181550465,0.9187531139842054,0.828162287793046,0.8559703270279537,0.7383690902918315,0.8501549916288907,0.885526853920469,0.8558781845368616,0.9408587457728481,0.8290534899673953,0.9368922320761344,0.8957879391781174,0.9594048279405224,0.8634401471464778,0.8337935579492839,0.8072313933294323,0.9305402145372297,0.8132124964803539,0.8244857913292853,1.0341478073284747,0.8105250043015626,0.8688118760006078,0.8917670675721724,0.9717885866418434,0.8732139659566035,0.702297055837455,0.9735948649065991,0.9317908960849149,0.8520798429134703,0.9249868644848005,0.7833948391669434,0.8522185579889748,0.8343602166506879,0.9073976764641366,0.921307814316631,0.8663483216912153,0.877190519142014,0.9128673341132073,0.8537939952866045,0.9333306842165695,0.8475109656756601,0.9625686846332953,0.8108475619977052,0.8210294278453165,0.80137249090043,0.9545273370795915,0.846247803971655,0.820110338242697,0.7884462514389918,0.9112198904057215,0.8396780906590652,0.952441649118188,0.8924199312456405,0.8026809889706713,0.9241125720008365,0.9327373160703852,0.9761336108726124,0.8674070412435898,0.9445229120834149,0.7934913728537702,0.884
0.8622358355907195,0.9188597506224877,0.8281711827666107,0.8561646115369533,0.7397433770234606,0.855357806125677,0.8872618354796263,0.8559047981414072,0.9409687552218766,0.8290550436437649,0.9372290844403576,0.8958093928651536,0.9594282390431634,0.8661603941771838,0.8364662287892569,0.8079625545729496,0.9309733423387176,0.814936359099225,0.8245089602768685,1.034740141368596,0.8111977514536195,0.8697789946762321,0.8979261166590942,0.9758550540480964,0.8732795310913595,0.7026152444838085,0.973702368365211,0.932922974794425,0.8542080120064421,0.9279348070263327,0.7837469869085361,0.8657969097640076,0.8360704799828459,0.9073996926769105,0.9223902855429592,0.866348737266693,0.8773368528457562,0.9159620851959172,0.8537969279733509,0.933627157752506,0.8604665081318789,0.9637699556096411,0.8118046308896945,0.821265534016633,0.8014858679223746,0.9686330403803874,0.8475192901109784,0.8224394878704256,0.7893679824767968,0.9138558713244449,0.8401868743209278,0.9577626995793219,0.8924887920811297,0.8028418570519326,0.9282660495500085,0.9335155380343095,0.9761811443888997,0.8677023199725169,0.9452296612974285,0.7966497119066649,0.886
0.8622412839134819,0.9207627460960874,0.8348291333122982,0.8604366956625908,0.740574540240688,0.8565287019420452,0.8918565147710885,0.8564947615531929,0.9410049727732482,0.8335912537710299,0.9426750062805151,0.8962012775344538,0.9647964017083279,0.8663501427474948,0.8418855078616851,0.808181620579893,0.9337649362537491,0.8149576231438718,0.8249299093936175,1.0356374837656568,0.8130761624980197,0.8700026090031595,0.8980238680887153,0.9818066896468978,0.8740146780022597,0.7079350369918628,0.9747033864007133,0.9329828360513375,0.8542130359994231,0.9301562527921402,0.7838304263872478,0.8685569883162444,0.837005985781151,0.9102944862422675,0.9225613308552894,0.8665872716963899,0.8791003421598708,0.9242720358803636,0.8539272748777155,0.9338465164808263,0.8613972585978584,0.9637739456676091,0.8120020119466954,0.8212678101135447,0.8016732047402163,0.9689072200847363,0.848056826757903,0.8225795015351162,0.7937072483354152,0.9139269585132973,0.8407536212544974,0.9670264335750527,0.8986090558690107,0.8028418609316093,0.9288140242519538,0.9362040077984777,0.9761884326267172,0.8697512630669073,0.9461636752717031,0.7983515118308956,0.888
0.8637466059112439,0.920931462646334,0.845099040605595,0.862900519587035,0.7424026489922204,0.8745649071724029,0.8927539593640211,0.8589193421465801,0.9415456614423953,0.8338520426660524,0.9498707314963224,0.8969926403105142,0.9648491644856747,0.8689145001384249,0.8420868477372604,0.8085069166964254,0.9350099076100985,0.8234573927706086,0.831049041283884,1.0448143388036235,0.813362737306226,0.8729009826515268,0.89814896164614,0.9823649811383343,0.874794473386013,0.7092836595424519,0.9748529409768895,0.9331246718037901,0.8543440461739421,0.9343011126683707,0.7892969491327329,0.868887032298844,0.8373439202345798,0.912729880310524,0.9230424667679017,0.8672813206446852,0.8794498265480983,0.9243470683287568,0.8555560511494934,0.9340145538895726,0.8660999060154272,0.9672745857127831,0.8120184493116763,0.8215539987609559,0.802859455186166,0.973031040168297,0.8493345885319862,0.8244411791626614,0.7940407781971296,0.9145259197620622,0.842098166783368,0.9674891802317329,0.8986095062132814,0.8030095104473222,0.9288175246132626,0.9376334889967997,0.9851159884998191,0.8698338384326713,0.9487003365882927,0.8015050860797238,0.89
0.866780997191409,0.9222397889625691,0.8451346976052156,0.8629480670263671,0.7432384972659652,0.8752593617083922,0.8939881783711825,0.8596457436661412,0.9416521118694228,0.8339061257601064,0.9551538591934722,0.8979873226492459,0.9657894052757554,0.8725351727969599,0.8428435247842617,0.8086540454691342,0.9419072339807341,0.8257210990737968,0.8313522176436441,1.0465507488721812,0.815103591051978,0.8795580947522857,0.8982676412876315,0.9897977721593214,0.8777138286753994,0.7095049947061217,0.9759815704611975,0.9335522302465817,0.8543760491194982,0.9349641598080083,0.7908826552694571,0.8719726818086719,0.8381528744574025,0.9152172778194663,0.9271767159487434,0.8673728915408139,0.8815300249445015,0.9247248459634347,0.8557491410788332,0.9413551218555744,0.866330423096216,0.9673416340244374,0.8121451905950307,0.8218036708098293,0.804406009291374,0.9731042448773273,0.8503602135236167,0.8315438603569583,0.7940509808780364,0.9226294402978612,0.8422908291162787,0.9685951264419543,0.8988535436704475,0.8030095108131473,0.9293801189316226,0.9398986632063091,0.985193484327626,0.8699098183153342,0.948947204992504,0.8118178514477774,0.892
0.8669752822166338,0.9222410933907051,0.8452265220790622,0.8636295273135703,0.7432428291322171,0.880220193142468,0.8939908885478594,0.8596600287164654,0.9416699788369869,0.8340271118507915,0.9551865494098475,0.8982869119070446,0.9657970519146015,0.8760801910559994,0.8429119369887769,0.8089155432771182,0.9430096191922429,0.82717179354028,0.832672500925407,1.0468858061560886,0.8174790207669689,0.8808703558339448,0.8990922306512618,0.9919048433623529,0.8777333286774617,0.712343680859406,0.9760232941646199,0.9388954593976075,0.8575368314763703,0.943475206647368,0.7913646329355569,0.8735308370100241,0.8408719599631375,0.9185727807478324,0.9273184272349199,0.8700786764217475,0.881584842069895,0.9279337473451469,0.8632218920403582,0.9414764765900528,0.8668754236507424,0.969975054258364,0.8124503324831325,0.8228816891883131,0.8124284692821443,0.9736722376407202,0.8534854846557296,0.8321361375040549,0.7976377041482176,0.9265558855228754,0.843130982354245,0.9688559138885032,0.9018553021906108,0.8030550592820113,0.9319545718058037,0.940687325813663,0.9864289857541263,0.8716418217340964,0.9489500863965367,0.8118352576173465,0.894
0.8679371195575097,0.9229596582895291,0.8452388245428856,0.8636415287947637,0.7456235707473609,0.886578571206368,0.8944052421577606,0.8694577564305552,0.9418420540037485,0.8359693636654575,0.9572274754462387,0.9032993715503944,0.9659289212581289,0.8771948197571888,0.84433056323754,0.8135782896597398,0.9461618201040439,0.8298257318442215,0.8330523545675007,1.0489445025186082,0.8175826490273955,0.8819958729485509,0.9023003974594891,0.9933840217443971,0.8793011704129212,0.7130887402132626,0.9787687514675273,0.9437130287258774,0.8575430674233209,0.9435477187187994,0.7946406085534226,0.8737140821120432,0.840874321934134,0.9188708988723612,0.9275585953752579,0.8747600678869629,0.8816313017126052,0.9296632129571144,0.8698847271681651,0.9418348863737425,0.8669299170721312,0.9726462584874788,0.8132377360103895,0.8255825999248363,0.8124543615410743,0.9739828763003648,0.8622685364179506,0.8326733157640103,0.7977776098247837,0.927499535055617,0.8443739987185307,0.9723737651114219,0.9023091722039257,0.8050471015360949,0.9331437124246478,0.9407310159706418,0.9901534693588194,0.8721885300994959,0.9496168341496678,0.8123847483646174,0.896
0.868086859429791,0.9252079367024286,0.8452498858556747,0.8648162625397308,0.7493833488099959,0.8935781471015259,0.8999451380138958,0.8702499248215341,0.9421176540234047,0.8361134056562528,0.9653081592959435,0.9068000808502215,0.9684504665880216,0.885218449028362,0.8492528113325336,0.8141197854050694,0.950271201512512,0.8302073370304583,0.835540794274932,1.0546484215168432,0.818143777020156,0.8871349971677296,0.9028834893935438,0.9934409765660096,0.8793904130785384,0.7136808031005165,0.9821989275835818,0.9450114474520745,0.8575551950471418,0.9440289449515318,0.7946410548948714,0.8774875353741419,0.8440261692550756,0.9191366672026845,0.9316015316329632,0.8747645789435349,0.8893606327257927,0.9298055603743417,0.8742627939792571,0.9450488198733992,0.8670112510364717,0.9727803215233541,0.8134295471070269,0.826677957686512,0.8124951780330434,0.9745665873675499,0.8667610517747956,0.8365851735922669,0.7980278634035245,0.9275347156742842,0.844859435274504,0.9779793878758816,0.9063814759709362,0.8052784914997313,0.9336285405417124,0.9427508205232614,0.993171016640169,0.8792047688378752,0.9499892281493821,0.8127957093259542,0.898
0.8682533418618065,0.9265043489714118,0.8463934915437857,0.865687356015769,0.7496443983009387,0.8948167224062309,0.900473354406588,0.8722460200653106,0.9421764635600713,0.8365426785532092,0.9684581396399607,0.906912274663246,0.9687005289590305,0.8864470990839729,0.8495633625168428,0.8162147225563835,0.9528312027204625,0.8370761285711134,0.8357572330811576,1.054703090984457,0.828717633176829,0.887612797090272,0.905156664410182,0.9970626033176317,0.8798361222627764,0.7139718300688764,0.9847634502520851,0.9475788011233314,0.859215626431552,0.9452840745371224,0.7948784685815465,0.8777296051014745,0.8505397953316957,0.9193176007971022,0.9325760803483142,0.875864504464314,0.8989349608249291,0.9349616162340356,0.8742712468580498,0.9462366193441624,0.8712683849475791,0.9814368767117314,0.813994253634159,0.8269321429950738,0.8140925285796085,0.9795763240677808,0.8668474294790876,0.8366336483695074,0.7988358662207751,0.9278001894864432,0.850761229831448,0.9779958124001114,0.906793169167488,0.805614775979942,0.9352449899585293,0.9441846302636058,0.999860862054747,0.8794883258372034,0.9505837439636494,0.8134998916510092,0.9
0.8682698312715372,0.9268753878229558,0.84805570289908,0.8695298720505599,0.7518680779685775,0.8948630963805952,0.9054814505178516,0.8724667530463432,0.9430054510103072,0.8420098251386082,0.9685830437119896,0.9107009337087982,0.9744192260965487,0.8931101911271633,0.8495694666931236,0.8183907138755202,0.9545218300870402,0.8376168701623541,0.8359736450756917,1.0548550456725005,0.8288633274843501,0.8877268685251918,0.9051686734454818,0.9977782699115536,0.8798857351941772,0.714088112293011,0.9864260240000342,0.9488132915621106,0.8627400677661887,0.9511469074260754,0.7949087570429016,0.878053863702432,0.8506541641172221,0.9219631406422771,0.9388805756182445,0.8901064790997832,0.8991795420428087,0.9374303604771871,0.8743270853371384,0.9462559398870054,0.8814516400265783,0.9823632544227334,0.8182089321871172,0.8269484961564779,0.8155750645255153,0.9826388270998998,0.867226188224129,0.8410128601927764,0.7991438620062284,0.927992122832226,0.850764075268912,0.9780005521465313,0.9130709727356875,0.8153855569778589,0.9370822033323919,0.9442568515634506,1.0005254262265941,0.8868710299993542,0.9510915293533639,0.8153755227923223,0.902
0.8721141456884678,0.9268805754304719,0.8485518794418018,0.8716839219002639,0.7524878026586063,0.8975641994451128,0.905709829247915,0.8774302410565032,0.9435897177832351,0.8438458219989238,0.9697393808010204,0.9113073640492806,0.9757060359565324,0.8944735312601874,0.8525812901537874,0.8212518775924245,0.9596708744044781,0.8381451511879248,0.8381898885168564,1.0549963712859276,0.831123641078507,0.8883196667039223,0.9067779882650496,0.9977904507974894,0.8799823745678569,0.7151451341884899,0.9864266552167632,0.9512509018098406,0.8628038279029703,0.9511484023591941,0.8008362385524234,0.8781767508298427,0.851142785441306,0.9220451166793379,0.940041684753301,0.8901259492204906,0.8999149781400102,0.9374390866739388,0.8847183247519638,0.9529134053649492,0.8848984233104372,0.9901874890250075,0.8182436640075238,0.8270277193137215,0.8161338818457955,0.9826390284421297,0.8708686292124579,0.8417520761570535,0.7995558871454391,0.9306048663538905,0.8520563029851214,0.9785884523317908,0.9154786230450821,0.816633283711577,0.9371526525826164,0.9453837295836963,1.0009570236592629,0.8869410040260913,0.9546937838613524,0.8197831158082662,0.904
0.8725968792190342,0.9268805834005217,0.8502538688733112,0.8775444555181728,0.752548517200816,0.901519169871568,0.9065823489887284,0.8827895942803954,0.9436391547998317,0.8440715028836754,0.9747198106244231,0.9125375105649074,0.976082523849202,0.8944777741061275,0.8529097295945437,0.8213044755714232,0.963185920465709,0.8404542070077599,0.8386286338275011,1.055122591995809,0.8351113472928243,0.9043485868480069,0.9068173318730022,0.9982647634126518,0.8801754914575202,0.717575346553049,0.9933378573837571,0.9531335227520119,0.8716535962632939,0.9512855753772587,0.8013807690468272,0.8787656978679549,0.8514084183795294,0.9225944525843042,0.9430635622966481,0.8921372914654797,0.8999179901279193,0.9374497066744354,0.8853115977409195,0.9550782491936755,0.8865287168750441,0.9922725808217754,0.8261733457045086,0.8284130688061144,0.8208603967680148,0.9838255383997897,0.8713131534937372,0.8422362095118888,0.8030161250806165,0.934923548034758,0.8521652721488157,0.9786086796751333,0.9194766070148445,0.8172777751789226,0.9386380783794163,0.9467691550111914,1.0029808506081064,0.8871934896345348,0.9548062207290371,0.819865171287939,0.906
0.8737564549889183,0.9279301730172586,0.8502671413026871,0.8826441420972508,0.7544732114766781,0.9015825020384616,0.9111140783279049,0.8830130139787151,0.9450947752049631,0.8445288176276197,0.9751057138763644,0.9133695125839968,0.9792642139509654,0.8958224206675549,0.8538416749744902,0.8222748429178088,0.9634216423144756,0.8404921693531563,0.8453218549166789,1.0586875967072642,0.8351125802602298,0.9046517255796837,0.9093682545625448,0.998478029173735,0.8812815672151435,0.7267891391297793,0.9939820948624254,0.9532959423984461,0.8756663593697065,0.9534563057441702,0.801392578102087,0.8789155549353834,0.852337439113403,0.9225967733948401,0.9454092085021718,0.8921814214400076,0.8999242448727084,0.9381113542679003,0.8928230524710022,0.9560756513374413,0.8900362270646534,0.9922892795360421,0.8265907665534002,0.8286870753291973,0.8209260746339186,0.9884522723727336,0.8713192109549007,0.8461126608963878,0.8077230037909482,0.9349319037403202,0.8523555194026597,0.9789888617214044,0.9219148953952286,0.8198586730962046,0.938648223447501,0.946988921615404,1.005054094288039,0.8873846290400703,0.954833401082456,0.8198702839601164,0.908
0.8738172306310038,0.9279865535549212,0.8519145041706936,0.8868540222680661,0.755030757262973,0.9021418520292187,0.9113149842455182,0.8830957159302223,0.9451013184211922,0.845924148860222,0.9751064892652025,0.9164733868508176,0.9798992871823677,0.9030235921185398,0.8550904718174092,0.8228873616132595,0.9637396614976667,0.8405276797934169,0.8492724922477776,1.0689400429783946,0.8362697655404453,0.9077156050313384,0.9107173227646249,0.9993758940133284,0.8812819259834218,0.7267932029172357,0.9939846369531901,0.9597131116215022,0.8818845289155768,0.9563980215124911,0.8075785117161193,0.8789243784060625,0.8554481263786989,0.9232475384608985,0.9464592442251339,0.8922029474683004,0.8999337951036779,0.9400796040288072,0.8951695416981255,0.964853289081813,0.89145864561683,0.9923100618952715,0.8268059920886338,0.8347178407191389,0.8235165111833365,0.9884542136235768,0.8741128707480491,0.8470604590303071,0.8080042512601885,0.9353748775991287,0.8564649593623542,0.9804670334771586,0.9224322391754753,0.8205684594565633,0.9393880701443851,0.9470338947204375,1.0058456945682328,0.8874065647056008,0.9593644121948094,0.8205249571259134,0.91
0.8747750866278463,0.928002532486353,0.8577669160698184,0.8869426730587373,0.758281134499008,0.9024799153386125,0.9131356912517732,0.8857878800970557,0.9457894423734219,0.8464044377819996,0.9751160034863691,0.9273949252679036,0.9801389325645228,0.9030236509466035,0.8614847255394126,0.8296322709821341,0.9663265803285931,0.8420568605166395,0.8493198614164138,1.0690391850193053,0.8368377923773925,0.9121971465306435,0.9108280490908379,1.002687511492235,0.8826394348998761,0.7312478906012132,0.9958410460042051,0.9615260666086732,0.886654431748232,0.9605589695615688,0.8091468519712239,0.8795762135625986,0.8575062075014541,0.9256978780377875,0.9521282771951464,0.8925981044596393,0.9011553661756336,0.9427145541840992,0.898138092563349,0.9657951358259832,0.8916369588806701,0.9937982640670763,0.8271149406777994,0.834733063936918,0.8362300746073233,0.9903321387660167,0.8792578234428542,0.8562948616098134,0.8108934150076209,0.937474998103802,0.8572954396263172,0.9816455632191752,0.923048586868324,0.8206085738590101,0.941892797207063,0.9470934007367566,1.0111541823729802,0.8891782676010249,0.9642838054756924,0.8264880932614147,0.912
0.877048847620224,0.9280129472458332,0.860925863001408,0.88709522146595,0.7620712487067673,0.9051082545759334,0.9131844716517556,0.8860197822283887,0.9458767701733874,0.849164853732966,0.9761055233484159,0.9279357113315265,0.9818957090240868,0.9030274865782202,0.8628471183690836,0.8311337197120297,0.9676020839456667,0.84488591583433,0.849364274804383,1.0692578324479907,0.8374284686383368,0.9136577453343228,0.9109966166082436,1.003068438647025,0.8852570014993689,0.7321118482795022,0.9992805446872832,0.962012613785529,0.8967151432195034,0.9657822295890949,0.8108190023343718,0.8907571798849777,0.858838795297517,0.926864656151677,0.9524390512374737,0.899799780223804,0.9014014056029728,0.9434004935823314,0.8995642079450448,0.9658382750400897,0.892688800948573,1.0071265353068912,0.8286863510622114,0.8353492553414028,0.8363659842901792,0.9907266551112092,0.8817105064389591,0.85644940343338,0.8122818883954808,0.9380753245796655,0.8573165218163731,0.9822188812129258,0.9235159359502765,0.8269836145707786,0.9431293325921463,0.947368730780425,1.0127131026760707,0.889385078856543,0.9711338310376381,0.8293250302544631,0.914
0.8770513838285441,0.9280466166490973,0.861324581792219,0.887764759851515,0.7626466448660681,0.9054402698055862,0.9132186856389245,0.8861196295836663,0.9518953371036006,0.849621545587164,0.9761503978776732,0.9317037221185562,0.98193064454004,0.9044479896139811,0.8628555529775233,0.8314248769651994,0.9687927809662575,0.845352094546546,0.8496382346259473,1.0699350677065684,0.8375349308340889,0.9144822317693342,0.9136537443295756,1.0049835907653883,0.8917792844426858,0.7325985216820258,0.9992857865116044,0.9677198998683662,0.8992400985840423,0.9778920285797418,0.819657619760899,0.890871484628616,0.8588564699501924,0.9274038382918227,0.9525732712677878,0.8998588283356017,0.9019337403831056,0.9436344736433766,0.9001952114540013,0.9741824161065772,0.894301262333742,1.0074302070171748,0.8332457011269594,0.8355127024807627,0.8374905536253211,0.9941191871134398,0.8829400728182196,0.8577781243155649,0.8124955149958119,0.9384782238315142,0.8574051421680968,0.9823036463638566,0.9277870161106448,0.8290995659109888,0.9431305034618652,0.9505221132088195,1.0129516386688968,0.8895846770333244,0.9764901331808303,0.8296082501384052,0.916
0.8862344242751422,0.9300378275766026,0.8652957709684549,0.8882311250474774,0.7639854180471685,0.9127179845802684,0.9138813893070482,0.8885029751741762,0.9519772392163848,0.8512785301706841,0.9766988839007851,0.9350447132923393,0.9853975337627991,0.9048597060069578,0.862909827396477,0.8321594289784301,0.972616556784473,0.8453523091758411,0.8517749477165012,1.0702482468055492,0.8413506731087657,0.9232034774836267,0.917763376129518,1.0071579285136045,0.8986726218804808,0.7352882551219035,0.9993005689180219,0.9677457015948998,0.8994836123024617,0.9790187333111632,0.8216778421566198,0.8934849103974094,0.8590026156996156,0.9335391317856242,0.9591785534413197,0.8999851046907281,0.9067484888285119,0.9436621851381302,0.9008764961312088,0.9750580307734451,0.8948206555492474,1.0076236325890702,0.8370714839355213,0.841431851475984,0.8380179818829041,0.9977462691328011,0.8830257013207718,0.8638129303472641,0.8136001976210575,0.9385368839607913,0.8574257680312821,0.9823048504153962,0.9335189620797293,0.8293428245319503,0.9517704854451485,0.950710500817149,1.023066726267857,0.889983843407985,0.9801642676514636,0.8349408730715825,0.918
0.8865635696609323,0.9300675860816823,0.8654050086329464,0.8888933420785405,0.7641818904278859,0.9128326382351948,0.9189753812249691,0.8968284972902874,0.9521953059927999,0.8537715583097301,0.9785379022359996,0.9361280325008479,0.9872546499014843,0.9048756216576221,0.8638817189291993,0.8345129384376164,0.972766264100409,0.8533328950310104,0.8601054406236384,1.070435239351186,0.8441815325863351,0.9292713377339604,0.920215811435635,1.0076501389468693,0.9001960101297802,0.7361038847472698,1.0195409056863678,0.9681477528725101,0.9006378274055417,0.9795690861058598,0.8236186982662009,0.8936871025624513,0.8609415749904276,0.9350923790966849,0.959254076506155,0.9004198697010588,0.9069990442541838,0.9439150295187403,0.9009780075924692,0.9752867261605832,0.8954061045293193,1.012545367169191,0.8406495922405182,0.8414624873741806,0.8387426812668182,0.9984079261329661,0.8831277725006902,0.8643109314956349,0.8137911863438347,0.9391132951625452,0.8628317245913487,0.9824050123865564,0.9335281636265076,0.8293517968121245,0.9518450294902637,0.9507771457905558,1.0234702392641892,0.8902412305475921,0.9841599444558745,0.8360033920960369,0.92
0.8865639467639254,0.9307613789638335,0.8663786007972439,0.8889114502671971,0.7655278900389727,0.913356476699742,0.9248482316160925,0.8968290154783786,0.9523389316246292,0.8544826362532828,0.9795259042389275,0.9391556644069593,0.9969282214459936,0.9049710483388171,0.8639348339876183,0.837291006034343,0.9746291811851037,0.8533377881315732,0.8602734354645324,1.0776621771975743,0.8442381079549413,0.9313273600383246,0.9203303349964586,1.0077565680840537,0.900261965796332,0.7384371653200366,1.021633655576831,0.9687391431969344,0.9020344974838014,0.9799687334564898,0.826093521906415,0.8944483261496222,0.8676871720683939,0.9397835487904137,0.9669327275985338,0.9016034943331362,0.9095935369809055,0.9441669170057755,0.9009884768752312,0.978040089832705,0.8996189951288001,1.0183587967880092,0.8449102394568253,0.8426775709654131,0.8404965616733151,0.99954616317091,0.8831761570523229,0.8643681693377293,0.8154107200438986,0.9409197221645101,0.8642890153240824,0.9832259260643954,0.9448115573652899,0.8298076970690683,0.9537874746676507,0.9541522895740469,1.0260026436655254,0.8917138342238525,0.9843777215976621,0.838371586378309,0.922
0.886959593417592,0.9418272692676793,0.8692269074413188,0.8889144734289108,0.765713744821277,0.92242446489823,0.9270503583753029,0.8968811423777585,0.9600958092890817,0.8627193913225362,0.9840911279772877,0.9392638887355874,0.9972716127313663,0.9054999919275708,0.8686833157005932,0.837416367354569,0.9746645430578006,0.8544472463315383,0.8606094553776282,1.077809302954705,0.8463675148504896,0.9341301440759939,0.9203874788539859,1.0102900559560166,0.9003426098655191,0.7384415524109714,1.0266438029639433,0.9687545711231376,0.9070498897952775,0.9855074043664834,0.8261987344677194,0.8961731186929031,0.8685299034853966,0.9492304926232433,0.9677274800974319,0.9024769526066505,0.9096694178206538,0.9444848776675302,0.9010696632977094,0.9787191754734665,0.9029719030371403,1.0199018133881252,0.8453740913185818,0.8452532445275074,0.8405656781772634,1.0051134606615832,0.8840371293852886,0.8671261776575977,0.816078830372993,0.9413936370717443,0.8668888420970109,0.9841027288793003,0.9499605744932264,0.8302515624240903,0.9552108743399862,0.9606834080118212,1.0261319787054282,0.8919322996405673,0.9849224990221153,0.8383786514089557,0.924
0.8908696100842921,0.942006758246189,0.8700396654968895,0.8891194071795215,0.7814260859924248,0.9224318732568927,0.9307381506770722,0.8969229201991076,0.962517594750177,0.8678087732387669,0.9846255740127787,0.939728030378935,0.9983513504043854,0.9084941305162316,0.8728100017489555,0.8394961637176483,0.9747410372188602,0.8548520284540294,0.8620266371074493,1.07786206509655,0.8515384714024241,0.9346121441560693,0.9226886863020846,1.0112554539118137,0.9040718285161753,0.7384444273523649,1.0270901160755004,0.9687556910536095,0.9101347161230716,0.9861017914607686,0.8263287262088524,0.8963088190471069,0.872755706165011,0.9496611205351945,0.968072130005629,0.9025350282060697,0.9100061421031663,0.9444889513589478,0.9016557631892926,0.9789055118989748,0.9030332387417629,1.0203313715364914,0.8453818013119453,0.8522649534343099,0.8406659233505648,1.0055185937177444,0.8861707282396485,0.8672138647000426,0.8175117403055447,0.9423281118136057,0.8670542355473645,0.9852560255401064,0.9510105731532491,0.8478679503913673,0.9599899384081895,0.9632770583775673,1.0278828398944784,0.8919341613984018,0.9891283338695407,0.8388768003275364,0.926
0.8909080308652062,0.9421720450702499,0.8701379561237265,0.8931730684131279,0.7818350118459744,0.9234911267801286,0.932150344206891,0.8977899495684201,0.9638572233764543,0.8681016204036169,0.9854608982441323,0.9441943110241297,0.9986640821080881,0.9101022527255737,0.874871642351391,0.8397747550134517,0.9749293722480914,0.855406404585453,0.8631264039096707,1.0784161208369343,0.8515553442966847,0.9353163065490119,0.9248899646433204,1.0112556934802213,0.9104780481710619,0.7396611222245522,1.0304198725329428,0.9687749276587119,0.9106231195231648,0.9886479298715656,0.8284039036217153,0.9052221631734101,0.8764514214500728,0.9521007831190502,0.9687461301663497,0.9033350680573948,0.9101811568177872,0.9474678497777248,0.9050749348144356,0.9845449589812254,0.9107741541819636,1.0205223152790608,0.8473319160246543,0.8525253636045355,0.841380658885642,1.006169805808336,0.886175671629542,0.8676874442785526,0.8235658601380312,0.9563781790008629,0.8670542368617705,0.9887964849873566,0.9510242622269623,0.848581155054822,0.9604537089939283,0.9685244044574616,1.031051237009971,0.8956303994781998,0.9925331082748357,0.8391798340997167,0.928
0.8930183354492869,0.9422667413624035,0.8719546947505622,0.8936146336663945,0.781949742890246,0.9265451144078416,0.9345509650409021,0.9041289479157704,0.9667975707723183,0.8689275559914956,0.9897633658724421,0.9471863187172116,0.9990479488996182,0.910539818924965,0.8752923474059884,0.8401826594062879,0.9793084875262698,0.857106447899657,0.8645199224758968,1.0784905043114463,0.8523189414028957,0.9373709238232125,0.925519381053457,1.0146064458909152,0.911118992059492,0.7446774932370035,1.0306610407279022,0.9696206370279024,0.9119631466750455,0.9937087811130342,0.8294664805736994,0.9076315441946987,0.8764625094164537,0.9534120502119839,0.970826571240617,0.9037413268930969,0.9102465029754333,0.9505365159495489,0.9053489535196958,0.9845869881477178,0.9139559537093586,1.0205470062436,0.856873388807653,0.859521762166293,0.841673606661885,1.0169549046535775,0.8864777159388126,0.8705280096393384,0.8259775102310397,0.9567567169171474,0.869160382008523,0.9904180443769837,0.9581293709793567,0.8496283139860499,0.9604935229310119,0.9731768308357028,1.0315181686963035,0.8975899570864715,0.9943313999992427,0.8416490805371186,0.93
0.8933167454553691,0.9441408395085528,0.8720082386242296,0.8943568240948016,0.7820414551774042,0.9332913249326903,0.9399764193278614,0.9051095966720725,0.9670197505185145,0.8728744537971439,0.9904871809870496,0.9484845343001888,0.9991004314941806,0.9136705598292265,0.8779003830611956,0.8404468961137169,0.9795755785547612,0.8624168590794289,0.8647814385666761,1.0808167926554886,0.8523206381485855,0.943620028333115,0.9283306373939283,1.016347203967685,0.9132348151127143,0.7448230441937571,1.030665824790995,0.9696210642211498,0.9124656065622859,0.9938176385267339,0.8308741224576387,0.9114865876332173,0.8808328386786197,0.9541512449248116,0.9712998003825345,0.9118105696984453,0.911403464739676,0.9535871508126292,0.9056641797582455,0.9849169335422104,0.9184304885696226,1.0205826475637751,0.8569141250205766,0.8597427593492561,0.8471350200272345,1.021318802281756,0.8891181770573258,0.8705641414533357,0.829052078717595,0.9569654336135266,0.8699401806982691,0.9908560342706246,0.9582247300301041,0.8549397905285013,0.9673036188196187,0.9790531182462359,1.0341358190661136,0.8983761543321576,0.9953198319486641,0.8420476173083673,0.932
0.8936763878667237,0.9444727475194336,0.8721966163993163,0.8962731799437036,0.7836202447087525,0.9338422445270481,0.940511683227016,0.905348188323397,0.9708548513035972,0.8795866545951441,0.9972399830917262,0.9514380624071187,0.9997276981470833,0.9158920029493616,0.8789524423707149,0.8409296830554839,0.979751534121868,0.862448900130678,0.8743117925768551,1.0813398929036024,0.8553190402253683,0.9508640297787753,0.9294680615393746,1.0181251764418051,0.9143246135483442,0.7470873871975439,1.0340995864807618,0.9791580256250854,0.9195756081514823,0.9943000674472333,0.8394737717688955,0.9117143202096731,0.8830224007356301,0.9665709012979106,0.9752599859876389,0.9181496321774067,0.9133161900529216,0.9541956820790091,0.9075575257256037,0.9857590980623869,0.9188441771197922,1.022739631887906,0.8569378963586791,0.8603954871795841,0.8482902605296073,1.0220897077535913,0.8902481661234415,0.8718242057999047,0.8295078174045648,0.9588914234370867,0.8726544967862626,0.9919261095567096,0.95823147325316,0.8650204397979019,0.9674232060110761,0.983410765348733,1.0348968572860133,0.8986824465602269,0.9953207385400206,0.8423652681552034,0.934
0.8938179315988657,0.9481747824759124,0.8724523982402894,0.907734459763702,0.7836422889969702,0.9415829952678074,0.9409827570092408,0.9182702670790834,0.974233054494381,0.8797301376744231,0.9977909166745759,0.9514926831170077,1.0008902130172985,0.9202267874146358,0.879129280015851,0.8409747139264788,0.9828701209323595,0.8626100994787198,0.8829307565547044,1.0855262539470778,0.8556537551223452,0.9529619313335067,0.9300734514325439,1.0187968927440705,0.914816529479944,0.7475414993018059,1.034136483650719,0.9828357506251468,0.9196149391589488,0.999702128516358,0.8397683169266869,0.9117517750427531,0.8832095591788446,0.9670579710744258,0.9770795061989035,0.932047592175328,0.913629590728016,0.9619821071068128,0.9126501277718126,0.9871063812548992,0.9204368015932964,1.0233637215350786,0.858507771553291,0.8604725800315943,0.8490159771051554,1.0255021930217065,0.8941970123601376,0.8741519813926212,0.8342654318921191,0.9590813074894613,0.8733480318459121,0.9920056191519167,0.9582471264324419,0.8666508531291376,0.973545426201164,0.9844498148586603,1.0362776049109692,0.8990069685142301,0.9960608866284265,0.8440918524573979,0.936
0.893888458185641,0.9492621949141402,0.8751260447463045,0.9096243581263289,0.7836423502887621,0.9472411718399762,0.9416518422767227,0.9187551109538361,0.9744388177085525,0.8833855180434897,0.9985432476045654,0.952023038878593,1.00130530964359,0.9205018655326044,0.8802503555632936,0.8429064842804829,0.9878477789084242,0.870782082490129,0.882961616059266,1.0871817400101966,0.8560374320847725,0.9533943163185759,0.9306557302168291,1.019398366932538,0.9148214021482052,0.7476828556067067,1.0352150433192515,0.9830124386810369,0.9211351327101007,1.0004046996315834,0.840360744669567,0.9122318800356242,0.883227175627891,0.9675398959003321,0.9777801284672979,0.9340089438774287,0.9139396538666226,0.963152684528849,0.9128456952149587,0.9908297381290037,0.9308626166889606,1.0233985972688535,0.8588648276005252,0.863287451204403,0.8500250164247756,1.0255637141827105,0.9057663623041026,0.8752774887496296,0.8344434790097977,0.9602543065238569,0.879474259100091,0.9930872837047499,0.9586909151384281,0.8674626882280719,0.9755126889642898,0.9844503146383373,1.042884902106377,0.9062066949732405,0.9983505475995772,0.8464218255331987,0.9380000000000001
0.9011109133316924,0.9498309026979953,0.8751897599625906,0.9105278207508528,0.7852682945290155,0.9474704283864659,0.9482071771338143,0.9187583073594335,0.9763253556813141,0.8837060783133271,0.9985464242388685,0.9528752191556575,1.0016733837629737,0.920998471049777,0.885991121298662,0.8433821607196452,0.9881076788204011,0.8724049649009371,0.8831229009883058,1.0877040553619497,0.8568941517622216,0.9564916239062896,0.9361267394031427,1.0194084324204602,0.9193331695833598,0.7508694868701659,1.0355327144063868,0.985795050909278,0.9246691681779682,1.0030526405103168,0.8463579491073226,0.9131790891356314,0.88486523029531,0.9686363517041562,0.9791862611254171,0.9344173189821402,0.9190161532733048,0.9642784855003825,0.9172350841639545,0.9941277143568196,0.9309284314193873,1.0234025090979173,0.8598540353760945,0.8634071105730848,0.8510909174130398,1.032334843493918,0.9085475850275915,0.8767236623015213,0.8344582752770018,0.9613937413524357,0.8796525579578076,0.9941924887810141,0.9595306629301337,0.8678224279124731,0.9755237079144569,0.98483156320246,1.0461935355250158,0.9153615510399196,0.9996511707063996,0.8471703253392106,0.9400000000000001
0.9026393630115911,0.9595243797981043,0.875371728509941,0.9110993882767179,0.7902374502700606,0.9474704284479054,0.9496315433476221,0.9189509901523298,0.9764459567299212,0.8900693351620773,0.9993706912825342,0.9529672100323706,1.0041712659611133,0.9214662740567895,0.8909426278029436,0.8445732287398354,0.9881158674382096,0.8724286355877592,0.8910731775813653,1.0879137475904954,0.8569064745213184,0.9566749225897011,0.940261263005668,1.0203823792456252,0.9217166970685836,0.7512292396849622,1.0456196022487119,0.9860161564305557,0.9249504784071513,1.0144597278550103,0.8474730998395766,0.9165837246321116,0.8868338712641524,0.9693267471585731,0.9795091435187403,0.9344319527455461,0.9190615319048175,0.9660091499775284,0.9178868601365778,0.9949430798100526,0.9312188479412963,1.0248770013534279,0.8611750063312889,0.864094742840118,0.8515581105360732,1.0340871698480778,0.9087236085235162,0.877541319258047,0.8344582816579659,0.9625867736587908,0.8796571567404623,0.9945432883956521,0.9596042159949031,0.8694901147919964,0.9761473136014767,0.9866594136134115,1.0524229228005002,0.9156783516944639,0.9996652351157499,0.8475518658970321,0.9420000000000001
0.907080088078577,0.9674845595012278,0.8843659841756041,0.9111039297743675,0.7924037784424738,0.9484300205423253,0.9509449039138385,0.9191225757466804,0.9803977042281891,0.8906457610149193,0.9993823943771821,0.9567324357511322,1.0135035215268449,0.9249041747925282,0.8946542413086556,0.8446620978300767,0.989409419654389,0.8736359801758167,0.8947391408361348,1.0986213980932467,0.8633085251994645,0.9569523195939004,0.9415670726355096,1.0220792242948924,0.9299631631050884,0.7523421799550016,1.046829792001679,0.9860169859859425,0.9260516967317274,1.018389913002384,0.8479326154134252,0.9169413236783024,0.887953474945587,0.9744870095276896,0.9855543159733031,0.9360896286185257,0.9191757289001852,0.9672047431114713,0.9178889953145131,0.9976791402189034,0.9322353840096993,1.0251293481858426,0.8612314452037048,0.8640947866154132,0.8527429838974385,1.036420235592019,0.9091807218698968,0.893524132566307,0.8413634653486358,0.9627161149570473,0.8802529598165033,0.9951719674734042,0.9609530311795613,0.8698965977179568,0.9797009539319986,0.9872421888477906,1.0525696073673263,0.9196227083803746,1.000309488515621,0.8540285676222928,0.9440000000000001
0.9134819230622941,0.9719093099030891,0.8864484546712829,0.9118941055622805,0.7942988951306619,0.9487181563697078,0.9511187650074323,0.9192051142153566,0.9809244466695487,0.8906679986608667,0.9997579464541905,0.9583033669207897,1.014091992670504,0.9324922221077259,0.8948585553305676,0.8577208042404875,0.9895434861096347,0.8741486037668916,0.8973174291062068,1.0986559564949239,0.8641726795345603,0.9575593276745501,0.9424923173350451,1.022831673746347,0.9302397871753398,0.752542157785602,1.046833094741729,0.9950632076258366,0.9265237222832501,1.0263483582808415,0.8487176728327224,0.9169668654296254,0.8885127946478433,0.9744876116097356,0.9892432293010961,0.9389210185503516,0.9192179299027117,0.9703878725498576,0.9179599086693251,0.997994867299884,0.9331542479371461,1.029309966404072,0.8664445381312801,0.8661859434136132,0.8527477225559107,1.0404422585458366,0.9092300383978765,0.89402669705592,0.84752858722107,0.9630992315942632,0.8812081140682042,0.9978324086925746,0.9618204523640305,0.870003498064404,0.9834551593156957,0.9879597483341952,1.055017875720949,0.9259766104489698,1.0084103488837493,0.8540472905330541,0.9460000000000001
0.913860061284708,0.9729126978346823,0.8871508674802723,0.912339886895324,0.7948181348925735,0.9516648934017963,0.9513840341896987,0.9197680704972246,0.9811278578345394,0.8907507582092861,1.000016816363462,0.9587603052074071,1.0224033711848157,0.9339683439198393,0.8948596759587507,0.858324223029356,0.9936266983052873,0.8742505719234054,0.8997094701342966,1.0986572840840632,0.865172227405687,0.9576492400361418,0.9462670155944376,1.024600587172239,0.9305046482789574,0.7544238032382306,1.0476640347963502,0.9960478664377108,0.9290313215386519,1.0281614889608641,0.848826341323482,0.922045096000475,0.8885332673133453,0.9780537599693918,0.989666469546932,0.939335054380492,0.9220123107326906,0.9715193452346844,0.9219454244882023,0.9980131241420988,0.9332816074163062,1.0293302365594816,0.8682437331721841,0.8668066147095455,0.8552793839870627,1.0476245945117735,0.9095797907766567,0.8941110189362964,0.8510570390540417,0.9631810717299739,0.8824297964136294,0.9988484479832971,0.9649720814049616,0.870545050176219,0.9908267619055303,0.9881004941549493,1.0555567385372497,0.9261112197637105,1.0138445386621604,0.8544974220568526,0.9480000000000001
0.9159574219129545,0.9729624124912306,0.8876896584082347,0.9127971192944305,0.7968683704518087,0.9541642061650616,0.9530780301643309,0.9200554562880591,0.9819040146133728,0.8946451215126724,1.0060865092270732,0.958936567504212,1.0224162034491695,0.9347803677988786,0.8959696800800296,0.859893721564785,0.9942193781142,0.8778944466170534,0.8998347401873725,1.0988265215864401,0.8654957841093981,0.9727628971072312,0.9463030076019388,1.0260252190212917,0.9312918695847542,0.756157683069924,1.0512630962086804,0.9964010258385151,0.9291600848265518,1.028399577833255,0.8510954823978738,0.9252568698247201,0.8887926017540613,0.9788864501283027,1.0032235358262094,0.9405141892187864,0.9223301901961997,0.9718951449569287,0.9319445942099744,0.9980134556163833,0.9338976444714561,1.0314198342319543,0.869045368256589,0.8672362680451006,0.8664483432498638,1.0491376037574922,0.9107650111466822,0.8951894429364671,0.8644165138010551,0.9633399844639333,0.8828753282174231,0.9990716836167322,0.9768797409992563,0.8710709609711546,0.9913398524956485,0.9888540306633142,1.055801075855131,0.9287728994216146,1.0142578873916066,0.8545088789098305,0.9500000000000001
0.9198259395199466,0.9748979567462266,0.8936882543404985,0.9170139798670842,0.7989133099624116,0.959030198362084,0.9577493341814186,0.9212362163784006,0.9825864680808868,0.895459582066043,1.0060972584307024,0.9595977876046665,1.0224162172912359,0.9367402466937522,0.8981176043058235,0.8635656561470929,0.9949080945822304,0.8854793440631232,0.9005264692815131,1.0996729691805769,0.8654959737675556,0.9735320493437957,0.9464993127786606,1.0261772688867907,0.9318654327814627,0.7574355569833826,1.0513061152470888,0.997760686115703,0.9488649626240803,1.030210756867496,0.8512798789500994,0.9319557310731685,0.8904099685707569,0.979440173826919,1.0047666650945994,0.9423594342800179,0.9331229921573608,0.972589466459539,0.9320669322758304,0.9981193461330021,0.9339651390481574,1.0314309400295365,0.8696148389772215,0.8715339998031054,0.868100576931313,1.0522120033570272,0.9113561514917581,0.8956934933655373,0.866019506975881,0.9645489551916832,0.8876639512600741,0.9995379955230806,0.9782158400672567,0.871075329013974,0.9923476696510902,0.9912435440773963,1.0642041196874683,0.9346853904088492,1.0208490621881592,0.8560523523067579,0.9520000000000001
0.9226108169590639,0.975143543453823,0.8941697719441081,0.917516496756462,0.8014937813783984,0.960265469237388,0.958369442752833,0.9213374532912461,0.9863211477577697,0.8970430144515698,1.0065415625159309,0.9596683833115073,1.0224166311582585,0.9367403129587343,0.8981205793122448,0.8653547928934454,0.9949305238293995,0.8857402348483797,0.9008882162300783,1.099729257361968,0.8658562087021252,0.9735717587398177,0.9473722626731939,1.0266699801660526,0.9329381238296548,0.7574592448381857,1.0546307844918805,0.9995428128080354,0.9517621724691355,1.0306633280873265,0.8520086668736233,0.9320425320310405,0.8905962905888422,0.9806822983401592,1.0054215930204276,0.9424961897968683,0.9368035279466017,0.9752287075495587,0.9330264794457159,0.9986915965281907,0.9396269388591807,1.0314310374502083,0.8720357674480231,0.8727207927764092,0.8681921711333507,1.0524459335277707,0.9154555693775321,0.8988292732803279,0.8694458761161994,0.9646529802791085,0.887943585215539,1.000844061221697,0.9783100290897065,0.8723134262065354,0.9926036105863585,0.9923306269736064,1.0647257127420653,0.934690617056959,1.020854791745211,0.8634825775531408,0.9540000000000001
0.9226160518964875,0.9751674285993708,0.8952858121150714,0.9176469607607214,0.8016604406932285,0.9699745772186904,0.9628037968037008,0.9259045249805581,0.9873162318400286,0.8970620868381958,1.0065622706396047,0.9597040673741903,1.0224508443697,0.9367577377533186,0.8982542170095771,0.874386953118021,0.9987991764963079,0.8858275886521363,0.9021469030547299,1.106472163347807,0.867628377450477,0.9768423224743867,0.9546768365498826,1.0290489216197543,0.9372369657765758,0.7624815039024637,1.05861223755547,1.0014898691159029,0.9534207373259034,1.0311729421714424,0.8538282114590355,0.9345958084296128,0.8905972753629342,0.980689294211784,1.0054705789426455,0.9428758270798847,0.9368077343876374,0.9753820126746114,0.9339406646207489,1.0030217520470563,0.9396684073906241,1.0330888664000566,0.8736989019205628,0.872967964816239,0.8722549281286844,1.0530265466648365,0.9154595774375103,0.8988902271988627,0.8694540252745898,0.965757073690354,0.8907320894882601,1.002002323598115,0.9805264748302747,0.8727544692067751,0.9929784932675153,0.9981637789071923,1.0654195096423664,0.9347037351430699,1.0209938151140816,0.8654919278724807,0.9560000000000001
0.9262963124083122,0.9758750863138859,0.8954496899033867,0.9187740992692602,0.8021480744814474,0.9700328480995394,0.9649685208106018,0.9267314100860219,0.9948587410016104,0.8970681087492228,1.0074929592681674,0.9597084816761021,1.0225814212562225,0.9383606741422887,0.9068456412075278,0.8752434376547805,0.9988199335400034,0.8872261534476047,0.9021899052644117,1.1065167879836881,0.8676303556916573,0.9771552240008229,0.9547649184660633,1.030045836106772,0.9380808301264969,0.7625907634332203,1.0586572538647574,1.0016448579556847,0.9558157641129689,1.0312711267304557,0.8541653984635766,0.9345959835358781,0.8917815633517782,0.980816005889539,1.005596633037644,0.9445074878093837,0.9374493426569485,0.9761845657063347,0.9345237616794162,1.0035877289733126,0.9405536541432029,1.0356996652420931,0.8739039194524697,0.8729774608201816,0.8722644099804174,1.0539122003177095,0.9162692894441735,0.8992490109889798,0.8718782166803805,0.9679692857078177,0.8917878112110964,1.0021103497966137,0.9805265190762736,0.8728083121115173,0.9930206085731196,1.0067727460478684,1.065475798022838,0.9353442485757619,1.0220878613112803,0.86816640021144,0.9580000000000001
0.9273460329141929,0.9761681815887783,0.8956945150561757,0.9193980436175101,0.8028245493488531,0.9759062827867487,0.9655423446777558,0.9307844296404573,0.996649702265882,0.8977109989772807,1.0108377308260503,0.9600524613878629,1.02267222037349,0.9383793201280012,0.9081281819631559,0.8777999223814013,0.9989155656276499,0.8874072076744748,0.9021914996080174,1.1065174636298825,0.8710844771172593,0.978106965085453,0.9547724906055602,1.0306763017162848,0.9382702772290007,0.7639592443011686,1.059154711416575,1.0117217621933623,0.955827306417867,1.031459897026304,0.8552415855552336,0.9346933011691891,0.8949409144368379,0.9823889370460706,1.0067116932302038,0.9448711044539342,0.9375497676548029,0.9766833212923113,0.9346010272455934,1.0069822155806718,0.9405582092777469,1.036794321173697,0.8750679476368627,0.8768675618762718,0.8731084835095649,1.0598819141843245,0.9164344885180437,0.9001783404675435,0.8727855246887039,0.9684152650235122,0.8960606464977934,1.0034715896677782,0.9806243147321522,0.8782653622286181,0.993674814604656,1.006904734945119,1.0667762059277235,0.9368857514038685,1.027492668995518,0.8794147163643548,0.96
0.9284656708760732,0.9767903834374808,0.8956956751312928,0.9197675752163014,0.8037106780145741,0.9774851715846119,0.9660097687024235,0.9308224152862121,0.9973139663889129,0.8978320958040236,1.01388555311745,0.9610170264078378,1.0239344910340609,0.9396117800623456,0.9109923751144496,0.8800325498940991,0.9990030070565128,0.8952796890916872,0.9058495862531397,1.11355422106155,0.8722536180920102,0.9787618723645659,0.9547974696405208,1.0353872577991021,0.9407108640864398,0.7659365991331163,1.0597906076314654,1.0128507586742024,0.9579644219394734,1.0317865432531845,0.8554410435738344,0.9347972705650193,0.8953159255537236,0.9823890685570362,1.0069313099285861,0.9476970181723071,0.9382190243221712,0.9767082930877409,0.9384991763899226,1.0069823600395527,0.9416048843134504,1.042072183166042,0.8781990369088936,0.8801523606993805,0.8768534514665624,1.0600345443009729,0.9223883389752711,0.9001842967525595,0.874502247278607,0.9684156988196851,0.8981154430960381,1.0034733198649874,0.9836251420182316,0.8782870227868723,0.9937940240747086,1.0119996222721686,1.0669611576259057,0.9369426876486235,1.035569962097497,0.8795536341251184,0.962
0.9286075938245374,0.9786069291770192,0.9043890219257501,0.9227510037701924,0.8037533873364613,0.9774860817907112,0.9729659538971008,0.9347543667074576,0.9983881557404789,0.89857460592483,1.0143425459840423,0.9611064535180665,1.0239417599142775,0.9496748027648056,0.9113364465364758,0.8821815795821589,1.0010799299677224,0.8956057317713297,0.9132132106440775,1.1139357221681117,0.8784619360246669,0.9808830660164535,0.9585234429581153,1.036094085132193,0.943977109454087,0.7659657532352562,1.0600376418778126,1.0129675988602362,0.9579876682382645,1.0371752923442257,0.8559780186799542,0.9361066811888858,0.8973186625480708,0.9839120152195104,1.0077190766788322,0.9477850638055846,0.9392386454838082,0.9825228618684537,0.939580425421609,1.0212628433150839,0.9422591581050199,1.042294560717678,0.8783575937855446,0.8807193950738459,0.8812460917174478,1.0603744662401395,0.9237854384658736,0.9010162307676891,0.8796710166859757,0.9685350458840226,0.9006488463093753,1.009514806760758,0.9850230353115501,0.8814254699252966,1.0030350284658223,1.0138715444784636,1.0709025025112977,0.9386700927423121,1.0362548234730653,0.8801815083209079,0.964
0.9289261201102657,0.9786762181980505,0.9049116422267081,0.923889073610101,0.8092584952793885,0.9811708145355104,0.9741048716520004,0.9351251116485227,1.0023266913620394,0.8992641110451272,1.0147513336129286,0.9631974769540255,1.0249568859360119,0.949922704077893,0.9118153673751981,0.8822895882533417,1.002747574190271,0.8956558195094809,0.9208333496812101,1.114224491985377,0.8790244352792267,0.983399282799153,0.9585236141778894,1.036095212791827,0.9460557774137938,0.7715518566359157,1.0606066641139311,1.0160848362951431,0.9604061779296883,1.0372877558467166,0.8566499618883325,0.9363172290407361,0.897426603126345,0.9842011164825384,1.0101013698982795,0.9484072201042842,0.9394285646434176,0.9837521714317705,0.9405142510479196,1.0274328453306725,0.9455788193865776,1.043138628623749,0.882468975682767,0.8816699982786216,0.8859058853500704,1.0613941970212937,0.9255887004639244,0.9012961180239243,0.879698755214362,0.9712564518669444,0.9050165536358294,1.0111150321498485,0.9858738137500398,0.8850837142528128,1.0031104866977323,1.013878286507406,1.0709895049272886,0.9390906019922317,1.0375243815188766,0.8806640612884862,0.966
0.9296421265505225,0.9787028189382795,0.9088061999522359,0.9306434309673192,0.8133015953379163,0.9895802562807867,0.9806342220439906,0.9351364323611135,1.003158392979966,0.9009485004014639,1.016239154900728,0.9634235887677476,1.0298657553787707,0.9504051127175625,0.9149391961326836,0.8824476563090811,1.0052017382105671,0.8973598442324844,0.9211093206250377,1.115753335909409,0.8791723277104172,0.985614684148139,0.9586586141302199,1.0400042636157565,0.9475380668427312,0.7717042148797185,1.0606445164214042,1.0192532545293214,0.9623015727652787,1.0377653027348686,0.8574485236363123,0.9365003894140007,0.898299102925417,0.9849624633204115,1.0109785323266656,0.9495765795793448,0.9400561956866083,0.9847295724702784,0.9405722315047012,1.028660583501332,0.9455984080728986,1.0458518235162089,0.8891226988722994,0.8828142353154712,0.8862458520299759,1.0736530309505028,0.9260874694898253,0.9048673130006244,0.8797774439396223,0.9725300376799041,0.9054485952556844,1.0117669146368031,0.9865041317364537,0.8873762475129531,1.0035712442844695,1.0139791352162029,1.0711328664203468,0.9398739956216237,1.038249118228443,0.8855798283304585,0.968
0.9323564235013364,0.978720395533077,0.9128158304953563,0.9341601475885826,0.8133180363830512,0.9902452341165682,0.9820835583345071,0.9359218254567997,1.0122835454818162,0.9117618388155706,1.0164115821741584,0.9635965161055489,1.0366022437543054,0.952343352409936,0.9234365149253015,0.8873310044054048,1.0066116276821275,0.8988911796555354,0.9220957915989396,1.1169869944092943,0.880178781806944,0.9856315442514565,0.9610719976576253,1.040360380056373,0.947551861768737,0.7751463999374295,1.0622081895791031,1.0193230535141067,0.9624211521416124,1.0384646145296887,0.860695541985895,0.9367416537004438,0.8986596634268736,0.985932253814554,1.0114678572687223,0.9508569358405384,0.9404999989099257,0.9968228228173722,0.9407896205537277,1.0287998300822054,0.9463680277270125,1.0496725118284016,0.8910516381294761,0.8828462150970285,0.8896234985961945,1.0745032507956016,0.9262098757587887,0.9053019315898265,0.879928787407061,0.9749288884760502,0.9070409151771124,1.0118547802142905,0.9871773119900467,0.8892107006170978,1.0036138382238038,1.0140773350172931,1.0720235663546314,0.9398818622396323,1.0384601504422946,0.8855843016736683,0.97
0.9375428075410419,0.9806154566044413,0.9187848619554387,0.9375787316539776,0.8141642823710104,0.9911849670427778,0.9821268520399391,0.9387734839988102,1.0160877509358095,0.9133108541330317,1.017062030677418,0.9636855953737566,1.0366193158514985,0.9546150428840495,0.9234997828461652,0.8875827822519428,1.008273771457227,0.8989770942693702,0.9228565944414188,1.1228429761873953,0.8809021188292727,0.9881443171269321,0.9634967045693832,1.0414871644108854,0.9507655469768838,0.7751474230281622,1.062861375053824,1.0201760211313413,0.9624607022474826,1.0448201270273092,0.8653618422247308,0.9375980584415883,0.9028783672632887,0.987033902243436,1.0176243679664525,0.9509961231480926,0.9432704277693174,1.0009982306337637,0.9408302148939595,1.0307551215805546,0.9519171566586924,1.0503679254111085,0.8910557857137058,0.8828723824195764,0.8916177446758321,1.0745254865937401,0.9266874309300396,0.9060057866725526,0.8821064559141301,0.9829821052188742,0.9078909232347752,1.0135071162971032,0.9871937715103264,0.8900247466826,1.0062890215640437,1.0192744269694136,1.0746866303422586,0.9399139677638457,1.0396399033659671,0.8856034623524527,0.972
0.9384803400192039,0.980720644410036,0.9189714842995562,0.9402987501144501,0.815461492463568,0.9935417670585132,0.9821964253302283,0.9388550790567953,1.0164011232104464,0.9133519796989692,1.019196777106843,0.9643098105430317,1.04085114656617,0.95567393582524,0.9258565866117028,0.8876657381997783,1.010620527098512,0.9039717821187304,0.9229371641451283,1.123489175073664,0.8818761652825299,0.9882133809558166,0.9655772689959401,1.0455646723239909,0.9589861644327887,0.7751474330687562,1.0629011049223878,1.0206075811514947,0.9653038708887755,1.0458089177999885,0.8661204184040261,0.9376136089174293,0.9042837349882603,0.9903324740745061,1.017763585180495,0.95102310674024,0.9435704856019154,1.0018132538146418,0.9425248940770481,1.0338805310869932,0.9576248774002728,1.0530134859077216,0.8910660721689222,0.8902047821483721,0.8994976147600297,1.0746376336698547,0.9278851862083893,0.9079817317778135,0.8912837217349264,0.9897032775985686,0.9111367146704683,1.0145357631065133,0.9878102075767067,0.8903056933579464,1.0069412231081245,1.0230015192696145,1.0746946234093415,0.940870929775277,1.0415273930608273,0.8889535911354428,0.974
0.9388529018972609,0.9809193678034559,0.9204093407097554,0.9447884151179332,0.8156309898734833,0.9940801396134838,0.9851641302003113,0.9400779641249111,1.016402898390534,0.9221305413919128,1.0194569421510598,0.9648352497500767,1.0434001075060266,0.9560848834078549,0.9259823721081913,0.8876938791737967,1.0125929705869792,0.9040517870912202,0.9259604427539941,1.1245676858887834,0.8834121463388455,0.9894165095140894,0.9664284650957767,1.0457418502552844,0.9631005091853069,0.7753939349370512,1.0637731047491077,1.02461550611811,0.9656868786252899,1.0480891793969116,0.8685091947308061,0.9446416502444346,0.9045935820566697,0.9919990067095976,1.020119941897021,0.9511654589638744,0.9446256605302354,1.0020586654719983,0.9549107757832076,1.0393672129590712,0.96045053596716,1.053087160866441,0.8918692059938279,0.8902597669907869,0.9015284988230748,1.0785081840594213,0.9294246567197018,0.9080998897636656,0.8916966569339921,0.991108698460101,0.9111598847707444,1.0176955043791573,0.9879615831897279,0.8903247118625153,1.0087115548723193,1.0244615068321758,1.0785841239057337,0.9411660336208907,1.0417289170605724,0.8942546248369123,0.976
0.9395675652717739,0.9812349361941471,0.9221320041031209,0.9464488439958705,0.8231171695851706,0.9987552134874988,0.9852094927760899,0.9412315267345849,1.0242867508970344,0.9244446136335693,1.0230015650588873,0.9679798898144302,1.049616536690511,0.9563474792964222,0.9267058547252998,0.8880944147766436,1.015183683780001,0.9049786322247976,0.9260147042032245,1.1381327964419314,0.8834951095619749,0.9894413756480327,0.9792000717405936,1.0457423838236868,0.965791885368636,0.7761981284883543,1.0638328534902342,1.02677367994764,0.9665874862769221,1.049264945973341,0.8695340160050619,0.949253828653582,0.9053246487154808,0.9921886833829988,1.020840214687012,0.9529218640459618,0.9454056388442335,1.0147554626371957,0.9557437355622559,1.0393857958179575,0.9659190959177855,1.0530951503515507,0.8919153785254252,0.8905718939329337,0.9043091039398179,1.0785902362934099,0.9322160831797986,0.9121801384317602,0.8922847437650206,0.9922896602924977,0.9124104601854672,1.0177263176003892,0.9881121216522877,0.8924115274877001,1.0156570687720932,1.028437359551598,1.0796677197471403,0.9417541998981758,1.0515154059206822,0.9030016501539903,0.978
0.9396342430963088,0.9817963448823404,0.9222737493057435,0.9497016682170113,0.8231219190596845,1.0005020157786655,0.9854372196459651,0.9430947699456588,1.027807247625608,0.930547473457972,1.023002175043485,0.9754751282275825,1.0508865101219824,0.9565045511027918,0.934791745471121,0.8887724052092821,1.015287389897338,0.9059906680255123,0.9262394382157706,1.138248109335576,0.8851393303936481,0.989688947129492,0.9833255284169253,1.045968402537881,0.965806245759112,0.7766038514433664,1.0644087968503266,1.0284017631398243,0.9670878814179849,1.0493179203367176,0.8695556553649741,0.9522413065346179,0.9098557958991562,0.9922099522411496,1.021217219401891,0.9538835829605354,0.9467563468058371,1.0176086727726943,0.955756312464217,1.0393917859427362,0.9661036888394217,1.072193089452665,0.8927412411339135,0.8913418483622254,0.9043417768759751,1.0834676190711225,0.9336072352519683,0.9135158794389703,0.8990949375733436,0.9986958023019122,0.9130829896591096,1.0184706461310007,0.9881365932217684,0.8946323343494759,1.0159056073887456,1.0290199688078805,1.083038089163362,0.9419559647109927,1.0588543316651113,0.9063649967746021,0.98
0.9396424534971625,0.9819524601493812,0.9233296105105779,0.9504295819510594,0.8239166482490085,1.0022326355935132,0.9856291709208143,0.9432579491989999,1.0284274079560476,0.9307495717516467,1.0230160054234338,0.9770444901441072,1.0522082150471266,0.9595170789944514,0.9352199297798484,0.8919266956589552,1.017259060177078,0.9083103011656442,0.926319606608354,1.1385077503252827,0.8890608823789168,0.9899549825348525,0.9845250907223627,1.04668969468078,0.9658262574450764,0.77756225064831,1.064507147398771,1.0284018249290905,0.9673532164404428,1.0504306131798338,0.8707922474490507,0.9527423199095001,0.9104161205250213,0.9926252078284992,1.0219419211627796,0.9540513461075216,0.9476021077975542,1.0176131312432533,0.9564467244299591,1.0396287988541322,0.9666589127402709,1.0734056314417626,0.892833868901833,0.9009974401290943,0.9063675605255515,1.084092021370299,0.9338400650687715,0.9137949912295668,0.9004963648123537,0.9991702322453946,0.9148687198450911,1.0192071778948968,0.9896844148189392,0.8946643471210182,1.0198240675733776,1.0321344964376558,1.0830432881031065,0.9419885829676744,1.072982720884214,0.9087239268859935,0.982
0.9397268736436315,0.9844698363829113,0.923474048711786,0.9504323648716293,0.8269710964918733,1.0044311502845957,0.9858439680067295,0.9434802512576214,1.0309101633922637,0.9341640078287661,1.0230583441091328,0.977258644030344,1.0599326075696291,0.9597924911852129,0.9352253809179375,0.894034698069645,1.0173162383598782,0.9092019848733615,0.9265294211734224,1.1389457904745595,0.8892714383881946,0.9902543173921493,0.9862301493526009,1.0476597840380166,0.9658287450536637,0.7816013444134329,1.0715862922818264,1.0292790648119063,0.9714152662555555,1.0505235602538112,0.8712076459522595,0.9531885985872284,0.9109219308320797,0.9926287165376813,1.0219519910236095,0.9540634843566176,0.9479981686283319,1.0177531380805362,0.9565731966903698,1.041346216526052,0.966797874022843,1.073409011492752,0.8969721552558201,0.9018881178176581,0.907259402259689,1.0869041243660278,0.9371966323338761,0.9138042837709253,0.908172472879403,1.001487487088054,0.9151327287292889,1.023790252300862,0.9907154250522172,0.8950758637621317,1.0207450219447762,1.0323353324246836,1.087757157426575,0.9419893716410535,1.0730121828962644,0.9097677032944503,0.984
0.9403027683522956,0.9845574325181532,0.926604620989614,0.9506767032603818,0.8315901710265746,1.0047766141486865,0.9914356500163047,0.9440837641483545,1.030921358136114,0.9341904231282233,1.029880449142143,0.9839480345527207,1.061274820843493,0.9608530028392266,0.9400196904292191,0.8949077488902818,1.0173826687695933,0.9145631292001714,0.9283211604220479,1.1395483528970631,0.8895420138532708,0.9935394210275785,0.9887796212883416,1.0482894756131618,0.9665721788908201,0.7835296282841663,1.0715998322461764,1.0293860324858815,0.9747756741446453,1.0508007786940718,0.8712494239945289,0.9565639096248989,0.9189450269018314,0.9927564894765823,1.0309160159269104,0.954288970749736,0.9528436784296093,1.0180323675677236,0.9881320619610121,1.043051962831538,0.9768697644939985,1.0734462136734384,0.898176715060893,0.9019463378054241,0.9104407594660842,1.0869863416252792,0.9372362228598855,0.9138169250257556,0.9095400481554474,1.003054135714216,0.916972167495363,1.023839893290524,0.9914218768710927,0.8951465741742216,1.021992454552199,1.0412661977395115,1.0892552811368394,0.9423304593326236,1.074245092126187,0.9100689729481867,0.986
0.9403115269002027,0.9845597400286731,0.9282945653569665,0.9506789747328144,0.8336080855576486,1.0070329905296795,0.9930668381780569,0.9442405211680414,1.0330076284657717,0.9385077564353463,1.0329960720261089,0.9839538950018581,1.0695733231189655,0.9783401376620731,0.9453071370671612,0.8949829235299969,1.0176138801870154,0.9153756237144843,0.9284269550323072,1.139727373854983,0.8897254133279596,1.0044966997624798,0.9889456041168884,1.049813973132012,0.9671249272568286,0.7837292114071612,1.0722087943587466,1.0298746136705326,0.9897888122692395,1.0558759620051992,0.8717575253065809,0.9656187102046033,0.9194990350339991,0.9927602302550708,1.0310120932450686,0.9547226533483794,0.9534310242745975,1.0212931322018453,0.9881768748664077,1.0436146550854053,0.976940996871721,1.0734750774121062,0.8993116024768265,0.9019774954399361,0.9107817622034451,1.0888052879658119,0.9401276906179337,0.913837547394443,0.9100761014536868,1.0092139889074438,0.916993799510062,1.027795826551612,0.9959218117292924,0.8954406837387727,1.023738141585176,1.041612654016559,1.0892617689711046,0.9427793851840423,1.0746006813140614,0.9100942680912205,0.988
0.9407042641742712,0.9852741537122655,0.9283461628723996,0.9546410456501488,0.8336119931004855,1.0071557209635809,0.9930896397406362,0.9473741723940698,1.0353332165075535,0.9392755368631258,1.0333448038410433,0.985218860819283,1.0716586602853924,0.9784188592358924,0.9457460990072555,0.8992797103710977,1.023249349995333,0.9160007274745593,0.9309053917366272,1.1455134948497996,0.8993682986304188,1.0045483491003788,0.9890498591328443,1.0514159300003572,0.9688508123083291,0.785341191044205,1.0722174920181708,1.0394177956989417,0.99468897645568,1.056170189990132,0.8738699751673551,0.9704253065042859,0.9196307948133516,0.9953188450901682,1.0312249209912656,0.9584898811432164,0.9540781621111315,1.0213422691546932,0.9889131343918753,1.0453939823996472,0.977079313181418,1.0773428121223154,0.9019294265352077,0.9070426600872793,0.9109988883707117,1.0889472841871954,0.9405521520351304,0.9143425099442093,0.9100763169911077,1.009244567074752,0.9170580024496314,1.0286361766027454,0.9960490267714875,0.8970984348923218,1.0256986865739872,1.0443861438830637,1.0948193313508467,0.9467190842359485,1.0828665258832006,0.9122937709875555,0.99
0.9434241147146545,0.9852754962755066,0.9289367542326663,0.9557800413207137,0.8408711245250117,1.0071669471001987,0.9935708647533399,0.9485458221918399,1.0357479680471957,0.9432514720844197,1.0334094688408848,0.9958276607181944,1.0729249844762943,0.9819229477855066,0.9504361785496923,0.8999174070772119,1.02399276296574,0.9164606756430393,0.9327396832134711,1.159110948170934,0.8996901080460277,1.0047777961158948,0.9902401766932782,1.052538022209262,0.9693174613725298,0.7890604137105545,1.0761753197391715,1.0425694623762525,0.9957955939147849,1.056177686953559,0.8749271200101266,0.9705185995423115,0.9288353995479219,0.9957634220623853,1.031569804851151,0.9595197510218034,0.9543818016950947,1.0214837860675894,0.9947641689585739,1.0463139047658347,0.977079615224442,1.0785340349993484,0.903431346610379,0.9147634755893407,0.9129084451945719,1.0900279615688768,0.9412524055584653,0.914783164087697,0.9205620769786554,1.0101548836208492,0.9176330531319861,1.0289360124809959,0.997354448001362,0.8986532058228724,1.044375746036273,1.0448505160081456,1.0951188584375595,0.948512961967542,1.0831928973595346,0.913144614467651,0.992
0.9437449927908702,0.9860458754624414,0.9290645091460953,0.9557971821615177,0.8443607803885413,1.0082984924299074,0.9961824397022833,0.9491361347675944,1.0360546774316841,0.9436930468311405,1.0334258408658783,0.9959727526450224,1.0737728019992623,0.9822467885224132,0.9558755019697485,0.9019953555861617,1.0279698209293948,0.9168634225758051,0.9443758533677373,1.1624807211045927,0.8997010321239671,1.0051412922939857,0.9906719096158391,1.062633887924273,0.973182729546271,0.7970350226523075,1.082815968207213,1.0426699851996701,0.996741408171356,1.058779905919253,0.8751449905872625,0.9735315669584693,0.9341618213773896,1.0039449669029001,1.0351436726880114,0.9598025851583704,0.9544048382645296,1.0239698361853427,0.9960041490570406,1.0463192265366503,0.9770928534422917,1.0787091294890794,0.9035001117853012,0.9147634756223032,0.9158103669218667,1.0907283893590738,0.9413175522236102,0.9148714755841969,0.9211221218863266,1.0102198137467229,0.9176330830361439,1.0323883772246185,0.9995357200965526,0.9018398757402816,1.0469850291198857,1.045179840703101,1.0986223211190302,0.9500144883199657,1.0901210997318085,0.9152861457970399,0.994
0.944327550712533,0.9863799863844809,0.9320174576671441,0.9559937660342687,0.8474190241361752,1.008703019627183,1.001519997930261,0.9491580567011597,1.038277177301907,0.9544437192763541,1.0334880639666257,0.9962407886099233,1.0746917931903737,0.9822849701755894,0.9562239506758138,0.9019963713953761,1.0310154625734853,0.9169254304396167,0.944565905119062,1.162695546011148,0.9064153711171675,1.0051501009068786,0.992387617132765,1.0633877054914276,0.9731829710184328,0.7970441915649488,1.0828625347778746,1.042723111333315,0.9970699999912843,1.0679907957790247,0.8760142880260927,0.9746663429316073,0.9360020942807104,1.006410855946059,1.0400499349484262,0.9598844243166147,0.9551058156482363,1.0239819499925626,0.9977192674832127,1.0463209450050157,0.9771775732485277,1.0808034088488683,0.9135319492288398,0.9175216549518148,0.9158151559450634,1.0941789205853538,0.9549549074318635,0.9192182886322691,0.9211344524653984,1.0103189520847045,0.918297599189023,1.0324341798699215,0.9995686788074363,0.9018399085726377,1.0479568983205323,1.0452229467942735,1.0987875165669823,0.9514431623882936,1.0901240016358564,0.9159671374233811,0.996
0.9460865220485977,0.9864223189269428,0.9408734906298304,0.9568796091837954,0.8474646594777354,1.0100421835491908,1.0016570694667304,0.9492805078911226,1.0383377396820161,0.9567024165424988,1.0364575042467887,0.9965529820268196,1.078309765933588,0.9886234327257907,0.9564572963858639,0.902232794609536,1.033038272109852,0.9189102065622617,0.9451300613484137,1.1629304689149398,0.9091555823732992,1.0051503524593344,1.0035315872572996,1.0661834364238079,0.9736775797695021,0.7970519561283091,1.084847448101744,1.0430154089939294,1.0012879253750278,1.069579733906306,0.8761268468424134,0.9748594822542188,0.9393182084738728,1.006964636065678,1.0429676990862973,0.9599073230417404,0.9552027007344172,1.024390650941695,0.9978584151200846,1.0478600774105493,0.9772053929816965,1.0830717242169374,0.9147690722098913,0.9189603644392293,0.919217476294548,1.0976762866844272,0.9550428928627653,0.9292100313104035,0.9211344886987297,1.0112824116036971,0.9193537301842477,1.0349454815788484,0.9999556280703286,0.9024037907038831,1.052618898108839,1.0452467528824927,1.0995804983360333,0.9516916383616334,1.0910172614666558,0.9167208896528689,0.998
0.9461875883760921,0.9866903574998318,0.9412945496894003,0.9573582561641227,0.8475301848116596,1.0106757335175092,1.0018180865229984,0.9495917205805025,1.0383792757599077,0.9576509666551589,1.0370052647456853,0.9982388245796415,1.0783124225020584,0.9888185520891963,0.9588353642766198,0.9022328015491591,1.0356800828636865,0.9192286634945168,0.9493561896049465,1.1765479987508973,0.9097254914631563,1.0059619008101361,1.0036735555915155,1.0664083600081424,0.9737400813070165,0.7971201901786764,1.0848484701575536,1.0460748218910019,1.0013662979885145,1.0696735678067335,0.8763731067709891,0.9762327716315006,0.9393977715299202,1.0090951943491415,1.0479419347253207,0.9637225508584129,0.9553953674265807,1.0244189719671875,0.9979048390348899,1.048096590605492,0.9824552210830201,1.083113745148775,0.9155221918773248,0.9246974688084767,0.9196313421612805,1.0979815583403334,0.9551611413624014,0.9305925368762392,0.9215472555344677,1.0115477589351434,0.919354908459181,1.037725726414598,1.0015323656563695,0.9028189334587186,1.0533612488120163,1.049481859012819,1.1041958165463517,0.964672063466348,1.0915285116645281,0.9181157773190276,1.0
